version 1
nodes
0 "root" -1
end
skeleton
time 0
0 0 0 0 0 0 0
end
triangles
jonklercart
0  -1.227235 0.408301 2.630726  0.026555 0.999584 -0.011209  0.313092 0.169596 0
0  -1.507941 0.408301 1.542962  -0.060212 0.998183 0.002453  0.242552 0.133836 0
0  -1.507941 0.408301 2.659961  -0.060619 0.998139 -0.006682  0.315556 0.135110 0
jonklercart
0  0.719883 0.408301 3.402205  0.042056 0.998568 0.033070  0.367100 0.424229 0
0  0.614950 0.408301 3.960841  -0.002541 0.999994 0.002294  0.408453 0.413762 0
0  0.782130 0.408301 3.909166  0.025943 0.999663 -0.000893  0.402334 0.435543 0
jonklercart
0  -1.195840 0.408301 2.627456  0.020227 0.999736 -0.010854  0.853685 0.107276 0
0  -1.031876 0.408301 3.097399  -0.040814 0.998214 0.043634  0.920134 0.132027 0
0  -0.431374 0.408301 3.401532  0.005679 0.994733 0.102338  0.963138 0.222675 0
jonklercart
0  -0.719883 0.408301 3.402205  -0.055364 0.985664 0.159378  0.368681 0.231741 0
0  -0.940023 0.408301 3.824961  -0.010443 0.999916 0.007715  0.395907 0.201232 0
0  -0.782130 0.408301 3.909166  -0.025939 0.999663 -0.000921  0.403847 0.220943 0
jonklercart
0  -1.227235 0.408301 1.572197  0.009650 0.989227 0.146074  0.243558 0.167433 0
0  -1.495563 0.408301 1.340464  -0.067801 0.997695 -0.002874  0.229614 0.135297 0
0  -1.507941 0.408301 1.542962  -0.060212 0.998183 0.002453  0.242552 0.133836 0
jonklercart
0  -0.443059 -0.269315 4.190536  -0.031559 -0.103629 0.994115  0.518633 0.246130 0
0  -0.627577 0.280340 4.171839  -0.196502 0.097666 0.975627  0.433809 0.237493 0
0  -0.627577 -0.269315 4.171839  -0.194812 -0.099827 0.975747  0.510871 0.213442 0
jonklercart
0  -0.845685 0.408301 3.335114  -0.646722 0.755177 -0.107044  0.363139 0.215946 0
0  -1.084337 0.408301 3.711101  -0.016828 0.999784 0.012165  0.386358 0.183957 0
0  -0.940023 0.408301 3.824961  -0.010443 0.999916 0.007715  0.395907 0.201232 0
jonklercart
0  -0.956941 0.408301 3.247335  -0.690344 0.665659 -0.283412  0.356282 0.202257 0
0  -1.211228 0.408301 3.571567  -0.025974 0.999532 0.016140  0.375685 0.169318 0
0  -1.084337 0.408301 3.711101  -0.016828 0.999784 0.012165  0.386358 0.183957 0
jonklercart
0  -1.049917 0.408301 3.145096  -0.652319 0.608135 -0.452384  0.348652 0.190993 0
0  -1.317518 0.408301 3.411339  -0.037343 0.999130 0.018594  0.364321 0.157384 0
0  -1.211228 0.408301 3.571567  -0.025974 0.999532 0.016140  0.375685 0.169318 0
jonklercart
0  -1.122134 0.408301 3.036232  -0.555643 0.586437 -0.589366  0.340826 0.182325 0
0  -1.400932 0.408301 3.236084  -0.049877 0.998579 0.018764  0.352598 0.148110 0
0  -1.317518 0.408301 3.411339  -0.037343 0.999130 0.018594  0.364321 0.157384 0
jonklercart
0  -1.172996 0.408301 2.929370  -0.418286 0.610774 -0.672303  0.333361 0.176233 0
0  -1.460308 0.408301 3.051528  -0.061584 0.997972 0.016109  0.340701 0.141372 0
0  -1.400932 0.408301 3.236084  -0.049877 0.998579 0.018764  0.352598 0.148110 0
jonklercart
0  -1.204323 0.408301 2.831995  -0.253441 0.702129 -0.665419  0.326696 0.172463 0
0  -1.495563 0.408301 2.862459  -0.066885 0.997706 0.010460  0.328631 0.137050 0
0  -1.460308 0.408301 3.051528  -0.061584 0.997972 0.016109  0.340701 0.141372 0
jonklercart
0  -1.220106 0.408301 2.747356  -0.077257 0.874899 -0.478104  0.320967 0.170537 0
0  -1.507941 0.408301 2.659961  -0.060619 0.998139 -0.006682  0.315556 0.135110 0
0  -1.495563 0.408301 2.862459  -0.066885 0.997706 0.010460  0.328631 0.137050 0
jonklercart
0  1.220106 0.408301 1.455567  0.054066 0.998506 0.007856  0.234816 0.484672 0
0  1.507941 0.408301 1.542962  0.059962 0.998199 -0.002017  0.240364 0.519345 0
0  1.495563 0.408301 1.340464  0.072921 0.997230 0.014680  0.227404 0.517481 0
jonklercart
0  -0.584031 0.408301 0.758726  -0.000020 0.995291 0.096934  0.185441 0.245719 0
0  -0.439920 0.408301 0.224346  0.002845 0.999993 0.002539  0.145001 0.262598 0
0  -0.614950 0.408301 0.242081  -0.012986 0.999916 0.000089  0.148305 0.238897 0
jonklercart
0  -0.845685 0.408301 0.867809  0.013478 0.999185 0.038061  0.195026 0.212428 0
0  -0.782130 0.408301 0.293757  -0.000866 0.999980 -0.006254  0.154335 0.217189 0
0  -0.940023 0.408301 0.377961  -0.038618 0.999249 0.003249  0.162437 0.197612 0
jonklercart
0  -0.443059 0.280339 0.012387  -0.031572 0.101412 -0.994343  0.119285 0.260241 0
0  -0.627577 -0.269316 0.031084  -0.196461 -0.099784 -0.975421  0.046504 0.207135 0
0  -0.627577 0.280339 0.031084  -0.194822 0.097600 -0.975971  0.124235 0.233379 0
jonklercart
0  -0.956941 0.408301 0.955587  0.003314 0.999945 0.009974  0.201844 0.198766 0
0  -0.940023 0.408301 0.377961  -0.038618 0.999249 0.003249  0.162437 0.197612 0
0  -1.084337 0.408301 0.491822  -0.050798 0.998688 0.006523  0.172084 0.180529 0
jonklercart
0  -1.049917 0.408301 1.057827  -0.007349 0.999955 -0.006045  0.209322 0.187608 0
0  -1.084337 0.408301 0.491822  -0.050798 0.998688 0.006523  0.172084 0.180529 0
0  -1.211228 0.408301 0.631356  -0.062045 0.998019 0.010438  0.182794 0.166144 0
jonklercart
0  -1.122134 0.408301 1.166691  -0.009852 0.999896 -0.010533  0.216922 0.179115 0
0  -1.211228 0.408301 0.631356  -0.062045 0.998019 0.010438  0.182794 0.166144 0
0  -1.317518 0.408301 0.791584  -0.071419 0.997337 0.014773  0.194147 0.154519 0
jonklercart
0  -1.172996 0.408301 1.273553  -0.002563 0.999951 -0.009553  0.224087 0.173249 0
0  -1.317518 0.408301 0.791584  -0.071419 0.997337 0.014773  0.194147 0.154519 0
0  -1.400932 0.408301 0.966838  -0.077567 0.996817 0.018410  0.205822 0.145590 0
jonklercart
0  -1.204323 0.408301 1.370928  0.008009 0.999915 -0.010240  0.230490 0.169730 0
0  -1.400932 0.408301 0.966838  -0.077567 0.996817 0.018410  0.205822 0.145590 0
0  -1.460308 0.408301 1.151395  -0.078951 0.996694 0.019176  0.217645 0.139223 0
jonklercart
0  -1.220106 0.408301 1.455567  -0.118475 0.892653 0.434896  0.235993 0.168035 0
0  -1.460308 0.408301 1.151395  -0.078951 0.996694 0.019176  0.217645 0.139223 0
0  -1.495563 0.408301 1.340464  -0.067801 0.997695 -0.002874  0.229614 0.135297 0
jonklercart
0  -0.719883 0.408301 0.800718  -0.155179 0.981974 0.107916  0.189394 0.228253 0
0  -0.614950 0.408301 0.242081  -0.012986 0.999916 0.000089  0.148305 0.238897 0
0  -0.782130 0.408301 0.293757  -0.000866 0.999980 -0.006254  0.154335 0.217189 0
jonklercart
0  0.432234 0.408301 0.743345  -0.016704 0.994651 0.101933  0.183525 0.384671 0
0  0.614950 0.408301 0.242081  0.004782 0.999988 -0.000810  0.147541 0.410988 0
0  0.439920 0.408301 0.224346  0.003018 0.999991 0.002813  0.144534 0.387072 0
jonklercart
0  1.622581 0.280339 1.531023  0.999848 0.016478 0.005645  0.238131 0.541512 0
0  1.608060 -0.269316 1.293456  0.992101 -0.021261 -0.123623  0.194949 0.606913 0
0  1.608060 0.280339 1.293456  0.991892 0.019266 -0.125617  0.221836 0.537970 0
jonklercart
0  1.122134 0.408301 1.166691  -0.010782 0.999938 0.002770  0.215871 0.472828 0
0  1.400932 0.408301 0.966838  0.049878 0.998579 -0.018765  0.203721 0.506423 0
0  1.317518 0.408301 0.791584  0.071408 0.997337 0.014792  0.192168 0.497093 0
jonklercart
0  1.049917 0.408301 1.057827  -0.033855 0.999301 0.015877  0.208487 0.463885 0
0  1.317518 0.408301 0.791584  0.071408 0.997337 0.014792  0.192168 0.497093 0
0  1.211228 0.408301 0.631356  0.062042 0.998019 0.010445  0.180983 0.485054 0
jonklercart
0  0.956941 0.408301 0.955587  -0.051478 0.998025 0.035992  0.201073 0.452370 0
0  1.211228 0.408301 0.631356  0.062042 0.998019 0.010445  0.180983 0.485054 0
0  1.084337 0.408301 0.491822  0.050807 0.998687 0.006491  0.170485 0.470274 0
jonklercart
0  0.845685 0.408301 0.867809  -0.060159 0.996361 0.060377  0.194350 0.438367 0
0  1.084337 0.408301 0.491822  0.050807 0.998687 0.006491  0.170485 0.470274 0
0  0.940023 0.408301 0.377961  0.038617 0.999249 0.003254  0.161084 0.452831 0
jonklercart
0  0.719883 0.408301 0.800718  -0.057586 0.994748 0.084618  0.188834 0.422314 0
0  0.940023 0.408301 0.377961  0.038617 0.999249 0.003254  0.161084 0.452831 0
0  0.782130 0.408301 0.293757  0.025939 0.999663 0.000921  0.153263 0.432951 0
jonklercart
0  0.584031 0.408301 0.758726  0.053408 0.991434 0.119192  0.185105 0.404684 0
0  0.782130 0.408301 0.293757  0.025939 0.999663 0.000921  0.153263 0.432951 0
0  0.614950 0.408301 0.242081  0.004782 0.999988 -0.000810  0.147541 0.410988 0
jonklercart
0  1.204323 0.408301 1.370928  0.035879 0.999356 -0.000246  0.229312 0.482783 0
0  1.495563 0.408301 1.340464  0.072921 0.997230 0.014680  0.227404 0.517481 0
0  1.460308 0.408301 1.151395  0.078959 0.996694 0.019169  0.215468 0.513176 0
jonklercart
0  1.227235 0.408301 2.630726  0.059603 0.998167 0.010514  0.312042 0.486385 0
0  1.495563 0.408301 2.862459  0.067801 0.997695 0.002873  0.326545 0.518507 0
0  1.507941 0.408301 2.659961  0.060638 0.998137 -0.006680  0.313545 0.520105 0
jonklercart
0  0.584031 0.408301 3.444196  0.231435 0.971158 0.057359  0.371208 0.406703 0
0  0.439920 0.408301 3.978577  -0.002845 0.999993 -0.002541  0.411869 0.390042 0
0  0.614950 0.408301 3.960841  -0.002541 0.999994 0.002294  0.408453 0.413762 0
jonklercart
0  0.443059 0.280340 4.190535  0.031571 0.101409 0.994344  0.437522 0.392485 0
0  0.627577 -0.269315 4.171839  0.196461 -0.099783 0.975421  0.510489 0.445619 0
0  0.627577 0.280340 4.171839  0.194818 0.097600 0.975971  0.432560 0.419344 0
jonklercart
0  0.956941 0.408301 3.247335  -0.001499 0.999814 -0.019224  0.354264 0.453938 0
0  0.940023 0.408301 3.824961  0.006530 0.999926 0.010286  0.394147 0.455234 0
0  1.084337 0.408301 3.711101  0.050798 0.998688 -0.006524  0.384421 0.472463 0
jonklercart
0  1.049917 0.408301 3.145096  -0.013500 0.999826 -0.012849  0.346657 0.465300 0
0  1.084337 0.408301 3.711101  0.050798 0.998688 -0.006524  0.384421 0.472463 0
0  1.211228 0.408301 3.571567  0.062045 0.998019 -0.010439  0.373635 0.487019 0
jonklercart
0  1.122134 0.408301 3.036232  -0.009076 0.999951 0.003897  0.338963 0.473982 0
0  1.211228 0.408301 3.571567  0.062045 0.998019 -0.010439  0.373635 0.487019 0
0  1.317518 0.408301 3.411339  0.071419 0.997337 -0.014773  0.362213 0.498821 0
jonklercart
0  1.172996 0.408301 2.929370  0.008468 0.999764 0.020009  0.331691 0.480031 0
0  1.317518 0.408301 3.411339  0.071419 0.997337 -0.014773  0.362213 0.498821 0
0  1.400932 0.408301 3.236084  0.077566 0.996817 -0.018411  0.350471 0.507918 0
jonklercart
0  1.204323 0.408301 2.831995  0.031023 0.999117 0.028336  0.325229 0.483732 0
0  1.400932 0.408301 3.236084  0.077566 0.996817 -0.018411  0.350471 0.507918 0
0  1.460308 0.408301 3.051528  0.078952 0.996694 -0.019176  0.338581 0.514441 0
jonklercart
0  1.220106 0.408301 2.747356  0.081526 0.990316 -0.112370  0.319687 0.485584 0
0  1.460308 0.408301 3.051528  0.078952 0.996694 -0.019176  0.338581 0.514441 0
0  1.495563 0.408301 2.862459  0.067801 0.997695 0.002873  0.326545 0.518507 0
jonklercart
0  1.172996 0.408301 1.273553  0.139803 0.976994 0.161054  0.222952 0.479013 0
0  1.460308 0.408301 1.151395  0.078959 0.996694 0.019169  0.215468 0.513176 0
0  1.400932 0.408301 0.966838  0.049878 0.998579 -0.018765  0.203721 0.506423 0
jonklercart
0  0.432234 0.408301 3.459578  0.078436 0.986372 0.144631  0.373281 0.386789 0
0  -0.439920 0.408301 3.978577  -0.001117 0.999995 -0.002766  0.412740 0.266484 0
0  0.439920 0.408301 3.978577  -0.002845 0.999993 -0.002541  0.411869 0.390042 0
jonklercart
0  0.443059 -0.269315 4.190536  0.032277 -0.103485 0.994107  0.518584 0.412789 0
0  -0.443059 0.280340 4.190535  -0.032278 0.101310 0.994331  0.438321 0.264417 0
0  -0.443059 -0.269315 4.190536  -0.031559 -0.103629 0.994115  0.518633 0.246130 0
jonklercart
0  -0.627577 -0.269315 4.171839  -0.194812 -0.099827 0.975747  0.510871 0.213442 0
0  -0.807552 0.280340 4.116209  -0.380322 0.091217 0.920345  0.426347 0.212967 0
0  -0.807552 -0.269315 4.116209  -0.378541 -0.093397 0.920860  0.499274 0.181572 0
jonklercart
0  -0.807552 -0.269315 4.116209  -0.378541 -0.093397 0.920860  0.499274 0.181572 0
0  -0.978551 0.280340 4.025014  -0.542074 0.081416 0.836378  0.416608 0.190908 0
0  -0.978551 -0.269315 4.025014  -0.540332 -0.083598 0.837289  0.484328 0.151903 0
jonklercart
0  -0.978551 -0.269315 4.025014  -0.540332 -0.083598 0.837289  0.484328 0.151903 0
0  -1.136365 0.280339 3.900502  -0.675945 0.069525 0.733665  0.405080 0.171530 0
0  -1.136365 -0.269315 3.900502  -0.675474 -0.071627 0.733897  0.466614 0.125383 0
jonklercart
0  -1.136365 -0.269315 3.900502  -0.675474 -0.071627 0.733897  0.466614 0.125383 0
0  -1.277107 0.280339 3.745738  -0.783657 0.056790 0.618592  0.392231 0.155000 0
0  -1.277107 -0.269315 3.745738  -0.783437 -0.058873 0.618676  0.446879 0.102549 0
jonklercart
0  -1.277107 -0.269315 3.745738  -0.783437 -0.058873 0.618676  0.446879 0.102549 0
0  -1.397313 0.280339 3.564532  -0.866286 0.044372 0.497574  0.378489 0.141357 0
0  -1.397313 -0.269315 3.564532  -0.866249 -0.046424 0.497451  0.425909 0.083566 0
jonklercart
0  -1.397313 -0.269315 3.564532  -0.866249 -0.046424 0.497451  0.425909 0.083566 0
0  -1.494021 0.280339 3.361346  -0.926800 0.033372 0.374069  0.364177 0.130509 0
0  -1.494021 -0.269315 3.361346  -0.926866 -0.035452 0.373714  0.404373 0.068288 0
jonklercart
0  -1.494021 -0.269315 3.361346  -0.926866 -0.035452 0.373714  0.404373 0.068288 0
0  -1.564852 0.280339 3.141184  -0.968005 0.024695 0.249715  0.349448 0.122272 0
0  -1.564852 -0.269315 3.141184  -0.968092 -0.026806 0.249156  0.382701 0.056373 0
jonklercart
0  -1.564852 -0.269315 3.141184  -0.968092 -0.026806 0.249156  0.382701 0.056373 0
0  -1.608060 0.280339 2.909467  -0.992142 0.019246 0.123628  0.334231 0.116441 0
0  -1.608060 -0.269316 2.909467  -0.992023 -0.021264 0.124251  0.361031 0.047453 0
jonklercart
0  -1.608060 -0.269316 2.909467  -0.992023 -0.021264 0.124251  0.361031 0.047453 0
0  -1.622581 0.280339 2.671900  -0.999848 0.016482 -0.005654  0.317903 0.112905 0
0  -1.622581 -0.269316 2.671900  -0.999807 -0.018711 -0.006054  0.339569 0.040974 0
jonklercart
0  -0.627577 0.280339 0.031084  -0.194822 0.097600 -0.975971  0.124235 0.233379 0
0  -0.807552 -0.269316 0.086714  -0.380249 -0.093326 -0.920164  0.058749 0.175204 0
0  -0.807552 0.280339 0.086714  -0.378602 0.091171 -0.921058  0.131976 0.208991 0
jonklercart
0  -0.432234 0.408301 0.743345  -0.015227 0.995048 0.098226  0.183454 0.265549 0
0  0.439920 0.408301 0.224346  0.003018 0.999991 0.002813  0.144534 0.387072 0
0  -0.439920 0.408301 0.224346  0.002845 0.999993 0.002539  0.145001 0.262598 0
jonklercart
0  -0.807552 0.280339 0.086714  -0.378602 0.091171 -0.921058  0.131976 0.208991 0
0  -0.978551 -0.269316 0.177909  -0.541975 -0.083568 -0.836229  0.074506 0.145622 0
0  -0.978551 0.280339 0.177908  -0.540411 0.081432 -0.837451  0.141938 0.187115 0
jonklercart
0  -0.978551 0.280339 0.177908  -0.540411 0.081432 -0.837451  0.141938 0.187115 0
0  -1.136365 -0.269316 0.302421  -0.675837 -0.071666 -0.733559  0.093086 0.119399 0
0  -1.136365 0.280339 0.302420  -0.675572 0.069526 -0.734009  0.153640 0.167985 0
jonklercart
0  -1.136365 0.280339 0.302420  -0.675572 0.069526 -0.734009  0.153640 0.167985 0
0  -1.277107 -0.269316 0.457185  -0.783562 -0.058927 -0.618512  0.113644 0.097079 0
0  -1.277107 0.280339 0.457185  -0.783541 0.056777 -0.618741  0.166605 0.151765 0
jonklercart
0  -1.277107 0.280339 0.457185  -0.783541 0.056777 -0.618741  0.166605 0.151765 0
0  -1.397313 -0.269316 0.638391  -0.866209 -0.046447 -0.497519  0.135325 0.078790 0
0  -1.397313 0.280339 0.638391  -0.866336 0.044389 -0.497486  0.180404 0.138481 0
jonklercart
0  -1.397313 0.280339 0.638391  -0.866336 0.044389 -0.497486  0.180404 0.138481 0
0  -1.494021 -0.269316 0.841577  -0.926731 -0.035492 -0.374046  0.157420 0.064320 0
0  -1.494021 0.280339 0.841577  -0.926936 0.033422 -0.373727  0.194728 0.128015 0
jonklercart
0  -1.494021 0.280339 0.841577  -0.926936 0.033422 -0.373727  0.194728 0.128015 0
0  -1.564852 -0.269316 1.061738  -0.967953 -0.026859 -0.249692  0.179488 0.053247 0
0  -1.564852 0.280339 1.061738  -0.968150 0.024736 -0.249147  0.209449 0.120171 0
jonklercart
0  -1.564852 0.280339 1.061738  -0.968150 0.024736 -0.249147  0.209449 0.120171 0
0  -1.608060 -0.269316 1.293456  -0.992102 -0.021258 -0.123623  0.201405 0.045115 0
0  -1.608060 0.280339 1.293456  -0.992064 0.019249 -0.124250  0.224666 0.114765 0
jonklercart
0  -1.608060 0.280339 1.293456  -0.992064 0.019249 -0.124250  0.224666 0.114765 0
0  -1.622581 -0.269316 1.531023  -0.999811 -0.018596 0.005652  0.222958 0.039303 0
0  -1.622581 0.280339 1.531023  -0.999843 0.016638 0.006050  0.241008 0.111802 0
jonklercart
0  1.608060 0.280339 1.293456  0.991892 0.019266 -0.125617  0.221836 0.537970 0
0  1.564852 -0.269316 1.061738  0.967954 -0.026817 -0.249693  0.173263 0.597910 0
0  1.564852 0.280339 1.061738  0.967877 0.024758 -0.250201  0.206703 0.532121 0
jonklercart
0  1.227235 0.408301 1.572197  0.062074 0.997614 0.030224  0.242443 0.485532 0
0  1.507941 0.408301 2.659961  0.060638 0.998137 -0.006680  0.313545 0.520105 0
0  1.507941 0.408301 1.542962  0.059962 0.998199 -0.002017  0.240364 0.519345 0
jonklercart
0  1.564852 0.280339 1.061738  0.967877 0.024758 -0.250201  0.206703 0.532121 0
0  1.494021 -0.269316 0.841577  0.926731 -0.035460 -0.374047  0.151614 0.585878 0
0  1.494021 0.280339 0.841577  0.926696 0.033429 -0.374321  0.192083 0.523845 0
jonklercart
0  1.494021 0.280339 0.841577  0.926696 0.033429 -0.374321  0.192083 0.523845 0
0  1.397313 -0.269316 0.638391  0.866198 -0.046478 -0.497535  0.130140 0.570461 0
0  1.397313 0.280339 0.638391  0.866296 0.044370 -0.497557  0.177899 0.512931 0
jonklercart
0  1.397313 0.280339 0.638391  0.866296 0.044370 -0.497557  0.177899 0.512931 0
0  1.277107 -0.269316 0.457185  0.783564 -0.058869 -0.618516  0.109269 0.551328 0
0  1.277107 0.280339 0.457185  0.783865 0.056786 -0.618329  0.164299 0.499188 0
jonklercart
0  1.277107 0.280339 0.457185  0.783865 0.056786 -0.618329  0.164299 0.499188 0
0  1.136365 -0.269316 0.302421  0.675838 -0.071620 -0.733562  0.089662 0.528345 0
0  1.136365 0.280339 0.302420  0.676433 0.069517 -0.733216  0.151599 0.482532 0
jonklercart
0  1.136365 0.280339 0.302420  0.676433 0.069517 -0.733216  0.151599 0.482532 0
0  0.978551 -0.269316 0.177909  0.541975 -0.083578 -0.836228  0.072088 0.501688 0
0  0.978551 0.280339 0.177908  0.541936 0.081417 -0.836467  0.140215 0.463014 0
jonklercart
0  0.978551 0.280339 0.177908  0.541936 0.081417 -0.836467  0.140215 0.463014 0
0  0.807552 -0.269316 0.086714  0.380247 -0.093380 -0.920159  0.057279 0.471896 0
0  0.807552 0.280339 0.086714  0.380795 0.091217 -0.920149  0.130603 0.440814 0
jonklercart
0  0.807552 0.280339 0.086714  0.380795 0.091217 -0.920149  0.130603 0.440814 0
0  0.627577 -0.269316 0.031084  0.196459 -0.099868 -0.975413  0.045801 0.439915 0
0  0.627577 0.280339 0.031084  0.197537 0.097619 -0.975423  0.123243 0.416155 0
jonklercart
0  0.627577 0.280339 0.031084  0.197537 0.097619 -0.975423  0.123243 0.416155 0
0  0.443059 -0.269316 0.012387  0.031553 -0.103632 -0.994115  0.038134 0.407116 0
0  0.443059 0.280339 0.012387  0.032283 0.101313 -0.994331  0.118792 0.389109 0
jonklercart
0  0.627577 0.280340 4.171839  0.194818 0.097600 0.975971  0.432560 0.419344 0
0  0.807552 -0.269315 4.116209  0.380250 -0.093326 0.920163  0.498316 0.477635 0
0  0.807552 0.280340 4.116209  0.378600 0.091173 0.921059  0.424788 0.443805 0
jonklercart
0  0.845685 0.408301 3.335114  0.351928 0.923424 -0.153086  0.361281 0.440152 0
0  0.782130 0.408301 3.909166  0.025943 0.999663 -0.000893  0.402334 0.435543 0
0  0.940023 0.408301 3.824961  0.006530 0.999926 0.010286  0.394147 0.455234 0
jonklercart
0  0.807552 0.280340 4.116209  0.378600 0.091173 0.921059  0.424788 0.443805 0
0  0.978551 -0.269315 4.025014  0.541977 -0.083569 0.836228  0.482624 0.507365 0
0  0.978551 0.280340 4.025014  0.540413 0.081432 0.837450  0.414787 0.465799 0
jonklercart
0  0.978551 0.280340 4.025014  0.540413 0.081432 0.837450  0.414787 0.465799 0
0  1.136365 -0.269315 3.900502  0.675837 -0.071665 0.733559  0.464083 0.533786 0
0  1.136365 0.280339 3.900502  0.675572 0.069526 0.734009  0.403042 0.485081 0
jonklercart
0  1.136365 0.280339 3.900502  0.675572 0.069526 0.734009  0.403042 0.485081 0
0  1.277107 -0.269315 3.745738  0.783562 -0.058926 0.618513  0.443524 0.556331 0
0  1.277107 0.280339 3.745738  0.783541 0.056775 0.618741  0.390027 0.501475 0
jonklercart
0  1.277107 0.280339 3.745738  0.783541 0.056775 0.618741  0.390027 0.501475 0
0  1.397313 -0.269315 3.564532  0.866209 -0.046447 0.497519  0.421801 0.574850 0
0  1.397313 0.280339 3.564532  0.866336 0.044390 0.497486  0.376169 0.514942 0
jonklercart
0  1.397313 0.280339 3.564532  0.866336 0.044390 0.497486  0.376169 0.514942 0
0  1.494021 -0.269315 3.361346  0.926731 -0.035492 0.374046  0.399629 0.589534 0
0  1.494021 0.280339 3.361346  0.926937 0.033423 0.373726  0.361778 0.525584 0
jonklercart
0  1.494021 0.280339 3.361346  0.926937 0.033423 0.373726  0.361778 0.525584 0
0  1.564852 -0.269315 3.141184  0.967953 -0.026859 0.249692  0.377458 0.600793 0
0  1.564852 0.280339 3.141184  0.968150 0.024736 0.249147  0.346981 0.533590 0
jonklercart
0  1.564852 0.280339 3.141184  0.968150 0.024736 0.249147  0.346981 0.533590 0
0  1.608060 -0.269316 2.909467  0.992102 -0.021257 0.123623  0.355423 0.609076 0
0  1.608060 0.280339 2.909467  0.992065 0.019199 0.124251  0.331681 0.539137 0
jonklercart
0  1.608060 0.280339 2.909467  0.992065 0.019199 0.124251  0.331681 0.539137 0
0  1.622581 -0.269316 2.671900  0.999811 -0.018596 -0.005652  0.333756 0.615002 0
0  1.622581 0.280339 2.671900  0.999843 0.016638 -0.006050  0.315262 0.542216 0
jonklercart
0  -1.622581 -0.269316 2.671900  -0.999807 -0.018711 -0.006054  0.339569 0.040974 0
0  -1.622581 0.280339 1.531023  -0.999843 0.016638 0.006050  0.241008 0.111802 0
0  -1.622581 -0.269316 1.531023  -0.999811 -0.018596 0.005652  0.222958 0.039303 0
jonklercart
0  -0.584031 0.408301 3.444196  -0.015073 0.986328 0.164104  0.372423 0.249190 0
0  -0.782130 0.408301 3.909166  -0.025939 0.999663 -0.000921  0.403847 0.220943 0
0  -0.614950 0.408301 3.960841  -0.012987 0.999916 -0.000083  0.409662 0.242743 0
jonklercart
0  1.622581 -0.269316 1.531023  0.999807 -0.018713 0.006059  0.216459 0.613431 0
0  1.622581 0.280339 2.671900  0.999843 0.016638 -0.006050  0.315262 0.542216 0
0  1.622581 -0.269316 2.671900  0.999811 -0.018596 -0.005652  0.333756 0.615002 0
jonklercart
0  -0.443059 -0.269316 0.012387  -0.032275 -0.103486 -0.994107  0.038360 0.239949 0
0  0.443059 0.280339 0.012387  0.032283 0.101313 -0.994331  0.118792 0.389109 0
0  0.443059 -0.269316 0.012387  0.031553 -0.103632 -0.994115  0.038134 0.407116 0
jonklercart
0  0.845685 0.408301 0.867809  -0.060159 0.996361 0.060377  0.102391 0.767500 0
0  0.713800 0.416621 0.806223  0.264140 0.721560 -0.639986  0.123182 0.763253 0
0  0.839489 0.416776 0.873416  0.360115 0.739247 -0.569062  0.103549 0.768604 0
jonklercart
0  -1.175693 0.408301 1.395481  -0.001709 0.999700 -0.024420  0.410067 0.819656 0
0  -1.153451 0.416437 1.313239  0.815303 0.474081 0.332457  0.407297 0.812748 0
0  -1.181786 0.416635 1.400995  0.816052 0.537142 0.213396  0.411547 0.819789 0
jonklercart
0  1.147503 0.408301 1.307856  0.027535 0.999605 0.005656  0.058024 0.806122 0
0  1.169194 0.417191 1.401362  -0.765187 -0.610282 0.205049  0.052533 0.812003 0
0  1.141011 0.417181 1.313731  -0.724895 -0.630450 0.277595  0.056865 0.805009 0
jonklercart
0  0.825880 0.424975 0.918385  -0.005486 0.999879 0.014577  0.105700 0.772775 0
0  0.940788 0.424975 0.981049  0.020718 0.999618 -0.018294  0.087730 0.777592 0
0  0.830561 0.424975 0.894082  0.030604 0.999471 -0.011045  0.105015 0.770719 0
jonklercart
0  -1.147503 0.408301 1.307856  -0.012634 0.999645 -0.023459  0.405827 0.812747 0
0  -1.106094 0.416251 1.213904  0.797174 0.394928 0.456668  0.400288 0.804567 0
0  -1.153451 0.416437 1.313239  0.815303 0.474081 0.332457  0.407297 0.812748 0
jonklercart
0  -0.580573 0.408301 3.386414  0.001079 0.994386 0.105812  0.325215 0.977252 0
0  -0.719004 0.416622 3.351010  0.264274 0.725484 -0.635478  0.346122 0.974670 0
0  -0.586541 0.416465 3.391815  0.136981 0.695172 -0.705671  0.326214 0.978370 0
jonklercart
0  1.024705 0.424975 1.103287  -0.021764 0.999557 0.020285  0.074397 0.787369 0
0  1.103865 0.424975 1.189394  0.035602 0.999196 -0.018442  0.061953 0.794121 0
0  1.032709 0.424975 1.082128  0.047421 0.998865 -0.004501  0.073225 0.785559 0
jonklercart
0  -1.100282 0.408301 1.208644  -0.018109 0.999653 -0.019138  0.398845 0.804713 0
0  -1.037581 0.416105 1.110688  0.752599 0.295266 0.588568  0.390151 0.795829 0
0  -1.106094 0.416251 1.213904  0.797174 0.394928 0.456668  0.400288 0.804567 0
jonklercart
0  -0.580573 0.408301 0.816509  0.003836 0.990424 0.138008  0.321608 0.770368 0
0  -0.437143 0.416192 0.806612  0.025517 -0.395904 0.917937  0.300150 0.767212 0
0  -0.586268 0.416090 0.821662  0.185885 -0.287600 0.939539  0.322663 0.769398 0
jonklercart
0  1.094171 0.424975 1.208004  -0.060764 0.998138 -0.005327  0.063397 0.795724 0
0  1.153714 0.424975 1.294127  0.043641 0.998908 -0.016669  0.054003 0.802617 0
0  1.103865 0.424975 1.189394  0.035602 0.999196 -0.018442  0.061953 0.794121 0
jonklercart
0  -1.031876 0.408301 1.105524  -0.014055 0.999874 -0.007405  0.388754 0.796132 0
0  -0.948333 0.416016 1.012561  0.671970 0.171364 0.720479  0.376901 0.787288 0
0  -1.037581 0.416105 1.110688  0.752599 0.295266 0.588568  0.390151 0.795829 0
jonklercart
0  1.142406 0.424975 1.309345  -0.067887 0.997650 -0.009217  0.055719 0.803924 0
0  1.184169 0.424975 1.388790  0.050983 0.998610 -0.013356  0.049154 0.810445 0
0  1.153714 0.424975 1.294127  0.043641 0.998908 -0.016669  0.054003 0.802617 0
jonklercart
0  -0.942693 0.408301 1.007456  -0.001965 0.999869 0.016089  0.375565 0.787756 0
0  -0.840755 0.415989 0.927681  0.547531 0.024801 0.836418  0.360864 0.779672 0
0  -0.948333 0.416016 1.012561  0.671970 0.171364 0.720479  0.376901 0.787288 0
jonklercart
0  1.195840 0.408301 2.627456  0.082545 0.996533 0.010426  0.051635 0.913536 0
0  1.183071 0.416819 2.740118  -0.866802 -0.490750 -0.088426  0.051650 0.922854 0
0  1.189505 0.416968 2.633190  -0.839069 -0.544024 0.000567  0.050142 0.914192 0
jonklercart
0  1.227235 0.408301 2.630726  0.059603 0.998167 0.010514  0.042234 0.914379 0
0  1.220817 0.417081 1.578006  0.769501 0.638590 0.008354  0.043098 0.826351 0
0  1.220899 0.416968 2.636459  0.768198 0.640108 -0.011574  0.043827 0.914780 0
jonklercart
0  -0.431374 0.408301 0.801391  -0.003859 0.989239 0.146255  0.299195 0.768323 0
0  0.425514 0.416317 0.806695  -0.029236 -0.424993 0.904724  0.167975 0.764758 0
0  -0.437143 0.416192 0.806612  0.025517 -0.395904 0.917937  0.300150 0.767212 0
jonklercart
0  1.189298 0.408301 2.734482  0.085856 0.996018 0.024035  0.052840 0.921849 0
0  1.169601 0.416635 2.812956  -0.884488 -0.403442 -0.234340  0.054099 0.928814 0
0  1.183071 0.416819 2.740118  -0.866802 -0.490750 -0.088426  0.051650 0.922854 0
jonklercart
0  1.171469 0.424975 1.399682  -0.071266 0.997390 -0.011612  0.051102 0.811355 0
0  1.199346 0.424975 1.470180  0.056072 0.998401 -0.007185  0.046807 0.817293 0
0  1.184169 0.424975 1.388790  0.050983 0.998610 -0.013356  0.049154 0.810445 0
jonklercart
0  -0.712921 0.408301 0.857418  0.014613 0.995256 0.096187  0.341403 0.774373 0
0  -0.586268 0.416090 0.821662  0.185885 -0.287600 0.939539  0.322663 0.769398 0
0  -0.718562 0.416018 0.862523  0.381847 -0.133830 0.914485  0.342570 0.773570 0
jonklercart
0  1.175693 0.408301 2.807442  0.052232 0.998352 0.023782  0.054926 0.927501 0
0  1.141555 0.416437 2.900449  -0.882020 -0.304984 -0.359201  0.058832 0.936057 0
0  1.169601 0.416635 2.812956  -0.884488 -0.403442 -0.234340  0.054099 0.928814 0
jonklercart
0  -1.216764 0.424975 1.585589  0.061366 0.998115 0.000701  0.417525 0.834190 0
0  -1.223725 0.424975 1.470180  -0.066325 0.997796 -0.001936  0.418139 0.825024 0
0  -1.230691 0.424975 1.584139  -0.067310 0.997710 0.006604  0.419587 0.833998 0
jonklercart
0  -1.195840 0.408301 2.627456  0.020227 0.999736 -0.010854  0.414817 0.917015 0
0  -1.202176 0.416967 1.581201  0.773623 0.633566 -0.010037  0.415073 0.833937 0
0  -1.202259 0.417081 2.633265  0.774500 0.632571 0.001846  0.416295 0.917489 0
jonklercart
0  1.147503 0.408301 2.895066  0.018746 0.999708 0.015258  0.059273 0.934582 0
0  1.094470 0.416251 2.999539  -0.853219 -0.180504 -0.489322  0.066516 0.944334 0
0  1.141555 0.416437 2.900449  -0.882020 -0.304984 -0.359201  0.058832 0.936057 0
jonklercart
0  -1.210058 0.424975 1.475891  0.063645 0.997970 -0.002382  0.416164 0.825535 0
0  -1.208548 0.424975 1.388790  -0.061752 0.998031 -0.010970  0.415819 0.818627 0
0  -1.223725 0.424975 1.470180  -0.066325 0.997796 -0.001936  0.418139 0.825024 0
jonklercart
0  -1.189298 0.408301 2.734482  0.008684 0.999798 -0.018137  0.413958 0.925209 0
0  -1.202259 0.417081 2.633265  0.774500 0.632571 0.001846  0.416295 0.917489 0
0  -1.195772 0.417157 2.740341  0.741981 0.664766 -0.086886  0.415362 0.925763 0
jonklercart
0  1.100282 0.408301 2.994279  -0.005035 0.999985 0.002150  0.066620 0.942826 0
0  1.026170 0.416106 3.102562  -0.786524 -0.029707 -0.616845  0.077437 0.953016 0
0  1.094470 0.416251 2.999539  -0.853219 -0.180504 -0.489322  0.066516 0.944334 0
jonklercart
0  -1.195848 0.424975 1.399682  0.063777 0.997964 -0.000613  0.413957 0.819503 0
0  -1.178093 0.424975 1.294127  -0.052968 0.998453 -0.016895  0.411347 0.810998 0
0  -1.208548 0.424975 1.388790  -0.061752 0.998031 -0.010970  0.415819 0.818627 0
jonklercart
0  -0.443803 0.424975 0.796275  0.000682 0.999959 0.009021  0.301237 0.765507 0
0  0.419805 0.424975 0.770525  0.001078 0.999886 -0.015028  0.168854 0.760845 0
0  -0.444184 0.424975 0.770525  -0.001579 0.999894 -0.014485  0.301362 0.763382 0
jonklercart
0  -1.175693 0.408301 2.807442  -0.002124 0.999949 -0.009843  0.412108 0.930694 0
0  -1.195772 0.417157 2.740341  0.741981 0.664766 -0.086886  0.415362 0.925763 0
0  -1.182192 0.417191 2.813324  0.689459 0.698137 -0.193003  0.413469 0.931334 0
jonklercart
0  1.031876 0.408301 3.097399  -0.013432 0.999868 -0.009162  0.077276 0.951542 0
0  0.937052 0.416017 3.200571  -0.674076 0.138369 -0.725586  0.091489 0.961367 0
0  1.026170 0.416106 3.102562  -0.786524 -0.029707 -0.616845  0.077437 0.953016 0
jonklercart
0  -1.166785 0.424975 1.309345  0.061791 0.998087 0.002024  0.409642 0.812203 0
0  -1.128244 0.424975 1.189394  -0.042355 0.998890 -0.020626  0.404039 0.802304 0
0  -1.178093 0.424975 1.294127  -0.052968 0.998453 -0.016895  0.411347 0.810998 0
jonklercart
0  1.192385 0.424975 1.585589  -0.069896 0.997552 -0.002027  0.047827 0.827012 0
0  1.206312 0.424975 2.640848  0.059206 0.998244 -0.001791  0.046439 0.915036 0
0  1.206312 0.424975 1.584139  0.059292 0.998233 0.003844  0.045667 0.826884 0
jonklercart
0  -1.147503 0.408301 2.895066  -0.016595 0.999857 0.003351  0.408218 0.937342 0
0  -1.182192 0.417191 2.813324  0.689459 0.698137 -0.193003  0.413469 0.931334 0
0  -1.153995 0.417181 2.900942  0.639585 0.718721 -0.272712  0.409558 0.938077 0
jonklercart
0  0.942693 0.408301 3.195467  -0.006674 0.999922 -0.010558  0.091124 0.959952 0
0  0.829514 0.415989 3.285415  -0.520056 0.305426 -0.797657  0.108301 0.968705 0
0  0.937052 0.416017 3.200571  -0.674076 0.138369 -0.725586  0.091489 0.961367 0
jonklercart
0  -1.118550 0.424975 1.208004  0.056729 0.998378 0.004905  0.402531 0.803783 0
0  -1.057088 0.424975 1.082128  -0.031442 0.999261 -0.022116  0.393539 0.793134 0
0  -1.128244 0.424975 1.189394  -0.042355 0.998890 -0.020626  0.404039 0.802304 0
jonklercart
0  -0.719883 0.408301 3.402205  -0.055364 0.985664 0.159378  0.347121 0.982044 0
0  -0.589999 0.416465 3.449597  -0.162945 -0.495098 0.853421  0.327030 0.984452 0
0  -0.725965 0.416622 3.407709  -0.323978 -0.562621 0.760589  0.347591 0.980586 0
jonklercart
0  -1.100282 0.408301 2.994279  -0.030772 0.999296 0.021472  0.401590 0.945002 0
0  -1.153995 0.417181 2.900942  0.639585 0.718721 -0.272712  0.409558 0.938077 0
0  -1.106735 0.417129 3.000119  0.583076 0.733916 -0.348410  0.402894 0.945824 0
jonklercart
0  0.835134 0.408301 3.280328  0.009815 0.999949 0.002531  0.107779 0.967352 0
0  0.707279 0.416018 3.350610  -0.342396 0.451677 -0.823865  0.127280 0.974490 0
0  0.829514 0.415989 3.285415  -0.520056 0.305426 -0.797657  0.108301 0.968705 0
jonklercart
0  -1.049084 0.424975 1.103287  0.049360 0.998755 0.007232  0.392256 0.794828 0
0  -0.965167 0.424975 0.981049  -0.021351 0.999536 -0.021721  0.379880 0.784240 0
0  -1.057088 0.424975 1.082128  -0.031442 0.999261 -0.022116  0.393539 0.793134 0
jonklercart
0  -1.216764 0.424975 2.639397  0.061023 0.998136 0.001225  0.418694 0.917977 0
0  -1.230691 0.424975 1.584139  -0.067310 0.997710 0.006604  0.419587 0.833998 0
0  -1.230691 0.424975 2.640848  -0.067109 0.997725 -0.006482  0.420737 0.918102 0
jonklercart
0  -1.031876 0.408301 3.097399  -0.040814 0.998214 0.043634  0.391825 0.953156 0
0  -1.106735 0.417129 3.000119  0.583076 0.733916 -0.348410  0.402894 0.945824 0
0  -1.038264 0.417039 3.103180  0.518632 0.743594 -0.422005  0.393085 0.954049 0
jonklercart
0  0.712921 0.408301 3.345505  0.025301 0.999235 0.029810  0.126631 0.973195 0
0  0.574879 0.416091 3.391567  -0.161327 0.566227 -0.808307  0.147711 0.978337 0
0  0.707279 0.416018 3.350610  -0.342396 0.451677 -0.823865  0.127280 0.974490 0
jonklercart
0  -0.958846 0.424975 1.004058  0.040448 0.999144 0.008726  0.378836 0.786095 0
0  -0.854940 0.424975 0.894082  -0.012926 0.999712 -0.020215  0.363405 0.776341 0
0  -0.965167 0.424975 0.981049  -0.021351 0.999536 -0.021721  0.379880 0.784240 0
jonklercart
0  -0.432234 0.408301 3.459578  -0.051431 0.985134 0.163909  0.302892 0.987537 0
0  0.426465 0.416192 3.464798  0.030329 -0.391084 0.919855  0.170377 0.986399 0
0  -0.438094 0.416318 3.464881  -0.028495 -0.420109 0.907026  0.303734 0.986303 0
jonklercart
0  -0.845685 0.408301 3.335114  -0.646722 0.755177 -0.107044  0.366239 0.976300 0
0  -0.725965 0.416622 3.407709  -0.323978 -0.562621 0.760589  0.347591 0.980586 0
0  -0.851881 0.416777 3.340722  -0.444115 -0.606000 0.659944  0.366445 0.974762 0
jonklercart
0  -0.956941 0.408301 3.247335  -0.690344 0.665659 -0.283412  0.383061 0.968926 0
0  -0.851881 0.416777 3.340722  -0.444115 -0.606000 0.659944  0.366445 0.974762 0
0  -0.963241 0.416919 3.253037  -0.539081 -0.630672 0.558251  0.382957 0.967358 0
jonklercart
0  -1.049917 0.408301 3.145096  -0.652319 0.608135 -0.452384  0.397068 0.960425 0
0  -0.963241 0.416919 3.253037  -0.539081 -0.630672 0.558251  0.382957 0.967358 0
0  -1.056305 0.417039 3.150877  -0.614234 -0.641312 0.459821  0.396613 0.958905 0
jonklercart
0  -1.122134 0.408301 3.036232  -0.555643 0.586437 -0.589366  0.407932 0.951419 0
0  -1.056305 0.417039 3.150877  -0.614234 -0.641312 0.459821  0.396613 0.958905 0
0  -1.128587 0.417129 3.042072  -0.674650 -0.641091 0.365855  0.407100 0.950052 0
jonklercart
0  -1.172996 0.408301 2.929370  -0.418286 0.610774 -0.672303  0.415594 0.942570 0
0  -1.128587 0.417129 3.042072  -0.674650 -0.641091 0.365855  0.407100 0.950052 0
0  -1.179488 0.417181 2.935245  -0.724827 -0.631675 0.274978  0.414395 0.941490 0
jonklercart
0  -1.204323 0.408301 2.831995  -0.253441 0.702129 -0.665419  0.420355 0.934412 0
0  -1.179488 0.417181 2.935245  -0.724827 -0.631675 0.274978  0.414395 0.941490 0
0  -1.210822 0.417191 2.837877  -0.767382 -0.613669 0.185838  0.418835 0.933760 0
jonklercart
0  -1.220106 0.408301 2.747356  -0.077257 0.874899 -0.478104  0.422708 0.927197 0
0  -1.210822 0.417191 2.837877  -0.767382 -0.613669 0.185838  0.418835 0.933760 0
0  -1.226580 0.417157 2.753215  -0.811941 -0.578695 0.076580  0.421096 0.927087 0
jonklercart
0  -1.227235 0.408301 2.630726  0.026555 0.999584 -0.011209  0.423856 0.917505 0
0  -1.226580 0.417157 2.753215  -0.811941 -0.578695 0.076580  0.421096 0.927087 0
0  -1.233654 0.417081 2.636534  -0.843197 -0.537307 -0.017900  0.422307 0.917830 0
jonklercart
0  -1.227235 0.408301 1.572197  0.009650 0.989227 0.146074  0.422574 0.832706 0
0  -1.233654 0.417081 2.636534  -0.843197 -0.537307 -0.017900  0.422307 0.917830 0
0  -1.233571 0.416967 1.577931  -0.838389 -0.545072 -0.000542  0.421122 0.833383 0
jonklercart
0  -0.584031 0.408301 0.758726  -0.000020 0.995291 0.096934  0.322879 0.762082 0
0  -0.725524 0.416018 0.805824  -0.347605 0.441387 -0.827254  0.344182 0.767659 0
0  -0.589726 0.416090 0.763880  -0.169333 0.554224 -0.814962  0.323606 0.763326 0
jonklercart
0  -0.593725 0.424975 0.811466  0.003817 0.999942 0.010097  0.323958 0.767777 0
0  -0.444184 0.424975 0.770525  -0.001579 0.999894 -0.014485  0.301362 0.763382 0
0  -0.595259 0.424975 0.785833  -0.011544 0.999826 -0.014621  0.324286 0.765676 0
jonklercart
0  -0.845685 0.408301 0.867809  0.013478 0.999185 0.038061  0.362680 0.772662 0
0  -0.962582 0.416016 0.960692  -0.671635 0.144193 -0.726715  0.379891 0.781959 0
0  -0.851306 0.415989 0.872895  -0.520716 0.301920 -0.798561  0.363162 0.774003 0
jonklercart
0  -0.956941 0.408301 0.955587  0.003314 0.999945 0.009974  0.379569 0.780563 0
0  -1.055623 0.416105 1.062990  -0.783956 -0.017240 -0.620577  0.393827 0.790960 0
0  -0.962582 0.416016 0.960692  -0.671635 0.144193 -0.726715  0.379891 0.781959 0
jonklercart
0  -1.049917 0.408301 1.057827  -0.007349 0.999955 -0.006045  0.393706 0.789515 0
0  -1.127946 0.416251 1.171951  -0.852938 -0.167994 -0.494241  0.404622 0.800305 0
0  -1.055623 0.416105 1.062990  -0.783956 -0.017240 -0.620577  0.393827 0.790960 0
jonklercart
0  -1.122134 0.408301 1.166691  -0.009852 0.999896 -0.010533  0.404756 0.798834 0
0  -1.178944 0.416437 1.278935  -0.883290 -0.297304 -0.362503  0.412229 0.809254 0
0  -1.127946 0.416251 1.171951  -0.852938 -0.167994 -0.494241  0.404622 0.800305 0
jonklercart
0  -1.172996 0.408301 1.273553  -0.002563 0.999951 -0.009553  0.412678 0.807811 0
0  -1.210416 0.416635 1.376442  -0.885244 -0.401384 -0.235020  0.416980 0.817222 0
0  -1.178944 0.416437 1.278935  -0.883290 -0.297304 -0.362503  0.412229 0.809254 0
jonklercart
0  -1.204323 0.408301 1.370928  0.008009 0.999915 -0.010240  0.417798 0.815904 0
0  -1.226333 0.416819 1.461203  -0.866138 -0.490897 -0.093947  0.419526 0.824033 0
0  -1.210416 0.416635 1.376442  -0.885244 -0.401384 -0.235020  0.416980 0.817222 0
jonklercart
0  -1.220106 0.408301 1.455567  -0.118475 0.892653 0.434896  0.420728 0.822987 0
0  -1.233571 0.416967 1.577931  -0.838389 -0.545072 -0.000542  0.421122 0.833383 0
0  -1.226333 0.416819 1.461203  -0.866138 -0.490897 -0.093947  0.419526 0.824033 0
jonklercart
0  1.227235 0.408301 1.572197  0.062074 0.997614 0.030224  0.041516 0.825828 0
0  1.213632 0.417157 1.461426  0.738443 0.669357 -0.081634  0.044281 0.816479 0
0  1.220817 0.417081 1.578006  0.769501 0.638590 0.008354  0.043098 0.826351 0
jonklercart
0  1.220106 0.408301 1.455567  0.054066 0.998506 0.007856  0.042703 0.815845 0
0  1.197824 0.417191 1.376809  0.692561 0.697564 -0.183749  0.046769 0.809293 0
0  1.213632 0.417157 1.461426  0.738443 0.669357 -0.081634  0.044281 0.816479 0
jonklercart
0  1.185679 0.424975 1.475891  -0.071015 0.997434 -0.009058  0.048944 0.817783 0
0  1.206312 0.424975 1.584139  0.059292 0.998233 0.003844  0.045667 0.826884 0
0  1.199346 0.424975 1.470180  0.056072 0.998401 -0.007185  0.046807 0.817293 0
jonklercart
0  1.172996 0.408301 1.273553  0.139803 0.976994 0.161054  0.050356 0.800292 0
0  1.115680 0.417129 1.172532  0.590182 0.732656 -0.338970  0.059966 0.792423 0
0  1.166504 0.417181 1.279428  0.639729 0.720170 -0.268519  0.051810 0.801155 0
jonklercart
0  1.122134 0.408301 1.166691  -0.010782 0.999938 0.002770  0.058594 0.791474 0
0  1.043529 0.417039 1.063608  0.527184 0.741955 -0.414222  0.071432 0.783682 0
0  1.115680 0.417129 1.172532  0.590182 0.732656 -0.338970  0.059966 0.792423 0
jonklercart
0  0.934467 0.424975 1.004058  -0.041304 0.999145 0.001556  0.088652 0.779552 0
0  1.032709 0.424975 1.082128  0.047421 0.998865 -0.004501  0.073225 0.785559 0
0  0.940788 0.424975 0.981049  0.020718 0.999618 -0.018294  0.087730 0.777592 0
jonklercart
0  1.049917 0.408301 1.057827  -0.033855 0.999301 0.015877  0.070135 0.782667 0
0  0.950641 0.416919 0.961289  0.453774 0.744584 -0.489576  0.086106 0.775580 0
0  1.043529 0.417039 1.063608  0.527184 0.741955 -0.414222  0.071432 0.783682 0
jonklercart
0  0.956941 0.408301 0.955587  -0.051478 0.998025 0.035992  0.084878 0.774514 0
0  0.839489 0.416776 0.873416  0.360115 0.739247 -0.569062  0.103549 0.768604 0
0  0.950641 0.416919 0.961289  0.453774 0.744584 -0.489576  0.086106 0.775580 0
jonklercart
0  0.719883 0.408301 0.800718  -0.057586 0.994748 0.084618  0.122100 0.762115 0
0  0.578064 0.416464 0.764128  0.139592 0.687737 -0.712413  0.144307 0.759877 0
0  0.713800 0.416621 0.806223  0.264140 0.721560 -0.639986  0.123182 0.763253 0
jonklercart
0  0.584031 0.408301 0.758726  0.053408 0.991434 0.119192  0.143307 0.758708 0
0  0.426373 0.416317 0.748649  0.020171 0.643274 -0.765370  0.167850 0.758553 0
0  0.578064 0.416464 0.764128  0.139592 0.687737 -0.712413  0.144307 0.759877 0
jonklercart
0  0.432234 0.408301 3.459578  0.078436 0.986372 0.144631  0.169422 0.987537 0
0  0.578337 0.416091 3.449350  0.191823 -0.281774 0.940110  0.146899 0.984522 0
0  0.426465 0.416192 3.464798  0.030329 -0.391084 0.919855  0.170377 0.986399 0
jonklercart
0  0.584031 0.408301 3.444196  0.231435 0.971158 0.057359  0.145827 0.985527 0
0  0.714241 0.416018 3.407310  0.379322 -0.138697 0.914810  0.125800 0.980580 0
0  0.578337 0.416091 3.449350  0.191823 -0.281774 0.940110  0.146899 0.984522 0
jonklercart
0  0.569346 0.424975 3.413520  -0.004658 0.999893 -0.013864  0.148458 0.980691 0
0  0.419805 0.424975 3.454461  -0.002010 0.999948 0.010007  0.171451 0.984633 0
0  0.570880 0.424975 3.439153  0.012718 0.999863 0.010558  0.148178 0.982826 0
jonklercart
0  0.845685 0.408301 3.335114  0.351928 0.923424 -0.153086  0.104840 0.975305 0
0  0.951300 0.416017 3.252440  0.667539 0.154178 0.728437  0.088625 0.966999 0
0  0.840065 0.415990 3.340201  0.543503 0.010454 0.839342  0.106138 0.974616 0
jonklercart
0  0.956941 0.408301 3.247335  -0.001499 0.999814 -0.019224  0.087239 0.967528 0
0  1.044212 0.416106 3.150260  0.751159 0.281651 0.597020  0.073852 0.958257 0
0  0.951300 0.416017 3.252440  0.667539 0.154178 0.728437  0.088625 0.966999 0
jonklercart
0  1.049917 0.408301 3.145096  -0.013500 0.999826 -0.012849  0.072389 0.958628 0
0  1.116322 0.416251 3.041492  0.797723 0.387553 0.461997  0.062202 0.949045 0
0  1.044212 0.416106 3.150260  0.751159 0.281651 0.597020  0.073852 0.958257 0
jonklercart
0  1.122134 0.408301 3.036232  -0.009076 0.999951 0.003897  0.060670 0.949260 0
0  1.167048 0.416437 2.934753  0.815974 0.472409 0.333190  0.053789 0.940055 0
0  1.116322 0.416251 3.041492  0.797723 0.387553 0.461997  0.062202 0.949045 0
jonklercart
0  1.172996 0.408301 2.929370  0.008468 0.999764 0.020009  0.052198 0.940117 0
0  1.198230 0.416635 2.837509  0.814147 0.539831 0.213884  0.048386 0.931853 0
0  1.167048 0.416437 2.934753  0.815974 0.472409 0.333190  0.053789 0.940055 0
jonklercart
0  1.204323 0.408301 2.831995  0.031023 0.999117 0.028336  0.046750 0.931757 0
0  1.213879 0.416819 2.752991  0.794790 0.601034 0.084064  0.045466 0.924674 0
0  1.198230 0.416635 2.837509  0.814147 0.539831 0.213884  0.048386 0.931853 0
jonklercart
0  1.220106 0.408301 2.747356  0.081526 0.990316 -0.112370  0.043829 0.924419 0
0  1.220899 0.416968 2.636459  0.768198 0.640108 -0.011574  0.043827 0.914780 0
0  1.213879 0.416819 2.752991  0.794790 0.601034 0.084064  0.045466 0.924674 0
jonklercart
0  -0.431374 0.408301 3.401532  0.005679 0.994733 0.102338  0.302563 0.978942 0
0  -0.586541 0.416465 3.391815  0.136981 0.695172 -0.705671  0.326214 0.978370 0
0  -0.437235 0.416318 3.406835  0.017657 0.649978 -0.759748  0.303491 0.980107 0
jonklercart
0  -0.432234 0.408301 0.743345  -0.015227 0.995048 0.098226  0.299679 0.759849 0
0  -0.589726 0.416090 0.763880  -0.169333 0.554224 -0.814962  0.323606 0.763326 0
0  -0.438003 0.416192 0.748566  -0.025121 0.628583 -0.777337  0.300504 0.761058 0
jonklercart
0  -0.443803 0.424975 3.428711  -0.001619 0.999889 -0.014821  0.304535 0.982355 0
0  -0.595259 0.424975 3.439153  -0.005622 0.999938 0.009664  0.327677 0.982632 0
0  -0.444184 0.424975 3.454461  -0.001878 0.999951 0.009727  0.304621 0.984497 0
jonklercart
0  1.204323 0.408301 1.370928  0.035879 0.999356 -0.000246  0.045246 0.808544 0
0  1.166504 0.417181 1.279428  0.639729 0.720170 -0.268519  0.051810 0.801155 0
0  1.197824 0.417191 1.376809  0.692561 0.697564 -0.183749  0.046769 0.809293 0
jonklercart
0  -0.719883 0.408301 0.800718  -0.155179 0.981974 0.107916  0.343567 0.766369 0
0  -0.851306 0.415989 0.872895  -0.520716 0.301920 -0.798561  0.363162 0.774003 0
0  -0.725524 0.416018 0.805824  -0.347605 0.441387 -0.827254  0.344182 0.767659 0
jonklercart
0  -0.835134 0.408301 0.922594  0.010546 0.998570 0.052407  0.359605 0.780307 0
0  -0.718562 0.416018 0.862523  0.381847 -0.133830 0.914485  0.342570 0.773570 0
0  -0.840755 0.415989 0.927681  0.547531 0.024801 0.836418  0.360864 0.779672 0
jonklercart
0  0.419424 0.424975 3.428711  -0.001494 0.999901 -0.014006  0.171535 0.982483 0
0  -0.444184 0.424975 3.454461  -0.001878 0.999951 0.009727  0.304621 0.984497 0
0  0.419805 0.424975 3.454461  -0.002010 0.999948 0.010007  0.171451 0.984633 0
jonklercart
0  -1.189298 0.408301 1.468440  0.008461 0.999673 -0.024151  0.412242 0.825294 0
0  -1.181786 0.416635 1.400995  0.816052 0.537142 0.213396  0.411547 0.819789 0
0  -1.195525 0.416819 1.474076  0.795661 0.600517 0.079390  0.413718 0.825544 0
jonklercart
0  0.702668 0.424975 0.852676  -0.000939 0.999936 0.011267  0.124943 0.767566 0
0  0.830561 0.424975 0.894082  0.030604 0.999471 -0.011045  0.105015 0.770719 0
0  0.705756 0.424975 0.827523  0.020987 0.999692 -0.013229  0.124491 0.765448 0
jonklercart
0  -0.593725 0.424975 3.413520  0.008368 0.999870 -0.013808  0.327395 0.980535 0
0  -0.730135 0.424975 3.397463  -0.008760 0.999904 0.010732  0.347959 0.978774 0
0  -0.595259 0.424975 3.439153  -0.005622 0.999938 0.009664  0.327677 0.982632 0
jonklercart
0  -1.195840 0.408301 1.575467  0.019888 0.999744 -0.010833  0.413585 0.833567 0
0  -1.195525 0.416819 1.474076  0.795661 0.600517 0.079390  0.413718 0.825544 0
0  -1.202176 0.416967 1.581201  0.773623 0.633566 -0.010037  0.415073 0.833937 0
jonklercart
0  0.569346 0.424975 0.811466  0.001614 0.999958 0.008995  0.145685 0.764282 0
0  0.705756 0.424975 0.827523  0.020987 0.999692 -0.013229  0.124491 0.765448 0
0  0.570880 0.424975 0.785833  0.010621 0.999837 -0.014561  0.145457 0.762130 0
jonklercart
0  -0.727047 0.424975 3.372310  0.017400 0.999760 -0.013299  0.347452 0.976740 0
0  -0.854940 0.424975 3.330904  -0.013113 0.999829 0.013017  0.366518 0.972996 0
0  -0.730135 0.424975 3.397463  -0.008760 0.999904 0.010732  0.347959 0.978774 0
jonklercart
0  1.189298 0.408301 1.468440  0.104721 0.994492 0.004288  0.052131 0.818038 0
0  1.189422 0.417081 1.581276  -0.839570 -0.543136 -0.011254  0.049441 0.826724 0
0  1.182824 0.417157 1.474300  -0.815377 -0.574085 0.074748  0.050550 0.817917 0
jonklercart
0  0.419424 0.424975 0.796275  -0.002505 0.999957 0.008910  0.168896 0.762989 0
0  0.570880 0.424975 0.785833  0.010621 0.999837 -0.014561  0.145457 0.762130 0
0  0.419805 0.424975 0.770525  0.001078 0.999886 -0.015028  0.168854 0.760845 0
jonklercart
0  -0.850259 0.424975 3.306601  0.025519 0.999597 -0.012404  0.365781 0.971052 0
0  -0.965167 0.424975 3.243937  -0.019366 0.999688 0.015752  0.382723 0.965681 0
0  -0.854940 0.424975 3.330904  -0.013113 0.999829 0.013017  0.366518 0.972996 0
jonklercart
0  1.175693 0.408301 1.395481  0.075940 0.997111 -0.001936  0.054009 0.812667 0
0  1.182824 0.417157 1.474300  -0.815377 -0.574085 0.074748  0.050550 0.817917 0
0  1.169194 0.417191 1.401362  -0.765187 -0.610282 0.205049  0.052533 0.812003 0
jonklercart
0  0.702668 0.424975 3.372310  -0.007536 0.999858 -0.015037  0.127833 0.976865 0
0  0.570880 0.424975 3.439153  0.012718 0.999863 0.010558  0.148178 0.982826 0
0  0.705756 0.424975 3.397463  0.025622 0.999626 0.009613  0.127323 0.978974 0
jonklercart
0  -0.958846 0.424975 3.220928  0.032883 0.999397 -0.011163  0.381753 0.963863 0
0  -1.057088 0.424975 3.142858  -0.027590 0.999456 0.018065  0.396065 0.957375 0
0  -0.965167 0.424975 3.243937  -0.019366 0.999688 0.015752  0.382723 0.965681 0
jonklercart
0  1.195840 0.408301 1.575467  0.088746 0.996038 0.005723  0.051039 0.826404 0
0  1.189505 0.416968 2.633190  -0.839069 -0.544024 0.000567  0.050142 0.914192 0
0  1.189422 0.417081 1.581276  -0.839570 -0.543136 -0.011254  0.049441 0.826724 0
jonklercart
0  0.719883 0.408301 3.402205  0.042056 0.998568 0.033070  0.124606 0.981429 0
0  0.840065 0.415990 3.340201  0.543503 0.010454 0.839342  0.106138 0.974616 0
0  0.714241 0.416018 3.407310  0.379322 -0.138697 0.914810  0.125800 0.980580 0
jonklercart
0  -1.049084 0.424975 3.121700  0.040473 0.999138 -0.009229  0.394862 0.955725 0
0  -1.128244 0.424975 3.035592  -0.037416 0.999115 0.019221  0.406240 0.948743 0
0  -1.057088 0.424975 3.142858  -0.027590 0.999456 0.018065  0.396065 0.957375 0
jonklercart
0  1.100282 0.408301 1.208644  -0.027222 0.999183 0.029890  0.065003 0.798534 0
0  1.141011 0.417181 1.313731  -0.724895 -0.630450 0.277595  0.056865 0.805009 0
0  1.093828 0.417129 1.214484  -0.674400 -0.641119 0.366265  0.064211 0.797121 0
jonklercart
0  0.825880 0.424975 3.306601  -0.011615 0.999782 -0.017324  0.108638 0.971078 0
0  0.705756 0.424975 3.397463  0.025622 0.999626 0.009613  0.127323 0.978974 0
0  0.830561 0.424975 3.330904  0.037691 0.999260 0.007611  0.107889 0.973131 0
jonklercart
0  -1.118550 0.424975 3.016982  0.047455 0.998852 -0.006585  0.404813 0.947313 0
0  -1.178093 0.424975 2.930859  -0.047632 0.998695 0.018453  0.413246 0.940490 0
0  -1.128244 0.424975 3.035592  -0.037416 0.999115 0.019221  0.406240 0.948743 0
jonklercart
0  1.031876 0.408301 1.105524  -0.071973 0.995139 0.067225  0.075273 0.790538 0
0  1.093828 0.417129 1.214484  -0.674400 -0.641119 0.366265  0.064211 0.797121 0
0  1.025488 0.417039 1.111305  -0.613766 -0.643257 0.457725  0.074868 0.788973 0
jonklercart
0  0.934467 0.424975 3.220928  -0.017665 0.999641 -0.020134  0.091582 0.963701 0
0  0.830561 0.424975 3.330904  0.037691 0.999260 0.007611  0.107889 0.973131 0
0  0.940788 0.424975 3.243937  0.048443 0.998815 0.004604  0.090587 0.965662 0
jonklercart
0  -1.166785 0.424975 2.915642  0.053326 0.998571 -0.003434  0.411612 0.939341 0
0  -1.208548 0.424975 2.836196  -0.056758 0.998267 0.015560  0.417453 0.933157 0
0  -1.178093 0.424975 2.930859  -0.047632 0.998695 0.018453  0.413246 0.940490 0
jonklercart
0  0.942693 0.408301 1.007456  -0.096448 0.989347 0.109040  0.088853 0.782898 0
0  1.025488 0.417039 1.111305  -0.613766 -0.643257 0.457725  0.074868 0.788973 0
0  0.936393 0.416919 1.013158  -0.539193 -0.635113 0.553084  0.088799 0.781287 0
jonklercart
0  1.024705 0.424975 3.121700  -0.025897 0.999408 -0.022665  0.077255 0.955266 0
0  0.940788 0.424975 3.243937  0.048443 0.998815 0.004604  0.090587 0.965662 0
0  1.032709 0.424975 3.142858  0.057321 0.998355 0.000845  0.076008 0.957095 0
jonklercart
0  -1.195848 0.424975 2.825304  0.057327 0.998355 -0.000430  0.415649 0.932343 0
0  -1.223725 0.424975 2.754806  -0.062717 0.997988 0.009254  0.419578 0.926947 0
0  -1.208548 0.424975 2.836196  -0.056758 0.998267 0.015560  0.417453 0.933157 0
jonklercart
0  0.835134 0.408301 0.922594  -0.098269 0.984330 0.146414  0.105295 0.776147 0
0  0.936393 0.416919 1.013158  -0.539193 -0.635113 0.553084  0.088799 0.781287 0
0  0.828938 0.416776 0.928202  -0.445895 -0.613477 0.651785  0.105543 0.774578 0
jonklercart
0  1.094171 0.424975 3.016982  -0.036004 0.999063 -0.023996  0.066031 0.946439 0
0  1.032709 0.424975 3.142858  0.057321 0.998355 0.000845  0.076008 0.957095 0
0  1.103865 0.424975 3.035592  0.063575 0.997971 -0.003321  0.064531 0.948084 0
jonklercart
0  -1.210058 0.424975 2.749095  0.060194 0.998185 0.002020  0.417651 0.926497 0
0  -1.230691 0.424975 2.640848  -0.067109 0.997725 -0.006482  0.420737 0.918102 0
0  -1.223725 0.424975 2.754806  -0.062717 0.997988 0.009254  0.419578 0.926947 0
jonklercart
0  0.712921 0.408301 0.857418  -0.080819 0.981817 0.171768  0.123996 0.770870 0
0  0.828938 0.416776 0.928202  -0.445895 -0.613477 0.651785  0.105543 0.774578 0
0  0.706838 0.416621 0.862923  -0.328471 -0.573422 0.750529  0.124500 0.769393 0
jonklercart
0  0.431374 0.408301 3.401532  0.015081 0.995480 0.093768  0.169778 0.978975 0
0  -0.437235 0.416318 3.406835  0.017657 0.649978 -0.759748  0.303491 0.980107 0
0  0.425605 0.416192 3.406753  -0.021886 0.633896 -0.773109  0.170626 0.980172 0
jonklercart
0  1.142406 0.424975 2.915642  -0.047234 0.998610 -0.023375  0.058021 0.937935 0
0  1.103865 0.424975 3.035592  0.063575 0.997971 -0.003321  0.064531 0.948084 0
0  1.153714 0.424975 2.930859  0.066483 0.997763 -0.006959  0.056270 0.939330 0
jonklercart
0  -0.727047 0.424975 0.852676  0.006367 0.999891 0.013323  0.344092 0.772067 0
0  -0.595259 0.424975 0.785833  -0.011544 0.999826 -0.014621  0.324286 0.765676 0
0  -0.730135 0.424975 0.827523  -0.024069 0.999628 -0.012821  0.344654 0.770016 0
jonklercart
0  0.580573 0.408301 0.816509  -0.051745 0.982351 0.179747  0.144260 0.767445 0
0  0.706838 0.416621 0.862923  -0.328471 -0.573422 0.750529  0.124500 0.769393 0
0  0.574606 0.416464 0.821910  -0.180048 -0.507626 0.842555  0.144971 0.766101 0
jonklercart
0  -0.712921 0.408301 3.345505  -0.020426 0.994348 0.104186  0.345050 0.973603 0
0  -0.841330 0.416777 3.285936  0.366769 0.740460 -0.563204  0.364300 0.969091 0
0  -0.719004 0.416622 3.351010  0.264274 0.725484 -0.635478  0.346122 0.974670 0
jonklercart
0  1.171469 0.424975 2.825304  -0.058126 0.998109 -0.020008  0.052963 0.930359 0
0  1.153714 0.424975 2.930859  0.066483 0.997763 -0.006959  0.056270 0.939330 0
0  1.184169 0.424975 2.836196  0.065734 0.997801 -0.008496  0.050988 0.931415 0
jonklercart
0  0.432234 0.408301 0.743345  -0.016704 0.994651 0.101933  0.166935 0.757361 0
0  -0.438003 0.416192 0.748566  -0.025121 0.628583 -0.777337  0.300504 0.761058 0
0  0.426373 0.416317 0.748649  0.020171 0.643274 -0.765370  0.167850 0.758553 0
jonklercart
0  0.431374 0.408301 0.801391  -0.017979 0.987161 0.158713  0.167118 0.765974 0
0  0.574606 0.416464 0.821910  -0.180048 -0.507626 0.842555  0.144971 0.766101 0
0  0.425514 0.416317 0.806695  -0.029236 -0.424993 0.904724  0.167975 0.764758 0
jonklercart
0  -0.835134 0.408301 3.280328  -0.036474 0.995306 0.089638  0.363159 0.968077 0
0  -0.948993 0.416919 3.201168  0.453635 0.744705 -0.489520  0.380123 0.962032 0
0  -0.841330 0.416777 3.285936  0.366769 0.740460 -0.563204  0.364300 0.969091 0
jonklercart
0  1.185679 0.424975 2.749095  -0.067222 0.997667 -0.011876  0.050237 0.923950 0
0  1.184169 0.424975 2.836196  0.065734 0.997801 -0.008496  0.050988 0.931415 0
0  1.199346 0.424975 2.754806  0.062301 0.998027 -0.007804  0.048119 0.924581 0
jonklercart
0  -0.850259 0.424975 0.918385  0.030689 0.999483 0.009546  0.362603 0.778312 0
0  -0.730135 0.424975 0.827523  -0.024069 0.999628 -0.012821  0.344654 0.770016 0
0  -0.854940 0.424975 0.894082  -0.012926 0.999712 -0.020215  0.363405 0.776341 0
jonklercart
0  0.580573 0.408301 3.386414  0.030111 0.997544 0.063243  0.146959 0.977099 0
0  0.425605 0.416192 3.406753  -0.021886 0.633896 -0.773109  0.170626 0.980172 0
0  0.574879 0.416091 3.391567  -0.161327 0.566227 -0.808307  0.147711 0.978337 0
jonklercart
0  -0.942693 0.408301 3.195467  -0.043382 0.996764 0.067679  0.378918 0.961075 0
0  -1.038264 0.417039 3.103180  0.518632 0.743594 -0.422005  0.393085 0.954049 0
0  -0.948993 0.416919 3.201168  0.453635 0.744705 -0.489520  0.380123 0.962032 0
jonklercart
0  1.192385 0.424975 2.639397  -0.070528 0.997495 0.005390  0.048586 0.914824 0
0  1.199346 0.424975 2.754806  0.062301 0.998027 -0.007804  0.048119 0.924581 0
0  1.206312 0.424975 2.640848  0.059206 0.998244 -0.001791  0.046439 0.915036 0
jonklercart
0  -0.444184 0.424975 3.454461  -0.001878 0.999951 0.009727  0.304621 0.984497 0
0  -0.594907 0.423835 3.446436  -0.085935 0.910365 0.404786  0.327641 0.983253 0
0  -0.443456 0.423815 3.461768  -0.008252 0.918021 0.396445  0.304519 0.985129 0
jonklercart
0  -0.443456 0.423815 3.461768  -0.008252 0.918021 0.396445  0.304519 0.985129 0
0  -0.592981 0.420720 3.450259  -0.193390 0.232790 0.953105  0.327389 0.983805 0
0  -0.441227 0.420646 3.465582  -0.032627 0.309491 0.950342  0.304189 0.985681 0
jonklercart
0  -0.441227 0.420646 3.465582  -0.032627 0.309491 0.950342  0.304189 0.985681 0
0  -0.589999 0.416465 3.449597  -0.162945 -0.495098 0.853421  0.327030 0.984452 0
0  -0.438094 0.416318 3.464881  -0.028495 -0.420109 0.907026  0.303734 0.986303 0
jonklercart
0  -0.595259 0.424975 3.439153  -0.005622 0.999938 0.009664  0.327677 0.982632 0
0  -0.730286 0.423856 3.404609  -0.175866 0.896227 0.407245  0.348000 0.979377 0
0  -0.594907 0.423835 3.446436  -0.085935 0.910365 0.404786  0.327641 0.983253 0
jonklercart
0  -0.594907 0.423835 3.446436  -0.085935 0.910365 0.404786  0.327641 0.983253 0
0  -0.728759 0.420798 3.408360  -0.376375 0.145375 0.914991  0.347836 0.979919 0
0  -0.592981 0.420720 3.450259  -0.193390 0.232790 0.953105  0.327389 0.983805 0
jonklercart
0  -0.592981 0.420720 3.450259  -0.193390 0.232790 0.953105  0.327389 0.983805 0
0  -0.725965 0.416622 3.407709  -0.323978 -0.562621 0.760589  0.347591 0.980586 0
0  -0.589999 0.416465 3.449597  -0.162945 -0.495098 0.853421  0.327030 0.984452 0
jonklercart
0  -0.730135 0.424975 3.397463  -0.008760 0.999904 0.010732  0.347959 0.978774 0
0  -0.855604 0.423877 3.337798  -0.266153 0.878291 0.397199  0.366637 0.973570 0
0  -0.730286 0.423856 3.404609  -0.175866 0.896227 0.407245  0.348000 0.979377 0
jonklercart
0  -0.730286 0.423856 3.404609  -0.175866 0.896227 0.407245  0.348000 0.979377 0
0  -0.854485 0.420876 3.341392  -0.537343 0.064689 0.840879  0.366564 0.974092 0
0  -0.728759 0.420798 3.408360  -0.376375 0.145375 0.914991  0.347836 0.979919 0
jonklercart
0  -0.728759 0.420798 3.408360  -0.376375 0.145375 0.914991  0.347836 0.979919 0
0  -0.851881 0.416777 3.340722  -0.444115 -0.606000 0.659944  0.366445 0.974762 0
0  -0.725965 0.416622 3.407709  -0.323978 -0.562621 0.760589  0.347591 0.980586 0
jonklercart
0  -0.854940 0.424975 3.330904  -0.013113 0.999829 0.013017  0.366518 0.972996 0
0  -0.966360 0.423896 3.250438  -0.354176 0.857097 0.374090  0.382920 0.966217 0
0  -0.855604 0.423877 3.337798  -0.266153 0.878291 0.397199  0.366637 0.973570 0
jonklercart
0  -0.855604 0.423877 3.337798  -0.266153 0.878291 0.397199  0.366637 0.973570 0
0  -0.965655 0.420947 3.253769  -0.671035 -0.009737 0.741362  0.382941 0.966706 0
0  -0.854485 0.420876 3.341392  -0.537343 0.064689 0.840879  0.366564 0.974092 0
jonklercart
0  -0.854485 0.420876 3.341392  -0.537343 0.064689 0.840879  0.366564 0.974092 0
0  -0.963241 0.416919 3.253037  -0.539081 -0.630672 0.558251  0.382957 0.967358 0
0  -0.851881 0.416777 3.340722  -0.444115 -0.606000 0.659944  0.366445 0.974762 0
jonklercart
0  -0.965167 0.424975 3.243937  -0.019366 0.999688 0.015752  0.382723 0.965681 0
0  -1.058820 0.423912 3.148790  -0.435725 0.834222 0.337962  0.396341 0.957856 0
0  -0.966360 0.423896 3.250438  -0.354176 0.857097 0.374090  0.382920 0.966217 0
jonklercart
0  -0.966360 0.423896 3.250438  -0.354176 0.857097 0.374090  0.382920 0.966217 0
0  -1.058534 0.421007 3.151725  -0.775487 -0.075718 0.626806  0.396456 0.958297 0
0  -0.965655 0.420947 3.253769  -0.671035 -0.009737 0.741362  0.382941 0.966706 0
jonklercart
0  -0.965655 0.420947 3.253769  -0.671035 -0.009737 0.741362  0.382941 0.966706 0
0  -1.056305 0.417039 3.150877  -0.614234 -0.641312 0.459821  0.396613 0.958905 0
0  -0.963241 0.416919 3.253037  -0.539081 -0.630672 0.558251  0.382957 0.967358 0
jonklercart
0  -1.057088 0.424975 3.142858  -0.027590 0.999456 0.018065  0.396065 0.957375 0
0  -1.130515 0.423924 3.040732  -0.506716 0.812005 0.289633  0.406592 0.949154 0
0  -1.058820 0.423912 3.148790  -0.435725 0.834222 0.337962  0.396341 0.957856 0
jonklercart
0  -1.058820 0.423912 3.148790  -0.435725 0.834222 0.337962  0.396341 0.957856 0
0  -1.130641 0.421052 3.043104  -0.852962 -0.129553 0.505640  0.406800 0.949524 0
0  -1.058534 0.421007 3.151725  -0.775487 -0.075718 0.626806  0.396456 0.958297 0
jonklercart
0  -1.058534 0.421007 3.151725  -0.775487 -0.075718 0.626806  0.396456 0.958297 0
0  -1.128587 0.417129 3.042072  -0.674650 -0.641091 0.365855  0.407100 0.950052 0
0  -1.056305 0.417039 3.150877  -0.614234 -0.641312 0.459821  0.396613 0.958905 0
jonklercart
0  -1.128244 0.424975 3.035592  -0.037416 0.999115 0.019221  0.406240 0.948743 0
0  -1.180876 0.423931 2.934939  -0.563652 0.793187 0.230543  0.413667 0.940811 0
0  -1.130515 0.423924 3.040732  -0.506716 0.812005 0.289633  0.406592 0.949154 0
jonklercart
0  -1.130515 0.423924 3.040732  -0.506716 0.812005 0.289633  0.406592 0.949154 0
0  -1.181386 0.421078 2.936545  -0.908607 -0.166169 0.383172  0.413960 0.941087 0
0  -1.130641 0.421052 3.043104  -0.852962 -0.129553 0.505640  0.406800 0.949524 0
jonklercart
0  -1.130641 0.421052 3.043104  -0.852962 -0.129553 0.505640  0.406800 0.949524 0
0  -1.179488 0.417181 2.935245  -0.724827 -0.631675 0.274978  0.414395 0.941490 0
0  -1.128587 0.417129 3.042072  -0.674650 -0.641091 0.365855  0.407100 0.950052 0
jonklercart
0  -1.178093 0.424975 2.930859  -0.047632 0.998695 0.018453  0.413246 0.940490 0
0  -1.211768 0.423932 2.838922  -0.603941 0.780362 0.162145  0.417925 0.933369 0
0  -1.180876 0.423931 2.934939  -0.563652 0.793187 0.230543  0.413667 0.940811 0
jonklercart
0  -1.180876 0.423931 2.934939  -0.563652 0.793187 0.230543  0.413667 0.940811 0
0  -1.212601 0.421083 2.839537  -0.948804 -0.179061 0.260207  0.418287 0.933524 0
0  -1.181386 0.421078 2.936545  -0.908607 -0.166169 0.383172  0.413960 0.941087 0
jonklercart
0  -1.181386 0.421078 2.936545  -0.908607 -0.166169 0.383172  0.413960 0.941087 0
0  -1.210822 0.417191 2.837877  -0.767382 -0.613669 0.185838  0.418835 0.933760 0
0  -1.179488 0.417181 2.935245  -0.724827 -0.631675 0.274978  0.414395 0.941490 0
jonklercart
0  -1.208548 0.424975 2.836196  -0.056758 0.998267 0.015560  0.417453 0.933157 0
0  -1.227244 0.423927 2.755904  -0.624551 0.777867 0.069705  0.420098 0.927040 0
0  -1.211768 0.423932 2.838922  -0.603941 0.780362 0.162145  0.417925 0.933369 0
jonklercart
0  -1.211768 0.423932 2.838922  -0.603941 0.780362 0.162145  0.417925 0.933369 0
0  -1.228289 0.421066 2.755321  -0.981864 -0.154201 0.110294  0.420503 0.927058 0
0  -1.212601 0.421083 2.839537  -0.948804 -0.179061 0.260207  0.418287 0.933524 0
jonklercart
0  -1.212601 0.421083 2.839537  -0.948804 -0.179061 0.260207  0.418287 0.933524 0
0  -1.226580 0.417157 2.753215  -0.811941 -0.578695 0.076580  0.421096 0.927087 0
0  -1.210822 0.417191 2.837877  -0.767382 -0.613669 0.185838  0.418835 0.933760 0
jonklercart
0  -1.223725 0.424975 2.754806  -0.062717 0.997988 0.009254  0.419578 0.926947 0
0  -1.234285 0.423917 2.640603  -0.629050 0.777331 -0.007233  0.421286 0.918086 0
0  -1.227244 0.423927 2.755904  -0.624551 0.777867 0.069705  0.420098 0.927040 0
jonklercart
0  -1.227244 0.423927 2.755904  -0.624551 0.777867 0.069705  0.420098 0.927040 0
0  -1.235369 0.421028 2.639024  -0.994206 -0.106735 -0.012763  0.421709 0.917978 0
0  -1.228289 0.421066 2.755321  -0.981864 -0.154201 0.110294  0.420503 0.927058 0
jonklercart
0  -1.228289 0.421066 2.755321  -0.981864 -0.154201 0.110294  0.420503 0.927058 0
0  -1.233654 0.417081 2.636534  -0.843197 -0.537307 -0.017900  0.422307 0.917830 0
0  -1.226580 0.417157 2.753215  -0.811941 -0.578695 0.076580  0.421096 0.927087 0
jonklercart
0  -0.595259 0.424975 0.785833  -0.011544 0.999826 -0.014621  0.324286 0.765676 0
0  -0.443443 0.423798 0.761672  -0.005482 0.965991 -0.258517  0.301274 0.762627 0
0  -0.594870 0.423784 0.777008  -0.055158 0.961100 -0.270637  0.324262 0.764927 0
jonklercart
0  -0.594870 0.423784 0.777008  -0.055158 0.961100 -0.270637  0.324262 0.764927 0
0  -0.441181 0.420583 0.753635  -0.013845 0.855696 -0.517294  0.300957 0.761815 0
0  -0.592845 0.420532 0.768972  -0.114575 0.825080 -0.553277  0.324007 0.764109 0
jonklercart
0  -0.592845 0.420532 0.768972  -0.114575 0.825080 -0.553277  0.324007 0.764109 0
0  -0.438003 0.416192 0.748566  -0.025121 0.628583 -0.777337  0.300504 0.761058 0
0  -0.589726 0.416090 0.763880  -0.169333 0.554224 -0.814962  0.323606 0.763326 0
jonklercart
0  -0.730135 0.424975 0.827523  -0.024069 0.999628 -0.012821  0.344654 0.770016 0
0  -0.594870 0.423784 0.777008  -0.055158 0.961100 -0.270637  0.324262 0.764927 0
0  -0.730227 0.423775 0.818843  -0.118920 0.953335 -0.277508  0.344705 0.769283 0
jonklercart
0  -0.730227 0.423775 0.818843  -0.118920 0.953335 -0.277508  0.344705 0.769283 0
0  -0.592845 0.420532 0.768972  -0.114575 0.825080 -0.553277  0.324007 0.764109 0
0  -0.728539 0.420496 0.810900  -0.247858 0.777089 -0.578532  0.344520 0.768466 0
jonklercart
0  -0.728539 0.420496 0.810900  -0.247858 0.777089 -0.578532  0.344520 0.768466 0
0  -0.589726 0.416090 0.763880  -0.169333 0.554224 -0.814962  0.323606 0.763326 0
0  -0.725524 0.416018 0.805824  -0.347605 0.441387 -0.827254  0.344182 0.767659 0
jonklercart
0  -0.854940 0.424975 0.894082  -0.012926 0.999712 -0.020215  0.363405 0.776341 0
0  -0.730227 0.423775 0.818843  -0.118920 0.953335 -0.277508  0.344705 0.769283 0
0  -0.855527 0.423771 0.885664  -0.188776 0.941799 -0.278170  0.363533 0.775632 0
jonklercart
0  -0.855527 0.423771 0.885664  -0.188776 0.941799 -0.278170  0.363533 0.775632 0
0  -0.728539 0.420496 0.810900  -0.247858 0.777089 -0.578532  0.344520 0.768466 0
0  -0.854197 0.420482 0.877910  -0.391814 0.709415 -0.585843  0.363423 0.774827 0
jonklercart
0  -0.854197 0.420482 0.877910  -0.391814 0.709415 -0.585843  0.363423 0.774827 0
0  -0.725524 0.416018 0.805824  -0.347605 0.441387 -0.827254  0.344182 0.767659 0
0  -0.851306 0.415989 0.872895  -0.520716 0.301920 -0.798561  0.363162 0.774003 0
jonklercart
0  -0.965167 0.424975 0.981049  -0.021351 0.999536 -0.021721  0.379880 0.784240 0
0  -0.855527 0.423771 0.885664  -0.188776 0.941799 -0.278170  0.363533 0.775632 0
0  -0.966271 0.423774 0.973040  -0.265147 0.925474 -0.270547  0.380087 0.783568 0
jonklercart
0  -0.966271 0.423774 0.973040  -0.265147 0.925474 -0.270547  0.380087 0.783568 0
0  -0.854197 0.420482 0.877910  -0.391814 0.709415 -0.585843  0.363423 0.774827 0
0  -0.965325 0.420496 0.965589  -0.539285 0.620576 -0.569259  0.380059 0.782789 0
jonklercart
0  -0.965325 0.420496 0.965589  -0.539285 0.620576 -0.569259  0.380059 0.782789 0
0  -0.851306 0.415989 0.872895  -0.520716 0.301920 -0.798561  0.363162 0.774003 0
0  -0.962582 0.416016 0.960692  -0.671635 0.144193 -0.726715  0.379891 0.781959 0
jonklercart
0  -1.057088 0.424975 1.082128  -0.031442 0.999261 -0.022116  0.393539 0.793134 0
0  -0.966271 0.423774 0.973040  -0.265147 0.925474 -0.270547  0.380087 0.783568 0
0  -1.058729 0.423786 1.074707  -0.345934 0.903835 -0.251819  0.393825 0.792515 0
jonklercart
0  -1.058729 0.423786 1.074707  -0.345934 0.903835 -0.251819  0.393825 0.792515 0
0  -0.965325 0.420496 0.965589  -0.539285 0.620576 -0.569259  0.380059 0.782789 0
0  -1.058192 0.420540 1.067702  -0.678437 0.512954 -0.525929  0.393885 0.791780 0
jonklercart
0  -1.058192 0.420540 1.067702  -0.678437 0.512954 -0.525929  0.393885 0.791780 0
0  -0.962582 0.416016 0.960692  -0.671635 0.144193 -0.726715  0.379891 0.781959 0
0  -1.055623 0.416105 1.062990  -0.783956 -0.017240 -0.620577  0.393827 0.790960 0
jonklercart
0  -1.128244 0.424975 1.189394  -0.042355 0.998890 -0.020626  0.404039 0.802304 0
0  -1.058729 0.423786 1.074707  -0.345934 0.903835 -0.251819  0.393825 0.792515 0
0  -1.130430 0.423806 1.182785  -0.426978 0.877157 -0.219740  0.404401 0.801757 0
jonklercart
0  -1.130430 0.423806 1.182785  -0.426978 0.877157 -0.219740  0.404401 0.801757 0
0  -1.058192 0.420540 1.067702  -0.678437 0.512954 -0.525929  0.393885 0.791780 0
0  -1.130320 0.420613 1.176401  -0.798406 0.391023 -0.457874  0.404551 0.801089 0
jonklercart
0  -1.130320 0.420613 1.176401  -0.798406 0.391023 -0.457874  0.404551 0.801089 0
0  -1.055623 0.416105 1.062990  -0.783956 -0.017240 -0.620577  0.393827 0.790960 0
0  -1.127946 0.416251 1.171951  -0.852938 -0.167994 -0.494241  0.404622 0.800305 0
jonklercart
0  -1.178093 0.424975 1.294127  -0.052968 0.998453 -0.016895  0.411347 0.810998 0
0  -1.130430 0.423806 1.182785  -0.426978 0.877157 -0.219740  0.404401 0.801757 0
0  -1.180803 0.423831 1.288599  -0.501782 0.847406 -0.173543  0.411777 0.810544 0
jonklercart
0  -1.180803 0.423831 1.288599  -0.501782 0.847406 -0.173543  0.411777 0.810544 0
0  -1.130320 0.420613 1.176401  -0.798406 0.391023 -0.457874  0.404551 0.801089 0
0  -1.181114 0.420706 1.283038  -0.891936 0.259808 -0.370067  0.412016 0.809967 0
jonklercart
0  -1.181114 0.420706 1.283038  -0.891936 0.259808 -0.370067  0.412016 0.809967 0
0  -1.127946 0.416251 1.171951  -0.852938 -0.167994 -0.494241  0.404622 0.800305 0
0  -1.178944 0.416437 1.278935  -0.883290 -0.297304 -0.362503  0.412229 0.809254 0
jonklercart
0  -1.208548 0.424975 1.388790  -0.061752 0.998031 -0.010970  0.415819 0.818627 0
0  -1.180803 0.423831 1.288599  -0.501782 0.847406 -0.173543  0.411777 0.810544 0
0  -1.211714 0.423857 1.384635  -0.563462 0.817946 -0.116078  0.416305 0.818284 0
jonklercart
0  -1.211714 0.423857 1.384635  -0.563462 0.817946 -0.116078  0.416305 0.818284 0
0  -1.181114 0.420706 1.283038  -0.891936 0.259808 -0.370067  0.412016 0.809967 0
0  -1.212397 0.420805 1.380116  -0.955504 0.125631 -0.266888  0.416622 0.817825 0
jonklercart
0  -1.212397 0.420805 1.380116  -0.955504 0.125631 -0.266888  0.416622 0.817825 0
0  -1.178944 0.416437 1.278935  -0.883290 -0.297304 -0.362503  0.412229 0.809254 0
0  -1.210416 0.416635 1.376442  -0.885244 -0.401384 -0.235020  0.416980 0.817222 0
jonklercart
0  -1.223725 0.424975 1.470180  -0.066325 0.997796 -0.001936  0.418139 0.825024 0
0  -1.211714 0.423857 1.384635  -0.563462 0.817946 -0.116078  0.416305 0.818284 0
0  -1.227211 0.423882 1.467666  -0.613986 0.788198 -0.042017  0.418661 0.824805 0
jonklercart
0  -1.227211 0.423882 1.467666  -0.613986 0.788198 -0.042017  0.418661 0.824805 0
0  -1.212397 0.420805 1.380116  -0.955504 0.125631 -0.266888  0.416622 0.817825 0
0  -1.228166 0.420897 1.464380  -0.991268 -0.018916 -0.130498  0.419037 0.824481 0
jonklercart
0  -1.228166 0.420897 1.464380  -0.991268 -0.018916 -0.130498  0.419037 0.824481 0
0  -1.210416 0.416635 1.376442  -0.885244 -0.401384 -0.235020  0.416980 0.817222 0
0  -1.226333 0.416819 1.461203  -0.866138 -0.490897 -0.093947  0.419526 0.824033 0
jonklercart
0  -1.230691 0.424975 1.584139  -0.067310 0.997710 0.006604  0.419587 0.833998 0
0  -1.227211 0.423882 1.467666  -0.613986 0.788198 -0.042017  0.418661 0.824805 0
0  -1.234273 0.423902 1.582974  -0.633906 0.773171 0.019213  0.420134 0.833886 0
jonklercart
0  -1.234273 0.423902 1.582974  -0.633906 0.773171 0.019213  0.420134 0.833886 0
0  -1.228166 0.420897 1.464380  -0.991268 -0.018916 -0.130498  0.419037 0.824481 0
0  -1.235328 0.420971 1.580702  -0.994119 -0.107993 -0.008006  0.420547 0.833676 0
jonklercart
0  -1.235328 0.420971 1.580702  -0.994119 -0.107993 -0.008006  0.420547 0.833676 0
0  -1.226333 0.416819 1.461203  -0.866138 -0.490897 -0.093947  0.419526 0.824033 0
0  -1.233571 0.416967 1.577931  -0.838389 -0.545072 -0.000542  0.421122 0.833383 0
jonklercart
0  1.199346 0.424975 1.470180  0.056072 0.998401 -0.007185  0.046807 0.817293 0
0  1.211452 0.423917 1.582984  0.349859 0.936793 0.004171  0.044855 0.826786 0
0  1.204396 0.423927 1.467696  0.334260 0.941811 -0.035518  0.046007 0.817078 0
jonklercart
0  1.204396 0.423927 1.467696  0.334260 0.941811 -0.035518  0.046007 0.817078 0
0  1.216761 0.421028 1.580739  0.586014 0.810275 0.006427  0.043936 0.826593 0
0  1.209626 0.421066 1.464492  0.560943 0.825870 -0.057284  0.045103 0.816785 0
jonklercart
0  1.209626 0.421066 1.464492  0.560943 0.825870 -0.057284  0.045103 0.816785 0
0  1.220817 0.417081 1.578006  0.769501 0.638590 0.008354  0.043098 0.826351 0
0  1.213632 0.417157 1.461426  0.738443 0.669357 -0.081634  0.044281 0.816479 0
jonklercart
0  1.184169 0.424975 1.388790  0.050983 0.998610 -0.013356  0.049154 0.810445 0
0  1.204396 0.423927 1.467696  0.334260 0.941811 -0.035518  0.046007 0.817078 0
0  1.188914 0.423932 1.384685  0.306872 0.948450 -0.079203  0.048409 0.810090 0
jonklercart
0  1.188914 0.423932 1.384685  0.306872 0.948450 -0.079203  0.048409 0.810090 0
0  1.209626 0.421066 1.464492  0.560943 0.825870 -0.057284  0.045103 0.816785 0
0  1.193912 0.421083 1.380300  0.518852 0.844870 -0.130336  0.047553 0.809676 0
jonklercart
0  1.193912 0.421083 1.380300  0.518852 0.844870 -0.130336  0.047553 0.809676 0
0  1.213632 0.417157 1.461426  0.738443 0.669357 -0.081634  0.044281 0.816479 0
0  1.197824 0.417191 1.376809  0.692561 0.697564 -0.183749  0.046769 0.809293 0
jonklercart
0  1.153714 0.424975 1.294127  0.043641 0.998908 -0.016669  0.054003 0.802617 0
0  1.188914 0.423932 1.384685  0.306872 0.948450 -0.079203  0.048409 0.810090 0
0  1.158023 0.423931 1.288665  0.278226 0.954056 -0.111210  0.053336 0.802136 0
jonklercart
0  1.158023 0.423931 1.288665  0.278226 0.954056 -0.111210  0.053336 0.802136 0
0  1.193912 0.421083 1.380300  0.518852 0.844870 -0.130336  0.047553 0.809676 0
0  1.162705 0.421078 1.283284  0.477208 0.858813 -0.186314  0.052550 0.801613 0
jonklercart
0  1.162705 0.421078 1.283284  0.477208 0.858813 -0.186314  0.052550 0.801613 0
0  1.197824 0.417191 1.376809  0.692561 0.697564 -0.183749  0.046769 0.809293 0
0  1.166504 0.417181 1.279428  0.639729 0.720170 -0.268519  0.051810 0.801155 0
jonklercart
0  1.103865 0.424975 1.189394  0.035602 0.999196 -0.018442  0.061953 0.794121 0
0  1.158023 0.423931 1.288665  0.278226 0.954056 -0.111210  0.053336 0.802136 0
0  1.107673 0.423923 1.182863  0.246435 0.959099 -0.139280  0.061373 0.793547 0
jonklercart
0  1.107673 0.423923 1.182863  0.246435 0.959099 -0.139280  0.061373 0.793547 0
0  1.162705 0.421078 1.283284  0.477208 0.858813 -0.186314  0.052550 0.801613 0
0  1.111998 0.421052 1.176691  0.430700 0.870413 -0.238492  0.060660 0.792941 0
jonklercart
0  1.111998 0.421052 1.176691  0.430700 0.870413 -0.238492  0.060660 0.792941 0
0  1.166504 0.417181 1.279428  0.639729 0.720170 -0.268519  0.051810 0.801155 0
0  1.115680 0.417129 1.172532  0.590182 0.732656 -0.338970  0.059966 0.792423 0
jonklercart
0  1.032709 0.424975 1.082128  0.047421 0.998865 -0.004501  0.073225 0.785559 0
0  1.107673 0.423923 1.182863  0.246435 0.959099 -0.139280  0.061373 0.793547 0
0  1.035995 0.423912 1.074790  0.212227 0.963289 -0.164424  0.072731 0.784917 0
jonklercart
0  1.035995 0.423912 1.074790  0.212227 0.963289 -0.164424  0.072731 0.784917 0
0  1.111998 0.421052 1.176691  0.430700 0.870413 -0.238492  0.060660 0.792941 0
0  1.039956 0.421007 1.068011  0.378951 0.879447 -0.288043  0.072087 0.784248 0
jonklercart
0  1.039956 0.421007 1.068011  0.378951 0.879447 -0.288043  0.072087 0.784248 0
0  1.115680 0.417129 1.172532  0.590182 0.732656 -0.338970  0.059966 0.792423 0
0  1.043529 0.417039 1.063608  0.527184 0.741955 -0.414222  0.071432 0.783682 0
jonklercart
0  0.940788 0.424975 0.981049  0.020718 0.999618 -0.018294  0.087730 0.777592 0
0  1.035995 0.423912 1.074790  0.212227 0.963289 -0.164424  0.072731 0.784917 0
0  0.943559 0.423895 0.973120  0.175913 0.966486 -0.186976  0.087314 0.776902 0
jonklercart
0  0.943559 0.423895 0.973120  0.175913 0.966486 -0.186976  0.087314 0.776902 0
0  1.039956 0.421007 1.068011  0.378951 0.879447 -0.288043  0.072087 0.784248 0
0  0.947165 0.420947 0.965887  0.321379 0.885394 -0.335846  0.086730 0.776187 0
jonklercart
0  0.947165 0.420947 0.965887  0.321379 0.885394 -0.335846  0.086730 0.776187 0
0  1.043529 0.417039 1.063608  0.527184 0.741955 -0.414222  0.071432 0.783682 0
0  0.950641 0.416919 0.961289  0.453774 0.744584 -0.489576  0.086106 0.775580 0
jonklercart
0  0.830561 0.424975 0.894082  0.030604 0.999471 -0.011045  0.105015 0.770719 0
0  0.943559 0.423895 0.973120  0.175913 0.966486 -0.186976  0.087314 0.776902 0
0  0.832831 0.423876 0.885734  0.137210 0.968593 -0.207369  0.104673 0.769996 0
jonklercart
0  0.832831 0.423876 0.885734  0.137210 0.968593 -0.207369  0.104673 0.769996 0
0  0.947165 0.420947 0.965887  0.321379 0.885394 -0.335846  0.086730 0.776187 0
0  0.836099 0.420875 0.878170  0.256745 0.887524 -0.382600  0.104144 0.769247 0
jonklercart
0  0.836099 0.420875 0.878170  0.256745 0.887524 -0.382600  0.104144 0.769247 0
0  0.950641 0.416919 0.961289  0.453774 0.744584 -0.489576  0.086106 0.775580 0
0  0.839489 0.416776 0.873416  0.360115 0.739247 -0.569062  0.103549 0.768604 0
jonklercart
0  0.705756 0.424975 0.827523  0.020987 0.999692 -0.013229  0.124491 0.765448 0
0  0.832831 0.423876 0.885734  0.137210 0.968593 -0.207369  0.104673 0.769996 0
0  0.707543 0.423855 0.818896  0.095653 0.969424 -0.225981  0.124219 0.764704 0
jonklercart
0  0.707543 0.423855 0.818896  0.095653 0.969424 -0.225981  0.124219 0.764704 0
0  0.836099 0.420875 0.878170  0.256745 0.887524 -0.382600  0.104144 0.769247 0
0  0.710487 0.420798 0.811100  0.183174 0.884825 -0.428406  0.123746 0.763930 0
jonklercart
0  0.710487 0.420798 0.811100  0.183174 0.884825 -0.428406  0.123746 0.763930 0
0  0.839489 0.416776 0.873416  0.360115 0.739247 -0.569062  0.103549 0.768604 0
0  0.713800 0.416621 0.806223  0.264140 0.721560 -0.639986  0.123182 0.763253 0
jonklercart
0  0.570880 0.424975 0.785833  0.010621 0.999837 -0.014561  0.145457 0.762130 0
0  0.707543 0.423855 0.818896  0.095653 0.969424 -0.225981  0.124219 0.764704 0
0  0.572194 0.423834 0.777041  0.049449 0.968789 -0.242905  0.145255 0.761375 0
jonklercart
0  0.572194 0.423834 0.777041  0.049449 0.968789 -0.242905  0.145255 0.761375 0
0  0.710487 0.420798 0.811100  0.183174 0.884825 -0.428406  0.123746 0.763930 0
0  0.574824 0.420720 0.769096  0.096816 0.875400 -0.473605  0.144837 0.760583 0
jonklercart
0  0.574824 0.420720 0.769096  0.096816 0.875400 -0.473605  0.144837 0.760583 0
0  0.713800 0.416621 0.806223  0.264140 0.721560 -0.639986  0.123182 0.763253 0
0  0.578064 0.416464 0.764128  0.139592 0.687737 -0.712413  0.144307 0.759877 0
jonklercart
0  0.419805 0.424975 0.770525  0.001078 0.999886 -0.015028  0.168854 0.760845 0
0  0.572194 0.423834 0.777041  0.049449 0.968789 -0.242905  0.145255 0.761375 0
0  0.420773 0.423815 0.761683  0.005276 0.966349 -0.257179  0.168712 0.760088 0
jonklercart
0  0.420773 0.423815 0.761683  0.005276 0.966349 -0.257179  0.168712 0.760088 0
0  0.574824 0.420720 0.769096  0.096816 0.875400 -0.473605  0.144837 0.760583 0
0  0.423177 0.420646 0.753676  0.012282 0.860398 -0.509475  0.168345 0.759286 0
jonklercart
0  0.423177 0.420646 0.753676  0.012282 0.860398 -0.509475  0.168345 0.759286 0
0  0.578064 0.416464 0.764128  0.139592 0.687737 -0.712413  0.144307 0.759877 0
0  0.426373 0.416317 0.748649  0.020171 0.643274 -0.765370  0.167850 0.758553 0
jonklercart
0  0.570880 0.424975 3.439153  0.012718 0.999863 0.010558  0.148178 0.982826 0
0  0.420785 0.423798 3.461756  0.008506 0.919427 0.393168  0.171292 0.985264 0
0  0.572231 0.423785 3.446403  0.083265 0.922860 0.376026  0.147954 0.983450 0
jonklercart
0  0.572231 0.423785 3.446403  0.083265 0.922860 0.376026  0.147954 0.983450 0
0  0.423223 0.420584 3.465540  0.023874 0.330565 0.943481  0.170904 0.985804 0
0  0.574961 0.420533 3.450135  0.167336 0.402920 0.899808  0.147500 0.983975 0
jonklercart
0  0.574961 0.420533 3.450135  0.167336 0.402920 0.899808  0.147500 0.983975 0
0  0.426465 0.416192 3.464798  0.030329 -0.391084 0.919855  0.170377 0.986399 0
0  0.578337 0.416091 3.449350  0.191823 -0.281774 0.940110  0.146899 0.984522 0
jonklercart
0  0.705756 0.424975 3.397463  0.025622 0.999626 0.009613  0.127323 0.978974 0
0  0.572231 0.423785 3.446403  0.083265 0.922860 0.376026  0.147954 0.983450 0
0  0.707602 0.423775 3.404556  0.154931 0.926264 0.343557  0.127022 0.979590 0
jonklercart
0  0.707602 0.423775 3.404556  0.154931 0.926264 0.343557  0.127022 0.979590 0
0  0.574961 0.420533 3.450135  0.167336 0.402920 0.899808  0.147500 0.983975 0
0  0.710708 0.420497 3.408160  0.324443 0.490939 0.808527  0.126485 0.980094 0
jonklercart
0  0.710708 0.420497 3.408160  0.324443 0.490939 0.808527  0.126485 0.980094 0
0  0.578337 0.416091 3.449350  0.191823 -0.281774 0.940110  0.146899 0.984522 0
0  0.714241 0.416018 3.407310  0.379322 -0.138697 0.914810  0.125800 0.980580 0
jonklercart
0  0.830561 0.424975 3.330904  0.037691 0.999260 0.007611  0.107889 0.973131 0
0  0.707602 0.423775 3.404556  0.154931 0.926264 0.343557  0.127022 0.979590 0
0  0.832908 0.423771 3.337728  0.213992 0.927606 0.306193  0.107508 0.973728 0
jonklercart
0  0.832908 0.423771 3.337728  0.213992 0.927606 0.306193  0.107508 0.973728 0
0  0.710708 0.420497 3.408160  0.324443 0.490939 0.808527  0.126485 0.980094 0
0  0.836387 0.420482 3.341131  0.444406 0.566653 0.693835  0.106894 0.974200 0
jonklercart
0  0.836387 0.420482 3.341131  0.444406 0.566653 0.693835  0.106894 0.974200 0
0  0.714241 0.416018 3.407310  0.379322 -0.138697 0.914810  0.125800 0.980580 0
0  0.840065 0.415990 3.340201  0.543503 0.010454 0.839342  0.106138 0.974616 0
jonklercart
0  0.940788 0.424975 3.243937  0.048443 0.998815 0.004604  0.090587 0.965662 0
0  0.832908 0.423771 3.337728  0.213992 0.927606 0.306193  0.107508 0.973728 0
0  0.943647 0.423775 3.250358  0.261994 0.927832 0.265493  0.090127 0.966230 0
jonklercart
0  0.943647 0.423775 3.250358  0.261994 0.927832 0.265493  0.090127 0.966230 0
0  0.836387 0.420482 3.341131  0.444406 0.566653 0.693835  0.106894 0.974200 0
0  0.947495 0.420496 3.253470  0.528168 0.628155 0.571366  0.089438 0.966661 0
jonklercart
0  0.947495 0.420496 3.253470  0.528168 0.628155 0.571366  0.089438 0.966661 0
0  0.840065 0.415990 3.340201  0.543503 0.010454 0.839342  0.106138 0.974616 0
0  0.951300 0.416017 3.252440  0.667539 0.154178 0.728437  0.088625 0.966999 0
jonklercart
0  1.032709 0.424975 3.142858  0.057321 0.998355 0.000845  0.076008 0.957095 0
0  0.943647 0.423775 3.250358  0.261994 0.927832 0.265493  0.090127 0.966230 0
0  1.036087 0.423787 3.148707  0.299622 0.927660 0.222876  0.075467 0.957620 0
jonklercart
0  1.036087 0.423787 3.148707  0.299622 0.927660 0.222876  0.075467 0.957620 0
0  0.947495 0.420496 3.253470  0.528168 0.628155 0.571366  0.089438 0.966661 0
0  1.040297 0.420540 3.151416  0.580941 0.676258 0.452971  0.074709 0.958000 0
jonklercart
0  1.040297 0.420540 3.151416  0.580941 0.676258 0.452971  0.074709 0.958000 0
0  0.951300 0.416017 3.252440  0.667539 0.154178 0.728437  0.088625 0.966999 0
0  1.044212 0.416106 3.150260  0.751159 0.281651 0.597020  0.073852 0.958257 0
jonklercart
0  1.103865 0.424975 3.035592  0.063575 0.997971 -0.003321  0.064531 0.948084 0
0  1.036087 0.423787 3.148707  0.299622 0.927660 0.222876  0.075467 0.957620 0
0  1.107759 0.423806 3.040654  0.327607 0.927635 0.179354  0.063909 0.948551 0
jonklercart
0  1.107759 0.423806 3.040654  0.327607 0.927635 0.179354  0.063909 0.948551 0
0  1.040297 0.420540 3.151416  0.580941 0.676258 0.452971  0.074709 0.958000 0
0  1.112319 0.420613 3.042814  0.609925 0.713581 0.344666  0.063088 0.948869 0
jonklercart
0  1.112319 0.420613 3.042814  0.609925 0.713581 0.344666  0.063088 0.948869 0
0  1.044212 0.416106 3.150260  0.751159 0.281651 0.597020  0.073852 0.958257 0
0  1.116322 0.416251 3.041492  0.797723 0.387553 0.461997  0.062202 0.949045 0
jonklercart
0  1.153714 0.424975 2.930859  0.066483 0.997763 -0.006959  0.056270 0.939330 0
0  1.107759 0.423806 3.040654  0.327607 0.927635 0.179354  0.063909 0.948551 0
0  1.158096 0.423831 2.934874  0.346621 0.928168 0.135492  0.055571 0.939719 0
jonklercart
0  1.158096 0.423831 2.934874  0.346621 0.928168 0.135492  0.055571 0.939719 0
0  1.112319 0.420613 3.042814  0.609925 0.713581 0.344666  0.063088 0.948869 0
0  1.162977 0.420706 2.936299  0.621630 0.743107 0.247724  0.054693 0.939961 0
jonklercart
0  1.162977 0.420706 2.936299  0.621630 0.743107 0.247724  0.054693 0.939961 0
0  1.116322 0.416251 3.041492  0.797723 0.387553 0.461997  0.062202 0.949045 0
0  1.167048 0.416437 2.934753  0.815974 0.472409 0.333190  0.053789 0.940055 0
jonklercart
0  1.184169 0.424975 2.836196  0.065734 0.997801 -0.008496  0.050988 0.931415 0
0  1.158096 0.423831 2.934874  0.346621 0.928168 0.135492  0.055571 0.939719 0
0  1.188968 0.423858 2.838872  0.357290 0.929510 0.091407  0.050221 0.931698 0
jonklercart
0  1.188968 0.423858 2.838872  0.357290 0.929510 0.091407  0.050221 0.931698 0
0  1.162977 0.420706 2.936299  0.621630 0.743107 0.247724  0.054693 0.939961 0
0  1.194115 0.420805 2.839353  0.620818 0.767389 0.160310  0.049296 0.931843 0
jonklercart
0  1.194115 0.420805 2.839353  0.620818 0.767389 0.160310  0.049296 0.931843 0
0  1.167048 0.416437 2.934753  0.815974 0.472409 0.333190  0.053789 0.940055 0
0  1.198230 0.416635 2.837509  0.814147 0.539831 0.213884  0.048386 0.931853 0
jonklercart
0  1.199346 0.424975 2.754806  0.062301 0.998027 -0.007804  0.048119 0.924581 0
0  1.188968 0.423858 2.838872  0.357290 0.929510 0.091407  0.050221 0.931698 0
0  1.204430 0.423882 2.755874  0.359583 0.932360 0.037485  0.047308 0.924728 0
jonklercart
0  1.204430 0.423882 2.755874  0.359583 0.932360 0.037485  0.047308 0.924728 0
0  1.194115 0.420805 2.839353  0.620818 0.767389 0.160310  0.049296 0.931843 0
0  1.209749 0.420897 2.755210  0.607651 0.791595 0.064329  0.046362 0.924755 0
jonklercart
0  1.209749 0.420897 2.755210  0.607651 0.791595 0.064329  0.046362 0.924755 0
0  1.198230 0.416635 2.837509  0.814147 0.539831 0.213884  0.048386 0.931853 0
0  1.213879 0.416819 2.752991  0.794790 0.601034 0.084064  0.045466 0.924674 0
jonklercart
0  1.206312 0.424975 2.640848  0.059206 0.998244 -0.001791  0.046439 0.915036 0
0  1.204430 0.423882 2.755874  0.359583 0.932360 0.037485  0.047308 0.924728 0
0  1.211463 0.423902 2.640593  0.351978 0.936000 -0.004003  0.045623 0.915045 0
jonklercart
0  1.211463 0.423902 2.640593  0.351978 0.936000 -0.004003  0.045623 0.915045 0
0  1.209749 0.420897 2.755210  0.607651 0.791595 0.064329  0.046362 0.924755 0
0  1.216802 0.420971 2.638987  0.587576 0.809152 -0.005344  0.044689 0.914950 0
jonklercart
0  1.216802 0.420971 2.638987  0.587576 0.809152 -0.005344  0.044689 0.914950 0
0  1.213879 0.416819 2.752991  0.794790 0.601034 0.084064  0.045466 0.924674 0
0  1.220899 0.416968 2.636459  0.768198 0.640108 -0.011574  0.043827 0.914780 0
jonklercart
0  -1.230691 0.424975 2.640848  -0.067109 0.997725 -0.006482  0.420737 0.918102 0
0  -1.234273 0.423902 1.582974  -0.633906 0.773171 0.019213  0.420134 0.833886 0
0  -1.234285 0.423917 2.640603  -0.629050 0.777331 -0.007233  0.421286 0.918086 0
jonklercart
0  -1.234285 0.423917 2.640603  -0.629050 0.777331 -0.007233  0.421286 0.918086 0
0  -1.235328 0.420971 1.580702  -0.994119 -0.107993 -0.008006  0.420547 0.833676 0
0  -1.235369 0.421028 2.639024  -0.994206 -0.106735 -0.012763  0.421709 0.917978 0
jonklercart
0  -1.235369 0.421028 2.639024  -0.994206 -0.106735 -0.012763  0.421709 0.917978 0
0  -1.233571 0.416967 1.577931  -0.838389 -0.545072 -0.000542  0.421122 0.833383 0
0  -1.233654 0.417081 2.636534  -0.843197 -0.537307 -0.017900  0.422307 0.917830 0
jonklercart
0  0.419805 0.424975 3.454461  -0.002010 0.999948 0.010007  0.171451 0.984633 0
0  -0.443456 0.423815 3.461768  -0.008252 0.918021 0.396445  0.304519 0.985129 0
0  0.420785 0.423798 3.461756  0.008506 0.919427 0.393168  0.171292 0.985264 0
jonklercart
0  0.420785 0.423798 3.461756  0.008506 0.919427 0.393168  0.171292 0.985264 0
0  -0.441227 0.420646 3.465582  -0.032627 0.309491 0.950342  0.304189 0.985681 0
0  0.423223 0.420584 3.465540  0.023874 0.330565 0.943481  0.170904 0.985804 0
jonklercart
0  0.423223 0.420584 3.465540  0.023874 0.330565 0.943481  0.170904 0.985804 0
0  -0.438094 0.416318 3.464881  -0.028495 -0.420109 0.907026  0.303734 0.986303 0
0  0.426465 0.416192 3.464798  0.030329 -0.391084 0.919855  0.170377 0.986399 0
jonklercart
0  1.220899 0.416968 2.636459  0.768198 0.640108 -0.011574  0.043827 0.914780 0
0  1.216761 0.421028 1.580739  0.586014 0.810275 0.006427  0.043936 0.826593 0
0  1.216802 0.420971 2.638987  0.587576 0.809152 -0.005344  0.044689 0.914950 0
jonklercart
0  1.216802 0.420971 2.638987  0.587576 0.809152 -0.005344  0.044689 0.914950 0
0  1.211452 0.423917 1.582984  0.349859 0.936793 0.004171  0.044855 0.826786 0
0  1.211463 0.423902 2.640593  0.351978 0.936000 -0.004003  0.045623 0.915045 0
jonklercart
0  1.211463 0.423902 2.640593  0.351978 0.936000 -0.004003  0.045623 0.915045 0
0  1.206312 0.424975 1.584139  0.059292 0.998233 0.003844  0.045667 0.826884 0
0  1.206312 0.424975 2.640848  0.059206 0.998244 -0.001791  0.046439 0.915036 0
jonklercart
0  0.426373 0.416317 0.748649  0.020171 0.643274 -0.765370  0.167850 0.758553 0
0  -0.441181 0.420583 0.753635  -0.013845 0.855696 -0.517294  0.300957 0.761815 0
0  0.423177 0.420646 0.753676  0.012282 0.860398 -0.509475  0.168345 0.759286 0
jonklercart
0  0.423177 0.420646 0.753676  0.012282 0.860398 -0.509475  0.168345 0.759286 0
0  -0.443443 0.423798 0.761672  -0.005482 0.965991 -0.258517  0.301274 0.762627 0
0  0.420773 0.423815 0.761683  0.005276 0.966349 -0.257179  0.168712 0.760088 0
jonklercart
0  0.420773 0.423815 0.761683  0.005276 0.966349 -0.257179  0.168712 0.760088 0
0  -0.444184 0.424975 0.770525  -0.001579 0.999894 -0.014485  0.301362 0.763382 0
0  0.419805 0.424975 0.770525  0.001078 0.999886 -0.015028  0.168854 0.760845 0
jonklercart
0  -0.437235 0.416318 3.406835  0.017657 0.649978 -0.759748  0.303491 0.980107 0
0  -0.589781 0.420720 3.396784  0.093501 0.878588 -0.468339  0.326749 0.979043 0
0  -0.440431 0.420646 3.411863  0.012348 0.862811 -0.505376  0.303996 0.980820 0
jonklercart
0  -0.440431 0.420646 3.411863  0.012348 0.862811 -0.505376  0.303996 0.980820 0
0  -0.592410 0.423835 3.404728  0.046054 0.969166 -0.242065  0.327177 0.979803 0
0  -0.442835 0.423815 3.419870  0.002613 0.966828 -0.255416  0.304377 0.981607 0
jonklercart
0  -0.442835 0.423815 3.419870  0.002613 0.966828 -0.255416  0.304377 0.981607 0
0  -0.593725 0.424975 3.413520  0.008368 0.999870 -0.013808  0.327395 0.980535 0
0  -0.443803 0.424975 3.428711  -0.001619 0.999889 -0.014821  0.304535 0.982355 0
jonklercart
0  -0.586541 0.416465 3.391815  0.136981 0.695172 -0.705671  0.326214 0.978370 0
0  -0.722316 0.420798 3.355886  0.176883 0.886870 -0.426819  0.346686 0.975301 0
0  -0.589781 0.420720 3.396784  0.093501 0.878588 -0.468339  0.326749 0.979043 0
jonklercart
0  -0.589781 0.420720 3.396784  0.093501 0.878588 -0.468339  0.326749 0.979043 0
0  -0.725261 0.423856 3.363683  0.091425 0.969654 -0.226745  0.347166 0.976030 0
0  -0.592410 0.423835 3.404728  0.046054 0.969166 -0.242065  0.327177 0.979803 0
jonklercart
0  -0.592410 0.423835 3.404728  0.046054 0.969166 -0.242065  0.327177 0.979803 0
0  -0.727047 0.424975 3.372310  0.017400 0.999760 -0.013299  0.347452 0.976740 0
0  -0.593725 0.424975 3.413520  0.008368 0.999870 -0.013808  0.327395 0.980535 0
jonklercart
0  -0.719004 0.416622 3.351010  0.264274 0.725484 -0.635478  0.346122 0.974670 0
0  -0.844720 0.420876 3.290690  0.249289 0.888639 -0.384937  0.364892 0.969680 0
0  -0.722316 0.420798 3.355886  0.176883 0.886870 -0.426819  0.346686 0.975301 0
jonklercart
0  -0.722316 0.420798 3.355886  0.176883 0.886870 -0.426819  0.346686 0.975301 0
0  -0.847989 0.423877 3.298254  0.133164 0.968621 -0.209860  0.365425 0.970373 0
0  -0.725261 0.423856 3.363683  0.091425 0.969654 -0.226745  0.347166 0.976030 0
jonklercart
0  -0.725261 0.423856 3.363683  0.091425 0.969654 -0.226745  0.347166 0.976030 0
0  -0.850259 0.424975 3.306601  0.025519 0.999597 -0.012404  0.365781 0.971052 0
0  -0.727047 0.424975 3.372310  0.017400 0.999760 -0.013299  0.347452 0.976740 0
jonklercart
0  -0.841330 0.416777 3.285936  0.366769 0.740460 -0.563204  0.364300 0.969091 0
0  -0.952469 0.420947 3.205766  0.314447 0.885689 -0.341581  0.380740 0.962577 0
0  -0.844720 0.420876 3.290690  0.249289 0.888639 -0.384937  0.364892 0.969680 0
jonklercart
0  -0.844720 0.420876 3.290690  0.249289 0.888639 -0.384937  0.364892 0.969680 0
0  -0.956075 0.423896 3.212999  0.172645 0.966331 -0.190783  0.381326 0.963226 0
0  -0.847989 0.423877 3.298254  0.133164 0.968621 -0.209860  0.365425 0.970373 0
jonklercart
0  -0.847989 0.423877 3.298254  0.133164 0.968621 -0.209860  0.365425 0.970373 0
0  -0.958846 0.424975 3.220928  0.032883 0.999397 -0.011163  0.381753 0.963863 0
0  -0.850259 0.424975 3.306601  0.025519 0.999597 -0.012404  0.365781 0.971052 0
jonklercart
0  -0.948993 0.416919 3.201168  0.453635 0.744705 -0.489520  0.380123 0.962032 0
0  -1.041837 0.421007 3.107583  0.373766 0.878955 -0.296203  0.393726 0.954548 0
0  -0.952469 0.420947 3.205766  0.314447 0.885689 -0.341581  0.380740 0.962577 0
jonklercart
0  -0.952469 0.420947 3.205766  0.314447 0.885689 -0.341581  0.380740 0.962577 0
0  -1.045798 0.423912 3.114362  0.210254 0.962891 -0.169215  0.394365 0.955144 0
0  -0.956075 0.423896 3.212999  0.172645 0.966331 -0.190783  0.381326 0.963226 0
jonklercart
0  -0.956075 0.423896 3.212999  0.172645 0.966331 -0.190783  0.381326 0.963226 0
0  -1.049084 0.424975 3.121700  0.040473 0.999138 -0.009229  0.394862 0.955725 0
0  -0.958846 0.424975 3.220928  0.032883 0.999397 -0.011163  0.381753 0.963863 0
jonklercart
0  -1.038264 0.417039 3.103180  0.518632 0.743594 -0.422005  0.393085 0.954049 0
0  -1.110418 0.421052 3.004278  0.427915 0.869045 -0.248293  0.403557 0.946272 0
0  -1.041837 0.421007 3.107583  0.373766 0.878955 -0.296203  0.393726 0.954548 0
jonklercart
0  -1.041837 0.421007 3.107583  0.373766 0.878955 -0.296203  0.393726 0.954548 0
0  -1.114742 0.423924 3.010450  0.246068 0.958392 -0.144694  0.404247 0.946803 0
0  -1.045798 0.423912 3.114362  0.210254 0.962891 -0.169215  0.394365 0.955144 0
jonklercart
0  -1.045798 0.423912 3.114362  0.210254 0.962891 -0.169215  0.394365 0.955144 0
0  -1.118550 0.424975 3.016982  0.047455 0.998852 -0.006585  0.404813 0.947313 0
0  -1.049084 0.424975 3.121700  0.040473 0.999138 -0.009229  0.394862 0.955725 0
jonklercart
0  -1.106735 0.417129 3.000119  0.583076 0.733916 -0.348410  0.402894 0.945824 0
0  -1.157794 0.421078 2.904799  0.477212 0.856517 -0.196591  0.410244 0.938469 0
0  -1.110418 0.421052 3.004278  0.427915 0.869045 -0.248293  0.403557 0.946272 0
jonklercart
0  -1.110418 0.421052 3.004278  0.427915 0.869045 -0.248293  0.403557 0.946272 0
0  -1.162475 0.423931 2.910179  0.279589 0.953025 -0.116506  0.410982 0.938922 0
0  -1.114742 0.423924 3.010450  0.246068 0.958392 -0.144694  0.404247 0.946803 0
jonklercart
0  -1.114742 0.423924 3.010450  0.246068 0.958392 -0.144694  0.404247 0.946803 0
0  -1.166785 0.424975 2.915642  0.053326 0.998571 -0.003434  0.411612 0.939341 0
0  -1.118550 0.424975 3.016982  0.047455 0.998852 -0.006585  0.404813 0.947313 0
jonklercart
0  -1.153995 0.417181 2.900942  0.639585 0.718721 -0.272712  0.409558 0.938077 0
0  -1.186105 0.421083 2.816814  0.521084 0.841995 -0.139701  0.414180 0.931667 0
0  -1.157794 0.421078 2.904799  0.477212 0.856517 -0.196591  0.410244 0.938469 0
jonklercart
0  -1.157794 0.421078 2.904799  0.477212 0.856517 -0.196591  0.410244 0.938469 0
0  -1.191103 0.423932 2.821199  0.309653 0.947161 -0.083674  0.414963 0.932029 0
0  -1.162475 0.423931 2.910179  0.279589 0.953025 -0.116506  0.410982 0.938922 0
jonklercart
0  -1.162475 0.423931 2.910179  0.279589 0.953025 -0.116506  0.410982 0.938922 0
0  -1.195848 0.424975 2.825304  0.057327 0.998355 -0.000430  0.415649 0.932343 0
0  -1.166785 0.424975 2.915642  0.053326 0.998571 -0.003434  0.411612 0.939341 0
jonklercart
0  -1.182192 0.417191 2.813324  0.689459 0.698137 -0.193003  0.413469 0.931334 0
0  -1.199778 0.421066 2.743407  0.561875 0.825069 -0.059641  0.416103 0.926036 0
0  -1.186105 0.421083 2.816814  0.521084 0.841995 -0.139701  0.414180 0.931667 0
jonklercart
0  -1.186105 0.421083 2.816814  0.521084 0.841995 -0.139701  0.414180 0.931667 0
0  -1.205007 0.423928 2.746612  0.336339 0.941052 -0.036023  0.416923 0.926301 0
0  -1.191103 0.423932 2.821199  0.309653 0.947161 -0.083674  0.414963 0.932029 0
jonklercart
0  -1.191103 0.423932 2.821199  0.309653 0.947161 -0.083674  0.414963 0.932029 0
0  -1.210058 0.424975 2.749095  0.060194 0.998185 0.002020  0.417651 0.926497 0
0  -1.195848 0.424975 2.825304  0.057327 0.998355 -0.000430  0.415649 0.932343 0
jonklercart
0  -1.195772 0.417157 2.740341  0.741981 0.664766 -0.086886  0.415362 0.925763 0
0  -1.206314 0.421028 2.635998  0.588206 0.808678 0.007285  0.417074 0.917709 0
0  -1.199778 0.421066 2.743407  0.561875 0.825069 -0.059641  0.416103 0.926036 0
jonklercart
0  -1.199778 0.421066 2.743407  0.561875 0.825069 -0.059641  0.416103 0.926036 0
0  -1.211624 0.423917 2.638242  0.352609 0.935761 0.004205  0.417933 0.917887 0
0  -1.205007 0.423928 2.746612  0.336339 0.941052 -0.036023  0.416923 0.926301 0
jonklercart
0  -1.205007 0.423928 2.746612  0.336339 0.941052 -0.036023  0.416923 0.926301 0
0  -1.216764 0.424975 2.639397  0.061023 0.998136 0.001225  0.418694 0.917977 0
0  -1.210058 0.424975 2.749095  0.060194 0.998185 0.002020  0.417651 0.926497 0
jonklercart
0  -0.586268 0.416090 0.821662  0.185885 -0.287600 0.939539  0.322663 0.769398 0
0  -0.440385 0.420583 0.807354  0.032931 0.343771 0.938476  0.300677 0.766643 0
0  -0.589644 0.420532 0.822448  0.186434 0.433393 0.881710  0.323263 0.768882 0
jonklercart
0  -0.589644 0.420532 0.822448  0.186434 0.433393 0.881710  0.323263 0.768882 0
0  -0.442823 0.423798 0.803570  0.009256 0.921225 0.388921  0.301068 0.766124 0
0  -0.592374 0.423784 0.818715  0.074443 0.926762 0.368198  0.323723 0.768384 0
jonklercart
0  -0.592374 0.423784 0.818715  0.074443 0.926762 0.368198  0.323723 0.768384 0
0  -0.443803 0.424975 0.796275  0.000682 0.999959 0.009021  0.301237 0.765507 0
0  -0.593725 0.424975 0.811466  0.003817 0.999942 0.010097  0.323958 0.767777 0
jonklercart
0  -0.718562 0.416018 0.862523  0.381847 -0.133830 0.914485  0.342570 0.773570 0
0  -0.589644 0.420532 0.822448  0.186434 0.433393 0.881710  0.323263 0.768882 0
0  -0.722096 0.420496 0.863373  0.336596 0.520140 0.784957  0.343245 0.773124 0
jonklercart
0  -0.722096 0.420496 0.863373  0.336596 0.520140 0.784957  0.343245 0.773124 0
0  -0.592374 0.423784 0.818715  0.074443 0.926762 0.368198  0.323723 0.768384 0
0  -0.725201 0.423775 0.859769  0.140543 0.929208 0.341790  0.343781 0.772656 0
jonklercart
0  -0.725201 0.423775 0.859769  0.140543 0.929208 0.341790  0.343781 0.772656 0
0  -0.593725 0.424975 0.811466  0.003817 0.999942 0.010097  0.323958 0.767777 0
0  -0.727047 0.424975 0.852676  0.006367 0.999891 0.013323  0.344092 0.772067 0
jonklercart
0  -0.840755 0.415989 0.927681  0.547531 0.024801 0.836418  0.360864 0.779672 0
0  -0.722096 0.420496 0.863373  0.336596 0.520140 0.784957  0.343245 0.773124 0
0  -0.844433 0.420482 0.928612  0.447364 0.589043 0.672974  0.361604 0.779304 0
jonklercart
0  -0.844433 0.420482 0.928612  0.447364 0.589043 0.672974  0.361604 0.779304 0
0  -0.725201 0.423775 0.859769  0.140543 0.929208 0.341790  0.343781 0.772656 0
0  -0.847912 0.423771 0.925209  0.197524 0.929629 0.311086  0.362213 0.778875 0
jonklercart
0  -0.847912 0.423771 0.925209  0.197524 0.929629 0.311086  0.362213 0.778875 0
0  -0.727047 0.424975 0.852676  0.006367 0.999891 0.013323  0.344092 0.772067 0
0  -0.850259 0.424975 0.918385  0.030689 0.999483 0.009546  0.362603 0.778312 0
jonklercart
0  -0.948333 0.416016 1.012561  0.671970 0.171364 0.720479  0.376901 0.787288 0
0  -0.844433 0.420482 0.928612  0.447364 0.589043 0.672974  0.361604 0.779304 0
0  -0.952139 0.420496 1.013591  0.524727 0.642362 0.558598  0.377691 0.787002 0
jonklercart
0  -0.952139 0.420496 1.013591  0.524727 0.642362 0.558598  0.377691 0.787002 0
0  -0.847912 0.423771 0.925209  0.197524 0.929629 0.311086  0.362213 0.778875 0
0  -0.955987 0.423774 1.010479  0.246624 0.928918 0.276203  0.378369 0.786622 0
jonklercart
0  -0.955987 0.423774 1.010479  0.246624 0.928918 0.276203  0.378369 0.786622 0
0  -0.850259 0.424975 0.918385  0.030689 0.999483 0.009546  0.362603 0.778312 0
0  -0.958846 0.424975 1.004058  0.040448 0.999144 0.008726  0.378836 0.786095 0
jonklercart
0  -1.037581 0.416105 1.110688  0.752599 0.295266 0.588568  0.390151 0.795829 0
0  -0.952139 0.420496 1.013591  0.524727 0.642362 0.558598  0.377691 0.787002 0
0  -1.041496 0.420540 1.111844  0.575556 0.683243 0.449350  0.390974 0.795627 0
jonklercart
0  -1.041496 0.420540 1.111844  0.575556 0.683243 0.449350  0.390974 0.795627 0
0  -0.955987 0.423774 1.010479  0.246624 0.928918 0.276203  0.378369 0.786622 0
0  -1.045706 0.423786 1.109135  0.287788 0.927778 0.237498  0.391714 0.795305 0
jonklercart
0  -1.045706 0.423786 1.109135  0.287788 0.927778 0.237498  0.391714 0.795305 0
0  -0.958846 0.424975 1.004058  0.040448 0.999144 0.008726  0.378836 0.786095 0
0  -1.049084 0.424975 1.103287  0.049360 0.998755 0.007232  0.392256 0.794828 0
jonklercart
0  -1.106094 0.416251 1.213904  0.797174 0.394928 0.456668  0.400288 0.804567 0
0  -1.041496 0.420540 1.111844  0.575556 0.683243 0.449350  0.390974 0.795627 0
0  -1.110097 0.420613 1.215226  0.606262 0.715099 0.347966  0.401128 0.804448 0
jonklercart
0  -1.110097 0.420613 1.215226  0.606262 0.715099 0.347966  0.401128 0.804448 0
0  -1.045706 0.423786 1.109135  0.287788 0.927778 0.237498  0.391714 0.795305 0
0  -1.114656 0.423806 1.213067  0.320795 0.926782 0.195360  0.401919 0.804194 0
jonklercart
0  -1.114656 0.423806 1.213067  0.320795 0.926782 0.195360  0.401919 0.804194 0
0  -1.049084 0.424975 1.103287  0.049360 0.998755 0.007232  0.392256 0.794828 0
0  -1.118550 0.424975 1.208004  0.056729 0.998378 0.004905  0.402531 0.803783 0
jonklercart
0  -1.153451 0.416437 1.313239  0.815303 0.474081 0.332457  0.407297 0.812748 0
0  -1.110097 0.420613 1.215226  0.606262 0.715099 0.347966  0.401128 0.804448 0
0  -1.157522 0.420706 1.314785  0.621453 0.741052 0.254242  0.408138 0.812707 0
jonklercart
0  -1.157522 0.420706 1.314785  0.621453 0.741052 0.254242  0.408138 0.812707 0
0  -1.114656 0.423806 1.213067  0.320795 0.926782 0.195360  0.401919 0.804194 0
0  -1.162402 0.423831 1.313359  0.345216 0.926463 0.149973  0.408969 0.812529 0
jonklercart
0  -1.162402 0.423831 1.313359  0.345216 0.926463 0.149973  0.408969 0.812529 0
0  -1.118550 0.424975 1.208004  0.056729 0.998378 0.004905  0.402531 0.803783 0
0  -1.166785 0.424975 1.309345  0.061791 0.998087 0.002024  0.409642 0.812203 0
jonklercart
0  -1.181786 0.416635 1.400995  0.816052 0.537142 0.213396  0.411547 0.819789 0
0  -1.157522 0.420706 1.314785  0.621453 0.741052 0.254242  0.408138 0.812707 0
0  -1.185902 0.420805 1.402838  0.623782 0.763707 0.166276  0.412379 0.819820 0
jonklercart
0  -1.185902 0.420805 1.402838  0.623782 0.763707 0.166276  0.412379 0.819820 0
0  -1.162402 0.423831 1.313359  0.345216 0.926463 0.149973  0.408969 0.812529 0
0  -1.191049 0.423857 1.402358  0.360219 0.927335 0.101449  0.413236 0.819729 0
jonklercart
0  -1.191049 0.423857 1.402358  0.360219 0.927335 0.101449  0.413236 0.819729 0
0  -1.166785 0.424975 1.309345  0.061791 0.998087 0.002024  0.409642 0.812203 0
0  -1.195848 0.424975 1.399682  0.063777 0.997964 -0.000613  0.413957 0.819503 0
jonklercart
0  -1.195525 0.416819 1.474076  0.795661 0.600517 0.079390  0.413718 0.825544 0
0  -1.185902 0.420805 1.402838  0.623782 0.763707 0.166276  0.412379 0.819820 0
0  -1.199655 0.420897 1.476294  0.610450 0.789420 0.064550  0.414536 0.825643 0
jonklercart
0  -1.199655 0.420897 1.476294  0.610450 0.789420 0.064550  0.414536 0.825643 0
0  -1.191049 0.423857 1.402358  0.360219 0.927335 0.101449  0.413236 0.819729 0
0  -1.204974 0.423882 1.476958  0.363926 0.930566 0.040070  0.415409 0.825647 0
jonklercart
0  -1.204974 0.423882 1.476958  0.363926 0.930566 0.040070  0.415409 0.825647 0
0  -1.195848 0.424975 1.399682  0.063777 0.997964 -0.000613  0.413957 0.819503 0
0  -1.210058 0.424975 1.475891  0.063645 0.997970 -0.002382  0.416164 0.825535 0
jonklercart
0  -1.202176 0.416967 1.581201  0.773623 0.633566 -0.010037  0.415073 0.833937 0
0  -1.199655 0.420897 1.476294  0.610450 0.789420 0.064550  0.414536 0.825643 0
0  -1.206273 0.420971 1.583728  0.588878 0.808203 -0.005520  0.415877 0.834100 0
jonklercart
0  -1.206273 0.420971 1.583728  0.588878 0.808203 -0.005520  0.415877 0.834100 0
0  -1.204974 0.423882 1.476958  0.363926 0.930566 0.040070  0.415409 0.825647 0
0  -1.211613 0.423902 1.585334  0.353915 0.935265 -0.004823  0.416753 0.834195 0
jonklercart
0  -1.211613 0.423902 1.585334  0.353915 0.935265 -0.004823  0.416753 0.834195 0
0  -1.210058 0.424975 1.475891  0.063645 0.997970 -0.002382  0.416164 0.825535 0
0  -1.216764 0.424975 1.585589  0.061366 0.998115 0.000701  0.417525 0.834190 0
jonklercart
0  1.182824 0.417157 1.474300  -0.815377 -0.574085 0.074748  0.050550 0.817917 0
0  1.187706 0.421028 1.583766  -0.994332 -0.105238 -0.015142  0.048831 0.826878 0
0  1.181114 0.421066 1.476406  -0.986887 -0.139281 0.081574  0.049935 0.817892 0
jonklercart
0  1.181114 0.421066 1.476406  -0.986887 -0.139281 0.081574  0.049935 0.817892 0
0  1.188791 0.423917 1.585344  -0.636181 0.771512 -0.006567  0.048400 0.826993 0
0  1.182159 0.423927 1.476988  -0.635829 0.768669 0.069786  0.049508 0.817880 0
jonklercart
0  1.182159 0.423927 1.476988  -0.635829 0.768669 0.069786  0.049508 0.817880 0
0  1.192385 0.424975 1.585589  -0.069896 0.997552 -0.002027  0.047827 0.827012 0
0  1.185679 0.424975 1.475891  -0.071015 0.997434 -0.009058  0.048944 0.817783 0
jonklercart
0  1.169194 0.417191 1.401362  -0.765187 -0.610282 0.205049  0.052533 0.812003 0
0  1.181114 0.421066 1.476406  -0.986887 -0.139281 0.081574  0.049935 0.817892 0
0  1.167416 0.421083 1.403022  -0.958600 -0.174283 0.225194  0.051978 0.811755 0
jonklercart
0  1.167416 0.421083 1.403022  -0.958600 -0.174283 0.225194  0.051978 0.811755 0
0  1.182159 0.423927 1.476988  -0.635829 0.768669 0.069786  0.049508 0.817880 0
0  1.168249 0.423932 1.402407  -0.613210 0.774821 0.153707  0.051606 0.811588 0
jonklercart
0  1.168249 0.423932 1.402407  -0.613210 0.774821 0.153707  0.051606 0.811588 0
0  1.185679 0.424975 1.475891  -0.071015 0.997434 -0.009058  0.048944 0.817783 0
0  1.171469 0.424975 1.399682  -0.071266 0.997390 -0.011612  0.051102 0.811355 0
jonklercart
0  1.141011 0.417181 1.313731  -0.724895 -0.630450 0.277595  0.056865 0.805009 0
0  1.167416 0.421083 1.403022  -0.958600 -0.174283 0.225194  0.051978 0.811755 0
0  1.139112 0.421078 1.315031  -0.924023 -0.169425 0.342749  0.056439 0.804580 0
jonklercart
0  1.139112 0.421078 1.315031  -0.924023 -0.169425 0.342749  0.056439 0.804580 0
0  1.168249 0.423932 1.402407  -0.613210 0.774821 0.153707  0.051606 0.811588 0
0  1.139623 0.423931 1.313425  -0.572340 0.790592 0.217696  0.056151 0.804283 0
jonklercart
0  1.139623 0.423931 1.313425  -0.572340 0.790592 0.217696  0.056151 0.804283 0
0  1.171469 0.424975 1.399682  -0.071266 0.997390 -0.011612  0.051102 0.811355 0
0  1.142406 0.424975 1.309345  -0.067887 0.997650 -0.009217  0.055719 0.803924 0
jonklercart
0  1.093828 0.417129 1.214484  -0.674400 -0.641119 0.366265  0.064211 0.797121 0
0  1.139112 0.421078 1.315031  -0.924023 -0.169425 0.342749  0.056439 0.804580 0
0  1.091775 0.421052 1.215516  -0.873435 -0.140657 0.466184  0.063933 0.796566 0
jonklercart
0  1.091775 0.421052 1.215516  -0.873435 -0.140657 0.466184  0.063933 0.796566 0
0  1.139623 0.423931 1.313425  -0.572340 0.790592 0.217696  0.056151 0.804283 0
0  1.091900 0.423923 1.213145  -0.510506 0.813733 0.277889  0.063743 0.796174 0
jonklercart
0  1.091900 0.423923 1.213145  -0.510506 0.813733 0.277889  0.063743 0.796174 0
0  1.142406 0.424975 1.309345  -0.067887 0.997650 -0.009217  0.055719 0.803924 0
0  1.094171 0.424975 1.208004  -0.060764 0.998138 -0.005327  0.063397 0.795724 0
jonklercart
0  1.025488 0.417039 1.111305  -0.613766 -0.643257 0.457725  0.074868 0.788973 0
0  1.091775 0.421052 1.215516  -0.873435 -0.140657 0.466184  0.063933 0.796566 0
0  1.023259 0.421007 1.112153  -0.799733 -0.091670 0.593316  0.074744 0.788344 0
jonklercart
0  1.023259 0.421007 1.112153  -0.799733 -0.091670 0.593316  0.074744 0.788344 0
0  1.091900 0.423923 1.213145  -0.510506 0.813733 0.277889  0.063743 0.796174 0
0  1.022973 0.423912 1.109218  -0.432217 0.840056 0.327864  0.074655 0.787886 0
jonklercart
0  1.022973 0.423912 1.109218  -0.432217 0.840056 0.327864  0.074655 0.787886 0
0  1.094171 0.424975 1.208004  -0.060764 0.998138 -0.005327  0.063397 0.795724 0
0  1.024705 0.424975 1.103287  -0.021764 0.999557 0.020285  0.074397 0.787369 0
jonklercart
0  0.936393 0.416919 1.013158  -0.539193 -0.635113 0.553084  0.088799 0.781287 0
0  1.023259 0.421007 1.112153  -0.799733 -0.091670 0.593316  0.074744 0.788344 0
0  0.933979 0.420947 1.013890  -0.695639 -0.025447 0.717940  0.088819 0.780620 0
jonklercart
0  0.933979 0.420947 1.013890  -0.695639 -0.025447 0.717940  0.088819 0.780620 0
0  1.022973 0.423912 1.109218  -0.432217 0.840056 0.327864  0.074655 0.787886 0
0  0.933274 0.423895 1.010559  -0.344180 0.865402 0.364169  0.088828 0.780118 0
jonklercart
0  0.933274 0.423895 1.010559  -0.344180 0.865402 0.364169  0.088828 0.780118 0
0  1.024705 0.424975 1.103287  -0.021764 0.999557 0.020285  0.074397 0.787369 0
0  0.934467 0.424975 1.004058  -0.041304 0.999145 0.001556  0.088652 0.779552 0
jonklercart
0  0.828938 0.416776 0.928202  -0.445895 -0.613477 0.651785  0.105543 0.774578 0
0  0.933979 0.420947 1.013890  -0.695639 -0.025447 0.717940  0.088819 0.780620 0
0  0.826335 0.420875 0.928872  -0.556849 0.054816 0.828803  0.105695 0.773902 0
jonklercart
0  0.826335 0.420875 0.928872  -0.556849 0.054816 0.828803  0.105695 0.773902 0
0  0.933274 0.423895 1.010559  -0.344180 0.865402 0.364169  0.088828 0.780118 0
0  0.825215 0.423876 0.925279  -0.252529 0.887197 0.386150  0.105796 0.773373 0
jonklercart
0  0.825215 0.423876 0.925279  -0.252529 0.887197 0.386150  0.105796 0.773373 0
0  0.934467 0.424975 1.004058  -0.041304 0.999145 0.001556  0.088652 0.779552 0
0  0.825880 0.424975 0.918385  -0.005486 0.999879 0.014577  0.105700 0.772775 0
jonklercart
0  0.706838 0.416621 0.862923  -0.328471 -0.573422 0.750529  0.124500 0.769393 0
0  0.826335 0.420875 0.928872  -0.556849 0.054816 0.828803  0.105695 0.773902 0
0  0.704044 0.420798 0.863573  -0.385064 0.146404 0.911203  0.124773 0.768728 0
jonklercart
0  0.704044 0.420798 0.863573  -0.385064 0.146404 0.911203  0.124773 0.768728 0
0  0.825215 0.423876 0.925279  -0.252529 0.887197 0.386150  0.105796 0.773373 0
0  0.702518 0.423855 0.859822  -0.162146 0.904290 0.394929  0.124963 0.768185 0
jonklercart
0  0.702518 0.423855 0.859822  -0.162146 0.904290 0.394929  0.124963 0.768185 0
0  0.825880 0.424975 0.918385  -0.005486 0.999879 0.014577  0.105700 0.772775 0
0  0.702668 0.424975 0.852676  -0.000939 0.999936 0.011267  0.124943 0.767566 0
jonklercart
0  0.574606 0.416464 0.821910  -0.180048 -0.507626 0.842555  0.144971 0.766101 0
0  0.704044 0.420798 0.863573  -0.385064 0.146404 0.911203  0.124773 0.768728 0
0  0.571624 0.420719 0.822572  -0.188301 0.246757 0.950607  0.145355 0.765461 0
jonklercart
0  0.571624 0.420719 0.822572  -0.188301 0.246757 0.950607  0.145355 0.765461 0
0  0.702518 0.423855 0.859822  -0.162146 0.904290 0.394929  0.124963 0.768185 0
0  0.569699 0.423834 0.818749  -0.075168 0.916592 0.392694  0.145630 0.764913 0
jonklercart
0  0.569699 0.423834 0.818749  -0.075168 0.916592 0.392694  0.145630 0.764913 0
0  0.702668 0.424975 0.852676  -0.000939 0.999936 0.011267  0.124943 0.767566 0
0  0.569346 0.424975 0.811466  0.001614 0.999958 0.008995  0.145685 0.764282 0
jonklercart
0  0.425514 0.416317 0.806695  -0.029236 -0.424993 0.904724  0.167975 0.764758 0
0  0.571624 0.420719 0.822572  -0.188301 0.246757 0.950607  0.145355 0.765461 0
0  0.422381 0.420646 0.807395  -0.025139 0.321619 0.946535  0.168439 0.764153 0
jonklercart
0  0.422381 0.420646 0.807395  -0.025139 0.321619 0.946535  0.168439 0.764153 0
0  0.569699 0.423834 0.818749  -0.075168 0.916592 0.392694  0.145630 0.764913 0
0  0.420152 0.423815 0.803581  -0.005761 0.920282 0.391214  0.168779 0.763616 0
jonklercart
0  0.420152 0.423815 0.803581  -0.005761 0.920282 0.391214  0.168779 0.763616 0
0  0.569346 0.424975 0.811466  0.001614 0.999958 0.008995  0.145685 0.764282 0
0  0.419424 0.424975 0.796275  -0.002505 0.999957 0.008910  0.168896 0.762989 0
jonklercart
0  0.574879 0.416091 3.391567  -0.161327 0.566227 -0.808307  0.147711 0.978337 0
0  0.422427 0.420584 3.411821  -0.011443 0.858401 -0.512852  0.171095 0.980919 0
0  0.571760 0.420533 3.396660  -0.106475 0.833077 -0.542813  0.148135 0.979115 0
jonklercart
0  0.571760 0.420533 3.396660  -0.106475 0.833077 -0.542813  0.148135 0.979115 0
0  0.420164 0.423798 3.419859  -0.005926 0.966323 -0.257264  0.171430 0.981726 0
0  0.569735 0.423785 3.404695  -0.053880 0.962268 -0.266715  0.148415 0.979934 0
jonklercart
0  0.569735 0.423785 3.404695  -0.053880 0.962268 -0.266715  0.148415 0.979934 0
0  0.419424 0.424975 3.428711  -0.001494 0.999901 -0.014006  0.171535 0.982483 0
0  0.569346 0.424975 3.413520  -0.004658 0.999893 -0.013864  0.148458 0.980691 0
jonklercart
0  0.707279 0.416018 3.350610  -0.342396 0.451677 -0.823865  0.127280 0.974490 0
0  0.571760 0.420533 3.396660  -0.106475 0.833077 -0.542813  0.148135 0.979115 0
0  0.704265 0.420496 3.355687  -0.234249 0.787967 -0.569417  0.127648 0.975295 0
jonklercart
0  0.704265 0.420496 3.355687  -0.234249 0.787967 -0.569417  0.127648 0.975295 0
0  0.569735 0.423785 3.404695  -0.053880 0.962268 -0.266715  0.148415 0.979934 0
0  0.702577 0.423775 3.363629  -0.112623 0.955109 -0.274011  0.127863 0.976116 0
jonklercart
0  0.702577 0.423775 3.363629  -0.112623 0.955109 -0.274011  0.127863 0.976116 0
0  0.569346 0.424975 3.413520  -0.004658 0.999893 -0.013864  0.148458 0.980691 0
0  0.702668 0.424975 3.372310  -0.007536 0.999858 -0.015037  0.127833 0.976865 0
jonklercart
0  0.829514 0.415989 3.285415  -0.520056 0.305426 -0.797657  0.108301 0.968705 0
0  0.704265 0.420496 3.355687  -0.234249 0.787967 -0.569417  0.127648 0.975295 0
0  0.826623 0.420482 3.290429  -0.375425 0.721875 -0.581337  0.108598 0.969533 0
jonklercart
0  0.826623 0.420482 3.290429  -0.375425 0.721875 -0.581337  0.108598 0.969533 0
0  0.702577 0.423775 3.363629  -0.112623 0.955109 -0.274011  0.127863 0.976116 0
0  0.825293 0.423771 3.298184  -0.177224 0.944432 -0.276838  0.108743 0.970347 0
jonklercart
0  0.825293 0.423771 3.298184  -0.177224 0.944432 -0.276838  0.108743 0.970347 0
0  0.702668 0.424975 3.372310  -0.007536 0.999858 -0.015037  0.127833 0.976865 0
0  0.825880 0.424975 3.306601  -0.011615 0.999782 -0.017324  0.108638 0.971078 0
jonklercart
0  0.937052 0.416017 3.200571  -0.674076 0.138369 -0.725586  0.091489 0.961367 0
0  0.826623 0.420482 3.290429  -0.375425 0.721875 -0.581337  0.108598 0.969533 0
0  0.934309 0.420496 3.205468  -0.525915 0.630427 -0.570943  0.091698 0.962206 0
jonklercart
0  0.934309 0.420496 3.205468  -0.525915 0.630427 -0.570943  0.091698 0.962206 0
0  0.825293 0.423771 3.298184  -0.177224 0.944432 -0.276838  0.108743 0.970347 0
0  0.933363 0.423775 3.212919  -0.248951 0.929180 -0.273219  0.091765 0.963000 0
jonklercart
0  0.933363 0.423775 3.212919  -0.248951 0.929180 -0.273219  0.091765 0.963000 0
0  0.825880 0.424975 3.306601  -0.011615 0.999782 -0.017324  0.108638 0.971078 0
0  0.934467 0.424975 3.220928  -0.017665 0.999641 -0.020134  0.091582 0.963701 0
jonklercart
0  1.026170 0.416106 3.102562  -0.786524 -0.029707 -0.616845  0.077437 0.953016 0
0  0.934309 0.420496 3.205468  -0.525915 0.630427 -0.570943  0.091698 0.962206 0
0  1.023601 0.420540 3.107274  -0.672981 0.514372 -0.531524  0.077538 0.953852 0
jonklercart
0  1.023601 0.420540 3.107274  -0.672981 0.514372 -0.531524  0.077538 0.953852 0
0  0.933363 0.423775 3.212919  -0.248951 0.929180 -0.273219  0.091765 0.963000 0
0  1.023065 0.423787 3.114279  -0.326963 0.908430 -0.260480  0.077519 0.954610 0
jonklercart
0  1.023065 0.423787 3.114279  -0.326963 0.908430 -0.260480  0.077519 0.954610 0
0  0.934467 0.424975 3.220928  -0.017665 0.999641 -0.020134  0.091582 0.963701 0
0  1.024705 0.424975 3.121700  -0.025897 0.999408 -0.022665  0.077255 0.955266 0
jonklercart
0  1.094470 0.416251 2.999539  -0.853219 -0.180504 -0.489322  0.066516 0.944334 0
0  1.023601 0.420540 3.107274  -0.672981 0.514372 -0.531524  0.077538 0.953852 0
0  1.092095 0.420613 3.003989  -0.801174 0.380388 -0.461980  0.066488 0.945144 0
jonklercart
0  1.092095 0.420613 3.003989  -0.801174 0.380388 -0.461980  0.066488 0.945144 0
0  1.023065 0.423787 3.114279  -0.326963 0.908430 -0.260480  0.077519 0.954610 0
0  1.091986 0.423806 3.010373  -0.408348 0.881873 -0.235697  0.066378 0.945846 0
jonklercart
0  1.091986 0.423806 3.010373  -0.408348 0.881873 -0.235697  0.066378 0.945846 0
0  1.024705 0.424975 3.121700  -0.025897 0.999408 -0.022665  0.077255 0.955266 0
0  1.094171 0.424975 3.016982  -0.036004 0.999063 -0.023996  0.066031 0.946439 0
jonklercart
0  1.141555 0.416437 2.900449  -0.882020 -0.304984 -0.359201  0.058832 0.936057 0
0  1.092095 0.420613 3.003989  -0.801174 0.380388 -0.461980  0.066488 0.945144 0
0  1.139385 0.420706 2.904552  -0.898211 0.240294 -0.368070  0.058654 0.936807 0
jonklercart
0  1.139385 0.420706 2.904552  -0.898211 0.240294 -0.368070  0.058654 0.936807 0
0  1.091986 0.423806 3.010373  -0.408348 0.881873 -0.235697  0.066378 0.945846 0
0  1.139696 0.423831 2.910113  -0.487977 0.850506 -0.196262  0.058448 0.937426 0
jonklercart
0  1.139696 0.423831 2.910113  -0.487977 0.850506 -0.196262  0.058448 0.937426 0
0  1.094171 0.424975 3.016982  -0.036004 0.999063 -0.023996  0.066031 0.946439 0
0  1.142406 0.424975 2.915642  -0.047234 0.998610 -0.023375  0.058021 0.937935 0
jonklercart
0  1.169601 0.416635 2.812956  -0.884488 -0.403442 -0.234340  0.054099 0.928814 0
0  1.139385 0.420706 2.904552  -0.898211 0.240294 -0.368070  0.058654 0.936807 0
0  1.167619 0.420805 2.816630  -0.960026 0.106832 -0.258723  0.053762 0.929456 0
jonklercart
0  1.167619 0.420805 2.816630  -0.960026 0.106832 -0.258723  0.053762 0.929456 0
0  1.139696 0.423831 2.910113  -0.487977 0.850506 -0.196262  0.058448 0.937426 0
0  1.168303 0.423858 2.821150  -0.558315 0.817605 -0.140737  0.053463 0.929961 0
jonklercart
0  1.168303 0.423858 2.821150  -0.558315 0.817605 -0.140737  0.053463 0.929961 0
0  1.142406 0.424975 2.915642  -0.047234 0.998610 -0.023375  0.058021 0.937935 0
0  1.171469 0.424975 2.825304  -0.058126 0.998109 -0.020008  0.052963 0.930359 0
jonklercart
0  1.183071 0.416819 2.740118  -0.866802 -0.490750 -0.088426  0.051650 0.922854 0
0  1.167619 0.420805 2.816630  -0.960026 0.106832 -0.258723  0.053762 0.929456 0
0  1.181238 0.420897 2.743296  -0.992981 -0.029694 -0.114482  0.051162 0.923333 0
jonklercart
0  1.181238 0.420897 2.743296  -0.992981 -0.029694 -0.114482  0.051162 0.923333 0
0  1.168303 0.423858 2.821150  -0.558315 0.817605 -0.140737  0.053463 0.929961 0
0  1.182193 0.423882 2.746582  -0.620778 0.781920 -0.056883  0.050785 0.923693 0
jonklercart
0  1.182193 0.423882 2.746582  -0.620778 0.781920 -0.056883  0.050785 0.923693 0
0  1.171469 0.424975 2.825304  -0.058126 0.998109 -0.020008  0.052963 0.930359 0
0  1.185679 0.424975 2.749095  -0.067222 0.997667 -0.011876  0.050237 0.923950 0
jonklercart
0  1.189505 0.416968 2.633190  -0.839069 -0.544024 0.000567  0.050142 0.914192 0
0  1.181238 0.420897 2.743296  -0.992981 -0.029694 -0.114482  0.051162 0.923333 0
0  1.187748 0.420971 2.635961  -0.994105 -0.108382 -0.002970  0.049566 0.914488 0
jonklercart
0  1.187748 0.420971 2.635961  -0.994105 -0.108382 -0.002970  0.049566 0.914488 0
0  1.182193 0.423882 2.746582  -0.620778 0.781920 -0.056883  0.050785 0.923693 0
0  1.188802 0.423902 2.638232  -0.643668 0.765050 0.019747  0.049151 0.914705 0
jonklercart
0  1.188802 0.423902 2.638232  -0.643668 0.765050 0.019747  0.049151 0.914705 0
0  1.185679 0.424975 2.749095  -0.067222 0.997667 -0.011876  0.050237 0.923950 0
0  1.192385 0.424975 2.639397  -0.070528 0.997495 0.005390  0.048586 0.914824 0
jonklercart
0  -1.202259 0.417081 2.633265  0.774500 0.632571 0.001846  0.416295 0.917489 0
0  -1.206273 0.420971 1.583728  0.588878 0.808203 -0.005520  0.415877 0.834100 0
0  -1.206314 0.421028 2.635998  0.588206 0.808678 0.007285  0.417074 0.917709 0
jonklercart
0  -1.206314 0.421028 2.635998  0.588206 0.808678 0.007285  0.417074 0.917709 0
0  -1.211613 0.423902 1.585334  0.353915 0.935265 -0.004823  0.416753 0.834195 0
0  -1.211624 0.423917 2.638242  0.352609 0.935761 0.004205  0.417933 0.917887 0
jonklercart
0  -1.211624 0.423917 2.638242  0.352609 0.935761 0.004205  0.417933 0.917887 0
0  -1.216764 0.424975 1.585589  0.061366 0.998115 0.000701  0.417525 0.834190 0
0  -1.216764 0.424975 2.639397  0.061023 0.998136 0.001225  0.418694 0.917977 0
jonklercart
0  0.425605 0.416192 3.406753  -0.021886 0.633896 -0.773109  0.170626 0.980172 0
0  -0.440431 0.420646 3.411863  0.012348 0.862811 -0.505376  0.303996 0.980820 0
0  0.422427 0.420584 3.411821  -0.011443 0.858401 -0.512852  0.171095 0.980919 0
jonklercart
0  0.422427 0.420584 3.411821  -0.011443 0.858401 -0.512852  0.171095 0.980919 0
0  -0.442835 0.423815 3.419870  0.002613 0.966828 -0.255416  0.304377 0.981607 0
0  0.420164 0.423798 3.419859  -0.005926 0.966323 -0.257264  0.171430 0.981726 0
jonklercart
0  0.420164 0.423798 3.419859  -0.005926 0.966323 -0.257264  0.171430 0.981726 0
0  -0.443803 0.424975 3.428711  -0.001619 0.999889 -0.014821  0.304535 0.982355 0
0  0.419424 0.424975 3.428711  -0.001494 0.999901 -0.014006  0.171535 0.982483 0
jonklercart
0  1.192385 0.424975 2.639397  -0.070528 0.997495 0.005390  0.048586 0.914824 0
0  1.188791 0.423917 1.585344  -0.636181 0.771512 -0.006567  0.048400 0.826993 0
0  1.188802 0.423902 2.638232  -0.643668 0.765050 0.019747  0.049151 0.914705 0
jonklercart
0  1.188802 0.423902 2.638232  -0.643668 0.765050 0.019747  0.049151 0.914705 0
0  1.187706 0.421028 1.583766  -0.994332 -0.105238 -0.015142  0.048831 0.826878 0
0  1.187748 0.420971 2.635961  -0.994105 -0.108382 -0.002970  0.049566 0.914488 0
jonklercart
0  1.187748 0.420971 2.635961  -0.994105 -0.108382 -0.002970  0.049566 0.914488 0
0  1.189422 0.417081 1.581276  -0.839570 -0.543136 -0.011254  0.049441 0.826724 0
0  1.189505 0.416968 2.633190  -0.839069 -0.544024 0.000567  0.050142 0.914192 0
jonklercart
0  0.419424 0.424975 0.796275  -0.002505 0.999957 0.008910  0.168896 0.762989 0
0  -0.442823 0.423798 0.803570  0.009256 0.921225 0.388921  0.301068 0.766124 0
0  0.420152 0.423815 0.803581  -0.005761 0.920282 0.391214  0.168779 0.763616 0
jonklercart
0  0.420152 0.423815 0.803581  -0.005761 0.920282 0.391214  0.168779 0.763616 0
0  -0.440385 0.420583 0.807354  0.032931 0.343771 0.938476  0.300677 0.766643 0
0  0.422381 0.420646 0.807395  -0.025139 0.321619 0.946535  0.168439 0.764153 0
jonklercart
0  0.422381 0.420646 0.807395  -0.025139 0.321619 0.946535  0.168439 0.764153 0
0  -0.437143 0.416192 0.806612  0.025517 -0.395904 0.917937  0.300150 0.767212 0
0  0.425514 0.416317 0.806695  -0.029236 -0.424993 0.904724  0.167975 0.764758 0
jonklercart
0  -0.584031 0.408301 3.444196  -0.015073 0.986328 0.164104  0.326340 0.985798 0
0  -0.438094 0.416318 3.464881  -0.028495 -0.420109 0.907026  0.303734 0.986303 0
0  -0.589999 0.416465 3.449597  -0.162945 -0.495098 0.853421  0.327030 0.984452 0
jonklercart
0  -0.613862 -0.408300 3.942666  0.002675 -0.998910 -0.046600  0.548823 0.202638 0
0  -0.441354 -0.389680 4.075427  -0.008784 -0.937633 0.347516  0.543306 0.242765 0
0  -0.620719 -0.389680 4.057252  -0.072636 -0.934717 0.347891  0.535239 0.206419 0
jonklercart
0  -0.620719 -0.389680 4.057252  -0.072636 -0.934717 0.347891  0.535239 0.206419 0
0  -0.442602 -0.338808 4.159693  -0.022137 -0.657502 0.753127  0.530710 0.244491 0
0  -0.625739 -0.338808 4.141136  -0.151141 -0.650202 0.744576  0.522679 0.209994 0
jonklercart
0  -0.625739 -0.338808 4.141136  -0.151141 -0.650202 0.744576  0.522679 0.209994 0
0  -0.443059 -0.269315 4.190536  -0.031559 -0.103629 0.994115  0.518633 0.246130 0
0  -0.627577 -0.269315 4.171839  -0.194812 -0.099827 0.975747  0.510871 0.213442 0
jonklercart
0  -0.779939 -0.408300 3.891330  0.010410 -0.999061 -0.042052  0.536204 0.165872 0
0  -0.620719 -0.389680 4.057252  -0.072636 -0.934717 0.347891  0.535239 0.206419 0
0  -0.793745 -0.389680 4.003770  -0.144900 -0.929884 0.338112  0.522931 0.171486 0
jonklercart
0  -0.793745 -0.389680 4.003770  -0.144900 -0.929884 0.338112  0.522931 0.171486 0
0  -0.625739 -0.338808 4.141136  -0.151141 -0.650202 0.744576  0.522679 0.209994 0
0  -0.803852 -0.338808 4.086081  -0.295880 -0.638229 0.710717  0.510710 0.176683 0
jonklercart
0  -0.803852 -0.338808 4.086081  -0.295880 -0.638229 0.710717  0.510710 0.176683 0
0  -0.627577 -0.269315 4.171839  -0.194812 -0.099827 0.975747  0.510871 0.213442 0
0  -0.807552 -0.269315 4.116209  -0.378541 -0.093397 0.920860  0.499274 0.181572 0
jonklercart
0  -0.936704 -0.408301 3.807728  0.015464 -0.999284 -0.034529  0.519247 0.131581 0
0  -0.793745 -0.389680 4.003770  -0.144900 -0.929884 0.338112  0.522931 0.171486 0
0  -0.957628 -0.389680 3.916371  -0.215670 -0.922267 0.320796  0.506646 0.138926 0
jonklercart
0  -0.957628 -0.389680 3.916371  -0.215670 -0.922267 0.320796  0.506646 0.138926 0
0  -0.803852 -0.338808 4.086081  -0.295880 -0.638229 0.710717  0.510710 0.176683 0
0  -0.972945 -0.338808 3.995903  -0.428831 -0.619593 0.657425  0.495098 0.145650 0
jonklercart
0  -0.972945 -0.338808 3.995903  -0.428831 -0.619593 0.657425  0.495098 0.145650 0
0  -0.807552 -0.269315 4.116209  -0.378541 -0.093397 0.920860  0.499274 0.181572 0
0  -0.978551 -0.269315 4.025014  -0.540332 -0.083598 0.837289  0.484328 0.151903 0
jonklercart
0  -1.079855 -0.408301 3.694785  0.016880 -0.999538 -0.025296  0.498798 0.100779 0
0  -0.957628 -0.389680 3.916371  -0.215670 -0.922267 0.320796  0.506646 0.138926 0
0  -1.108110 -0.389680 3.797643  -0.284238 -0.911788 0.296397  0.487117 0.109747 0
jonklercart
0  -1.108110 -0.389680 3.797643  -0.284238 -0.911788 0.296397  0.487117 0.109747 0
0  -0.972945 -0.338808 3.995903  -0.428831 -0.619593 0.657425  0.495098 0.145650 0
0  -1.128794 -0.338808 3.872941  -0.546710 -0.595599 0.588532  0.476487 0.117878 0
jonklercart
0  -1.128794 -0.338808 3.872941  -0.546710 -0.595599 0.588532  0.476487 0.117878 0
0  -0.978551 -0.269315 4.025014  -0.540332 -0.083598 0.837289  0.484328 0.151903 0
0  -1.136365 -0.269315 3.900502  -0.675474 -0.071627 0.733897  0.466614 0.125383 0
jonklercart
0  -1.205553 -0.408301 3.556563  0.014688 -0.999766 -0.015855  0.475803 0.074096 0
0  -1.108110 -0.389680 3.797643  -0.284238 -0.911788 0.296397  0.487117 0.109747 0
0  -1.241330 -0.389680 3.651151  -0.349400 -0.898819 0.264658  0.465227 0.084560 0
jonklercart
0  -1.241330 -0.389680 3.651151  -0.349400 -0.898819 0.264658  0.465227 0.084560 0
0  -1.128794 -0.338808 3.872941  -0.546710 -0.595599 0.588532  0.476487 0.117878 0
0  -1.267521 -0.338808 3.720393  -0.647691 -0.568233 0.507551  0.455693 0.093945 0
jonklercart
0  -1.267521 -0.338808 3.720393  -0.647691 -0.568233 0.507551  0.455693 0.093945 0
0  -1.136365 -0.269315 3.900502  -0.675474 -0.071627 0.733897  0.466614 0.125383 0
0  -1.277107 -0.269315 3.745738  -0.783437 -0.058873 0.618676  0.446879 0.102549 0
jonklercart
0  -1.310645 -0.408300 3.398141  0.009491 -0.999928 -0.007353  0.451243 0.051763 0
0  -1.241330 -0.389680 3.651151  -0.349400 -0.898819 0.264658  0.465227 0.084560 0
0  -1.353979 -0.389680 3.481336  -0.409258 -0.884181 0.225237  0.441893 0.063577 0
jonklercart
0  -1.353979 -0.389680 3.481336  -0.409258 -0.884181 0.225237  0.441893 0.063577 0
0  -1.267521 -0.338808 3.720393  -0.647691 -0.568233 0.507551  0.455693 0.093945 0
0  -1.385701 -0.338808 3.542240  -0.731351 -0.539289 0.417485  0.433566 0.074042 0
jonklercart
0  -1.385701 -0.338808 3.542240  -0.731351 -0.539289 0.417485  0.433566 0.074042 0
0  -1.277107 -0.269315 3.745738  -0.783437 -0.058873 0.618676  0.446879 0.102549 0
0  -1.397313 -0.269315 3.564532  -0.866249 -0.046424 0.497451  0.425909 0.083566 0
jonklercart
0  -1.392913 -0.408301 3.225294  0.002618 -0.999996 -0.000713  0.425963 0.033617 0
0  -1.353979 -0.389680 3.481336  -0.409258 -0.884181 0.225237  0.441893 0.063577 0
0  -1.443467 -0.389680 3.293320  -0.461506 -0.869038 0.178285  0.417902 0.046647 0
jonklercart
0  -1.443467 -0.389680 3.293320  -0.461506 -0.869038 0.178285  0.417902 0.046647 0
0  -1.385701 -0.338808 3.542240  -0.731351 -0.539289 0.417485  0.433566 0.074042 0
0  -1.480475 -0.338808 3.343119  -0.797523 -0.511209 0.320347  0.410831 0.058020 0
jonklercart
0  -1.480475 -0.338808 3.343119  -0.797523 -0.511209 0.320347  0.410831 0.058020 0
0  -1.397313 -0.269315 3.564532  -0.866249 -0.046424 0.497451  0.425909 0.083566 0
0  -1.494021 -0.269315 3.361346  -0.926866 -0.035452 0.373714  0.404373 0.068288 0
jonklercart
0  -1.451302 -0.408301 3.043804  -0.004198 -0.999984 0.003747  0.400464 0.019196 0
0  -1.443467 -0.389680 3.293320  -0.461506 -0.869038 0.178285  0.417902 0.046647 0
0  -1.508077 -0.389680 3.092494  -0.502787 -0.855455 0.124101  0.393737 0.033352 0
jonklercart
0  -1.508077 -0.389680 3.092494  -0.502787 -0.855455 0.124101  0.393737 0.033352 0
0  -1.480475 -0.338808 3.343119  -0.797523 -0.511209 0.320347  0.410831 0.058020 0
0  -1.549639 -0.338808 3.128138  -0.845811 -0.487116 0.217534  0.387946 0.045504 0
jonklercart
0  -1.549639 -0.338808 3.128138  -0.845811 -0.487116 0.217534  0.387946 0.045504 0
0  -1.494021 -0.269315 3.361346  -0.926866 -0.035452 0.373714  0.404373 0.068288 0
0  -1.564852 -0.269315 3.141184  -0.968092 -0.026806 0.249156  0.382701 0.056373 0
jonklercart
0  -1.485872 -0.408301 2.858409  -0.009177 -0.999939 0.006139  0.374675 0.007968 0
0  -1.508077 -0.389680 3.092494  -0.502787 -0.855455 0.124101  0.393737 0.033352 0
0  -1.546966 -0.389680 2.883938  -0.528597 -0.846564 0.062566  0.369461 0.023229 0
jonklercart
0  -1.546966 -0.389680 2.883938  -0.528597 -0.846564 0.062566  0.369461 0.023229 0
0  -1.549639 -0.338808 3.128138  -0.845811 -0.487116 0.217534  0.387946 0.045504 0
0  -1.591690 -0.338808 2.902627  -0.875327 -0.470973 0.109489  0.365017 0.036083 0
jonklercart
0  -1.591690 -0.338808 2.902627  -0.875327 -0.470973 0.109489  0.365017 0.036083 0
0  -1.564852 -0.269315 3.141184  -0.968092 -0.026806 0.249156  0.382701 0.056373 0
0  -1.608060 -0.269316 2.909467  -0.992023 -0.021264 0.124251  0.361031 0.047453 0
jonklercart
0  -1.498065 -0.408301 2.658933  -0.014371 -0.999890 0.003542  0.346969 0.001482 0
0  -1.546966 -0.389680 2.883938  -0.528597 -0.846564 0.062566  0.369461 0.023229 0
0  -1.560323 -0.389680 2.665416  -0.535609 -0.844460 -0.003132  0.344294 0.015891 0
jonklercart
0  -1.560323 -0.389680 2.665416  -0.535609 -0.844460 -0.003132  0.344294 0.015891 0
0  -1.591690 -0.338808 2.902627  -0.875327 -0.470973 0.109489  0.365017 0.036083 0
0  -1.605899 -0.338808 2.670163  -0.885571 -0.464479 -0.004742  0.341707 0.029007 0
jonklercart
0  -1.605899 -0.338808 2.670163  -0.885571 -0.464479 -0.004742  0.341707 0.029007 0
0  -1.608060 -0.269316 2.909467  -0.992023 -0.021264 0.124251  0.361031 0.047453 0
0  -1.622581 -0.269316 2.671900  -0.999807 -0.018711 -0.006054  0.339569 0.040974 0
jonklercart
0  -0.439649 -0.408301 0.242605  0.005249 -0.998956 0.045390  0.000161 0.234654 0
0  -0.620719 -0.389681 0.145671  -0.072253 -0.934760 -0.347856  0.022002 0.199718 0
0  -0.441354 -0.389681 0.127496  -0.008944 -0.937818 -0.347012  0.013525 0.236412 0
jonklercart
0  -0.441354 -0.389681 0.127496  -0.008944 -0.937818 -0.347012  0.013525 0.236412 0
0  -0.625739 -0.338809 0.061787  -0.150945 -0.650153 -0.744659  0.034653 0.203499 0
0  -0.442602 -0.338809 0.043230  -0.022232 -0.658117 -0.752587  0.026266 0.238224 0
jonklercart
0  -0.442602 -0.338809 0.043230  -0.022232 -0.658117 -0.752587  0.026266 0.238224 0
0  -0.627577 -0.269316 0.031084  -0.196461 -0.099784 -0.975421  0.046504 0.207135 0
0  -0.443059 -0.269316 0.012387  -0.032275 -0.103486 -0.994107  0.038360 0.239949 0
jonklercart
0  -0.613862 -0.408301 0.260258  -0.009840 -0.998800 0.047986  0.008282 0.195711 0
0  -0.793745 -0.389681 0.199153  -0.144154 -0.929923 -0.338325  0.035044 0.164540 0
0  -0.620719 -0.389681 0.145671  -0.072253 -0.934760 -0.347856  0.022002 0.199718 0
jonklercart
0  -0.620719 -0.389681 0.145671  -0.072253 -0.934760 -0.347856  0.022002 0.199718 0
0  -0.803852 -0.338809 0.116842  -0.295515 -0.638095 -0.710989  0.047305 0.170041 0
0  -0.625739 -0.338809 0.061787  -0.150945 -0.650153 -0.744659  0.034653 0.203499 0
jonklercart
0  -0.625739 -0.338809 0.061787  -0.150945 -0.650153 -0.744659  0.034653 0.203499 0
0  -0.807552 -0.269316 0.086714  -0.380249 -0.093326 -0.920164  0.058749 0.175204 0
0  -0.627577 -0.269316 0.031084  -0.196461 -0.099784 -0.975421  0.046504 0.207135 0
jonklercart
0  -0.779939 -0.408301 0.311593  -0.019418 -0.998589 0.049429  0.021693 0.158580 0
0  -0.957628 -0.389681 0.286552  -0.214645 -0.922276 -0.321458  0.052299 0.131944 0
0  -0.793745 -0.389681 0.199153  -0.144154 -0.929923 -0.338325  0.035044 0.164540 0
jonklercart
0  -0.793745 -0.389681 0.199153  -0.144154 -0.929923 -0.338325  0.035044 0.164540 0
0  -0.972945 -0.338809 0.207019  -0.428338 -0.619412 -0.657917  0.063799 0.139041 0
0  -0.803852 -0.338809 0.116842  -0.295515 -0.638095 -0.710989  0.047305 0.170041 0
jonklercart
0  -0.803852 -0.338809 0.116842  -0.295515 -0.638095 -0.710989  0.047305 0.170041 0
0  -0.978551 -0.269316 0.177909  -0.541975 -0.083568 -0.836229  0.074506 0.145622 0
0  -0.807552 -0.269316 0.086714  -0.380249 -0.093326 -0.920164  0.058749 0.175204 0
jonklercart
0  -0.936704 -0.408301 0.395195  -0.028393 -0.998258 0.051723  0.039726 0.124166 0
0  -1.108110 -0.389681 0.405280  -0.283073 -0.911785 -0.297518  0.072898 0.103015 0
0  -0.957628 -0.389681 0.286552  -0.214645 -0.922276 -0.321458  0.052299 0.131944 0
jonklercart
0  -0.957628 -0.389681 0.286552  -0.214645 -0.922276 -0.321458  0.052299 0.131944 0
0  -1.128794 -0.338809 0.329982  -0.546112 -0.595405 -0.589283  0.083368 0.111546 0
0  -0.972945 -0.338809 0.207019  -0.428338 -0.619412 -0.657917  0.063799 0.139041 0
jonklercart
0  -0.972945 -0.338809 0.207019  -0.428338 -0.619412 -0.657917  0.063799 0.139041 0
0  -1.136365 -0.269316 0.302421  -0.675837 -0.071666 -0.733559  0.093086 0.119399 0
0  -0.978551 -0.269316 0.177909  -0.541975 -0.083568 -0.836229  0.074506 0.145622 0
jonklercart
0  -1.079855 -0.408301 0.508138  -0.036321 -0.997837 0.054781  0.061381 0.093574 0
0  -1.241330 -0.389680 0.551772  -0.348288 -0.898797 -0.266193  0.095825 0.078371 0
0  -1.108110 -0.389681 0.405280  -0.283073 -0.911785 -0.297518  0.072898 0.103015 0
jonklercart
0  -1.108110 -0.389681 0.405280  -0.283073 -0.911785 -0.297518  0.072898 0.103015 0
0  -1.267521 -0.338809 0.482530  -0.647281 -0.567741 -0.508622  0.105083 0.088143 0
0  -1.128794 -0.338809 0.329982  -0.546112 -0.595405 -0.589283  0.083368 0.111546 0
jonklercart
0  -1.128794 -0.338809 0.329982  -0.546112 -0.595405 -0.589283  0.083368 0.111546 0
0  -1.277107 -0.269316 0.457185  -0.783562 -0.058927 -0.618512  0.113644 0.097079 0
0  -1.136365 -0.269316 0.302421  -0.675837 -0.071666 -0.733559  0.093086 0.119399 0
jonklercart
0  -1.205553 -0.408301 0.646360  -0.042317 -0.997403 0.058272  0.085557 0.067444 0
0  -1.353979 -0.389681 0.721586  -0.408538 -0.884036 -0.227105  0.120057 0.058175 0
0  -1.241330 -0.389680 0.551772  -0.348288 -0.898797 -0.266193  0.095825 0.078371 0
jonklercart
0  -1.241330 -0.389680 0.551772  -0.348288 -0.898797 -0.266193  0.095825 0.078371 0
0  -1.385701 -0.338809 0.660683  -0.731096 -0.538646 -0.418759  0.128006 0.068977 0
0  -1.267521 -0.338809 0.482530  -0.647281 -0.567741 -0.508622  0.105083 0.088143 0
jonklercart
0  -1.267521 -0.338809 0.482530  -0.647281 -0.567741 -0.508622  0.105083 0.088143 0
0  -1.397313 -0.269316 0.638391  -0.866209 -0.046447 -0.497519  0.135325 0.078790 0
0  -1.277107 -0.269316 0.457185  -0.783562 -0.058927 -0.618512  0.113644 0.097079 0
jonklercart
0  -1.310645 -0.408301 0.804781  -0.045068 -0.997092 0.061454  0.111148 0.045953 0
0  -1.443467 -0.389680 0.909603  -0.461056 -0.868905 -0.180089  0.144740 0.042190 0
0  -1.353979 -0.389681 0.721586  -0.408538 -0.884036 -0.227105  0.120057 0.058175 0
jonklercart
0  -1.353979 -0.389681 0.721586  -0.408538 -0.884036 -0.227105  0.120057 0.058175 0
0  -1.480475 -0.338809 0.859804  -0.797490 -0.510509 -0.321544  0.151357 0.053823 0
0  -1.385701 -0.338809 0.660683  -0.731096 -0.538646 -0.418759  0.128006 0.068977 0
jonklercart
0  -1.385701 -0.338809 0.660683  -0.731096 -0.538646 -0.418759  0.128006 0.068977 0
0  -1.494021 -0.269316 0.841577  -0.926731 -0.035492 -0.374046  0.157420 0.064320 0
0  -1.397313 -0.269316 0.638391  -0.866209 -0.046447 -0.497519  0.135325 0.078790 0
jonklercart
0  -1.392913 -0.408301 0.977629  -0.042481 -0.997163 0.062137  0.137224 0.028847 0
0  -1.508077 -0.389680 1.110428  -0.502822 -0.855231 -0.125499  0.169364 0.029909 0
0  -1.443467 -0.389680 0.909603  -0.461056 -0.868905 -0.180089  0.144740 0.042190 0
jonklercart
0  -1.443467 -0.389680 0.909603  -0.461056 -0.868905 -0.180089  0.144740 0.042190 0
0  -1.549639 -0.338808 1.074785  -0.845951 -0.486503 -0.218363  0.174663 0.042223 0
0  -1.480475 -0.338809 0.859804  -0.797490 -0.510509 -0.321544  0.151357 0.053823 0
jonklercart
0  -1.480475 -0.338809 0.859804  -0.797490 -0.510509 -0.321544  0.151357 0.053823 0
0  -1.564852 -0.269316 1.061738  -0.967953 -0.026859 -0.249692  0.179488 0.053247 0
0  -1.494021 -0.269316 0.841577  -0.926731 -0.035492 -0.374046  0.157420 0.064320 0
jonklercart
0  -1.451302 -0.408301 1.159119  -0.033017 -0.997896 0.055800  0.163247 0.015567 0
0  -1.546966 -0.389680 1.318985  -0.528390 -0.846597 -0.063854  0.193857 0.020788 0
0  -1.508077 -0.389680 1.110428  -0.502822 -0.855231 -0.125499  0.169364 0.029909 0
jonklercart
0  -1.508077 -0.389680 1.110428  -0.502822 -0.855231 -0.125499  0.169364 0.029909 0
0  -1.591690 -0.338808 1.300296  -0.875254 -0.470960 -0.110122  0.197817 0.033681 0
0  -1.549639 -0.338808 1.074785  -0.845951 -0.486503 -0.218363  0.174663 0.042223 0
jonklercart
0  -1.549639 -0.338808 1.074785  -0.845951 -0.486503 -0.218363  0.174663 0.042223 0
0  -1.608060 -0.269316 1.293456  -0.992102 -0.021258 -0.123623  0.201405 0.045115 0
0  -1.564852 -0.269316 1.061738  -0.967953 -0.026859 -0.249692  0.179488 0.053247 0
jonklercart
0  -1.485872 -0.408301 1.344513  -0.018944 -0.999185 0.035633  0.189268 0.005504 0
0  -1.560323 -0.389680 1.537506  -0.534052 -0.845447 0.002742  0.218971 0.014394 0
0  -1.546966 -0.389680 1.318985  -0.528390 -0.846597 -0.063854  0.193857 0.020788 0
jonklercart
0  -1.546966 -0.389680 1.318985  -0.528390 -0.846597 -0.063854  0.193857 0.020788 0
0  -1.605899 -0.338808 1.532760  -0.884617 -0.466296 0.004628  0.221142 0.027379 0
0  -1.591690 -0.338808 1.300296  -0.875254 -0.470960 -0.110122  0.197817 0.033681 0
jonklercart
0  -1.591690 -0.338808 1.300296  -0.875254 -0.470960 -0.110122  0.197817 0.033681 0
0  -1.622581 -0.269316 1.531023  -0.999811 -0.018596 0.005652  0.222958 0.039303 0
0  -1.608060 -0.269316 1.293456  -0.992102 -0.021258 -0.123623  0.201405 0.045115 0
jonklercart
0  1.498065 -0.408301 1.543990  0.014370 -0.999890 -0.003542  0.208996 0.653125 0
0  1.546966 -0.389680 1.318985  0.528388 -0.846625 -0.063501  0.186430 0.631205 0
0  1.560323 -0.389680 1.537506  0.535610 -0.844460 0.003132  0.211705 0.638630 0
jonklercart
0  1.560323 -0.389680 1.537506  0.535610 -0.844460 0.003132  0.211705 0.638630 0
0  1.591690 -0.338808 1.300296  0.875231 -0.471034 -0.109986  0.190926 0.618310 0
0  1.605899 -0.338808 1.532760  0.885572 -0.464478 0.004742  0.214313 0.625449 0
jonklercart
0  1.605899 -0.338808 1.532760  0.885572 -0.464478 0.004742  0.214313 0.625449 0
0  1.608060 -0.269316 1.293456  0.992101 -0.021261 -0.123623  0.194949 0.606913 0
0  1.622581 -0.269316 1.531023  0.999807 -0.018713 0.006059  0.216459 0.613431 0
jonklercart
0  1.485872 -0.408301 1.344513  0.018926 -0.999188 0.035563  0.181141 0.646530 0
0  1.508077 -0.389680 1.110428  0.502754 -0.855296 -0.125324  0.162103 0.620948 0
0  1.546966 -0.389680 1.318985  0.528388 -0.846625 -0.063501  0.186430 0.631205 0
jonklercart
0  1.546966 -0.389680 1.318985  0.528388 -0.846625 -0.063501  0.186430 0.631205 0
0  1.549639 -0.338808 1.074785  0.845936 -0.486569 -0.218272  0.167964 0.608783 0
0  1.591690 -0.338808 1.300296  0.875231 -0.471034 -0.109986  0.190926 0.618310 0
jonklercart
0  1.591690 -0.338808 1.300296  0.875231 -0.471034 -0.109986  0.190926 0.618310 0
0  1.564852 -0.269316 1.061738  0.967954 -0.026817 -0.249693  0.173263 0.597910 0
0  1.608060 -0.269316 1.293456  0.992101 -0.021261 -0.123623  0.194949 0.606913 0
jonklercart
0  1.451302 -0.408301 1.159119  0.032997 -0.997899 0.055759  0.155282 0.635125 0
0  1.443467 -0.389680 0.909603  0.461117 -0.868903 -0.179938  0.137943 0.607489 0
0  1.508077 -0.389680 1.110428  0.502754 -0.855296 -0.125324  0.162103 0.620948 0
jonklercart
0  1.508077 -0.389680 1.110428  0.502754 -0.855296 -0.125324  0.162103 0.620948 0
0  1.480475 -0.338809 0.859804  0.797490 -0.510550 -0.321478  0.145092 0.596130 0
0  1.549639 -0.338808 1.074785  0.845936 -0.486569 -0.218272  0.167964 0.608783 0
jonklercart
0  1.549639 -0.338808 1.074785  0.845936 -0.486569 -0.218272  0.167964 0.608783 0
0  1.494021 -0.269316 0.841577  0.926731 -0.035460 -0.374047  0.151614 0.585878 0
0  1.564852 -0.269316 1.061738  0.967954 -0.026817 -0.249693  0.173263 0.597910 0
jonklercart
0  1.392913 -0.408301 0.977629  0.042433 -0.997170 0.062066  0.129783 0.620505 0
0  1.353979 -0.389681 0.721586  0.408527 -0.884057 -0.227046  0.114012 0.590379 0
0  1.443467 -0.389680 0.909603  0.461117 -0.868903 -0.179938  0.137943 0.607489 0
jonklercart
0  1.443467 -0.389680 0.909603  0.461117 -0.868903 -0.179938  0.137943 0.607489 0
0  1.385701 -0.338809 0.660683  0.731181 -0.538583 -0.418691  0.122416 0.579951 0
0  1.480475 -0.338809 0.859804  0.797490 -0.510550 -0.321478  0.145092 0.596130 0
jonklercart
0  1.480475 -0.338809 0.859804  0.797490 -0.510550 -0.321478  0.145092 0.596130 0
0  1.397313 -0.269316 0.638391  0.866198 -0.046478 -0.497535  0.130140 0.570461 0
0  1.494021 -0.269316 0.841577  0.926731 -0.035460 -0.374047  0.151614 0.585878 0
jonklercart
0  1.310645 -0.408301 0.804781  0.045000 -0.997098 0.061396  0.104570 0.602153 0
0  1.241330 -0.389680 0.551772  0.348305 -0.898779 -0.266233  0.090787 0.569219 0
0  1.353979 -0.389681 0.721586  0.408527 -0.884057 -0.227046  0.114012 0.590379 0
jonklercart
0  1.353979 -0.389681 0.721586  0.408527 -0.884057 -0.227046  0.114012 0.590379 0
0  1.267521 -0.338809 0.482530  0.647211 -0.567776 -0.508673  0.100391 0.559884 0
0  1.385701 -0.338809 0.660683  0.731181 -0.538583 -0.418691  0.122416 0.579951 0
jonklercart
0  1.385701 -0.338809 0.660683  0.731181 -0.538583 -0.418691  0.122416 0.579951 0
0  1.277107 -0.269316 0.457185  0.783564 -0.058869 -0.618516  0.109269 0.551328 0
0  1.397313 -0.269316 0.638391  0.866198 -0.046478 -0.497535  0.130140 0.570461 0
jonklercart
0  1.205553 -0.408301 0.646360  0.042295 -0.997404 0.058279  0.080131 0.579624 0
0  1.108110 -0.389681 0.405280  0.283029 -0.911762 -0.297633  0.069042 0.543869 0
0  1.241330 -0.389680 0.551772  0.348305 -0.898779 -0.266233  0.090787 0.569219 0
jonklercart
0  1.241330 -0.389680 0.551772  0.348305 -0.898779 -0.266233  0.090787 0.569219 0
0  1.128794 -0.338809 0.329982  0.546094 -0.595358 -0.589346  0.079731 0.535796 0
0  1.267521 -0.338809 0.482530  0.647211 -0.567776 -0.508673  0.100391 0.559884 0
jonklercart
0  1.267521 -0.338809 0.482530  0.647211 -0.567776 -0.508673  0.100391 0.559884 0
0  1.136365 -0.269316 0.302421  0.675838 -0.071620 -0.733562  0.089662 0.528345 0
0  1.277107 -0.269316 0.457185  0.783564 -0.058869 -0.618516  0.109269 0.551328 0
jonklercart
0  1.079855 -0.408301 0.508138  0.036283 -0.997841 0.054749  0.057297 0.552770 0
0  0.957628 -0.389681 0.286552  0.214483 -0.922272 -0.321575  0.049673 0.514553 0
0  1.108110 -0.389681 0.405280  0.283029 -0.911762 -0.297633  0.069042 0.543869 0
jonklercart
0  1.108110 -0.389681 0.405280  0.283029 -0.911762 -0.297633  0.069042 0.543869 0
0  0.972945 -0.338809 0.207019  0.428354 -0.619290 -0.658022  0.061270 0.507887 0
0  1.128794 -0.338809 0.329982  0.546094 -0.595358 -0.589346  0.079731 0.535796 0
jonklercart
0  1.128794 -0.338809 0.329982  0.546094 -0.595358 -0.589346  0.079731 0.535796 0
0  0.978551 -0.269316 0.177909  0.541975 -0.083578 -0.836228  0.072088 0.501688 0
0  1.136365 -0.269316 0.302421  0.675838 -0.071620 -0.733562  0.089662 0.528345 0
jonklercart
0  0.936704 -0.408301 0.395195  0.028361 -0.998258 0.051736  0.037025 0.521833 0
0  0.793745 -0.389681 0.199153  0.143913 -0.929924 -0.338422  0.033542 0.481883 0
0  0.957628 -0.389681 0.286552  0.214483 -0.922272 -0.321575  0.049673 0.514553 0
jonklercart
0  0.957628 -0.389681 0.286552  0.214483 -0.922272 -0.321575  0.049673 0.514553 0
0  0.803852 -0.338809 0.116842  0.295381 -0.638095 -0.711045  0.045802 0.476737 0
0  0.972945 -0.338809 0.207019  0.428354 -0.619290 -0.658022  0.061270 0.507887 0
jonklercart
0  0.972945 -0.338809 0.207019  0.428354 -0.619290 -0.658022  0.061270 0.507887 0
0  0.807552 -0.269316 0.086714  0.380247 -0.093380 -0.920159  0.057279 0.471896 0
0  0.978551 -0.269316 0.177909  0.541975 -0.083578 -0.836228  0.072088 0.501688 0
jonklercart
0  0.779939 -0.408301 0.311593  0.019360 -0.998591 0.049405  0.020234 0.487441 0
0  0.620719 -0.389681 0.145671  0.071905 -0.934765 -0.347914  0.021362 0.446860 0
0  0.793745 -0.389681 0.199153  0.143913 -0.929924 -0.338422  0.033542 0.481883 0
jonklercart
0  0.793745 -0.389681 0.199153  0.143913 -0.929924 -0.338422  0.033542 0.481883 0
0  0.625739 -0.338809 0.061787  0.150764 -0.650166 -0.744684  0.033957 0.443324 0
0  0.803852 -0.338809 0.116842  0.295381 -0.638095 -0.711045  0.045802 0.476737 0
jonklercart
0  0.803852 -0.338809 0.116842  0.295381 -0.638095 -0.711045  0.045802 0.476737 0
0  0.627577 -0.269316 0.031084  0.196459 -0.099868 -0.975413  0.045801 0.439915 0
0  0.807552 -0.269316 0.086714  0.380247 -0.093380 -0.920159  0.057279 0.471896 0
jonklercart
0  0.613862 -0.408301 0.260258  0.009809 -0.998801 0.047970  0.007749 0.450599 0
0  0.441354 -0.389681 0.127496  0.008785 -0.937633 -0.347515  0.013389 0.410427 0
0  0.620719 -0.389681 0.145671  0.071905 -0.934765 -0.347914  0.021362 0.446860 0
jonklercart
0  0.620719 -0.389681 0.145671  0.071905 -0.934765 -0.347914  0.021362 0.446860 0
0  0.442602 -0.338809 0.043230  0.022136 -0.657502 -0.753127  0.026020 0.408727 0
0  0.625739 -0.338809 0.061787  0.150764 -0.650166 -0.744684  0.033957 0.443324 0
jonklercart
0  0.625739 -0.338809 0.061787  0.150764 -0.650166 -0.744684  0.033957 0.443324 0
0  0.443059 -0.269316 0.012387  0.031553 -0.103632 -0.994115  0.038134 0.407116 0
0  0.627577 -0.269316 0.031084  0.196459 -0.099868 -0.975413  0.045801 0.439915 0
jonklercart
0  0.439649 -0.408300 3.960318  -0.005249 -0.998956 -0.045389  0.556728 0.418008 0
0  0.620719 -0.389680 4.057252  0.072252 -0.934760 0.347855  0.535020 0.452971 0
0  0.441354 -0.389680 4.075427  0.008944 -0.937817 0.347014  0.543388 0.416283 0
jonklercart
0  0.441354 -0.389680 4.075427  0.008944 -0.937817 0.347014  0.543388 0.416283 0
0  0.625739 -0.338808 4.141136  0.150943 -0.650153 0.744659  0.522357 0.449228 0
0  0.442602 -0.338808 4.159693  0.022232 -0.658117 0.752587  0.530664 0.414496 0
jonklercart
0  0.442602 -0.338808 4.159693  0.022232 -0.658117 0.752587  0.530664 0.414496 0
0  0.627577 -0.269315 4.171839  0.196461 -0.099783 0.975421  0.510489 0.445619 0
0  0.443059 -0.269315 4.190536  0.032277 -0.103485 0.994107  0.518584 0.412789 0
jonklercart
0  0.613862 -0.408300 3.942666  0.009839 -0.998800 -0.047985  0.548751 0.456927 0
0  0.793745 -0.389680 4.003770  0.144154 -0.929922 0.338325  0.522107 0.488230 0
0  0.620719 -0.389680 4.057252  0.072252 -0.934760 0.347855  0.535020 0.452971 0
jonklercart
0  0.620719 -0.389680 4.057252  0.072252 -0.934760 0.347855  0.535020 0.452971 0
0  0.803852 -0.338808 4.086081  0.295489 -0.638135 0.710964  0.509803 0.482768 0
0  0.625739 -0.338808 4.141136  0.150943 -0.650153 0.744659  0.522357 0.449228 0
jonklercart
0  0.625739 -0.338808 4.141136  0.150943 -0.650153 0.744659  0.522357 0.449228 0
0  0.807552 -0.269315 4.116209  0.380250 -0.093326 0.920163  0.498316 0.477635 0
0  0.627577 -0.269315 4.171839  0.196461 -0.099783 0.975421  0.510489 0.445619 0
jonklercart
0  0.779939 -0.408300 3.891330  0.019393 -0.998590 -0.049424  0.535504 0.494136 0
0  0.957628 -0.389680 3.916371  0.214580 -0.922315 0.321389  0.504970 0.520987 0
0  0.793745 -0.389680 4.003770  0.144154 -0.929922 0.338325  0.522107 0.488230 0
jonklercart
0  0.793745 -0.389680 4.003770  0.144154 -0.929922 0.338325  0.522107 0.488230 0
0  0.972945 -0.338808 3.995903  0.428268 -0.619489 0.657890  0.493398 0.513923 0
0  0.803852 -0.338808 4.086081  0.295489 -0.638135 0.710964  0.509803 0.482768 0
jonklercart
0  0.803852 -0.338808 4.086081  0.295489 -0.638135 0.710964  0.509803 0.482768 0
0  0.978551 -0.269315 4.025014  0.541977 -0.083569 0.836228  0.482624 0.507365 0
0  0.807552 -0.269315 4.116209  0.380250 -0.093326 0.920163  0.498316 0.477635 0
jonklercart
0  0.936704 -0.408301 3.807728  0.028442 -0.998256 -0.051731  0.517623 0.528720 0
0  1.108110 -0.389680 3.797643  0.283032 -0.911806 0.297493  0.484450 0.550143 0
0  0.957628 -0.389680 3.916371  0.214580 -0.922315 0.321389  0.504970 0.520987 0
jonklercart
0  0.957628 -0.389680 3.916371  0.214580 -0.922315 0.321389  0.504970 0.520987 0
0  1.128794 -0.338808 3.872941  0.546113 -0.595405 0.589282  0.473886 0.541629 0
0  0.972945 -0.338808 3.995903  0.428268 -0.619489 0.657890  0.493398 0.513923 0
jonklercart
0  0.972945 -0.338808 3.995903  0.428268 -0.619489 0.657890  0.493398 0.513923 0
0  1.136365 -0.269315 3.900502  0.675837 -0.071665 0.733559  0.464083 0.533786 0
0  0.978551 -0.269315 4.025014  0.541977 -0.083569 0.836228  0.482624 0.507365 0
jonklercart
0  1.079855 -0.408301 3.694785  0.036345 -0.997836 -0.054788  0.496076 0.559559 0
0  1.241330 -0.389680 3.651151  0.348334 -0.898776 0.266207  0.461549 0.575052 0
0  1.108110 -0.389680 3.797643  0.283032 -0.911806 0.297493  0.484450 0.550143 0
jonklercart
0  1.108110 -0.389680 3.797643  0.283032 -0.911806 0.297493  0.484450 0.550143 0
0  1.267521 -0.338808 3.720393  0.647281 -0.567741 0.508623  0.452182 0.565275 0
0  1.128794 -0.338808 3.872941  0.546113 -0.595405 0.589282  0.473886 0.541629 0
jonklercart
0  1.128794 -0.338808 3.872941  0.546113 -0.595405 0.589282  0.473886 0.541629 0
0  1.277107 -0.269315 3.745738  0.783562 -0.058926 0.618513  0.443524 0.556331 0
0  1.136365 -0.269315 3.900502  0.675837 -0.071665 0.733559  0.464083 0.533786 0
jonklercart
0  1.205553 -0.408301 3.556563  0.042341 -0.997402 -0.058282  0.471944 0.585980 0
0  1.353979 -0.389680 3.481336  0.408538 -0.884036 0.227105  0.437283 0.595520 0
0  1.241330 -0.389680 3.651151  0.348334 -0.898776 0.266207  0.461549 0.575052 0
jonklercart
0  1.241330 -0.389680 3.651151  0.348334 -0.898776 0.266207  0.461549 0.575052 0
0  1.385701 -0.338808 3.542240  0.731060 -0.538676 0.418782  0.429221 0.584690 0
0  1.267521 -0.338808 3.720393  0.647281 -0.567741 0.508623  0.452182 0.565275 0
jonklercart
0  1.267521 -0.338808 3.720393  0.647281 -0.567741 0.508623  0.452182 0.565275 0
0  1.397313 -0.269315 3.564532  0.866209 -0.046447 0.497519  0.421801 0.574850 0
0  1.277107 -0.269315 3.745738  0.783562 -0.058926 0.618513  0.443524 0.556331 0
jonklercart
0  1.310645 -0.408300 3.398141  0.045045 -0.997094 -0.061441  0.446326 0.607773 0
0  1.443467 -0.389680 3.293320  0.461102 -0.868882 0.180082  0.412513 0.611759 0
0  1.353979 -0.389680 3.481336  0.408538 -0.884036 0.227105  0.437283 0.595520 0
jonklercart
0  1.353979 -0.389680 3.481336  0.408538 -0.884036 0.227105  0.437283 0.595520 0
0  1.480475 -0.338808 3.343119  0.797459 -0.510538 0.321574  0.405787 0.600075 0
0  1.385701 -0.338808 3.542240  0.731060 -0.538676 0.418782  0.429221 0.584690 0
jonklercart
0  1.385701 -0.338808 3.542240  0.731060 -0.538676 0.418782  0.429221 0.584690 0
0  1.494021 -0.269315 3.361346  0.926731 -0.035492 0.374046  0.399629 0.589534 0
0  1.397313 -0.269315 3.564532  0.866209 -0.046447 0.497519  0.421801 0.574850 0
jonklercart
0  1.392913 -0.408301 3.225294  0.042481 -0.997163 -0.062136  0.420160 0.625163 0
0  1.508077 -0.389680 3.092494  0.502779 -0.855254 0.125516  0.387762 0.624258 0
0  1.443467 -0.389680 3.293320  0.461102 -0.868882 0.180082  0.412513 0.611759 0
jonklercart
0  1.443467 -0.389680 3.293320  0.461102 -0.868882 0.180082  0.412513 0.611759 0
0  1.549639 -0.338808 3.128138  0.846004 -0.486441 0.218297  0.382367 0.611875 0
0  1.480475 -0.338808 3.343119  0.797459 -0.510538 0.321574  0.405787 0.600075 0
jonklercart
0  1.480475 -0.338808 3.343119  0.797459 -0.510538 0.321574  0.405787 0.600075 0
0  1.564852 -0.269315 3.141184  0.967953 -0.026859 0.249692  0.377458 0.600793 0
0  1.494021 -0.269315 3.361346  0.926731 -0.035492 0.374046  0.399629 0.589534 0
jonklercart
0  1.451302 -0.408301 3.043804  0.033017 -0.997896 -0.055800  0.393994 0.638689 0
0  1.546966 -0.389680 2.883938  0.528302 -0.846652 0.063852  0.363114 0.633552 0
0  1.508077 -0.389680 3.092494  0.502779 -0.855254 0.125516  0.387762 0.624258 0
jonklercart
0  1.508077 -0.389680 3.092494  0.502779 -0.855254 0.125516  0.387762 0.624258 0
0  1.591690 -0.338808 2.902627  0.875254 -0.470960 0.110122  0.359080 0.620576 0
0  1.549639 -0.338808 3.128138  0.846004 -0.486441 0.218297  0.382367 0.611875 0
jonklercart
0  1.549639 -0.338808 3.128138  0.846004 -0.486441 0.218297  0.382367 0.611875 0
0  1.608060 -0.269316 2.909467  0.992102 -0.021257 0.123623  0.355423 0.609076 0
0  1.564852 -0.269315 3.141184  0.967953 -0.026859 0.249692  0.377458 0.600793 0
jonklercart
0  1.485872 -0.408301 2.858409  0.018965 -0.999183 -0.035681  0.367792 0.648947 0
0  1.560323 -0.389680 2.665416  0.534052 -0.845447 -0.002742  0.337825 0.640066 0
0  1.546966 -0.389680 2.883938  0.528302 -0.846652 0.063852  0.363114 0.633552 0
jonklercart
0  1.546966 -0.389680 2.883938  0.528302 -0.846652 0.063852  0.363114 0.633552 0
0  1.605899 -0.338808 2.670163  0.884617 -0.466296 -0.004628  0.335611 0.626996 0
0  1.591690 -0.338808 2.902627  0.875254 -0.470960 0.110122  0.359080 0.620576 0
jonklercart
0  1.591690 -0.338808 2.902627  0.875254 -0.470960 0.110122  0.359080 0.620576 0
0  1.622581 -0.269316 2.671900  0.999811 -0.018596 -0.005652  0.333756 0.615002 0
0  1.608060 -0.269316 2.909467  0.992102 -0.021257 0.123623  0.355423 0.609076 0
jonklercart
0  -1.622581 -0.269316 2.671900  -0.999807 -0.018711 -0.006054  0.339569 0.040974 0
0  -1.605899 -0.338808 1.532760  -0.884617 -0.466296 0.004628  0.221142 0.027379 0
0  -1.605899 -0.338808 2.670163  -0.885571 -0.464479 -0.004742  0.341707 0.029007 0
jonklercart
0  -1.605899 -0.338808 2.670163  -0.885571 -0.464479 -0.004742  0.341707 0.029007 0
0  -1.560323 -0.389680 1.537506  -0.534052 -0.845447 0.002742  0.218971 0.014394 0
0  -1.560323 -0.389680 2.665416  -0.535609 -0.844460 -0.003132  0.344294 0.015891 0
jonklercart
0  -1.560323 -0.389680 2.665416  -0.535609 -0.844460 -0.003132  0.344294 0.015891 0
0  -1.498065 -0.408301 1.543990  -0.015047 -0.999844 0.009230  0.216842 0.000161 0
0  -1.498065 -0.408301 2.658933  -0.014371 -0.999890 0.003542  0.346969 0.001482 0
jonklercart
0  -0.443059 -0.269316 0.012387  -0.032275 -0.103486 -0.994107  0.038360 0.239949 0
0  0.442602 -0.338809 0.043230  0.022136 -0.657502 -0.753127  0.026020 0.408727 0
0  -0.442602 -0.338809 0.043230  -0.022232 -0.658117 -0.752587  0.026266 0.238224 0
jonklercart
0  -0.442602 -0.338809 0.043230  -0.022232 -0.658117 -0.752587  0.026266 0.238224 0
0  0.441354 -0.389681 0.127496  0.008785 -0.937633 -0.347515  0.013389 0.410427 0
0  -0.441354 -0.389681 0.127496  -0.008944 -0.937818 -0.347012  0.013525 0.236412 0
jonklercart
0  -0.441354 -0.389681 0.127496  -0.008944 -0.937818 -0.347012  0.013525 0.236412 0
0  0.439649 -0.408301 0.242605  0.002205 -0.998953 0.045706  0.000161 0.412051 0
0  -0.439649 -0.408301 0.242605  0.005249 -0.998956 0.045390  0.000161 0.234654 0
jonklercart
0  1.622581 -0.269316 1.531023  0.999807 -0.018713 0.006059  0.216459 0.613431 0
0  1.605899 -0.338808 2.670163  0.884617 -0.466296 -0.004628  0.335611 0.626996 0
0  1.605899 -0.338808 1.532760  0.885572 -0.464478 0.004742  0.214313 0.625449 0
jonklercart
0  1.605899 -0.338808 1.532760  0.885572 -0.464478 0.004742  0.214313 0.625449 0
0  1.560323 -0.389680 2.665416  0.534052 -0.845447 -0.002742  0.337825 0.640066 0
0  1.560323 -0.389680 1.537506  0.535610 -0.844460 0.003132  0.211705 0.638630 0
jonklercart
0  1.560323 -0.389680 1.537506  0.535610 -0.844460 0.003132  0.211705 0.638630 0
0  1.498065 -0.408301 2.658933  0.015053 -0.999844 -0.009280  0.339997 0.654398 0
0  1.498065 -0.408301 1.543990  0.014370 -0.999890 -0.003542  0.208996 0.653125 0
jonklercart
0  0.443059 -0.269315 4.190536  0.032277 -0.103485 0.994107  0.518584 0.412789 0
0  -0.442602 -0.338808 4.159693  -0.022137 -0.657502 0.753127  0.530710 0.244491 0
0  0.442602 -0.338808 4.159693  0.022232 -0.658117 0.752587  0.530664 0.414496 0
jonklercart
0  0.442602 -0.338808 4.159693  0.022232 -0.658117 0.752587  0.530664 0.414496 0
0  -0.441354 -0.389680 4.075427  -0.008784 -0.937633 0.347516  0.543306 0.242765 0
0  0.441354 -0.389680 4.075427  0.008944 -0.937817 0.347014  0.543388 0.416283 0
jonklercart
0  0.441354 -0.389680 4.075427  0.008944 -0.937817 0.347014  0.543388 0.416283 0
0  -0.439649 -0.408300 3.960318  -0.002229 -0.998953 -0.045705  0.556500 0.241115 0
0  0.439649 -0.408300 3.960318  -0.005249 -0.998956 -0.045389  0.556728 0.418008 0
jonklercart
0  -1.485872 -0.408301 2.858409  -0.009177 -0.999939 0.006139  0.632340 0.845655 0
0  -1.498065 -0.408301 2.658933  -0.014371 -0.999890 0.003542  0.630844 0.818148 0
0  -0.439649 -0.408300 3.960318  -0.002229 -0.998953 -0.045705  0.760713 0.997606 0
jonklercart
0  -0.439920 0.408301 3.978577  -0.001117 0.999995 -0.002766  0.412740 0.266484 0
0  -0.621264 0.391158 4.066340  -0.072221 0.934868 0.347571  0.417587 0.241135 0
0  -0.441490 0.391158 4.084557  -0.008973 0.937841 0.346950  0.421082 0.265879 0
jonklercart
0  -0.441490 0.391158 4.084557  -0.008973 0.937841 0.346950  0.421082 0.265879 0
0  -0.625885 0.344320 4.143571  -0.150888 0.650436 0.744423  0.425607 0.239395 0
0  -0.442638 0.344320 4.162139  -0.022201 0.658150 0.752560  0.429596 0.265188 0
jonklercart
0  -0.442638 0.344320 4.162139  -0.022201 0.658150 0.752560  0.429596 0.265188 0
0  -0.627577 0.280340 4.171839  -0.196502 0.097666 0.975627  0.433809 0.237493 0
0  -0.443059 0.280340 4.190535  -0.032278 0.101310 0.994331  0.438321 0.264417 0
jonklercart
0  -0.614950 0.408301 3.960841  -0.012987 0.999916 -0.000083  0.409662 0.242743 0
0  -0.794841 0.391158 4.012687  -0.144045 0.930055 0.338007  0.411266 0.218419 0
0  -0.621264 0.391158 4.066340  -0.072221 0.934868 0.347571  0.417587 0.241135 0
jonklercart
0  -0.621264 0.391158 4.066340  -0.072221 0.934868 0.347571  0.417587 0.241135 0
0  -0.804146 0.344320 4.088470  -0.295468 0.638266 0.710855  0.418738 0.215770 0
0  -0.625885 0.344320 4.143571  -0.150888 0.650436 0.744423  0.425607 0.239395 0
jonklercart
0  -0.625885 0.344320 4.143571  -0.150888 0.650436 0.744423  0.425607 0.239395 0
0  -0.807552 0.280340 4.116209  -0.380322 0.091217 0.920345  0.426347 0.212967 0
0  -0.627577 0.280340 4.171839  -0.196502 0.097666 0.975627  0.433809 0.237493 0
jonklercart
0  -0.782130 0.408301 3.909166  -0.025939 0.999663 -0.000921  0.403847 0.220943 0
0  -0.959287 0.391158 3.924988  -0.214452 0.922436 0.321126  0.402753 0.197922 0
0  -0.794841 0.391158 4.012687  -0.144045 0.930055 0.338007  0.411266 0.218419 0
jonklercart
0  -0.794841 0.391158 4.012687  -0.144045 0.930055 0.338007  0.411266 0.218419 0
0  -0.973389 0.344320 3.998213  -0.428235 0.619635 0.657774  0.409623 0.194493 0
0  -0.804146 0.344320 4.088470  -0.295468 0.638266 0.710855  0.418738 0.215770 0
jonklercart
0  -0.804146 0.344320 4.088470  -0.295468 0.638266 0.710855  0.418738 0.215770 0
0  -0.978551 0.280340 4.025014  -0.542074 0.081416 0.836378  0.416608 0.190908 0
0  -0.807552 0.280340 4.116209  -0.380322 0.091217 0.920345  0.426347 0.212967 0
jonklercart
0  -0.940023 0.408301 3.824961  -0.010443 0.999916 0.007715  0.395907 0.201232 0
0  -1.110351 0.391158 3.805801  -0.282794 0.911980 0.297186  0.392568 0.179942 0
0  -0.959287 0.391158 3.924988  -0.214452 0.922436 0.321126  0.402753 0.197922 0
jonklercart
0  -0.959287 0.391158 3.924988  -0.214452 0.922436 0.321126  0.402753 0.197922 0
0  -1.129394 0.344320 3.875127  -0.546021 0.595611 0.589159  0.398776 0.175818 0
0  -0.973389 0.344320 3.998213  -0.428235 0.619635 0.657774  0.409623 0.194493 0
jonklercart
0  -0.973389 0.344320 3.998213  -0.428235 0.619635 0.657774  0.409623 0.194493 0
0  -1.136365 0.280339 3.900502  -0.675945 0.069525 0.733665  0.405080 0.171530 0
0  -0.978551 0.280340 4.025014  -0.542074 0.081416 0.836378  0.416608 0.190908 0
jonklercart
0  -1.084337 0.408301 3.711101  -0.016828 0.999784 0.012165  0.386358 0.183957 0
0  -1.244168 0.391158 3.658652  -0.347876 0.899058 0.265851  0.381191 0.164664 0
0  -1.110351 0.391158 3.805801  -0.282794 0.911980 0.297186  0.392568 0.179942 0
jonklercart
0  -1.110351 0.391158 3.805801  -0.282794 0.911980 0.297186  0.392568 0.179942 0
0  -1.268281 0.344320 3.722403  -0.647095 0.568046 0.508520  0.386672 0.159917 0
0  -1.129394 0.344320 3.875127  -0.546021 0.595611 0.589159  0.398776 0.175818 0
jonklercart
0  -1.129394 0.344320 3.875127  -0.546021 0.595611 0.589159  0.398776 0.175818 0
0  -1.277107 0.280339 3.745738  -0.783657 0.056790 0.618592  0.392231 0.155000 0
0  -1.136365 0.280339 3.900502  -0.675945 0.069525 0.733665  0.405080 0.171530 0
jonklercart
0  -1.211228 0.408301 3.571567  -0.025974 0.999532 0.016140  0.375685 0.169318 0
0  -1.357415 0.391158 3.487935  -0.407939 0.884396 0.226781  0.369051 0.152144 0
0  -1.244168 0.391158 3.658652  -0.347876 0.899058 0.265851  0.381191 0.164664 0
jonklercart
0  -1.244168 0.391158 3.658652  -0.347876 0.899058 0.265851  0.381191 0.164664 0
0  -1.386622 0.344320 3.544008  -0.730966 0.538929 0.418623  0.373738 0.146836 0
0  -1.268281 0.344320 3.722403  -0.647095 0.568046 0.508520  0.386672 0.159917 0
jonklercart
0  -1.268281 0.344320 3.722403  -0.647095 0.568046 0.508520  0.386672 0.159917 0
0  -1.397313 0.280339 3.564532  -0.866286 0.044372 0.497574  0.378489 0.141357 0
0  -1.277107 0.280339 3.745738  -0.783657 0.056790 0.618592  0.392231 0.155000 0
jonklercart
0  -1.317518 0.408301 3.411339  -0.037343 0.999130 0.018594  0.364321 0.157384 0
0  -1.447477 0.391158 3.298716  -0.460363 0.869331 0.179805  0.356466 0.142319 0
0  -1.357415 0.391158 3.487935  -0.407939 0.884396 0.226781  0.369051 0.152144 0
jonklercart
0  -1.357415 0.391158 3.487935  -0.407939 0.884396 0.226781  0.369051 0.152144 0
0  -1.481550 0.344320 3.344564  -0.797276 0.510901 0.321451  0.360291 0.136497 0
0  -1.386622 0.344320 3.544008  -0.730966 0.538929 0.418623  0.373738 0.146836 0
jonklercart
0  -1.386622 0.344320 3.544008  -0.730966 0.538929 0.418623  0.373738 0.146836 0
0  -1.494021 0.280339 3.361346  -0.926800 0.033372 0.374069  0.364177 0.130509 0
0  -1.397313 0.280339 3.564532  -0.866286 0.044372 0.497574  0.378489 0.141357 0
jonklercart
0  -1.400932 0.408301 3.236084  -0.049877 0.998579 0.018764  0.352598 0.148110 0
0  -1.512580 0.391158 3.096356  -0.501873 0.855814 0.125321  0.343598 0.135048 0
0  -1.447477 0.391158 3.298716  -0.460363 0.869331 0.179805  0.356466 0.142319 0
jonklercart
0  -1.447477 0.391158 3.298716  -0.460363 0.869331 0.179805  0.356466 0.142319 0
0  -1.550845 0.344320 3.129172  -0.845657 0.487018 0.218354  0.346482 0.128734 0
0  -1.481550 0.344320 3.344564  -0.797276 0.510901 0.321451  0.360291 0.136497 0
jonklercart
0  -1.481550 0.344320 3.344564  -0.797276 0.510901 0.321451  0.360291 0.136497 0
0  -1.564852 0.280339 3.141184  -0.968005 0.024695 0.249715  0.349448 0.122272 0
0  -1.494021 0.280339 3.361346  -0.926800 0.033372 0.374069  0.364177 0.130509 0
jonklercart
0  -1.460308 0.408301 3.051528  -0.061584 0.997972 0.016109  0.340701 0.141372 0
0  -1.551811 0.391158 2.885963  -0.527557 0.847118 0.063836  0.330388 0.130180 0
0  -1.512580 0.391158 3.096356  -0.501873 0.855814 0.125321  0.343598 0.135048 0
jonklercart
0  -1.512580 0.391158 3.096356  -0.501873 0.855814 0.125321  0.343598 0.135048 0
0  -1.592988 0.344320 2.903169  -0.875052 0.471336 0.110119  0.332233 0.123348 0
0  -1.550845 0.344320 3.129172  -0.845657 0.487018 0.218354  0.346482 0.128734 0
jonklercart
0  -1.550845 0.344320 3.129172  -0.845657 0.487018 0.218354  0.346482 0.128734 0
0  -1.608060 0.280339 2.909467  -0.992142 0.019246 0.123628  0.334231 0.116441 0
0  -1.564852 0.280339 3.141184  -0.968005 0.024695 0.249715  0.349448 0.122272 0
jonklercart
0  -1.495563 0.408301 2.862459  -0.066885 0.997706 0.010460  0.328631 0.137050 0
0  -1.565261 0.391158 2.665931  -0.533867 0.845564 -0.002663  0.316217 0.127891 0
0  -1.551811 0.391158 2.885963  -0.527557 0.847118 0.063836  0.330388 0.130180 0
jonklercart
0  -1.551811 0.391158 2.885963  -0.527557 0.847118 0.063836  0.330388 0.130180 0
0  -1.607223 0.344320 2.670300  -0.884558 0.466408 -0.004593  0.316985 0.120539 0
0  -1.592988 0.344320 2.903169  -0.875052 0.471336 0.110119  0.332233 0.123348 0
jonklercart
0  -1.592988 0.344320 2.903169  -0.875052 0.471336 0.110119  0.332233 0.123348 0
0  -1.622581 0.280339 2.671900  -0.999848 0.016482 -0.005654  0.317903 0.112905 0
0  -1.608060 0.280339 2.909467  -0.992142 0.019246 0.123628  0.334231 0.116441 0
jonklercart
0  -0.614950 0.408301 0.242081  -0.012986 0.999916 0.000089  0.148305 0.238897 0
0  -0.441490 0.391157 0.118366  -0.008809 0.937657 -0.347452  0.136633 0.261919 0
0  -0.621264 0.391157 0.136582  -0.072615 0.934879 -0.347460  0.140401 0.237208 0
jonklercart
0  -0.621264 0.391157 0.136582  -0.072615 0.934879 -0.347460  0.140401 0.237208 0
0  -0.442638 0.344320 0.040784  -0.022154 0.657534 -0.753099  0.128085 0.261134 0
0  -0.625885 0.344320 0.059352  -0.151143 0.650363 -0.744435  0.132404 0.235380 0
jonklercart
0  -0.625885 0.344320 0.059352  -0.151143 0.650363 -0.744435  0.132404 0.235380 0
0  -0.443059 0.280339 0.012387  -0.031572 0.101412 -0.994343  0.119285 0.260241 0
0  -0.627577 0.280339 0.031084  -0.194822 0.097600 -0.975971  0.124235 0.233379 0
jonklercart
0  -0.782130 0.408301 0.293757  -0.000866 0.999980 -0.006254  0.154335 0.217189 0
0  -0.621264 0.391157 0.136582  -0.072615 0.934879 -0.347460  0.140401 0.237208 0
0  -0.794841 0.391157 0.190236  -0.144842 0.930066 -0.337636  0.146959 0.214595 0
jonklercart
0  -0.794841 0.391157 0.190236  -0.144842 0.930066 -0.337636  0.146959 0.214595 0
0  -0.625885 0.344320 0.059352  -0.151143 0.650363 -0.744435  0.132404 0.235380 0
0  -0.804146 0.344320 0.114452  -0.295896 0.638352 -0.710600  0.139534 0.211872 0
jonklercart
0  -0.804146 0.344320 0.114452  -0.295896 0.638352 -0.710600  0.139534 0.211872 0
0  -0.627577 0.280339 0.031084  -0.194822 0.097600 -0.975971  0.124235 0.233379 0
0  -0.807552 0.280339 0.086714  -0.378602 0.091171 -0.921058  0.131976 0.208991 0
jonklercart
0  -0.940023 0.408301 0.377961  -0.038618 0.999249 0.003249  0.162437 0.197612 0
0  -0.794841 0.391157 0.190236  -0.144842 0.930066 -0.337636  0.146959 0.214595 0
0  -0.959287 0.391157 0.277935  -0.215602 0.922433 -0.320365  0.155654 0.194251 0
jonklercart
0  -0.959287 0.391157 0.277935  -0.215602 0.922433 -0.320365  0.155654 0.194251 0
0  -0.804146 0.344320 0.114452  -0.295896 0.638352 -0.710600  0.139534 0.211872 0
0  -0.973389 0.344320 0.204710  -0.428785 0.619847 -0.657216  0.148851 0.190764 0
jonklercart
0  -0.973389 0.344320 0.204710  -0.428785 0.619847 -0.657216  0.148851 0.190764 0
0  -0.807552 0.280339 0.086714  -0.378602 0.091171 -0.921058  0.131976 0.208991 0
0  -0.978551 0.280339 0.177908  -0.540411 0.081432 -0.837451  0.141938 0.187115 0
jonklercart
0  -1.084337 0.408301 0.491822  -0.050798 0.998688 0.006523  0.172084 0.180529 0
0  -0.959287 0.391157 0.277935  -0.215602 0.922433 -0.320365  0.155654 0.194251 0
0  -1.110351 0.391157 0.397121  -0.284155 0.911955 -0.295962  0.165963 0.176484 0
jonklercart
0  -1.110351 0.391157 0.397121  -0.284155 0.911955 -0.295962  0.165963 0.176484 0
0  -0.973389 0.344320 0.204710  -0.428785 0.619847 -0.657216  0.148851 0.190764 0
0  -1.129394 0.344320 0.327796  -0.546594 0.595952 -0.588283  0.159846 0.172320 0
jonklercart
0  -1.129394 0.344320 0.327796  -0.546594 0.595952 -0.588283  0.159846 0.172320 0
0  -0.978551 0.280339 0.177908  -0.540411 0.081432 -0.837451  0.141938 0.187115 0
0  -1.136365 0.280339 0.302420  -0.675572 0.069526 -0.734009  0.153640 0.167985 0
jonklercart
0  -1.211228 0.408301 0.631356  -0.062045 0.998019 0.010438  0.182794 0.166144 0
0  -1.110351 0.391157 0.397121  -0.284155 0.911955 -0.295962  0.165963 0.176484 0
0  -1.244168 0.391157 0.544270  -0.349241 0.899037 -0.264128  0.177404 0.161480 0
jonklercart
0  -1.244168 0.391157 0.544270  -0.349241 0.899037 -0.264128  0.177404 0.161480 0
0  -1.129394 0.344320 0.327796  -0.546594 0.595952 -0.588283  0.159846 0.172320 0
0  -1.268281 0.344320 0.480520  -0.647617 0.568522 -0.507321  0.172041 0.156712 0
jonklercart
0  -1.268281 0.344320 0.480520  -0.647617 0.568522 -0.507321  0.172041 0.156712 0
0  -1.136365 0.280339 0.302420  -0.675572 0.069526 -0.734009  0.153640 0.167985 0
0  -1.277107 0.280339 0.457185  -0.783541 0.056777 -0.618741  0.166605 0.151765 0
jonklercart
0  -1.317518 0.408301 0.791584  -0.071419 0.997337 0.014773  0.194147 0.154519 0
0  -1.244168 0.391157 0.544270  -0.349241 0.899037 -0.264128  0.177404 0.161480 0
0  -1.357415 0.391157 0.714988  -0.409034 0.884433 -0.224653  0.189559 0.149284 0
jonklercart
0  -1.357415 0.391157 0.714988  -0.409034 0.884433 -0.224653  0.189559 0.149284 0
0  -1.268281 0.344320 0.480520  -0.647617 0.568522 -0.507321  0.172041 0.156712 0
0  -1.386622 0.344320 0.658915  -0.731290 0.539564 -0.417236  0.185013 0.143972 0
jonklercart
0  -1.386622 0.344320 0.658915  -0.731290 0.539564 -0.417236  0.185013 0.143972 0
0  -1.277107 0.280339 0.457185  -0.783541 0.056777 -0.618741  0.166605 0.151765 0
0  -1.397313 0.280339 0.638391  -0.866336 0.044389 -0.497486  0.180404 0.138481 0
jonklercart
0  -1.400932 0.408301 0.966838  -0.077567 0.996817 0.018410  0.205822 0.145590 0
0  -1.357415 0.391157 0.714988  -0.409034 0.884433 -0.224653  0.189559 0.149284 0
0  -1.447477 0.391157 0.904207  -0.461022 0.869440 -0.177572  0.202120 0.139817 0
jonklercart
0  -1.447477 0.391157 0.904207  -0.461022 0.869440 -0.177572  0.202120 0.139817 0
0  -1.386622 0.344320 0.658915  -0.731290 0.539564 -0.417236  0.185013 0.143972 0
0  -1.481550 0.344320 0.858358  -0.797404 0.511559 -0.320084  0.198456 0.134003 0
jonklercart
0  -1.481550 0.344320 0.858358  -0.797404 0.511559 -0.320084  0.198456 0.134003 0
0  -1.397313 0.280339 0.638391  -0.866336 0.044389 -0.497486  0.180404 0.138481 0
0  -1.494021 0.280339 0.841577  -0.926936 0.033422 -0.373727  0.194728 0.128015 0
jonklercart
0  -1.460308 0.408301 1.151395  -0.078951 0.996694 0.019176  0.217645 0.139223 0
0  -1.447477 0.391157 0.904207  -0.461022 0.869440 -0.177572  0.202120 0.139817 0
0  -1.512580 0.391157 1.106567  -0.502065 0.855979 -0.123413  0.214941 0.132929 0
jonklercart
0  -1.512580 0.391157 1.106567  -0.502065 0.855979 -0.123413  0.214941 0.132929 0
0  -1.481550 0.344320 0.858358  -0.797404 0.511559 -0.320084  0.198456 0.134003 0
0  -1.550845 0.344320 1.073750  -0.845633 0.487537 -0.217287  0.212239 0.126630 0
jonklercart
0  -1.550845 0.344320 1.073750  -0.845633 0.487537 -0.217287  0.212239 0.126630 0
0  -1.494021 0.280339 0.841577  -0.926936 0.033422 -0.373727  0.194728 0.128015 0
0  -1.564852 0.280339 1.061738  -0.968150 0.024736 -0.249147  0.209449 0.120171 0
jonklercart
0  -1.495563 0.408301 1.340464  -0.067801 0.997695 -0.002874  0.229614 0.135297 0
0  -1.512580 0.391157 1.106567  -0.502065 0.855979 -0.123413  0.214941 0.132929 0
0  -1.551811 0.391157 1.316960  -0.527780 0.847099 -0.062227  0.228083 0.128475 0
jonklercart
0  -1.551811 0.391157 1.316960  -0.527780 0.847099 -0.062227  0.228083 0.128475 0
0  -1.550845 0.344320 1.073750  -0.845633 0.487537 -0.217287  0.212239 0.126630 0
0  -1.592988 0.344320 1.299754  -0.875013 0.471576 -0.109397  0.226452 0.121669 0
jonklercart
0  -1.592988 0.344320 1.299754  -0.875013 0.471576 -0.109397  0.226452 0.121669 0
0  -1.564852 0.280339 1.061738  -0.968150 0.024736 -0.249147  0.209449 0.120171 0
0  -1.608060 0.280339 1.293456  -0.992064 0.019249 -0.124250  0.224666 0.114765 0
jonklercart
0  -1.507941 0.408301 1.542962  -0.060212 0.998183 0.002453  0.242552 0.133836 0
0  -1.551811 0.391157 1.316960  -0.527780 0.847099 -0.062227  0.228083 0.128475 0
0  -1.565261 0.391157 1.536992  -0.535419 0.844581 0.003078  0.242160 0.126659 0
jonklercart
0  -1.565261 0.391157 1.536992  -0.535419 0.844581 0.003078  0.242160 0.126659 0
0  -1.592988 0.344320 1.299754  -0.875013 0.471576 -0.109397  0.226452 0.121669 0
0  -1.607223 0.344320 1.532622  -0.885511 0.464594 0.004769  0.241647 0.119347 0
jonklercart
0  -1.607223 0.344320 1.532622  -0.885511 0.464594 0.004769  0.241647 0.119347 0
0  -1.608060 0.280339 1.293456  -0.992064 0.019249 -0.124250  0.224666 0.114765 0
0  -1.622581 0.280339 1.531023  -0.999843 0.016638 0.006050  0.241008 0.111802 0
jonklercart
0  1.495563 0.408301 1.340464  0.072921 0.997230 0.014680  0.227404 0.517481 0
0  1.565261 0.391157 1.536992  0.533867 0.845564 0.002663  0.239755 0.526539 0
0  1.551811 0.391157 1.316960  0.527810 0.847079 -0.062240  0.225666 0.524297 0
jonklercart
0  1.551811 0.391157 1.316960  0.527810 0.847079 -0.062240  0.225666 0.524297 0
0  1.607223 0.344320 1.532622  0.884559 0.466407 0.004593  0.239024 0.533879 0
0  1.592988 0.344320 1.299754  0.875036 0.471534 -0.109397  0.223832 0.531092 0
jonklercart
0  1.592988 0.344320 1.299754  0.875036 0.471534 -0.109397  0.223832 0.531092 0
0  1.622581 0.280339 1.531023  0.999848 0.016478 0.005645  0.238131 0.541512 0
0  1.608060 0.280339 1.293456  0.991892 0.019266 -0.125617  0.221836 0.537970 0
jonklercart
0  1.460308 0.408301 1.151395  0.078959 0.996694 0.019169  0.215468 0.513176 0
0  1.551811 0.391157 1.316960  0.527810 0.847079 -0.062240  0.225666 0.524297 0
0  1.512580 0.391157 1.106567  0.502049 0.855989 -0.123407  0.212568 0.519438 0
jonklercart
0  1.512580 0.391157 1.106567  0.502049 0.855989 -0.123407  0.212568 0.519438 0
0  1.592988 0.344320 1.299754  0.875036 0.471534 -0.109397  0.223832 0.531092 0
0  1.550845 0.344320 1.073750  0.845627 0.487545 -0.217288  0.209679 0.525701 0
jonklercart
0  1.550845 0.344320 1.073750  0.845627 0.487545 -0.217288  0.209679 0.525701 0
0  1.608060 0.280339 1.293456  0.991892 0.019266 -0.125617  0.221836 0.537970 0
0  1.564852 0.280339 1.061738  0.967877 0.024758 -0.250201  0.206703 0.532121 0
jonklercart
0  1.400932 0.408301 0.966838  0.049878 0.998579 -0.018765  0.203721 0.506423 0
0  1.512580 0.391157 1.106567  0.502049 0.855989 -0.123407  0.212568 0.519438 0
0  1.447477 0.391157 0.904207  0.461003 0.869453 -0.177559  0.199834 0.512144 0
jonklercart
0  1.447477 0.391157 0.904207  0.461003 0.869453 -0.177559  0.199834 0.512144 0
0  1.550845 0.344320 1.073750  0.845627 0.487545 -0.217288  0.209679 0.525701 0
0  1.481550 0.344320 0.858358  0.797396 0.511570 -0.320086  0.195990 0.517908 0
jonklercart
0  1.481550 0.344320 0.858358  0.797396 0.511570 -0.320086  0.195990 0.517908 0
0  1.564852 0.280339 1.061738  0.967877 0.024758 -0.250201  0.206703 0.532121 0
0  1.494021 0.280339 0.841577  0.926696 0.033429 -0.374321  0.192083 0.523845 0
jonklercart
0  1.317518 0.408301 0.791584  0.071408 0.997337 0.014792  0.192168 0.497093 0
0  1.447477 0.391157 0.904207  0.461003 0.869453 -0.177559  0.199834 0.512144 0
0  1.357415 0.391157 0.714988  0.409046 0.884424 -0.224666  0.187403 0.502261 0
jonklercart
0  1.357415 0.391157 0.714988  0.409046 0.884424 -0.224666  0.187403 0.502261 0
0  1.481550 0.344320 0.858358  0.797396 0.511570 -0.320086  0.195990 0.517908 0
0  1.386622 0.344320 0.658915  0.731310 0.539534 -0.417239  0.182683 0.507507 0
jonklercart
0  1.386622 0.344320 0.658915  0.731310 0.539534 -0.417239  0.182683 0.507507 0
0  1.494021 0.280339 0.841577  0.926696 0.033429 -0.374321  0.192083 0.523845 0
0  1.397313 0.280339 0.638391  0.866296 0.044370 -0.497557  0.177899 0.512931 0
jonklercart
0  1.211228 0.408301 0.631356  0.062042 0.998019 0.010445  0.180983 0.485054 0
0  1.357415 0.391157 0.714988  0.409046 0.884424 -0.224666  0.187403 0.502261 0
0  1.244168 0.391157 0.544270  0.349250 0.899029 -0.264141  0.175427 0.489640 0
jonklercart
0  1.244168 0.391157 0.544270  0.349250 0.899029 -0.264141  0.175427 0.489640 0
0  1.386622 0.344320 0.658915  0.731310 0.539534 -0.417239  0.182683 0.507507 0
0  1.268281 0.344320 0.480520  0.647606 0.568538 -0.507318  0.169901 0.494326 0
jonklercart
0  1.268281 0.344320 0.480520  0.647606 0.568538 -0.507318  0.169901 0.494326 0
0  1.397313 0.280339 0.638391  0.866296 0.044370 -0.497557  0.177899 0.512931 0
0  1.277107 0.280339 0.457185  0.783865 0.056786 -0.618329  0.164299 0.499188 0
jonklercart
0  1.084337 0.408301 0.491822  0.050807 0.998687 0.006491  0.170485 0.470274 0
0  1.244168 0.391157 0.544270  0.349250 0.899029 -0.264141  0.175427 0.489640 0
0  1.110351 0.391157 0.397121  0.284163 0.911947 -0.295978  0.164216 0.474229 0
jonklercart
0  1.110351 0.391157 0.397121  0.284163 0.911947 -0.295978  0.164216 0.474229 0
0  1.268281 0.344320 0.480520  0.647606 0.568538 -0.507318  0.169901 0.494326 0
0  1.129394 0.344320 0.327796  0.546585 0.595966 -0.588277  0.157953 0.478297 0
jonklercart
0  1.129394 0.344320 0.327796  0.546585 0.595966 -0.588277  0.157953 0.478297 0
0  1.277107 0.280339 0.457185  0.783865 0.056786 -0.618329  0.164299 0.499188 0
0  1.136365 0.280339 0.302420  0.676433 0.069517 -0.733216  0.151599 0.482532 0
jonklercart
0  0.940023 0.408301 0.377961  0.038617 0.999249 0.003254  0.161084 0.452831 0
0  1.110351 0.391157 0.397121  0.284163 0.911947 -0.295978  0.164216 0.474229 0
0  0.959287 0.391157 0.277935  0.215610 0.922423 -0.320388  0.154177 0.456093 0
jonklercart
0  0.959287 0.391157 0.277935  0.215610 0.922423 -0.320388  0.154177 0.456093 0
0  1.129394 0.344320 0.327796  0.546585 0.595966 -0.588277  0.157953 0.478297 0
0  0.973389 0.344320 0.204710  0.428821 0.619776 -0.657260  0.147252 0.459475 0
jonklercart
0  0.973389 0.344320 0.204710  0.428821 0.619776 -0.657260  0.147252 0.459475 0
0  1.136365 0.280339 0.302420  0.676433 0.069517 -0.733216  0.151599 0.482532 0
0  0.978551 0.280339 0.177908  0.541936 0.081417 -0.836467  0.140215 0.463014 0
jonklercart
0  0.782130 0.408301 0.293757  0.025939 0.999663 0.000921  0.153263 0.432951 0
0  0.959287 0.391157 0.277935  0.215610 0.922423 -0.320388  0.154177 0.456093 0
0  0.794841 0.391157 0.190236  0.144869 0.930017 -0.337760  0.145786 0.435437 0
jonklercart
0  0.794841 0.391157 0.190236  0.144869 0.930017 -0.337760  0.145786 0.435437 0
0  0.973389 0.344320 0.204710  0.428821 0.619776 -0.657260  0.147252 0.459475 0
0  0.804146 0.344320 0.114452  0.295908 0.638319 -0.710625  0.138261 0.438049 0
jonklercart
0  0.804146 0.344320 0.114452  0.295908 0.638319 -0.710625  0.138261 0.438049 0
0  0.978551 0.280339 0.177908  0.541936 0.081417 -0.836467  0.140215 0.463014 0
0  0.807552 0.280339 0.086714  0.380795 0.091217 -0.920149  0.130603 0.440814 0
jonklercart
0  0.614950 0.408301 0.242081  0.004782 0.999988 -0.000810  0.147541 0.410988 0
0  0.794841 0.391157 0.190236  0.144869 0.930017 -0.337760  0.145786 0.435437 0
0  0.621264 0.391157 0.136582  0.072614 0.934882 -0.347451  0.139561 0.412568 0
jonklercart
0  0.621264 0.391157 0.136582  0.072614 0.934882 -0.347451  0.139561 0.412568 0
0  0.804146 0.344320 0.114452  0.295908 0.638319 -0.710625  0.138261 0.438049 0
0  0.625885 0.344320 0.059352  0.151126 0.650449 -0.744363  0.131491 0.414280 0
jonklercart
0  0.625885 0.344320 0.059352  0.151126 0.650449 -0.744363  0.131491 0.414280 0
0  0.807552 0.280339 0.086714  0.380795 0.091217 -0.920149  0.130603 0.440814 0
0  0.627577 0.280339 0.031084  0.197537 0.097619 -0.975423  0.123243 0.416155 0
jonklercart
0  0.439920 0.408301 0.224346  0.003018 0.999991 0.002813  0.144534 0.387072 0
0  0.621264 0.391157 0.136582  0.072614 0.934882 -0.347451  0.139561 0.412568 0
0  0.441490 0.391157 0.118366  0.008973 0.937840 -0.346951  0.136132 0.387665 0
jonklercart
0  0.441490 0.391157 0.118366  0.008973 0.937840 -0.346951  0.136132 0.387665 0
0  0.625885 0.344320 0.059352  0.151126 0.650449 -0.744363  0.131491 0.414280 0
0  0.442638 0.344320 0.040784  0.022200 0.658153 -0.752556  0.127564 0.388346 0
jonklercart
0  0.442638 0.344320 0.040784  0.022200 0.658153 -0.752556  0.127564 0.388346 0
0  0.627577 0.280339 0.031084  0.197537 0.097619 -0.975423  0.123243 0.416155 0
0  0.443059 0.280339 0.012387  0.032283 0.101313 -0.994331  0.118792 0.389109 0
jonklercart
0  0.614950 0.408301 3.960841  -0.002541 0.999994 0.002294  0.408453 0.413762 0
0  0.441490 0.391158 4.084557  0.008809 0.937657 0.347451  0.420219 0.390761 0
0  0.621264 0.391158 4.066340  0.072615 0.934879 0.347461  0.416371 0.415481 0
jonklercart
0  0.621264 0.391158 4.066340  0.072615 0.934879 0.347461  0.416371 0.415481 0
0  0.442638 0.344320 4.162139  0.022156 0.657530 0.753102  0.428746 0.391574 0
0  0.625885 0.344320 4.143571  0.151135 0.650403 0.744402  0.424379 0.417330 0
jonklercart
0  0.625885 0.344320 4.143571  0.151135 0.650403 0.744402  0.424379 0.417330 0
0  0.443059 0.280340 4.190535  0.031571 0.101409 0.994344  0.437522 0.392485 0
0  0.627577 0.280340 4.171839  0.194818 0.097600 0.975971  0.432560 0.419344 0
jonklercart
0  0.782130 0.408301 3.909166  0.025943 0.999663 -0.000893  0.402334 0.435543 0
0  0.621264 0.391158 4.066340  0.072615 0.934879 0.347461  0.416371 0.415481 0
0  0.794841 0.391158 4.012687  0.144852 0.930048 0.337682  0.409743 0.438164 0
jonklercart
0  0.794841 0.391158 4.012687  0.144852 0.930048 0.337682  0.409743 0.438164 0
0  0.625885 0.344320 4.143571  0.151135 0.650403 0.744402  0.424379 0.417330 0
0  0.804146 0.344320 4.088470  0.295895 0.638354 0.710599  0.417200 0.440909 0
jonklercart
0  0.804146 0.344320 4.088470  0.295895 0.638354 0.710599  0.417200 0.440909 0
0  0.627577 0.280340 4.171839  0.194818 0.097600 0.975971  0.432560 0.419344 0
0  0.807552 0.280340 4.116209  0.378600 0.091173 0.921059  0.424788 0.443805 0
jonklercart
0  0.940023 0.408301 3.824961  0.006530 0.999926 0.010286  0.394147 0.455234 0
0  0.794841 0.391158 4.012687  0.144852 0.930048 0.337682  0.409743 0.438164 0
0  0.959287 0.391158 3.924988  0.215633 0.922395 0.320454  0.400979 0.458624 0
jonklercart
0  0.959287 0.391158 3.924988  0.215633 0.922395 0.320454  0.400979 0.458624 0
0  0.804146 0.344320 4.088470  0.295895 0.638354 0.710599  0.417200 0.440909 0
0  0.973389 0.344320 3.998213  0.428807 0.619806 0.657241  0.407828 0.462132 0
jonklercart
0  0.973389 0.344320 3.998213  0.428807 0.619806 0.657241  0.407828 0.462132 0
0  0.807552 0.280340 4.116209  0.378600 0.091173 0.921059  0.424788 0.443805 0
0  0.978551 0.280340 4.025014  0.540413 0.081432 0.837450  0.414787 0.465799 0
jonklercart
0  1.084337 0.408301 3.711101  0.050798 0.998688 -0.006524  0.384421 0.472463 0
0  0.959287 0.391158 3.924988  0.215633 0.922395 0.320454  0.400979 0.458624 0
0  1.110351 0.391158 3.805801  0.284155 0.911955 0.295962  0.390603 0.476538 0
jonklercart
0  1.110351 0.391158 3.805801  0.284155 0.911955 0.295962  0.390603 0.476538 0
0  0.973389 0.344320 3.998213  0.428807 0.619806 0.657241  0.407828 0.462132 0
0  1.129394 0.344320 3.875127  0.546619 0.595909 0.588302  0.396777 0.480725 0
jonklercart
0  1.129394 0.344320 3.875127  0.546619 0.595909 0.588302  0.396777 0.480725 0
0  0.978551 0.280340 4.025014  0.540413 0.081432 0.837450  0.414787 0.465799 0
0  1.136365 0.280339 3.900502  0.675572 0.069526 0.734009  0.403042 0.485081 0
jonklercart
0  1.211228 0.408301 3.571567  0.062045 0.998019 -0.010439  0.373635 0.487019 0
0  1.110351 0.391158 3.805801  0.284155 0.911955 0.295962  0.390603 0.476538 0
0  1.244168 0.391158 3.658652  0.349240 0.899037 0.264128  0.379095 0.491712 0
jonklercart
0  1.244168 0.391158 3.658652  0.349240 0.899037 0.264128  0.379095 0.491712 0
0  1.129394 0.344320 3.875127  0.546619 0.595909 0.588302  0.396777 0.480725 0
0  1.268281 0.344320 3.722403  0.647617 0.568521 0.507322  0.384525 0.496506 0
jonklercart
0  1.268281 0.344320 3.722403  0.647617 0.568521 0.507322  0.384525 0.496506 0
0  1.136365 0.280339 3.900502  0.675572 0.069526 0.734009  0.403042 0.485081 0
0  1.277107 0.280339 3.745738  0.783541 0.056775 0.618741  0.390027 0.501475 0
jonklercart
0  1.317518 0.408301 3.411339  0.071419 0.997337 -0.014773  0.362213 0.498821 0
0  1.244168 0.391158 3.658652  0.349240 0.899037 0.264128  0.379095 0.491712 0
0  1.357415 0.391158 3.487935  0.409034 0.884433 0.224654  0.366875 0.504085 0
jonklercart
0  1.357415 0.391158 3.487935  0.409034 0.884433 0.224654  0.366875 0.504085 0
0  1.268281 0.344320 3.722403  0.647617 0.568521 0.507322  0.384525 0.496506 0
0  1.386622 0.344320 3.544008  0.731320 0.539522 0.417238  0.371492 0.509425 0
jonklercart
0  1.386622 0.344320 3.544008  0.731320 0.539522 0.417238  0.371492 0.509425 0
0  1.277107 0.280339 3.745738  0.783541 0.056775 0.618741  0.390027 0.501475 0
0  1.397313 0.280339 3.564532  0.866336 0.044390 0.497486  0.376169 0.514942 0
jonklercart
0  1.400932 0.408301 3.236084  0.077566 0.996817 -0.018411  0.350471 0.507918 0
0  1.357415 0.391158 3.487935  0.409034 0.884433 0.224654  0.366875 0.504085 0
0  1.447477 0.391158 3.298716  0.461023 0.869440 0.177572  0.354247 0.513722 0
jonklercart
0  1.447477 0.391158 3.298716  0.461023 0.869440 0.177572  0.354247 0.513722 0
0  1.386622 0.344320 3.544008  0.731320 0.539522 0.417238  0.371492 0.509425 0
0  1.481550 0.344320 3.344564  0.797375 0.511601 0.320089  0.357981 0.519567 0
jonklercart
0  1.481550 0.344320 3.344564  0.797375 0.511601 0.320089  0.357981 0.519567 0
0  1.397313 0.280339 3.564532  0.866336 0.044390 0.497486  0.376169 0.514942 0
0  1.494021 0.280339 3.361346  0.926937 0.033423 0.373726  0.361778 0.525584 0
jonklercart
0  1.460308 0.408301 3.051528  0.078952 0.996694 -0.019176  0.338581 0.514441 0
0  1.447477 0.391158 3.298716  0.461023 0.869440 0.177572  0.354247 0.513722 0
0  1.512580 0.391158 3.096356  0.502106 0.855952 0.123429  0.341357 0.520767 0
jonklercart
0  1.512580 0.391158 3.096356  0.502106 0.855952 0.123429  0.341357 0.520767 0
0  1.481550 0.344320 3.344564  0.797375 0.511601 0.320089  0.357981 0.519567 0
0  1.550845 0.344320 3.129172  0.845605 0.487580 0.217298  0.344126 0.527098 0
jonklercart
0  1.550845 0.344320 3.129172  0.845605 0.487580 0.217298  0.344126 0.527098 0
0  1.494021 0.280339 3.361346  0.926937 0.033423 0.373726  0.361778 0.525584 0
0  1.564852 0.280339 3.141184  0.968150 0.024736 0.249147  0.346981 0.533590 0
jonklercart
0  1.495563 0.408301 2.862459  0.067801 0.997695 0.002873  0.326545 0.518507 0
0  1.512580 0.391158 3.096356  0.502106 0.855952 0.123429  0.341357 0.520767 0
0  1.551811 0.391158 2.885963  0.527780 0.847098 0.062227  0.328144 0.525362 0
jonklercart
0  1.551811 0.391158 2.885963  0.527780 0.847098 0.062227  0.328144 0.525362 0
0  1.550845 0.344320 3.129172  0.845605 0.487580 0.217298  0.344126 0.527098 0
0  1.592988 0.344320 2.903169  0.875038 0.471530 0.109397  0.329838 0.532200 0
jonklercart
0  1.592988 0.344320 2.903169  0.875038 0.471530 0.109397  0.329838 0.532200 0
0  1.564852 0.280339 3.141184  0.968150 0.024736 0.249147  0.346981 0.533590 0
0  1.608060 0.280339 2.909467  0.992065 0.019199 0.124251  0.331681 0.539137 0
jonklercart
0  1.507941 0.408301 2.659961  0.060638 0.998137 -0.006680  0.313545 0.520105 0
0  1.551811 0.391158 2.885963  0.527780 0.847098 0.062227  0.328144 0.525362 0
0  1.565261 0.391158 2.665931  0.535419 0.844581 -0.003078  0.314001 0.527306 0
jonklercart
0  1.565261 0.391158 2.665931  0.535419 0.844581 -0.003078  0.314001 0.527306 0
0  1.592988 0.344320 2.903169  0.875038 0.471530 0.109397  0.329838 0.532200 0
0  1.607223 0.344320 2.670300  0.885511 0.464594 -0.004769  0.314571 0.534643 0
jonklercart
0  1.607223 0.344320 2.670300  0.885511 0.464594 -0.004769  0.314571 0.534643 0
0  1.608060 0.280339 2.909467  0.992065 0.019199 0.124251  0.331681 0.539137 0
0  1.622581 0.280339 2.671900  0.999843 0.016638 -0.006050  0.315262 0.542216 0
jonklercart
0  -1.507941 0.408301 2.659961  -0.060619 0.998139 -0.006682  0.315556 0.135110 0
0  -1.565261 0.391157 1.536992  -0.535419 0.844581 0.003078  0.242160 0.126659 0
0  -1.565261 0.391158 2.665931  -0.533867 0.845564 -0.002663  0.316217 0.127891 0
jonklercart
0  -1.565261 0.391158 2.665931  -0.533867 0.845564 -0.002663  0.316217 0.127891 0
0  -1.607223 0.344320 1.532622  -0.885511 0.464594 0.004769  0.241647 0.119347 0
0  -1.607223 0.344320 2.670300  -0.884558 0.466408 -0.004593  0.316985 0.120539 0
jonklercart
0  -1.607223 0.344320 2.670300  -0.884558 0.466408 -0.004593  0.316985 0.120539 0
0  -1.622581 0.280339 1.531023  -0.999843 0.016638 0.006050  0.241008 0.111802 0
0  -1.622581 0.280339 2.671900  -0.999848 0.016482 -0.005654  0.317903 0.112905 0
jonklercart
0  0.439920 0.408301 3.978577  -0.002845 0.999993 -0.002541  0.411869 0.390042 0
0  -0.441490 0.391158 4.084557  -0.008973 0.937841 0.346950  0.421082 0.265879 0
0  0.441490 0.391158 4.084557  0.008809 0.937657 0.347451  0.420219 0.390761 0
jonklercart
0  0.441490 0.391158 4.084557  0.008809 0.937657 0.347451  0.420219 0.390761 0
0  -0.442638 0.344320 4.162139  -0.022201 0.658150 0.752560  0.429596 0.265188 0
0  0.442638 0.344320 4.162139  0.022156 0.657530 0.753102  0.428746 0.391574 0
jonklercart
0  0.442638 0.344320 4.162139  0.022156 0.657530 0.753102  0.428746 0.391574 0
0  -0.443059 0.280340 4.190535  -0.032278 0.101310 0.994331  0.438321 0.264417 0
0  0.443059 0.280340 4.190535  0.031571 0.101409 0.994344  0.437522 0.392485 0
jonklercart
0  1.622581 0.280339 2.671900  0.999843 0.016638 -0.006050  0.315262 0.542216 0
0  1.607223 0.344320 1.532622  0.884559 0.466407 0.004593  0.239024 0.533879 0
0  1.607223 0.344320 2.670300  0.885511 0.464594 -0.004769  0.314571 0.534643 0
jonklercart
0  1.607223 0.344320 2.670300  0.885511 0.464594 -0.004769  0.314571 0.534643 0
0  1.565261 0.391157 1.536992  0.533867 0.845564 0.002663  0.239755 0.526539 0
0  1.565261 0.391158 2.665931  0.535419 0.844581 -0.003078  0.314001 0.527306 0
jonklercart
0  1.565261 0.391158 2.665931  0.535419 0.844581 -0.003078  0.314001 0.527306 0
0  1.507941 0.408301 1.542962  0.059962 0.998199 -0.002017  0.240364 0.519345 0
0  1.507941 0.408301 2.659961  0.060638 0.998137 -0.006680  0.313545 0.520105 0
jonklercart
0  0.443059 0.280339 0.012387  0.032283 0.101313 -0.994331  0.118792 0.389109 0
0  -0.442638 0.344320 0.040784  -0.022154 0.657534 -0.753099  0.128085 0.261134 0
0  0.442638 0.344320 0.040784  0.022200 0.658153 -0.752556  0.127564 0.388346 0
jonklercart
0  0.442638 0.344320 0.040784  0.022200 0.658153 -0.752556  0.127564 0.388346 0
0  -0.441490 0.391157 0.118366  -0.008809 0.937657 -0.347452  0.136633 0.261919 0
0  0.441490 0.391157 0.118366  0.008973 0.937840 -0.346951  0.136132 0.387665 0
jonklercart
0  0.441490 0.391157 0.118366  0.008973 0.937840 -0.346951  0.136132 0.387665 0
0  -0.439920 0.408301 0.224346  0.002845 0.999993 0.002539  0.145001 0.262598 0
0  0.439920 0.408301 0.224346  0.003018 0.999991 0.002813  0.144534 0.387072 0
jonklercart
0  -0.432234 0.408301 3.459578  -0.051431 0.985134 0.163909  0.374095 0.269115 0
0  -0.614950 0.408301 3.960841  -0.012987 0.999916 -0.000083  0.409662 0.242743 0
0  -0.439920 0.408301 3.978577  -0.001117 0.999995 -0.002766  0.412740 0.266484 0
jonklercart
0  0.000000 0.388502 0.232490  -0.000000 0.000000 -1.000000  0.718736 0.022897 0
0  0.046837 0.434162 0.237103  0.009016 0.999008 -0.043614  0.711263 0.029422 0
0  0.046837 0.388502 0.237103  0.194604 0.000000 -0.980882  0.710906 0.022898 0
jonklercart
0  0.046837 0.388502 0.237103  0.194604 0.000000 -0.980882  0.710906 0.022898 0
0  0.091874 0.434162 0.250765  0.016485 0.999106 -0.038924  0.704475 0.030242 0
0  0.091874 0.388502 0.250765  0.381251 0.000000 -0.924471  0.703296 0.023785 0
jonklercart
0  0.091874 0.388502 0.250765  0.381251 0.000000 -0.924471  0.703296 0.023785 0
0  0.133381 0.434162 0.272951  0.021488 0.999256 -0.032038  0.698212 0.031822 0
0  0.133381 0.388502 0.272951  0.553322 0.000000 -0.832967  0.696131 0.025551 0
jonklercart
0  0.133381 0.388502 0.272951  0.553322 0.000000 -0.832967  0.696131 0.025551 0
0  0.169762 0.434162 0.302808  0.023937 0.999438 -0.023459  0.692770 0.034069 0
0  0.169762 0.388502 0.302808  0.703992 0.000000 -0.710208  0.689671 0.028189 0
jonklercart
0  0.169762 0.388502 0.302808  0.703992 0.000000 -0.710208  0.689671 0.028189 0
0  0.199619 0.434162 0.339189  0.022949 0.999628 -0.014762  0.688373 0.036804 0
0  0.199619 0.388502 0.339189  0.827843 0.000000 -0.560959  0.684197 0.031645 0
jonklercart
0  0.199619 0.388502 0.339189  0.827843 0.000000 -0.560959  0.684197 0.031645 0
0  0.221804 0.434162 0.380695  0.019162 0.999788 -0.007567  0.685157 0.039795 0
0  0.221804 0.388502 0.380695  0.920731 -0.000000 -0.390197  0.679982 0.035776 0
jonklercart
0  0.221804 0.388502 0.380695  0.920731 -0.000000 -0.390197  0.679982 0.035776 0
0  0.235466 0.434162 0.425732  0.014876 0.999885 -0.002890  0.683161 0.042858 0
0  0.235466 0.388502 0.425732  0.979477 -0.000000 -0.201556  0.677206 0.040370 0
jonklercart
0  0.235466 0.388502 0.425732  0.979477 -0.000000 -0.201556  0.677206 0.040370 0
0  0.240079 0.434162 0.472570  0.012920 0.999916 -0.000484  0.682379 0.045969 0
0  0.240079 0.388502 0.472570  1.000000 -0.000000 0.000000  0.675930 0.045271 0
jonklercart
0  0.240079 0.388502 0.472570  1.000000 -0.000000 0.000000  0.675930 0.045271 0
0  0.235466 0.434162 0.519407  0.014832 0.999885 0.003018  0.682793 0.049167 0
0  0.235466 0.388502 0.519407  0.979487 -0.000004 0.201506  0.676211 0.050411 0
jonklercart
0  0.235466 0.388502 0.519407  0.979487 -0.000004 0.201506  0.676211 0.050411 0
0  0.221804 0.434162 0.564444  0.019033 0.999787 0.007957  0.684367 0.052551 0
0  0.221804 0.388502 0.564444  0.920751 -0.000010 0.390151  0.678176 0.055648 0
jonklercart
0  0.221804 0.388502 0.564444  0.920751 -0.000010 0.390151  0.678176 0.055648 0
0  0.199619 0.434162 0.605951  0.022572 0.999628 0.015325  0.687141 0.056089 0
0  0.199619 0.388502 0.605951  0.827843 0.000001 0.560960  0.681829 0.060645 0
jonklercart
0  0.199619 0.388502 0.605951  0.827843 0.000001 0.560960  0.681829 0.060645 0
0  0.169762 0.434162 0.642331  0.023555 0.999438 0.023839  0.691140 0.059538 0
0  0.169762 0.388502 0.642331  0.703956 0.000001 0.710243  0.686939 0.065049 0
jonklercart
0  0.169762 0.388502 0.642331  0.703956 0.000001 0.710243  0.686939 0.065049 0
0  0.133381 0.434162 0.672188  0.021377 0.999256 0.032112  0.696263 0.062597 0
0  0.133381 0.388502 0.672189  0.553324 0.000001 0.832966  0.693165 0.068651 0
jonklercart
0  0.133381 0.388502 0.672189  0.553324 0.000001 0.832966  0.693165 0.068651 0
0  0.091874 0.434162 0.694374  0.015635 0.999104 0.039318  0.702293 0.065029 0
0  0.091874 0.388502 0.694374  0.381248 0.000000 0.924473  0.700192 0.071371 0
jonklercart
0  0.091874 0.388502 0.694374  0.381248 0.000000 0.924473  0.700192 0.071371 0
0  0.046837 0.434162 0.708036  0.008481 0.999010 0.043664  0.708977 0.066692 0
0  0.046837 0.388502 0.708036  0.194744 0.000001 0.980854  0.707751 0.073176 0
jonklercart
0  0.046837 0.388502 0.708036  0.194744 0.000001 0.980854  0.707751 0.073176 0
0  0.000000 0.434162 0.712649  -0.000334 0.998976 0.045244  0.715994 0.067539 0
0  0.000000 0.388502 0.712649  -0.000000 0.000002 1.000000  0.715569 0.074073 0
jonklercart
0  0.000000 0.388502 0.712649  -0.000000 0.000002 1.000000  0.715569 0.074073 0
0  -0.046837 0.434162 0.708036  -0.008875 0.999010 0.043591  0.723043 0.067548 0
0  -0.046837 0.388502 0.708036  -0.194355 -0.000000 0.980931  0.723400 0.074073 0
jonklercart
0  -0.046837 0.388502 0.708036  -0.194355 -0.000000 0.980931  0.723400 0.074073 0
0  -0.091874 0.434162 0.694374  -0.016376 0.999105 0.039007  0.729832 0.066727 0
0  -0.091874 0.388502 0.694374  -0.381293 0.000002 0.924454  0.731011 0.073185 0
jonklercart
0  -0.091874 0.388502 0.694374  -0.381293 0.000002 0.924454  0.731011 0.073185 0
0  -0.133381 0.434162 0.672188  -0.021489 0.999256 0.032037  0.736095 0.065146 0
0  -0.133381 0.388502 0.672189  -0.553240 0.000001 0.833022  0.738178 0.071419 0
jonklercart
0  -0.133381 0.388502 0.672189  -0.553240 0.000001 0.833022  0.738178 0.071419 0
0  -0.169762 0.434162 0.642331  -0.023841 0.999438 0.023552  0.741537 0.062897 0
0  -0.169762 0.388502 0.642331  -0.703955 0.000002 0.710244  0.744641 0.068779 0
jonklercart
0  -0.169762 0.388502 0.642331  -0.703955 0.000002 0.710244  0.744641 0.068779 0
0  -0.199619 0.434162 0.605951  -0.022723 0.999628 0.015099  0.745934 0.060159 0
0  -0.199619 0.388502 0.605951  -0.827870 0.000001 0.560920  0.750119 0.065317 0
jonklercart
0  -0.199619 0.388502 0.605951  -0.827870 0.000001 0.560920  0.750119 0.065317 0
0  -0.221804 0.434162 0.564444  -0.019087 0.999787 0.007831  0.749149 0.057168 0
0  -0.221804 0.388502 0.564444  -0.920731 0.000000 0.390197  0.754335 0.061175 0
jonklercart
0  -0.221804 0.388502 0.564444  -0.920731 0.000000 0.390197  0.754335 0.061175 0
0  -0.235466 0.434162 0.519407  -0.014859 0.999885 0.002883  0.751116 0.054068 0
0  -0.235466 0.388502 0.519407  -0.979487 0.000001 0.201506  0.757100 0.056563 0
jonklercart
0  -0.235466 0.388502 0.519407  -0.979487 0.000001 0.201506  0.757100 0.056563 0
0  -0.240079 0.434162 0.472570  -0.012920 0.999917 -0.000070  0.751935 0.050951 0
0  -0.240079 0.388502 0.472570  -1.000000 0.000000 0.000000  0.758381 0.051664 0
jonklercart
0  -0.240079 0.388502 0.472570  -1.000000 0.000000 0.000000  0.758381 0.051664 0
0  -0.235466 0.434162 0.425732  -0.014741 0.999885 -0.003565  0.751556 0.047755 0
0  -0.235466 0.388502 0.425732  -0.979477 0.000000 -0.201556  0.758112 0.046524 0
jonklercart
0  -0.235466 0.388502 0.425732  -0.979477 0.000000 -0.201556  0.758112 0.046524 0
0  -0.221804 0.434162 0.380695  -0.018887 0.999788 -0.008194  0.749947 0.044414 0
0  -0.221804 0.388502 0.380695  -0.920731 -0.000000 -0.390197  0.756134 0.041292 0
jonklercart
0  -0.221804 0.388502 0.380695  -0.920731 -0.000000 -0.390197  0.756134 0.041292 0
0  -0.199619 0.434162 0.339189  -0.022420 0.999628 -0.015553  0.747168 0.040873 0
0  -0.199619 0.388502 0.339189  -0.827844 0.000002 -0.560959  0.752471 0.036309 0
jonklercart
0  -0.199619 0.388502 0.339189  -0.827844 0.000002 -0.560959  0.752471 0.036309 0
0  -0.169762 0.434162 0.302808  -0.023363 0.999438 -0.024032  0.743166 0.037426 0
0  -0.169762 0.388502 0.302808  -0.703957 0.000000 -0.710243  0.747361 0.031914 0
jonklercart
0  -0.169762 0.388502 0.302808  -0.703957 0.000000 -0.710243  0.747361 0.031914 0
0  -0.133381 0.434162 0.272951  -0.021377 0.999256 -0.032113  0.738042 0.034370 0
0  -0.133381 0.388502 0.272951  -0.553198 -0.000000 -0.833050  0.741137 0.028316 0
jonklercart
0  -0.133381 0.388502 0.272951  -0.553198 -0.000000 -0.833050  0.741137 0.028316 0
0  -0.091874 0.434162 0.250765  -0.016124 0.999105 -0.039102  0.732012 0.031940 0
0  -0.091874 0.388502 0.250765  -0.381205 -0.000001 -0.924491  0.734112 0.025599 0
jonklercart
0  -0.091874 0.434162 0.694374  -0.016376 0.999105 0.039007  0.729832 0.066727 0
0  0.221804 0.434162 0.564444  0.019033 0.999787 0.007957  0.684367 0.052551 0
0  0.091874 0.434162 0.250765  0.016485 0.999106 -0.038924  0.704475 0.030242 0
jonklercart
0  -0.091874 0.388502 0.250765  -0.381205 -0.000001 -0.924491  0.734112 0.025599 0
0  -0.046837 0.434162 0.237103  0.011390 0.998790 -0.047832  0.725328 0.030277 0
0  -0.046837 0.388502 0.237103  -0.194506 -0.000000 -0.980901  0.726553 0.023794 0
jonklercart
0  -0.046837 0.388502 0.237103  -0.194506 -0.000000 -0.980901  0.726553 0.023794 0
0  0.000000 0.434162 0.232490  -0.021153 0.998741 -0.045489  0.718312 0.029431 0
0  0.000000 0.388502 0.232490  -0.000000 0.000000 -1.000000  0.718736 0.022897 0
jonklercart
0  -1.227235 0.408301 2.630726  0.026555 0.999584 -0.011209  0.313092 0.169596 0
0  -1.227235 0.408301 1.572197  0.009650 0.989227 0.146074  0.243558 0.167433 0
0  -1.507941 0.408301 1.542962  -0.060212 0.998183 0.002453  0.242552 0.133836 0
jonklercart
0  0.719883 0.408301 3.402205  0.042056 0.998568 0.033070  0.367100 0.424229 0
0  0.584031 0.408301 3.444196  0.231435 0.971158 0.057359  0.371208 0.406703 0
0  0.614950 0.408301 3.960841  -0.002541 0.999994 0.002294  0.408453 0.413762 0
jonklercart
0  1.195840 0.408301 2.627456  0.082545 0.996533 0.010426  0.853685 0.468311 0
0  1.195840 0.408301 1.575467  0.088746 0.996038 0.005723  0.704935 0.468311 0
0  -1.195840 0.408301 1.575467  0.019888 0.999744 -0.010833  0.704935 0.107276 0
jonklercart
0  1.195840 0.408301 1.575467  0.088746 0.996038 0.005723  0.704935 0.468311 0
0  1.189298 0.408301 1.468440  0.104721 0.994492 0.004288  0.689802 0.467323 0
0  1.147503 0.408301 1.307856  0.027535 0.999605 0.005656  0.667096 0.461014 0
jonklercart
0  -0.431374 0.408301 0.801391  -0.003859 0.989239 0.146255  0.595482 0.222675 0
0  1.195840 0.408301 1.575467  0.088746 0.996038 0.005723  0.704935 0.468311 0
0  0.431374 0.408301 0.801391  -0.017979 0.987161 0.158713  0.595482 0.352911 0
jonklercart
0  1.189298 0.408301 1.468440  0.104721 0.994492 0.004288  0.689802 0.467323 0
0  1.175693 0.408301 1.395481  0.075940 0.997111 -0.001936  0.679485 0.465270 0
0  1.147503 0.408301 1.307856  0.027535 0.999605 0.005656  0.667096 0.461014 0
jonklercart
0  1.147503 0.408301 1.307856  0.027535 0.999605 0.005656  0.667096 0.461014 0
0  1.100282 0.408301 1.208644  -0.027222 0.999183 0.029890  0.653067 0.453886 0
0  1.195840 0.408301 1.575467  0.088746 0.996038 0.005723  0.704935 0.468311 0
jonklercart
0  1.100282 0.408301 1.208644  -0.027222 0.999183 0.029890  0.653067 0.453886 0
0  1.031876 0.408301 1.105524  -0.071973 0.995139 0.067225  0.638486 0.443560 0
0  1.195840 0.408301 1.575467  0.088746 0.996038 0.005723  0.704935 0.468311 0
jonklercart
0  1.031876 0.408301 1.105524  -0.071973 0.995139 0.067225  0.638486 0.443560 0
0  0.942693 0.408301 1.007456  -0.096448 0.989347 0.109040  0.624619 0.430097 0
0  0.431374 0.408301 0.801391  -0.017979 0.987161 0.158713  0.595482 0.352911 0
jonklercart
0  0.942693 0.408301 1.007456  -0.096448 0.989347 0.109040  0.624619 0.430097 0
0  0.835134 0.408301 0.922594  -0.098269 0.984330 0.146414  0.612620 0.413861 0
0  0.431374 0.408301 0.801391  -0.017979 0.987161 0.158713  0.595482 0.352911 0
jonklercart
0  0.835134 0.408301 0.922594  -0.098269 0.984330 0.146414  0.612620 0.413861 0
0  0.712921 0.408301 0.857418  -0.080819 0.981817 0.171768  0.603404 0.395412 0
0  0.431374 0.408301 0.801391  -0.017979 0.987161 0.158713  0.595482 0.352911 0
jonklercart
0  0.712921 0.408301 0.857418  -0.080819 0.981817 0.171768  0.603404 0.395412 0
0  0.580573 0.408301 0.816509  -0.051745 0.982351 0.179747  0.597620 0.375433 0
0  0.431374 0.408301 0.801391  -0.017979 0.987161 0.158713  0.595482 0.352911 0
jonklercart
0  -0.431374 0.408301 0.801391  -0.003859 0.989239 0.146255  0.595482 0.222675 0
0  -0.580573 0.408301 0.816509  0.003836 0.990424 0.138008  0.597620 0.200153 0
0  -0.712921 0.408301 0.857418  0.014613 0.995256 0.096187  0.603405 0.180175 0
jonklercart
0  -0.712921 0.408301 0.857418  0.014613 0.995256 0.096187  0.603405 0.180175 0
0  -0.835134 0.408301 0.922594  0.010546 0.998570 0.052407  0.612620 0.161726 0
0  -0.431374 0.408301 0.801391  -0.003859 0.989239 0.146255  0.595482 0.222675 0
jonklercart
0  -0.835134 0.408301 0.922594  0.010546 0.998570 0.052407  0.612620 0.161726 0
0  -0.942693 0.408301 1.007456  -0.001965 0.999869 0.016089  0.624620 0.145489 0
0  -0.431374 0.408301 0.801391  -0.003859 0.989239 0.146255  0.595482 0.222675 0
jonklercart
0  -0.942693 0.408301 1.007456  -0.001965 0.999869 0.016089  0.624620 0.145489 0
0  -1.031876 0.408301 1.105524  -0.014055 0.999874 -0.007405  0.638486 0.132027 0
0  -0.431374 0.408301 0.801391  -0.003859 0.989239 0.146255  0.595482 0.222675 0
jonklercart
0  -1.031876 0.408301 1.105524  -0.014055 0.999874 -0.007405  0.638486 0.132027 0
0  -1.100282 0.408301 1.208644  -0.018109 0.999653 -0.019138  0.653067 0.121701 0
0  -1.195840 0.408301 1.575467  0.019888 0.999744 -0.010833  0.704935 0.107276 0
jonklercart
0  -1.100282 0.408301 1.208644  -0.018109 0.999653 -0.019138  0.653067 0.121701 0
0  -1.147503 0.408301 1.307856  -0.012634 0.999645 -0.023459  0.667096 0.114572 0
0  -1.195840 0.408301 1.575467  0.019888 0.999744 -0.010833  0.704935 0.107276 0
jonklercart
0  -1.147503 0.408301 1.307856  -0.012634 0.999645 -0.023459  0.667096 0.114572 0
0  -1.175693 0.408301 1.395481  -0.001709 0.999700 -0.024420  0.679486 0.110317 0
0  -1.189298 0.408301 1.468440  0.008461 0.999673 -0.024151  0.689802 0.108263 0
jonklercart
0  -1.195840 0.408301 1.575467  0.019888 0.999744 -0.010833  0.704935 0.107276 0
0  -1.147503 0.408301 1.307856  -0.012634 0.999645 -0.023459  0.667096 0.114572 0
0  -1.189298 0.408301 1.468440  0.008461 0.999673 -0.024151  0.689802 0.108263 0
jonklercart
0  -1.195840 0.408301 1.575467  0.019888 0.999744 -0.010833  0.704935 0.107276 0
0  -1.195840 0.408301 2.627456  0.020227 0.999736 -0.010854  0.853685 0.107276 0
0  1.195840 0.408301 2.627456  0.082545 0.996533 0.010426  0.853685 0.468311 0
jonklercart
0  -1.195840 0.408301 2.627456  0.020227 0.999736 -0.010854  0.853685 0.107276 0
0  -1.189298 0.408301 2.734482  0.008684 0.999798 -0.018137  0.868818 0.108263 0
0  -1.147503 0.408301 2.895066  -0.016595 0.999857 0.003351  0.891525 0.114572 0
jonklercart
0  1.195840 0.408301 2.627456  0.082545 0.996533 0.010426  0.853685 0.468311 0
0  -1.195840 0.408301 2.627456  0.020227 0.999736 -0.010854  0.853685 0.107276 0
0  0.431374 0.408301 3.401532  0.015081 0.995480 0.093768  0.963138 0.352911 0
jonklercart
0  -1.189298 0.408301 2.734482  0.008684 0.999798 -0.018137  0.868818 0.108263 0
0  -1.175693 0.408301 2.807442  -0.002124 0.999949 -0.009843  0.879135 0.110317 0
0  -1.147503 0.408301 2.895066  -0.016595 0.999857 0.003351  0.891525 0.114572 0
jonklercart
0  -1.147503 0.408301 2.895066  -0.016595 0.999857 0.003351  0.891525 0.114572 0
0  -1.100282 0.408301 2.994279  -0.030772 0.999296 0.021472  0.905553 0.121701 0
0  -1.195840 0.408301 2.627456  0.020227 0.999736 -0.010854  0.853685 0.107276 0
jonklercart
0  -1.100282 0.408301 2.994279  -0.030772 0.999296 0.021472  0.905553 0.121701 0
0  -1.031876 0.408301 3.097399  -0.040814 0.998214 0.043634  0.920134 0.132027 0
0  -1.195840 0.408301 2.627456  0.020227 0.999736 -0.010854  0.853685 0.107276 0
jonklercart
0  -1.031876 0.408301 3.097399  -0.040814 0.998214 0.043634  0.920134 0.132027 0
0  -0.942693 0.408301 3.195467  -0.043382 0.996764 0.067679  0.934001 0.145490 0
0  -0.431374 0.408301 3.401532  0.005679 0.994733 0.102338  0.963138 0.222675 0
jonklercart
0  -0.942693 0.408301 3.195467  -0.043382 0.996764 0.067679  0.934001 0.145490 0
0  -0.835134 0.408301 3.280328  -0.036474 0.995306 0.089638  0.946000 0.161726 0
0  -0.431374 0.408301 3.401532  0.005679 0.994733 0.102338  0.963138 0.222675 0
jonklercart
0  -0.835134 0.408301 3.280328  -0.036474 0.995306 0.089638  0.946000 0.161726 0
0  -0.712921 0.408301 3.345505  -0.020426 0.994348 0.104186  0.955216 0.180175 0
0  -0.431374 0.408301 3.401532  0.005679 0.994733 0.102338  0.963138 0.222675 0
jonklercart
0  -0.712921 0.408301 3.345505  -0.020426 0.994348 0.104186  0.955216 0.180175 0
0  -0.580573 0.408301 3.386414  0.001079 0.994386 0.105812  0.961000 0.200153 0
0  -0.431374 0.408301 3.401532  0.005679 0.994733 0.102338  0.963138 0.222675 0
jonklercart
0  -0.431374 0.408301 3.401532  0.005679 0.994733 0.102338  0.963138 0.222675 0
0  0.431374 0.408301 3.401532  0.015081 0.995480 0.093768  0.963138 0.352911 0
0  -1.195840 0.408301 2.627456  0.020227 0.999736 -0.010854  0.853685 0.107276 0
jonklercart
0  0.431374 0.408301 3.401532  0.015081 0.995480 0.093768  0.963138 0.352911 0
0  0.580573 0.408301 3.386414  0.030111 0.997544 0.063243  0.961000 0.375434 0
0  0.712921 0.408301 3.345505  0.025301 0.999235 0.029810  0.955216 0.395412 0
jonklercart
0  0.712921 0.408301 3.345505  0.025301 0.999235 0.029810  0.955216 0.395412 0
0  0.835134 0.408301 3.280328  0.009815 0.999949 0.002531  0.946000 0.413861 0
0  0.431374 0.408301 3.401532  0.015081 0.995480 0.093768  0.963138 0.352911 0
jonklercart
0  0.835134 0.408301 3.280328  0.009815 0.999949 0.002531  0.946000 0.413861 0
0  0.942693 0.408301 3.195467  -0.006674 0.999922 -0.010558  0.934001 0.430097 0
0  0.431374 0.408301 3.401532  0.015081 0.995480 0.093768  0.963138 0.352911 0
jonklercart
0  0.942693 0.408301 3.195467  -0.006674 0.999922 -0.010558  0.934001 0.430097 0
0  1.031876 0.408301 3.097399  -0.013432 0.999868 -0.009162  0.920134 0.443560 0
0  0.431374 0.408301 3.401532  0.015081 0.995480 0.093768  0.963138 0.352911 0
jonklercart
0  1.031876 0.408301 3.097399  -0.013432 0.999868 -0.009162  0.920134 0.443560 0
0  1.100282 0.408301 2.994279  -0.005035 0.999985 0.002150  0.905553 0.453886 0
0  1.195840 0.408301 2.627456  0.082545 0.996533 0.010426  0.853685 0.468311 0
jonklercart
0  0.431374 0.408301 3.401532  0.015081 0.995480 0.093768  0.963138 0.352911 0
0  1.031876 0.408301 3.097399  -0.013432 0.999868 -0.009162  0.920134 0.443560 0
0  1.195840 0.408301 2.627456  0.082545 0.996533 0.010426  0.853685 0.468311 0
jonklercart
0  1.100282 0.408301 2.994279  -0.005035 0.999985 0.002150  0.905553 0.453886 0
0  1.147503 0.408301 2.895066  0.018746 0.999708 0.015258  0.891524 0.461014 0
0  1.195840 0.408301 2.627456  0.082545 0.996533 0.010426  0.853685 0.468311 0
jonklercart
0  1.147503 0.408301 2.895066  0.018746 0.999708 0.015258  0.891524 0.461014 0
0  1.175693 0.408301 2.807442  0.052232 0.998352 0.023782  0.879135 0.465270 0
0  1.189298 0.408301 2.734482  0.085856 0.996018 0.024035  0.868818 0.467323 0
jonklercart
0  1.195840 0.408301 2.627456  0.082545 0.996533 0.010426  0.853685 0.468311 0
0  1.147503 0.408301 2.895066  0.018746 0.999708 0.015258  0.891524 0.461014 0
0  1.189298 0.408301 2.734482  0.085856 0.996018 0.024035  0.868818 0.467323 0
jonklercart
0  1.195840 0.408301 1.575467  0.088746 0.996038 0.005723  0.704935 0.468311 0
0  -0.431374 0.408301 0.801391  -0.003859 0.989239 0.146255  0.595482 0.222675 0
0  -1.195840 0.408301 1.575467  0.019888 0.999744 -0.010833  0.704935 0.107276 0
jonklercart
0  1.195840 0.408301 1.575467  0.088746 0.996038 0.005723  0.704935 0.468311 0
0  1.031876 0.408301 1.105524  -0.071973 0.995139 0.067225  0.638486 0.443560 0
0  0.431374 0.408301 0.801391  -0.017979 0.987161 0.158713  0.595482 0.352911 0
jonklercart
0  -1.031876 0.408301 1.105524  -0.014055 0.999874 -0.007405  0.638486 0.132027 0
0  -1.195840 0.408301 1.575467  0.019888 0.999744 -0.010833  0.704935 0.107276 0
0  -0.431374 0.408301 0.801391  -0.003859 0.989239 0.146255  0.595482 0.222675 0
jonklercart
0  -0.719883 0.408301 3.402205  -0.055364 0.985664 0.159378  0.368681 0.231741 0
0  -0.845685 0.408301 3.335114  -0.646722 0.755177 -0.107044  0.363139 0.215946 0
0  -0.940023 0.408301 3.824961  -0.010443 0.999916 0.007715  0.395907 0.201232 0
jonklercart
0  -1.227235 0.408301 1.572197  0.009650 0.989227 0.146074  0.243558 0.167433 0
0  -1.220106 0.408301 1.455567  -0.118475 0.892653 0.434896  0.235993 0.168035 0
0  -1.495563 0.408301 1.340464  -0.067801 0.997695 -0.002874  0.229614 0.135297 0
jonklercart
0  -0.443059 -0.269315 4.190536  -0.031559 -0.103629 0.994115  0.518633 0.246130 0
0  -0.443059 0.280340 4.190535  -0.032278 0.101310 0.994331  0.438321 0.264417 0
0  -0.627577 0.280340 4.171839  -0.196502 0.097666 0.975627  0.433809 0.237493 0
jonklercart
0  -0.845685 0.408301 3.335114  -0.646722 0.755177 -0.107044  0.363139 0.215946 0
0  -0.956941 0.408301 3.247335  -0.690344 0.665659 -0.283412  0.356282 0.202257 0
0  -1.084337 0.408301 3.711101  -0.016828 0.999784 0.012165  0.386358 0.183957 0
jonklercart
0  -0.956941 0.408301 3.247335  -0.690344 0.665659 -0.283412  0.356282 0.202257 0
0  -1.049917 0.408301 3.145096  -0.652319 0.608135 -0.452384  0.348652 0.190993 0
0  -1.211228 0.408301 3.571567  -0.025974 0.999532 0.016140  0.375685 0.169318 0
jonklercart
0  -1.049917 0.408301 3.145096  -0.652319 0.608135 -0.452384  0.348652 0.190993 0
0  -1.122134 0.408301 3.036232  -0.555643 0.586437 -0.589366  0.340826 0.182325 0
0  -1.317518 0.408301 3.411339  -0.037343 0.999130 0.018594  0.364321 0.157384 0
jonklercart
0  -1.122134 0.408301 3.036232  -0.555643 0.586437 -0.589366  0.340826 0.182325 0
0  -1.172996 0.408301 2.929370  -0.418286 0.610774 -0.672303  0.333361 0.176233 0
0  -1.400932 0.408301 3.236084  -0.049877 0.998579 0.018764  0.352598 0.148110 0
jonklercart
0  -1.172996 0.408301 2.929370  -0.418286 0.610774 -0.672303  0.333361 0.176233 0
0  -1.204323 0.408301 2.831995  -0.253441 0.702129 -0.665419  0.326696 0.172463 0
0  -1.460308 0.408301 3.051528  -0.061584 0.997972 0.016109  0.340701 0.141372 0
jonklercart
0  -1.204323 0.408301 2.831995  -0.253441 0.702129 -0.665419  0.326696 0.172463 0
0  -1.220106 0.408301 2.747356  -0.077257 0.874899 -0.478104  0.320967 0.170537 0
0  -1.495563 0.408301 2.862459  -0.066885 0.997706 0.010460  0.328631 0.137050 0
jonklercart
0  -1.220106 0.408301 2.747356  -0.077257 0.874899 -0.478104  0.320967 0.170537 0
0  -1.227235 0.408301 2.630726  0.026555 0.999584 -0.011209  0.313092 0.169596 0
0  -1.507941 0.408301 2.659961  -0.060619 0.998139 -0.006682  0.315556 0.135110 0
jonklercart
0  1.220106 0.408301 1.455567  0.054066 0.998506 0.007856  0.234816 0.484672 0
0  1.227235 0.408301 1.572197  0.062074 0.997614 0.030224  0.242443 0.485532 0
0  1.507941 0.408301 1.542962  0.059962 0.998199 -0.002017  0.240364 0.519345 0
jonklercart
0  -0.584031 0.408301 0.758726  -0.000020 0.995291 0.096934  0.185441 0.245719 0
0  -0.432234 0.408301 0.743345  -0.015227 0.995048 0.098226  0.183454 0.265549 0
0  -0.439920 0.408301 0.224346  0.002845 0.999993 0.002539  0.145001 0.262598 0
jonklercart
0  -0.845685 0.408301 0.867809  0.013478 0.999185 0.038061  0.195026 0.212428 0
0  -0.719883 0.408301 0.800718  -0.155179 0.981974 0.107916  0.189394 0.228253 0
0  -0.782130 0.408301 0.293757  -0.000866 0.999980 -0.006254  0.154335 0.217189 0
jonklercart
0  -0.443059 0.280339 0.012387  -0.031572 0.101412 -0.994343  0.119285 0.260241 0
0  -0.443059 -0.269316 0.012387  -0.032275 -0.103486 -0.994107  0.038360 0.239949 0
0  -0.627577 -0.269316 0.031084  -0.196461 -0.099784 -0.975421  0.046504 0.207135 0
jonklercart
0  -0.956941 0.408301 0.955587  0.003314 0.999945 0.009974  0.201844 0.198766 0
0  -0.845685 0.408301 0.867809  0.013478 0.999185 0.038061  0.195026 0.212428 0
0  -0.940023 0.408301 0.377961  -0.038618 0.999249 0.003249  0.162437 0.197612 0
jonklercart
0  -1.049917 0.408301 1.057827  -0.007349 0.999955 -0.006045  0.209322 0.187608 0
0  -0.956941 0.408301 0.955587  0.003314 0.999945 0.009974  0.201844 0.198766 0
0  -1.084337 0.408301 0.491822  -0.050798 0.998688 0.006523  0.172084 0.180529 0
jonklercart
0  -1.122134 0.408301 1.166691  -0.009852 0.999896 -0.010533  0.216922 0.179115 0
0  -1.049917 0.408301 1.057827  -0.007349 0.999955 -0.006045  0.209322 0.187608 0
0  -1.211228 0.408301 0.631356  -0.062045 0.998019 0.010438  0.182794 0.166144 0
jonklercart
0  -1.172996 0.408301 1.273553  -0.002563 0.999951 -0.009553  0.224087 0.173249 0
0  -1.122134 0.408301 1.166691  -0.009852 0.999896 -0.010533  0.216922 0.179115 0
0  -1.317518 0.408301 0.791584  -0.071419 0.997337 0.014773  0.194147 0.154519 0
jonklercart
0  -1.204323 0.408301 1.370928  0.008009 0.999915 -0.010240  0.230490 0.169730 0
0  -1.172996 0.408301 1.273553  -0.002563 0.999951 -0.009553  0.224087 0.173249 0
0  -1.400932 0.408301 0.966838  -0.077567 0.996817 0.018410  0.205822 0.145590 0
jonklercart
0  -1.220106 0.408301 1.455567  -0.118475 0.892653 0.434896  0.235993 0.168035 0
0  -1.204323 0.408301 1.370928  0.008009 0.999915 -0.010240  0.230490 0.169730 0
0  -1.460308 0.408301 1.151395  -0.078951 0.996694 0.019176  0.217645 0.139223 0
jonklercart
0  -0.719883 0.408301 0.800718  -0.155179 0.981974 0.107916  0.189394 0.228253 0
0  -0.584031 0.408301 0.758726  -0.000020 0.995291 0.096934  0.185441 0.245719 0
0  -0.614950 0.408301 0.242081  -0.012986 0.999916 0.000089  0.148305 0.238897 0
jonklercart
0  0.432234 0.408301 0.743345  -0.016704 0.994651 0.101933  0.183525 0.384671 0
0  0.584031 0.408301 0.758726  0.053408 0.991434 0.119192  0.185105 0.404684 0
0  0.614950 0.408301 0.242081  0.004782 0.999988 -0.000810  0.147541 0.410988 0
jonklercart
0  1.622581 0.280339 1.531023  0.999848 0.016478 0.005645  0.238131 0.541512 0
0  1.622581 -0.269316 1.531023  0.999807 -0.018713 0.006059  0.216459 0.613431 0
0  1.608060 -0.269316 1.293456  0.992101 -0.021261 -0.123623  0.194949 0.606913 0
jonklercart
0  1.122134 0.408301 1.166691  -0.010782 0.999938 0.002770  0.215871 0.472828 0
0  1.172996 0.408301 1.273553  0.139803 0.976994 0.161054  0.222952 0.479013 0
0  1.400932 0.408301 0.966838  0.049878 0.998579 -0.018765  0.203721 0.506423 0
jonklercart
0  1.049917 0.408301 1.057827  -0.033855 0.999301 0.015877  0.208487 0.463885 0
0  1.122134 0.408301 1.166691  -0.010782 0.999938 0.002770  0.215871 0.472828 0
0  1.317518 0.408301 0.791584  0.071408 0.997337 0.014792  0.192168 0.497093 0
jonklercart
0  0.956941 0.408301 0.955587  -0.051478 0.998025 0.035992  0.201073 0.452370 0
0  1.049917 0.408301 1.057827  -0.033855 0.999301 0.015877  0.208487 0.463885 0
0  1.211228 0.408301 0.631356  0.062042 0.998019 0.010445  0.180983 0.485054 0
jonklercart
0  0.845685 0.408301 0.867809  -0.060159 0.996361 0.060377  0.194350 0.438367 0
0  0.956941 0.408301 0.955587  -0.051478 0.998025 0.035992  0.201073 0.452370 0
0  1.084337 0.408301 0.491822  0.050807 0.998687 0.006491  0.170485 0.470274 0
jonklercart
0  0.719883 0.408301 0.800718  -0.057586 0.994748 0.084618  0.188834 0.422314 0
0  0.845685 0.408301 0.867809  -0.060159 0.996361 0.060377  0.194350 0.438367 0
0  0.940023 0.408301 0.377961  0.038617 0.999249 0.003254  0.161084 0.452831 0
jonklercart
0  0.584031 0.408301 0.758726  0.053408 0.991434 0.119192  0.185105 0.404684 0
0  0.719883 0.408301 0.800718  -0.057586 0.994748 0.084618  0.188834 0.422314 0
0  0.782130 0.408301 0.293757  0.025939 0.999663 0.000921  0.153263 0.432951 0
jonklercart
0  1.204323 0.408301 1.370928  0.035879 0.999356 -0.000246  0.229312 0.482783 0
0  1.220106 0.408301 1.455567  0.054066 0.998506 0.007856  0.234816 0.484672 0
0  1.495563 0.408301 1.340464  0.072921 0.997230 0.014680  0.227404 0.517481 0
jonklercart
0  1.227235 0.408301 2.630726  0.059603 0.998167 0.010514  0.312042 0.486385 0
0  1.220106 0.408301 2.747356  0.081526 0.990316 -0.112370  0.319687 0.485584 0
0  1.495563 0.408301 2.862459  0.067801 0.997695 0.002873  0.326545 0.518507 0
jonklercart
0  0.584031 0.408301 3.444196  0.231435 0.971158 0.057359  0.371208 0.406703 0
0  0.432234 0.408301 3.459578  0.078436 0.986372 0.144631  0.373281 0.386789 0
0  0.439920 0.408301 3.978577  -0.002845 0.999993 -0.002541  0.411869 0.390042 0
jonklercart
0  0.443059 0.280340 4.190535  0.031571 0.101409 0.994344  0.437522 0.392485 0
0  0.443059 -0.269315 4.190536  0.032277 -0.103485 0.994107  0.518584 0.412789 0
0  0.627577 -0.269315 4.171839  0.196461 -0.099783 0.975421  0.510489 0.445619 0
jonklercart
0  0.956941 0.408301 3.247335  -0.001499 0.999814 -0.019224  0.354264 0.453938 0
0  0.845685 0.408301 3.335114  0.351928 0.923424 -0.153086  0.361281 0.440152 0
0  0.940023 0.408301 3.824961  0.006530 0.999926 0.010286  0.394147 0.455234 0
jonklercart
0  1.049917 0.408301 3.145096  -0.013500 0.999826 -0.012849  0.346657 0.465300 0
0  0.956941 0.408301 3.247335  -0.001499 0.999814 -0.019224  0.354264 0.453938 0
0  1.084337 0.408301 3.711101  0.050798 0.998688 -0.006524  0.384421 0.472463 0
jonklercart
0  1.122134 0.408301 3.036232  -0.009076 0.999951 0.003897  0.338963 0.473982 0
0  1.049917 0.408301 3.145096  -0.013500 0.999826 -0.012849  0.346657 0.465300 0
0  1.211228 0.408301 3.571567  0.062045 0.998019 -0.010439  0.373635 0.487019 0
jonklercart
0  1.172996 0.408301 2.929370  0.008468 0.999764 0.020009  0.331691 0.480031 0
0  1.122134 0.408301 3.036232  -0.009076 0.999951 0.003897  0.338963 0.473982 0
0  1.317518 0.408301 3.411339  0.071419 0.997337 -0.014773  0.362213 0.498821 0
jonklercart
0  1.204323 0.408301 2.831995  0.031023 0.999117 0.028336  0.325229 0.483732 0
0  1.172996 0.408301 2.929370  0.008468 0.999764 0.020009  0.331691 0.480031 0
0  1.400932 0.408301 3.236084  0.077566 0.996817 -0.018411  0.350471 0.507918 0
jonklercart
0  1.220106 0.408301 2.747356  0.081526 0.990316 -0.112370  0.319687 0.485584 0
0  1.204323 0.408301 2.831995  0.031023 0.999117 0.028336  0.325229 0.483732 0
0  1.460308 0.408301 3.051528  0.078952 0.996694 -0.019176  0.338581 0.514441 0
jonklercart
0  1.172996 0.408301 1.273553  0.139803 0.976994 0.161054  0.222952 0.479013 0
0  1.204323 0.408301 1.370928  0.035879 0.999356 -0.000246  0.229312 0.482783 0
0  1.460308 0.408301 1.151395  0.078959 0.996694 0.019169  0.215468 0.513176 0
jonklercart
0  0.432234 0.408301 3.459578  0.078436 0.986372 0.144631  0.373281 0.386789 0
0  -0.432234 0.408301 3.459578  -0.051431 0.985134 0.163909  0.374095 0.269115 0
0  -0.439920 0.408301 3.978577  -0.001117 0.999995 -0.002766  0.412740 0.266484 0
jonklercart
0  0.443059 -0.269315 4.190536  0.032277 -0.103485 0.994107  0.518584 0.412789 0
0  0.443059 0.280340 4.190535  0.031571 0.101409 0.994344  0.437522 0.392485 0
0  -0.443059 0.280340 4.190535  -0.032278 0.101310 0.994331  0.438321 0.264417 0
jonklercart
0  -0.627577 -0.269315 4.171839  -0.194812 -0.099827 0.975747  0.510871 0.213442 0
0  -0.627577 0.280340 4.171839  -0.196502 0.097666 0.975627  0.433809 0.237493 0
0  -0.807552 0.280340 4.116209  -0.380322 0.091217 0.920345  0.426347 0.212967 0
jonklercart
0  -0.807552 -0.269315 4.116209  -0.378541 -0.093397 0.920860  0.499274 0.181572 0
0  -0.807552 0.280340 4.116209  -0.380322 0.091217 0.920345  0.426347 0.212967 0
0  -0.978551 0.280340 4.025014  -0.542074 0.081416 0.836378  0.416608 0.190908 0
jonklercart
0  -0.978551 -0.269315 4.025014  -0.540332 -0.083598 0.837289  0.484328 0.151903 0
0  -0.978551 0.280340 4.025014  -0.542074 0.081416 0.836378  0.416608 0.190908 0
0  -1.136365 0.280339 3.900502  -0.675945 0.069525 0.733665  0.405080 0.171530 0
jonklercart
0  -1.136365 -0.269315 3.900502  -0.675474 -0.071627 0.733897  0.466614 0.125383 0
0  -1.136365 0.280339 3.900502  -0.675945 0.069525 0.733665  0.405080 0.171530 0
0  -1.277107 0.280339 3.745738  -0.783657 0.056790 0.618592  0.392231 0.155000 0
jonklercart
0  -1.277107 -0.269315 3.745738  -0.783437 -0.058873 0.618676  0.446879 0.102549 0
0  -1.277107 0.280339 3.745738  -0.783657 0.056790 0.618592  0.392231 0.155000 0
0  -1.397313 0.280339 3.564532  -0.866286 0.044372 0.497574  0.378489 0.141357 0
jonklercart
0  -1.397313 -0.269315 3.564532  -0.866249 -0.046424 0.497451  0.425909 0.083566 0
0  -1.397313 0.280339 3.564532  -0.866286 0.044372 0.497574  0.378489 0.141357 0
0  -1.494021 0.280339 3.361346  -0.926800 0.033372 0.374069  0.364177 0.130509 0
jonklercart
0  -1.494021 -0.269315 3.361346  -0.926866 -0.035452 0.373714  0.404373 0.068288 0
0  -1.494021 0.280339 3.361346  -0.926800 0.033372 0.374069  0.364177 0.130509 0
0  -1.564852 0.280339 3.141184  -0.968005 0.024695 0.249715  0.349448 0.122272 0
jonklercart
0  -1.564852 -0.269315 3.141184  -0.968092 -0.026806 0.249156  0.382701 0.056373 0
0  -1.564852 0.280339 3.141184  -0.968005 0.024695 0.249715  0.349448 0.122272 0
0  -1.608060 0.280339 2.909467  -0.992142 0.019246 0.123628  0.334231 0.116441 0
jonklercart
0  -1.608060 -0.269316 2.909467  -0.992023 -0.021264 0.124251  0.361031 0.047453 0
0  -1.608060 0.280339 2.909467  -0.992142 0.019246 0.123628  0.334231 0.116441 0
0  -1.622581 0.280339 2.671900  -0.999848 0.016482 -0.005654  0.317903 0.112905 0
jonklercart
0  -0.627577 0.280339 0.031084  -0.194822 0.097600 -0.975971  0.124235 0.233379 0
0  -0.627577 -0.269316 0.031084  -0.196461 -0.099784 -0.975421  0.046504 0.207135 0
0  -0.807552 -0.269316 0.086714  -0.380249 -0.093326 -0.920164  0.058749 0.175204 0
jonklercart
0  -0.432234 0.408301 0.743345  -0.015227 0.995048 0.098226  0.183454 0.265549 0
0  0.432234 0.408301 0.743345  -0.016704 0.994651 0.101933  0.183525 0.384671 0
0  0.439920 0.408301 0.224346  0.003018 0.999991 0.002813  0.144534 0.387072 0
jonklercart
0  -0.807552 0.280339 0.086714  -0.378602 0.091171 -0.921058  0.131976 0.208991 0
0  -0.807552 -0.269316 0.086714  -0.380249 -0.093326 -0.920164  0.058749 0.175204 0
0  -0.978551 -0.269316 0.177909  -0.541975 -0.083568 -0.836229  0.074506 0.145622 0
jonklercart
0  -0.978551 0.280339 0.177908  -0.540411 0.081432 -0.837451  0.141938 0.187115 0
0  -0.978551 -0.269316 0.177909  -0.541975 -0.083568 -0.836229  0.074506 0.145622 0
0  -1.136365 -0.269316 0.302421  -0.675837 -0.071666 -0.733559  0.093086 0.119399 0
jonklercart
0  -1.136365 0.280339 0.302420  -0.675572 0.069526 -0.734009  0.153640 0.167985 0
0  -1.136365 -0.269316 0.302421  -0.675837 -0.071666 -0.733559  0.093086 0.119399 0
0  -1.277107 -0.269316 0.457185  -0.783562 -0.058927 -0.618512  0.113644 0.097079 0
jonklercart
0  -1.277107 0.280339 0.457185  -0.783541 0.056777 -0.618741  0.166605 0.151765 0
0  -1.277107 -0.269316 0.457185  -0.783562 -0.058927 -0.618512  0.113644 0.097079 0
0  -1.397313 -0.269316 0.638391  -0.866209 -0.046447 -0.497519  0.135325 0.078790 0
jonklercart
0  -1.397313 0.280339 0.638391  -0.866336 0.044389 -0.497486  0.180404 0.138481 0
0  -1.397313 -0.269316 0.638391  -0.866209 -0.046447 -0.497519  0.135325 0.078790 0
0  -1.494021 -0.269316 0.841577  -0.926731 -0.035492 -0.374046  0.157420 0.064320 0
jonklercart
0  -1.494021 0.280339 0.841577  -0.926936 0.033422 -0.373727  0.194728 0.128015 0
0  -1.494021 -0.269316 0.841577  -0.926731 -0.035492 -0.374046  0.157420 0.064320 0
0  -1.564852 -0.269316 1.061738  -0.967953 -0.026859 -0.249692  0.179488 0.053247 0
jonklercart
0  -1.564852 0.280339 1.061738  -0.968150 0.024736 -0.249147  0.209449 0.120171 0
0  -1.564852 -0.269316 1.061738  -0.967953 -0.026859 -0.249692  0.179488 0.053247 0
0  -1.608060 -0.269316 1.293456  -0.992102 -0.021258 -0.123623  0.201405 0.045115 0
jonklercart
0  -1.608060 0.280339 1.293456  -0.992064 0.019249 -0.124250  0.224666 0.114765 0
0  -1.608060 -0.269316 1.293456  -0.992102 -0.021258 -0.123623  0.201405 0.045115 0
0  -1.622581 -0.269316 1.531023  -0.999811 -0.018596 0.005652  0.222958 0.039303 0
jonklercart
0  1.608060 0.280339 1.293456  0.991892 0.019266 -0.125617  0.221836 0.537970 0
0  1.608060 -0.269316 1.293456  0.992101 -0.021261 -0.123623  0.194949 0.606913 0
0  1.564852 -0.269316 1.061738  0.967954 -0.026817 -0.249693  0.173263 0.597910 0
jonklercart
0  1.227235 0.408301 1.572197  0.062074 0.997614 0.030224  0.242443 0.485532 0
0  1.227235 0.408301 2.630726  0.059603 0.998167 0.010514  0.312042 0.486385 0
0  1.507941 0.408301 2.659961  0.060638 0.998137 -0.006680  0.313545 0.520105 0
jonklercart
0  1.564852 0.280339 1.061738  0.967877 0.024758 -0.250201  0.206703 0.532121 0
0  1.564852 -0.269316 1.061738  0.967954 -0.026817 -0.249693  0.173263 0.597910 0
0  1.494021 -0.269316 0.841577  0.926731 -0.035460 -0.374047  0.151614 0.585878 0
jonklercart
0  1.494021 0.280339 0.841577  0.926696 0.033429 -0.374321  0.192083 0.523845 0
0  1.494021 -0.269316 0.841577  0.926731 -0.035460 -0.374047  0.151614 0.585878 0
0  1.397313 -0.269316 0.638391  0.866198 -0.046478 -0.497535  0.130140 0.570461 0
jonklercart
0  1.397313 0.280339 0.638391  0.866296 0.044370 -0.497557  0.177899 0.512931 0
0  1.397313 -0.269316 0.638391  0.866198 -0.046478 -0.497535  0.130140 0.570461 0
0  1.277107 -0.269316 0.457185  0.783564 -0.058869 -0.618516  0.109269 0.551328 0
jonklercart
0  1.277107 0.280339 0.457185  0.783865 0.056786 -0.618329  0.164299 0.499188 0
0  1.277107 -0.269316 0.457185  0.783564 -0.058869 -0.618516  0.109269 0.551328 0
0  1.136365 -0.269316 0.302421  0.675838 -0.071620 -0.733562  0.089662 0.528345 0
jonklercart
0  1.136365 0.280339 0.302420  0.676433 0.069517 -0.733216  0.151599 0.482532 0
0  1.136365 -0.269316 0.302421  0.675838 -0.071620 -0.733562  0.089662 0.528345 0
0  0.978551 -0.269316 0.177909  0.541975 -0.083578 -0.836228  0.072088 0.501688 0
jonklercart
0  0.978551 0.280339 0.177908  0.541936 0.081417 -0.836467  0.140215 0.463014 0
0  0.978551 -0.269316 0.177909  0.541975 -0.083578 -0.836228  0.072088 0.501688 0
0  0.807552 -0.269316 0.086714  0.380247 -0.093380 -0.920159  0.057279 0.471896 0
jonklercart
0  0.807552 0.280339 0.086714  0.380795 0.091217 -0.920149  0.130603 0.440814 0
0  0.807552 -0.269316 0.086714  0.380247 -0.093380 -0.920159  0.057279 0.471896 0
0  0.627577 -0.269316 0.031084  0.196459 -0.099868 -0.975413  0.045801 0.439915 0
jonklercart
0  0.627577 0.280339 0.031084  0.197537 0.097619 -0.975423  0.123243 0.416155 0
0  0.627577 -0.269316 0.031084  0.196459 -0.099868 -0.975413  0.045801 0.439915 0
0  0.443059 -0.269316 0.012387  0.031553 -0.103632 -0.994115  0.038134 0.407116 0
jonklercart
0  0.627577 0.280340 4.171839  0.194818 0.097600 0.975971  0.432560 0.419344 0
0  0.627577 -0.269315 4.171839  0.196461 -0.099783 0.975421  0.510489 0.445619 0
0  0.807552 -0.269315 4.116209  0.380250 -0.093326 0.920163  0.498316 0.477635 0
jonklercart
0  0.845685 0.408301 3.335114  0.351928 0.923424 -0.153086  0.361281 0.440152 0
0  0.719883 0.408301 3.402205  0.042056 0.998568 0.033070  0.367100 0.424229 0
0  0.782130 0.408301 3.909166  0.025943 0.999663 -0.000893  0.402334 0.435543 0
jonklercart
0  0.807552 0.280340 4.116209  0.378600 0.091173 0.921059  0.424788 0.443805 0
0  0.807552 -0.269315 4.116209  0.380250 -0.093326 0.920163  0.498316 0.477635 0
0  0.978551 -0.269315 4.025014  0.541977 -0.083569 0.836228  0.482624 0.507365 0
jonklercart
0  0.978551 0.280340 4.025014  0.540413 0.081432 0.837450  0.414787 0.465799 0
0  0.978551 -0.269315 4.025014  0.541977 -0.083569 0.836228  0.482624 0.507365 0
0  1.136365 -0.269315 3.900502  0.675837 -0.071665 0.733559  0.464083 0.533786 0
jonklercart
0  1.136365 0.280339 3.900502  0.675572 0.069526 0.734009  0.403042 0.485081 0
0  1.136365 -0.269315 3.900502  0.675837 -0.071665 0.733559  0.464083 0.533786 0
0  1.277107 -0.269315 3.745738  0.783562 -0.058926 0.618513  0.443524 0.556331 0
jonklercart
0  1.277107 0.280339 3.745738  0.783541 0.056775 0.618741  0.390027 0.501475 0
0  1.277107 -0.269315 3.745738  0.783562 -0.058926 0.618513  0.443524 0.556331 0
0  1.397313 -0.269315 3.564532  0.866209 -0.046447 0.497519  0.421801 0.574850 0
jonklercart
0  1.397313 0.280339 3.564532  0.866336 0.044390 0.497486  0.376169 0.514942 0
0  1.397313 -0.269315 3.564532  0.866209 -0.046447 0.497519  0.421801 0.574850 0
0  1.494021 -0.269315 3.361346  0.926731 -0.035492 0.374046  0.399629 0.589534 0
jonklercart
0  1.494021 0.280339 3.361346  0.926937 0.033423 0.373726  0.361778 0.525584 0
0  1.494021 -0.269315 3.361346  0.926731 -0.035492 0.374046  0.399629 0.589534 0
0  1.564852 -0.269315 3.141184  0.967953 -0.026859 0.249692  0.377458 0.600793 0
jonklercart
0  1.564852 0.280339 3.141184  0.968150 0.024736 0.249147  0.346981 0.533590 0
0  1.564852 -0.269315 3.141184  0.967953 -0.026859 0.249692  0.377458 0.600793 0
0  1.608060 -0.269316 2.909467  0.992102 -0.021257 0.123623  0.355423 0.609076 0
jonklercart
0  1.608060 0.280339 2.909467  0.992065 0.019199 0.124251  0.331681 0.539137 0
0  1.608060 -0.269316 2.909467  0.992102 -0.021257 0.123623  0.355423 0.609076 0
0  1.622581 -0.269316 2.671900  0.999811 -0.018596 -0.005652  0.333756 0.615002 0
jonklercart
0  -1.622581 -0.269316 2.671900  -0.999807 -0.018711 -0.006054  0.339569 0.040974 0
0  -1.622581 0.280339 2.671900  -0.999848 0.016482 -0.005654  0.317903 0.112905 0
0  -1.622581 0.280339 1.531023  -0.999843 0.016638 0.006050  0.241008 0.111802 0
jonklercart
0  -0.584031 0.408301 3.444196  -0.015073 0.986328 0.164104  0.372423 0.249190 0
0  -0.719883 0.408301 3.402205  -0.055364 0.985664 0.159378  0.368681 0.231741 0
0  -0.782130 0.408301 3.909166  -0.025939 0.999663 -0.000921  0.403847 0.220943 0
jonklercart
0  1.622581 -0.269316 1.531023  0.999807 -0.018713 0.006059  0.216459 0.613431 0
0  1.622581 0.280339 1.531023  0.999848 0.016478 0.005645  0.238131 0.541512 0
0  1.622581 0.280339 2.671900  0.999843 0.016638 -0.006050  0.315262 0.542216 0
jonklercart
0  -0.443059 -0.269316 0.012387  -0.032275 -0.103486 -0.994107  0.038360 0.239949 0
0  -0.443059 0.280339 0.012387  -0.031572 0.101412 -0.994343  0.119285 0.260241 0
0  0.443059 0.280339 0.012387  0.032283 0.101313 -0.994331  0.118792 0.389109 0
jonklercart
0  0.845685 0.408301 0.867809  -0.060159 0.996361 0.060377  0.102391 0.767500 0
0  0.719883 0.408301 0.800718  -0.057586 0.994748 0.084618  0.122100 0.762115 0
0  0.713800 0.416621 0.806223  0.264140 0.721560 -0.639986  0.123182 0.763253 0
jonklercart
0  -1.175693 0.408301 1.395481  -0.001709 0.999700 -0.024420  0.410067 0.819656 0
0  -1.147503 0.408301 1.307856  -0.012634 0.999645 -0.023459  0.405827 0.812747 0
0  -1.153451 0.416437 1.313239  0.815303 0.474081 0.332457  0.407297 0.812748 0
jonklercart
0  1.147503 0.408301 1.307856  0.027535 0.999605 0.005656  0.058024 0.806122 0
0  1.175693 0.408301 1.395481  0.075940 0.997111 -0.001936  0.054009 0.812667 0
0  1.169194 0.417191 1.401362  -0.765187 -0.610282 0.205049  0.052533 0.812003 0
jonklercart
0  0.825880 0.424975 0.918385  -0.005486 0.999879 0.014577  0.105700 0.772775 0
0  0.934467 0.424975 1.004058  -0.041304 0.999145 0.001556  0.088652 0.779552 0
0  0.940788 0.424975 0.981049  0.020718 0.999618 -0.018294  0.087730 0.777592 0
jonklercart
0  -1.147503 0.408301 1.307856  -0.012634 0.999645 -0.023459  0.405827 0.812747 0
0  -1.100282 0.408301 1.208644  -0.018109 0.999653 -0.019138  0.398845 0.804713 0
0  -1.106094 0.416251 1.213904  0.797174 0.394928 0.456668  0.400288 0.804567 0
jonklercart
0  -0.580573 0.408301 3.386414  0.001079 0.994386 0.105812  0.325215 0.977252 0
0  -0.712921 0.408301 3.345505  -0.020426 0.994348 0.104186  0.345050 0.973603 0
0  -0.719004 0.416622 3.351010  0.264274 0.725484 -0.635478  0.346122 0.974670 0
jonklercart
0  1.024705 0.424975 1.103287  -0.021764 0.999557 0.020285  0.074397 0.787369 0
0  1.094171 0.424975 1.208004  -0.060764 0.998138 -0.005327  0.063397 0.795724 0
0  1.103865 0.424975 1.189394  0.035602 0.999196 -0.018442  0.061953 0.794121 0
jonklercart
0  -1.100282 0.408301 1.208644  -0.018109 0.999653 -0.019138  0.398845 0.804713 0
0  -1.031876 0.408301 1.105524  -0.014055 0.999874 -0.007405  0.388754 0.796132 0
0  -1.037581 0.416105 1.110688  0.752599 0.295266 0.588568  0.390151 0.795829 0
jonklercart
0  -0.580573 0.408301 0.816509  0.003836 0.990424 0.138008  0.321608 0.770368 0
0  -0.431374 0.408301 0.801391  -0.003859 0.989239 0.146255  0.299195 0.768323 0
0  -0.437143 0.416192 0.806612  0.025517 -0.395904 0.917937  0.300150 0.767212 0
jonklercart
0  1.094171 0.424975 1.208004  -0.060764 0.998138 -0.005327  0.063397 0.795724 0
0  1.142406 0.424975 1.309345  -0.067887 0.997650 -0.009217  0.055719 0.803924 0
0  1.153714 0.424975 1.294127  0.043641 0.998908 -0.016669  0.054003 0.802617 0
jonklercart
0  -1.031876 0.408301 1.105524  -0.014055 0.999874 -0.007405  0.388754 0.796132 0
0  -0.942693 0.408301 1.007456  -0.001965 0.999869 0.016089  0.375565 0.787756 0
0  -0.948333 0.416016 1.012561  0.671970 0.171364 0.720479  0.376901 0.787288 0
jonklercart
0  1.142406 0.424975 1.309345  -0.067887 0.997650 -0.009217  0.055719 0.803924 0
0  1.171469 0.424975 1.399682  -0.071266 0.997390 -0.011612  0.051102 0.811355 0
0  1.184169 0.424975 1.388790  0.050983 0.998610 -0.013356  0.049154 0.810445 0
jonklercart
0  -0.942693 0.408301 1.007456  -0.001965 0.999869 0.016089  0.375565 0.787756 0
0  -0.835134 0.408301 0.922594  0.010546 0.998570 0.052407  0.359605 0.780307 0
0  -0.840755 0.415989 0.927681  0.547531 0.024801 0.836418  0.360864 0.779672 0
jonklercart
0  1.195840 0.408301 2.627456  0.082545 0.996533 0.010426  0.051635 0.913536 0
0  1.189298 0.408301 2.734482  0.085856 0.996018 0.024035  0.052840 0.921849 0
0  1.183071 0.416819 2.740118  -0.866802 -0.490750 -0.088426  0.051650 0.922854 0
jonklercart
0  1.227235 0.408301 2.630726  0.059603 0.998167 0.010514  0.042234 0.914379 0
0  1.227235 0.408301 1.572197  0.062074 0.997614 0.030224  0.041516 0.825828 0
0  1.220817 0.417081 1.578006  0.769501 0.638590 0.008354  0.043098 0.826351 0
jonklercart
0  -0.431374 0.408301 0.801391  -0.003859 0.989239 0.146255  0.299195 0.768323 0
0  0.431374 0.408301 0.801391  -0.017979 0.987161 0.158713  0.167118 0.765974 0
0  0.425514 0.416317 0.806695  -0.029236 -0.424993 0.904724  0.167975 0.764758 0
jonklercart
0  1.189298 0.408301 2.734482  0.085856 0.996018 0.024035  0.052840 0.921849 0
0  1.175693 0.408301 2.807442  0.052232 0.998352 0.023782  0.054926 0.927501 0
0  1.169601 0.416635 2.812956  -0.884488 -0.403442 -0.234340  0.054099 0.928814 0
jonklercart
0  1.171469 0.424975 1.399682  -0.071266 0.997390 -0.011612  0.051102 0.811355 0
0  1.185679 0.424975 1.475891  -0.071015 0.997434 -0.009058  0.048944 0.817783 0
0  1.199346 0.424975 1.470180  0.056072 0.998401 -0.007185  0.046807 0.817293 0
jonklercart
0  -0.712921 0.408301 0.857418  0.014613 0.995256 0.096187  0.341403 0.774373 0
0  -0.580573 0.408301 0.816509  0.003836 0.990424 0.138008  0.321608 0.770368 0
0  -0.586268 0.416090 0.821662  0.185885 -0.287600 0.939539  0.322663 0.769398 0
jonklercart
0  1.175693 0.408301 2.807442  0.052232 0.998352 0.023782  0.054926 0.927501 0
0  1.147503 0.408301 2.895066  0.018746 0.999708 0.015258  0.059273 0.934582 0
0  1.141555 0.416437 2.900449  -0.882020 -0.304984 -0.359201  0.058832 0.936057 0
jonklercart
0  -1.216764 0.424975 1.585589  0.061366 0.998115 0.000701  0.417525 0.834190 0
0  -1.210058 0.424975 1.475891  0.063645 0.997970 -0.002382  0.416164 0.825535 0
0  -1.223725 0.424975 1.470180  -0.066325 0.997796 -0.001936  0.418139 0.825024 0
jonklercart
0  -1.195840 0.408301 2.627456  0.020227 0.999736 -0.010854  0.414817 0.917015 0
0  -1.195840 0.408301 1.575467  0.019888 0.999744 -0.010833  0.413585 0.833567 0
0  -1.202176 0.416967 1.581201  0.773623 0.633566 -0.010037  0.415073 0.833937 0
jonklercart
0  1.147503 0.408301 2.895066  0.018746 0.999708 0.015258  0.059273 0.934582 0
0  1.100282 0.408301 2.994279  -0.005035 0.999985 0.002150  0.066620 0.942826 0
0  1.094470 0.416251 2.999539  -0.853219 -0.180504 -0.489322  0.066516 0.944334 0
jonklercart
0  -1.210058 0.424975 1.475891  0.063645 0.997970 -0.002382  0.416164 0.825535 0
0  -1.195848 0.424975 1.399682  0.063777 0.997964 -0.000613  0.413957 0.819503 0
0  -1.208548 0.424975 1.388790  -0.061752 0.998031 -0.010970  0.415819 0.818627 0
jonklercart
0  -1.189298 0.408301 2.734482  0.008684 0.999798 -0.018137  0.413958 0.925209 0
0  -1.195840 0.408301 2.627456  0.020227 0.999736 -0.010854  0.414817 0.917015 0
0  -1.202259 0.417081 2.633265  0.774500 0.632571 0.001846  0.416295 0.917489 0
jonklercart
0  1.100282 0.408301 2.994279  -0.005035 0.999985 0.002150  0.066620 0.942826 0
0  1.031876 0.408301 3.097399  -0.013432 0.999868 -0.009162  0.077276 0.951542 0
0  1.026170 0.416106 3.102562  -0.786524 -0.029707 -0.616845  0.077437 0.953016 0
jonklercart
0  -1.195848 0.424975 1.399682  0.063777 0.997964 -0.000613  0.413957 0.819503 0
0  -1.166785 0.424975 1.309345  0.061791 0.998087 0.002024  0.409642 0.812203 0
0  -1.178093 0.424975 1.294127  -0.052968 0.998453 -0.016895  0.411347 0.810998 0
jonklercart
0  -0.443803 0.424975 0.796275  0.000682 0.999959 0.009021  0.301237 0.765507 0
0  0.419424 0.424975 0.796275  -0.002505 0.999957 0.008910  0.168896 0.762989 0
0  0.419805 0.424975 0.770525  0.001078 0.999886 -0.015028  0.168854 0.760845 0
jonklercart
0  -1.175693 0.408301 2.807442  -0.002124 0.999949 -0.009843  0.412108 0.930694 0
0  -1.189298 0.408301 2.734482  0.008684 0.999798 -0.018137  0.413958 0.925209 0
0  -1.195772 0.417157 2.740341  0.741981 0.664766 -0.086886  0.415362 0.925763 0
jonklercart
0  1.031876 0.408301 3.097399  -0.013432 0.999868 -0.009162  0.077276 0.951542 0
0  0.942693 0.408301 3.195467  -0.006674 0.999922 -0.010558  0.091124 0.959952 0
0  0.937052 0.416017 3.200571  -0.674076 0.138369 -0.725586  0.091489 0.961367 0
jonklercart
0  -1.166785 0.424975 1.309345  0.061791 0.998087 0.002024  0.409642 0.812203 0
0  -1.118550 0.424975 1.208004  0.056729 0.998378 0.004905  0.402531 0.803783 0
0  -1.128244 0.424975 1.189394  -0.042355 0.998890 -0.020626  0.404039 0.802304 0
jonklercart
0  1.192385 0.424975 1.585589  -0.069896 0.997552 -0.002027  0.047827 0.827012 0
0  1.192385 0.424975 2.639397  -0.070528 0.997495 0.005390  0.048586 0.914824 0
0  1.206312 0.424975 2.640848  0.059206 0.998244 -0.001791  0.046439 0.915036 0
jonklercart
0  -1.147503 0.408301 2.895066  -0.016595 0.999857 0.003351  0.408218 0.937342 0
0  -1.175693 0.408301 2.807442  -0.002124 0.999949 -0.009843  0.412108 0.930694 0
0  -1.182192 0.417191 2.813324  0.689459 0.698137 -0.193003  0.413469 0.931334 0
jonklercart
0  0.942693 0.408301 3.195467  -0.006674 0.999922 -0.010558  0.091124 0.959952 0
0  0.835134 0.408301 3.280328  0.009815 0.999949 0.002531  0.107779 0.967352 0
0  0.829514 0.415989 3.285415  -0.520056 0.305426 -0.797657  0.108301 0.968705 0
jonklercart
0  -1.118550 0.424975 1.208004  0.056729 0.998378 0.004905  0.402531 0.803783 0
0  -1.049084 0.424975 1.103287  0.049360 0.998755 0.007232  0.392256 0.794828 0
0  -1.057088 0.424975 1.082128  -0.031442 0.999261 -0.022116  0.393539 0.793134 0
jonklercart
0  -0.719883 0.408301 3.402205  -0.055364 0.985664 0.159378  0.347121 0.982044 0
0  -0.584031 0.408301 3.444196  -0.015073 0.986328 0.164104  0.326340 0.985798 0
0  -0.589999 0.416465 3.449597  -0.162945 -0.495098 0.853421  0.327030 0.984452 0
jonklercart
0  -1.100282 0.408301 2.994279  -0.030772 0.999296 0.021472  0.401590 0.945002 0
0  -1.147503 0.408301 2.895066  -0.016595 0.999857 0.003351  0.408218 0.937342 0
0  -1.153995 0.417181 2.900942  0.639585 0.718721 -0.272712  0.409558 0.938077 0
jonklercart
0  0.835134 0.408301 3.280328  0.009815 0.999949 0.002531  0.107779 0.967352 0
0  0.712921 0.408301 3.345505  0.025301 0.999235 0.029810  0.126631 0.973195 0
0  0.707279 0.416018 3.350610  -0.342396 0.451677 -0.823865  0.127280 0.974490 0
jonklercart
0  -1.049084 0.424975 1.103287  0.049360 0.998755 0.007232  0.392256 0.794828 0
0  -0.958846 0.424975 1.004058  0.040448 0.999144 0.008726  0.378836 0.786095 0
0  -0.965167 0.424975 0.981049  -0.021351 0.999536 -0.021721  0.379880 0.784240 0
jonklercart
0  -1.216764 0.424975 2.639397  0.061023 0.998136 0.001225  0.418694 0.917977 0
0  -1.216764 0.424975 1.585589  0.061366 0.998115 0.000701  0.417525 0.834190 0
0  -1.230691 0.424975 1.584139  -0.067310 0.997710 0.006604  0.419587 0.833998 0
jonklercart
0  -1.031876 0.408301 3.097399  -0.040814 0.998214 0.043634  0.391825 0.953156 0
0  -1.100282 0.408301 2.994279  -0.030772 0.999296 0.021472  0.401590 0.945002 0
0  -1.106735 0.417129 3.000119  0.583076 0.733916 -0.348410  0.402894 0.945824 0
jonklercart
0  0.712921 0.408301 3.345505  0.025301 0.999235 0.029810  0.126631 0.973195 0
0  0.580573 0.408301 3.386414  0.030111 0.997544 0.063243  0.146959 0.977099 0
0  0.574879 0.416091 3.391567  -0.161327 0.566227 -0.808307  0.147711 0.978337 0
jonklercart
0  -0.958846 0.424975 1.004058  0.040448 0.999144 0.008726  0.378836 0.786095 0
0  -0.850259 0.424975 0.918385  0.030689 0.999483 0.009546  0.362603 0.778312 0
0  -0.854940 0.424975 0.894082  -0.012926 0.999712 -0.020215  0.363405 0.776341 0
jonklercart
0  -0.432234 0.408301 3.459578  -0.051431 0.985134 0.163909  0.302892 0.987537 0
0  0.432234 0.408301 3.459578  0.078436 0.986372 0.144631  0.169422 0.987537 0
0  0.426465 0.416192 3.464798  0.030329 -0.391084 0.919855  0.170377 0.986399 0
jonklercart
0  -0.845685 0.408301 3.335114  -0.646722 0.755177 -0.107044  0.366239 0.976300 0
0  -0.719883 0.408301 3.402205  -0.055364 0.985664 0.159378  0.347121 0.982044 0
0  -0.725965 0.416622 3.407709  -0.323978 -0.562621 0.760589  0.347591 0.980586 0
jonklercart
0  -0.956941 0.408301 3.247335  -0.690344 0.665659 -0.283412  0.383061 0.968926 0
0  -0.845685 0.408301 3.335114  -0.646722 0.755177 -0.107044  0.366239 0.976300 0
0  -0.851881 0.416777 3.340722  -0.444115 -0.606000 0.659944  0.366445 0.974762 0
jonklercart
0  -1.049917 0.408301 3.145096  -0.652319 0.608135 -0.452384  0.397068 0.960425 0
0  -0.956941 0.408301 3.247335  -0.690344 0.665659 -0.283412  0.383061 0.968926 0
0  -0.963241 0.416919 3.253037  -0.539081 -0.630672 0.558251  0.382957 0.967358 0
jonklercart
0  -1.122134 0.408301 3.036232  -0.555643 0.586437 -0.589366  0.407932 0.951419 0
0  -1.049917 0.408301 3.145096  -0.652319 0.608135 -0.452384  0.397068 0.960425 0
0  -1.056305 0.417039 3.150877  -0.614234 -0.641312 0.459821  0.396613 0.958905 0
jonklercart
0  -1.172996 0.408301 2.929370  -0.418286 0.610774 -0.672303  0.415594 0.942570 0
0  -1.122134 0.408301 3.036232  -0.555643 0.586437 -0.589366  0.407932 0.951419 0
0  -1.128587 0.417129 3.042072  -0.674650 -0.641091 0.365855  0.407100 0.950052 0
jonklercart
0  -1.204323 0.408301 2.831995  -0.253441 0.702129 -0.665419  0.420355 0.934412 0
0  -1.172996 0.408301 2.929370  -0.418286 0.610774 -0.672303  0.415594 0.942570 0
0  -1.179488 0.417181 2.935245  -0.724827 -0.631675 0.274978  0.414395 0.941490 0
jonklercart
0  -1.220106 0.408301 2.747356  -0.077257 0.874899 -0.478104  0.422708 0.927197 0
0  -1.204323 0.408301 2.831995  -0.253441 0.702129 -0.665419  0.420355 0.934412 0
0  -1.210822 0.417191 2.837877  -0.767382 -0.613669 0.185838  0.418835 0.933760 0
jonklercart
0  -1.227235 0.408301 2.630726  0.026555 0.999584 -0.011209  0.423856 0.917505 0
0  -1.220106 0.408301 2.747356  -0.077257 0.874899 -0.478104  0.422708 0.927197 0
0  -1.226580 0.417157 2.753215  -0.811941 -0.578695 0.076580  0.421096 0.927087 0
jonklercart
0  -1.227235 0.408301 1.572197  0.009650 0.989227 0.146074  0.422574 0.832706 0
0  -1.227235 0.408301 2.630726  0.026555 0.999584 -0.011209  0.423856 0.917505 0
0  -1.233654 0.417081 2.636534  -0.843197 -0.537307 -0.017900  0.422307 0.917830 0
jonklercart
0  -0.584031 0.408301 0.758726  -0.000020 0.995291 0.096934  0.322879 0.762082 0
0  -0.719883 0.408301 0.800718  -0.155179 0.981974 0.107916  0.343567 0.766369 0
0  -0.725524 0.416018 0.805824  -0.347605 0.441387 -0.827254  0.344182 0.767659 0
jonklercart
0  -0.593725 0.424975 0.811466  0.003817 0.999942 0.010097  0.323958 0.767777 0
0  -0.443803 0.424975 0.796275  0.000682 0.999959 0.009021  0.301237 0.765507 0
0  -0.444184 0.424975 0.770525  -0.001579 0.999894 -0.014485  0.301362 0.763382 0
jonklercart
0  -0.845685 0.408301 0.867809  0.013478 0.999185 0.038061  0.362680 0.772662 0
0  -0.956941 0.408301 0.955587  0.003314 0.999945 0.009974  0.379569 0.780563 0
0  -0.962582 0.416016 0.960692  -0.671635 0.144193 -0.726715  0.379891 0.781959 0
jonklercart
0  -0.956941 0.408301 0.955587  0.003314 0.999945 0.009974  0.379569 0.780563 0
0  -1.049917 0.408301 1.057827  -0.007349 0.999955 -0.006045  0.393706 0.789515 0
0  -1.055623 0.416105 1.062990  -0.783956 -0.017240 -0.620577  0.393827 0.790960 0
jonklercart
0  -1.049917 0.408301 1.057827  -0.007349 0.999955 -0.006045  0.393706 0.789515 0
0  -1.122134 0.408301 1.166691  -0.009852 0.999896 -0.010533  0.404756 0.798834 0
0  -1.127946 0.416251 1.171951  -0.852938 -0.167994 -0.494241  0.404622 0.800305 0
jonklercart
0  -1.122134 0.408301 1.166691  -0.009852 0.999896 -0.010533  0.404756 0.798834 0
0  -1.172996 0.408301 1.273553  -0.002563 0.999951 -0.009553  0.412678 0.807811 0
0  -1.178944 0.416437 1.278935  -0.883290 -0.297304 -0.362503  0.412229 0.809254 0
jonklercart
0  -1.172996 0.408301 1.273553  -0.002563 0.999951 -0.009553  0.412678 0.807811 0
0  -1.204323 0.408301 1.370928  0.008009 0.999915 -0.010240  0.417798 0.815904 0
0  -1.210416 0.416635 1.376442  -0.885244 -0.401384 -0.235020  0.416980 0.817222 0
jonklercart
0  -1.204323 0.408301 1.370928  0.008009 0.999915 -0.010240  0.417798 0.815904 0
0  -1.220106 0.408301 1.455567  -0.118475 0.892653 0.434896  0.420728 0.822987 0
0  -1.226333 0.416819 1.461203  -0.866138 -0.490897 -0.093947  0.419526 0.824033 0
jonklercart
0  -1.220106 0.408301 1.455567  -0.118475 0.892653 0.434896  0.420728 0.822987 0
0  -1.227235 0.408301 1.572197  0.009650 0.989227 0.146074  0.422574 0.832706 0
0  -1.233571 0.416967 1.577931  -0.838389 -0.545072 -0.000542  0.421122 0.833383 0
jonklercart
0  1.227235 0.408301 1.572197  0.062074 0.997614 0.030224  0.041516 0.825828 0
0  1.220106 0.408301 1.455567  0.054066 0.998506 0.007856  0.042703 0.815845 0
0  1.213632 0.417157 1.461426  0.738443 0.669357 -0.081634  0.044281 0.816479 0
jonklercart
0  1.220106 0.408301 1.455567  0.054066 0.998506 0.007856  0.042703 0.815845 0
0  1.204323 0.408301 1.370928  0.035879 0.999356 -0.000246  0.045246 0.808544 0
0  1.197824 0.417191 1.376809  0.692561 0.697564 -0.183749  0.046769 0.809293 0
jonklercart
0  1.185679 0.424975 1.475891  -0.071015 0.997434 -0.009058  0.048944 0.817783 0
0  1.192385 0.424975 1.585589  -0.069896 0.997552 -0.002027  0.047827 0.827012 0
0  1.206312 0.424975 1.584139  0.059292 0.998233 0.003844  0.045667 0.826884 0
jonklercart
0  1.172996 0.408301 1.273553  0.139803 0.976994 0.161054  0.050356 0.800292 0
0  1.122134 0.408301 1.166691  -0.010782 0.999938 0.002770  0.058594 0.791474 0
0  1.115680 0.417129 1.172532  0.590182 0.732656 -0.338970  0.059966 0.792423 0
jonklercart
0  1.122134 0.408301 1.166691  -0.010782 0.999938 0.002770  0.058594 0.791474 0
0  1.049917 0.408301 1.057827  -0.033855 0.999301 0.015877  0.070135 0.782667 0
0  1.043529 0.417039 1.063608  0.527184 0.741955 -0.414222  0.071432 0.783682 0
jonklercart
0  0.934467 0.424975 1.004058  -0.041304 0.999145 0.001556  0.088652 0.779552 0
0  1.024705 0.424975 1.103287  -0.021764 0.999557 0.020285  0.074397 0.787369 0
0  1.032709 0.424975 1.082128  0.047421 0.998865 -0.004501  0.073225 0.785559 0
jonklercart
0  1.049917 0.408301 1.057827  -0.033855 0.999301 0.015877  0.070135 0.782667 0
0  0.956941 0.408301 0.955587  -0.051478 0.998025 0.035992  0.084878 0.774514 0
0  0.950641 0.416919 0.961289  0.453774 0.744584 -0.489576  0.086106 0.775580 0
jonklercart
0  0.956941 0.408301 0.955587  -0.051478 0.998025 0.035992  0.084878 0.774514 0
0  0.845685 0.408301 0.867809  -0.060159 0.996361 0.060377  0.102391 0.767500 0
0  0.839489 0.416776 0.873416  0.360115 0.739247 -0.569062  0.103549 0.768604 0
jonklercart
0  0.719883 0.408301 0.800718  -0.057586 0.994748 0.084618  0.122100 0.762115 0
0  0.584031 0.408301 0.758726  0.053408 0.991434 0.119192  0.143307 0.758708 0
0  0.578064 0.416464 0.764128  0.139592 0.687737 -0.712413  0.144307 0.759877 0
jonklercart
0  0.584031 0.408301 0.758726  0.053408 0.991434 0.119192  0.143307 0.758708 0
0  0.432234 0.408301 0.743345  -0.016704 0.994651 0.101933  0.166935 0.757361 0
0  0.426373 0.416317 0.748649  0.020171 0.643274 -0.765370  0.167850 0.758553 0
jonklercart
0  0.432234 0.408301 3.459578  0.078436 0.986372 0.144631  0.169422 0.987537 0
0  0.584031 0.408301 3.444196  0.231435 0.971158 0.057359  0.145827 0.985527 0
0  0.578337 0.416091 3.449350  0.191823 -0.281774 0.940110  0.146899 0.984522 0
jonklercart
0  0.584031 0.408301 3.444196  0.231435 0.971158 0.057359  0.145827 0.985527 0
0  0.719883 0.408301 3.402205  0.042056 0.998568 0.033070  0.124606 0.981429 0
0  0.714241 0.416018 3.407310  0.379322 -0.138697 0.914810  0.125800 0.980580 0
jonklercart
0  0.569346 0.424975 3.413520  -0.004658 0.999893 -0.013864  0.148458 0.980691 0
0  0.419424 0.424975 3.428711  -0.001494 0.999901 -0.014006  0.171535 0.982483 0
0  0.419805 0.424975 3.454461  -0.002010 0.999948 0.010007  0.171451 0.984633 0
jonklercart
0  0.845685 0.408301 3.335114  0.351928 0.923424 -0.153086  0.104840 0.975305 0
0  0.956941 0.408301 3.247335  -0.001499 0.999814 -0.019224  0.087239 0.967528 0
0  0.951300 0.416017 3.252440  0.667539 0.154178 0.728437  0.088625 0.966999 0
jonklercart
0  0.956941 0.408301 3.247335  -0.001499 0.999814 -0.019224  0.087239 0.967528 0
0  1.049917 0.408301 3.145096  -0.013500 0.999826 -0.012849  0.072389 0.958628 0
0  1.044212 0.416106 3.150260  0.751159 0.281651 0.597020  0.073852 0.958257 0
jonklercart
0  1.049917 0.408301 3.145096  -0.013500 0.999826 -0.012849  0.072389 0.958628 0
0  1.122134 0.408301 3.036232  -0.009076 0.999951 0.003897  0.060670 0.949260 0
0  1.116322 0.416251 3.041492  0.797723 0.387553 0.461997  0.062202 0.949045 0
jonklercart
0  1.122134 0.408301 3.036232  -0.009076 0.999951 0.003897  0.060670 0.949260 0
0  1.172996 0.408301 2.929370  0.008468 0.999764 0.020009  0.052198 0.940117 0
0  1.167048 0.416437 2.934753  0.815974 0.472409 0.333190  0.053789 0.940055 0
jonklercart
0  1.172996 0.408301 2.929370  0.008468 0.999764 0.020009  0.052198 0.940117 0
0  1.204323 0.408301 2.831995  0.031023 0.999117 0.028336  0.046750 0.931757 0
0  1.198230 0.416635 2.837509  0.814147 0.539831 0.213884  0.048386 0.931853 0
jonklercart
0  1.204323 0.408301 2.831995  0.031023 0.999117 0.028336  0.046750 0.931757 0
0  1.220106 0.408301 2.747356  0.081526 0.990316 -0.112370  0.043829 0.924419 0
0  1.213879 0.416819 2.752991  0.794790 0.601034 0.084064  0.045466 0.924674 0
jonklercart
0  1.220106 0.408301 2.747356  0.081526 0.990316 -0.112370  0.043829 0.924419 0
0  1.227235 0.408301 2.630726  0.059603 0.998167 0.010514  0.042234 0.914379 0
0  1.220899 0.416968 2.636459  0.768198 0.640108 -0.011574  0.043827 0.914780 0
jonklercart
0  -0.431374 0.408301 3.401532  0.005679 0.994733 0.102338  0.302563 0.978942 0
0  -0.580573 0.408301 3.386414  0.001079 0.994386 0.105812  0.325215 0.977252 0
0  -0.586541 0.416465 3.391815  0.136981 0.695172 -0.705671  0.326214 0.978370 0
jonklercart
0  -0.432234 0.408301 0.743345  -0.015227 0.995048 0.098226  0.299679 0.759849 0
0  -0.584031 0.408301 0.758726  -0.000020 0.995291 0.096934  0.322879 0.762082 0
0  -0.589726 0.416090 0.763880  -0.169333 0.554224 -0.814962  0.323606 0.763326 0
jonklercart
0  -0.443803 0.424975 3.428711  -0.001619 0.999889 -0.014821  0.304535 0.982355 0
0  -0.593725 0.424975 3.413520  0.008368 0.999870 -0.013808  0.327395 0.980535 0
0  -0.595259 0.424975 3.439153  -0.005622 0.999938 0.009664  0.327677 0.982632 0
jonklercart
0  1.204323 0.408301 1.370928  0.035879 0.999356 -0.000246  0.045246 0.808544 0
0  1.172996 0.408301 1.273553  0.139803 0.976994 0.161054  0.050356 0.800292 0
0  1.166504 0.417181 1.279428  0.639729 0.720170 -0.268519  0.051810 0.801155 0
jonklercart
0  -0.719883 0.408301 0.800718  -0.155179 0.981974 0.107916  0.343567 0.766369 0
0  -0.845685 0.408301 0.867809  0.013478 0.999185 0.038061  0.362680 0.772662 0
0  -0.851306 0.415989 0.872895  -0.520716 0.301920 -0.798561  0.363162 0.774003 0
jonklercart
0  -0.835134 0.408301 0.922594  0.010546 0.998570 0.052407  0.359605 0.780307 0
0  -0.712921 0.408301 0.857418  0.014613 0.995256 0.096187  0.341403 0.774373 0
0  -0.718562 0.416018 0.862523  0.381847 -0.133830 0.914485  0.342570 0.773570 0
jonklercart
0  0.419424 0.424975 3.428711  -0.001494 0.999901 -0.014006  0.171535 0.982483 0
0  -0.443803 0.424975 3.428711  -0.001619 0.999889 -0.014821  0.304535 0.982355 0
0  -0.444184 0.424975 3.454461  -0.001878 0.999951 0.009727  0.304621 0.984497 0
jonklercart
0  -1.189298 0.408301 1.468440  0.008461 0.999673 -0.024151  0.412242 0.825294 0
0  -1.175693 0.408301 1.395481  -0.001709 0.999700 -0.024420  0.410067 0.819656 0
0  -1.181786 0.416635 1.400995  0.816052 0.537142 0.213396  0.411547 0.819789 0
jonklercart
0  0.702668 0.424975 0.852676  -0.000939 0.999936 0.011267  0.124943 0.767566 0
0  0.825880 0.424975 0.918385  -0.005486 0.999879 0.014577  0.105700 0.772775 0
0  0.830561 0.424975 0.894082  0.030604 0.999471 -0.011045  0.105015 0.770719 0
jonklercart
0  -0.593725 0.424975 3.413520  0.008368 0.999870 -0.013808  0.327395 0.980535 0
0  -0.727047 0.424975 3.372310  0.017400 0.999760 -0.013299  0.347452 0.976740 0
0  -0.730135 0.424975 3.397463  -0.008760 0.999904 0.010732  0.347959 0.978774 0
jonklercart
0  -1.195840 0.408301 1.575467  0.019888 0.999744 -0.010833  0.413585 0.833567 0
0  -1.189298 0.408301 1.468440  0.008461 0.999673 -0.024151  0.412242 0.825294 0
0  -1.195525 0.416819 1.474076  0.795661 0.600517 0.079390  0.413718 0.825544 0
jonklercart
0  0.569346 0.424975 0.811466  0.001614 0.999958 0.008995  0.145685 0.764282 0
0  0.702668 0.424975 0.852676  -0.000939 0.999936 0.011267  0.124943 0.767566 0
0  0.705756 0.424975 0.827523  0.020987 0.999692 -0.013229  0.124491 0.765448 0
jonklercart
0  -0.727047 0.424975 3.372310  0.017400 0.999760 -0.013299  0.347452 0.976740 0
0  -0.850259 0.424975 3.306601  0.025519 0.999597 -0.012404  0.365781 0.971052 0
0  -0.854940 0.424975 3.330904  -0.013113 0.999829 0.013017  0.366518 0.972996 0
jonklercart
0  1.189298 0.408301 1.468440  0.104721 0.994492 0.004288  0.052131 0.818038 0
0  1.195840 0.408301 1.575467  0.088746 0.996038 0.005723  0.051039 0.826404 0
0  1.189422 0.417081 1.581276  -0.839570 -0.543136 -0.011254  0.049441 0.826724 0
jonklercart
0  0.419424 0.424975 0.796275  -0.002505 0.999957 0.008910  0.168896 0.762989 0
0  0.569346 0.424975 0.811466  0.001614 0.999958 0.008995  0.145685 0.764282 0
0  0.570880 0.424975 0.785833  0.010621 0.999837 -0.014561  0.145457 0.762130 0
jonklercart
0  -0.850259 0.424975 3.306601  0.025519 0.999597 -0.012404  0.365781 0.971052 0
0  -0.958846 0.424975 3.220928  0.032883 0.999397 -0.011163  0.381753 0.963863 0
0  -0.965167 0.424975 3.243937  -0.019366 0.999688 0.015752  0.382723 0.965681 0
jonklercart
0  1.175693 0.408301 1.395481  0.075940 0.997111 -0.001936  0.054009 0.812667 0
0  1.189298 0.408301 1.468440  0.104721 0.994492 0.004288  0.052131 0.818038 0
0  1.182824 0.417157 1.474300  -0.815377 -0.574085 0.074748  0.050550 0.817917 0
jonklercart
0  0.702668 0.424975 3.372310  -0.007536 0.999858 -0.015037  0.127833 0.976865 0
0  0.569346 0.424975 3.413520  -0.004658 0.999893 -0.013864  0.148458 0.980691 0
0  0.570880 0.424975 3.439153  0.012718 0.999863 0.010558  0.148178 0.982826 0
jonklercart
0  -0.958846 0.424975 3.220928  0.032883 0.999397 -0.011163  0.381753 0.963863 0
0  -1.049084 0.424975 3.121700  0.040473 0.999138 -0.009229  0.394862 0.955725 0
0  -1.057088 0.424975 3.142858  -0.027590 0.999456 0.018065  0.396065 0.957375 0
jonklercart
0  1.195840 0.408301 1.575467  0.088746 0.996038 0.005723  0.051039 0.826404 0
0  1.195840 0.408301 2.627456  0.082545 0.996533 0.010426  0.051635 0.913536 0
0  1.189505 0.416968 2.633190  -0.839069 -0.544024 0.000567  0.050142 0.914192 0
jonklercart
0  0.719883 0.408301 3.402205  0.042056 0.998568 0.033070  0.124606 0.981429 0
0  0.845685 0.408301 3.335114  0.351928 0.923424 -0.153086  0.104840 0.975305 0
0  0.840065 0.415990 3.340201  0.543503 0.010454 0.839342  0.106138 0.974616 0
jonklercart
0  -1.049084 0.424975 3.121700  0.040473 0.999138 -0.009229  0.394862 0.955725 0
0  -1.118550 0.424975 3.016982  0.047455 0.998852 -0.006585  0.404813 0.947313 0
0  -1.128244 0.424975 3.035592  -0.037416 0.999115 0.019221  0.406240 0.948743 0
jonklercart
0  1.100282 0.408301 1.208644  -0.027222 0.999183 0.029890  0.065003 0.798534 0
0  1.147503 0.408301 1.307856  0.027535 0.999605 0.005656  0.058024 0.806122 0
0  1.141011 0.417181 1.313731  -0.724895 -0.630450 0.277595  0.056865 0.805009 0
jonklercart
0  0.825880 0.424975 3.306601  -0.011615 0.999782 -0.017324  0.108638 0.971078 0
0  0.702668 0.424975 3.372310  -0.007536 0.999858 -0.015037  0.127833 0.976865 0
0  0.705756 0.424975 3.397463  0.025622 0.999626 0.009613  0.127323 0.978974 0
jonklercart
0  -1.118550 0.424975 3.016982  0.047455 0.998852 -0.006585  0.404813 0.947313 0
0  -1.166785 0.424975 2.915642  0.053326 0.998571 -0.003434  0.411612 0.939341 0
0  -1.178093 0.424975 2.930859  -0.047632 0.998695 0.018453  0.413246 0.940490 0
jonklercart
0  1.031876 0.408301 1.105524  -0.071973 0.995139 0.067225  0.075273 0.790538 0
0  1.100282 0.408301 1.208644  -0.027222 0.999183 0.029890  0.065003 0.798534 0
0  1.093828 0.417129 1.214484  -0.674400 -0.641119 0.366265  0.064211 0.797121 0
jonklercart
0  0.934467 0.424975 3.220928  -0.017665 0.999641 -0.020134  0.091582 0.963701 0
0  0.825880 0.424975 3.306601  -0.011615 0.999782 -0.017324  0.108638 0.971078 0
0  0.830561 0.424975 3.330904  0.037691 0.999260 0.007611  0.107889 0.973131 0
jonklercart
0  -1.166785 0.424975 2.915642  0.053326 0.998571 -0.003434  0.411612 0.939341 0
0  -1.195848 0.424975 2.825304  0.057327 0.998355 -0.000430  0.415649 0.932343 0
0  -1.208548 0.424975 2.836196  -0.056758 0.998267 0.015560  0.417453 0.933157 0
jonklercart
0  0.942693 0.408301 1.007456  -0.096448 0.989347 0.109040  0.088853 0.782898 0
0  1.031876 0.408301 1.105524  -0.071973 0.995139 0.067225  0.075273 0.790538 0
0  1.025488 0.417039 1.111305  -0.613766 -0.643257 0.457725  0.074868 0.788973 0
jonklercart
0  1.024705 0.424975 3.121700  -0.025897 0.999408 -0.022665  0.077255 0.955266 0
0  0.934467 0.424975 3.220928  -0.017665 0.999641 -0.020134  0.091582 0.963701 0
0  0.940788 0.424975 3.243937  0.048443 0.998815 0.004604  0.090587 0.965662 0
jonklercart
0  -1.195848 0.424975 2.825304  0.057327 0.998355 -0.000430  0.415649 0.932343 0
0  -1.210058 0.424975 2.749095  0.060194 0.998185 0.002020  0.417651 0.926497 0
0  -1.223725 0.424975 2.754806  -0.062717 0.997988 0.009254  0.419578 0.926947 0
jonklercart
0  0.835134 0.408301 0.922594  -0.098269 0.984330 0.146414  0.105295 0.776147 0
0  0.942693 0.408301 1.007456  -0.096448 0.989347 0.109040  0.088853 0.782898 0
0  0.936393 0.416919 1.013158  -0.539193 -0.635113 0.553084  0.088799 0.781287 0
jonklercart
0  1.094171 0.424975 3.016982  -0.036004 0.999063 -0.023996  0.066031 0.946439 0
0  1.024705 0.424975 3.121700  -0.025897 0.999408 -0.022665  0.077255 0.955266 0
0  1.032709 0.424975 3.142858  0.057321 0.998355 0.000845  0.076008 0.957095 0
jonklercart
0  -1.210058 0.424975 2.749095  0.060194 0.998185 0.002020  0.417651 0.926497 0
0  -1.216764 0.424975 2.639397  0.061023 0.998136 0.001225  0.418694 0.917977 0
0  -1.230691 0.424975 2.640848  -0.067109 0.997725 -0.006482  0.420737 0.918102 0
jonklercart
0  0.712921 0.408301 0.857418  -0.080819 0.981817 0.171768  0.123996 0.770870 0
0  0.835134 0.408301 0.922594  -0.098269 0.984330 0.146414  0.105295 0.776147 0
0  0.828938 0.416776 0.928202  -0.445895 -0.613477 0.651785  0.105543 0.774578 0
jonklercart
0  0.431374 0.408301 3.401532  0.015081 0.995480 0.093768  0.169778 0.978975 0
0  -0.431374 0.408301 3.401532  0.005679 0.994733 0.102338  0.302563 0.978942 0
0  -0.437235 0.416318 3.406835  0.017657 0.649978 -0.759748  0.303491 0.980107 0
jonklercart
0  1.142406 0.424975 2.915642  -0.047234 0.998610 -0.023375  0.058021 0.937935 0
0  1.094171 0.424975 3.016982  -0.036004 0.999063 -0.023996  0.066031 0.946439 0
0  1.103865 0.424975 3.035592  0.063575 0.997971 -0.003321  0.064531 0.948084 0
jonklercart
0  -0.727047 0.424975 0.852676  0.006367 0.999891 0.013323  0.344092 0.772067 0
0  -0.593725 0.424975 0.811466  0.003817 0.999942 0.010097  0.323958 0.767777 0
0  -0.595259 0.424975 0.785833  -0.011544 0.999826 -0.014621  0.324286 0.765676 0
jonklercart
0  0.580573 0.408301 0.816509  -0.051745 0.982351 0.179747  0.144260 0.767445 0
0  0.712921 0.408301 0.857418  -0.080819 0.981817 0.171768  0.123996 0.770870 0
0  0.706838 0.416621 0.862923  -0.328471 -0.573422 0.750529  0.124500 0.769393 0
jonklercart
0  -0.712921 0.408301 3.345505  -0.020426 0.994348 0.104186  0.345050 0.973603 0
0  -0.835134 0.408301 3.280328  -0.036474 0.995306 0.089638  0.363159 0.968077 0
0  -0.841330 0.416777 3.285936  0.366769 0.740460 -0.563204  0.364300 0.969091 0
jonklercart
0  1.171469 0.424975 2.825304  -0.058126 0.998109 -0.020008  0.052963 0.930359 0
0  1.142406 0.424975 2.915642  -0.047234 0.998610 -0.023375  0.058021 0.937935 0
0  1.153714 0.424975 2.930859  0.066483 0.997763 -0.006959  0.056270 0.939330 0
jonklercart
0  0.432234 0.408301 0.743345  -0.016704 0.994651 0.101933  0.166935 0.757361 0
0  -0.432234 0.408301 0.743345  -0.015227 0.995048 0.098226  0.299679 0.759849 0
0  -0.438003 0.416192 0.748566  -0.025121 0.628583 -0.777337  0.300504 0.761058 0
jonklercart
0  0.431374 0.408301 0.801391  -0.017979 0.987161 0.158713  0.167118 0.765974 0
0  0.580573 0.408301 0.816509  -0.051745 0.982351 0.179747  0.144260 0.767445 0
0  0.574606 0.416464 0.821910  -0.180048 -0.507626 0.842555  0.144971 0.766101 0
jonklercart
0  -0.835134 0.408301 3.280328  -0.036474 0.995306 0.089638  0.363159 0.968077 0
0  -0.942693 0.408301 3.195467  -0.043382 0.996764 0.067679  0.378918 0.961075 0
0  -0.948993 0.416919 3.201168  0.453635 0.744705 -0.489520  0.380123 0.962032 0
jonklercart
0  1.185679 0.424975 2.749095  -0.067222 0.997667 -0.011876  0.050237 0.923950 0
0  1.171469 0.424975 2.825304  -0.058126 0.998109 -0.020008  0.052963 0.930359 0
0  1.184169 0.424975 2.836196  0.065734 0.997801 -0.008496  0.050988 0.931415 0
jonklercart
0  -0.850259 0.424975 0.918385  0.030689 0.999483 0.009546  0.362603 0.778312 0
0  -0.727047 0.424975 0.852676  0.006367 0.999891 0.013323  0.344092 0.772067 0
0  -0.730135 0.424975 0.827523  -0.024069 0.999628 -0.012821  0.344654 0.770016 0
jonklercart
0  0.580573 0.408301 3.386414  0.030111 0.997544 0.063243  0.146959 0.977099 0
0  0.431374 0.408301 3.401532  0.015081 0.995480 0.093768  0.169778 0.978975 0
0  0.425605 0.416192 3.406753  -0.021886 0.633896 -0.773109  0.170626 0.980172 0
jonklercart
0  -0.942693 0.408301 3.195467  -0.043382 0.996764 0.067679  0.378918 0.961075 0
0  -1.031876 0.408301 3.097399  -0.040814 0.998214 0.043634  0.391825 0.953156 0
0  -1.038264 0.417039 3.103180  0.518632 0.743594 -0.422005  0.393085 0.954049 0
jonklercart
0  1.192385 0.424975 2.639397  -0.070528 0.997495 0.005390  0.048586 0.914824 0
0  1.185679 0.424975 2.749095  -0.067222 0.997667 -0.011876  0.050237 0.923950 0
0  1.199346 0.424975 2.754806  0.062301 0.998027 -0.007804  0.048119 0.924581 0
jonklercart
0  -0.444184 0.424975 3.454461  -0.001878 0.999951 0.009727  0.304621 0.984497 0
0  -0.595259 0.424975 3.439153  -0.005622 0.999938 0.009664  0.327677 0.982632 0
0  -0.594907 0.423835 3.446436  -0.085935 0.910365 0.404786  0.327641 0.983253 0
jonklercart
0  -0.443456 0.423815 3.461768  -0.008252 0.918021 0.396445  0.304519 0.985129 0
0  -0.594907 0.423835 3.446436  -0.085935 0.910365 0.404786  0.327641 0.983253 0
0  -0.592981 0.420720 3.450259  -0.193390 0.232790 0.953105  0.327389 0.983805 0
jonklercart
0  -0.441227 0.420646 3.465582  -0.032627 0.309491 0.950342  0.304189 0.985681 0
0  -0.592981 0.420720 3.450259  -0.193390 0.232790 0.953105  0.327389 0.983805 0
0  -0.589999 0.416465 3.449597  -0.162945 -0.495098 0.853421  0.327030 0.984452 0
jonklercart
0  -0.595259 0.424975 3.439153  -0.005622 0.999938 0.009664  0.327677 0.982632 0
0  -0.730135 0.424975 3.397463  -0.008760 0.999904 0.010732  0.347959 0.978774 0
0  -0.730286 0.423856 3.404609  -0.175866 0.896227 0.407245  0.348000 0.979377 0
jonklercart
0  -0.594907 0.423835 3.446436  -0.085935 0.910365 0.404786  0.327641 0.983253 0
0  -0.730286 0.423856 3.404609  -0.175866 0.896227 0.407245  0.348000 0.979377 0
0  -0.728759 0.420798 3.408360  -0.376375 0.145375 0.914991  0.347836 0.979919 0
jonklercart
0  -0.592981 0.420720 3.450259  -0.193390 0.232790 0.953105  0.327389 0.983805 0
0  -0.728759 0.420798 3.408360  -0.376375 0.145375 0.914991  0.347836 0.979919 0
0  -0.725965 0.416622 3.407709  -0.323978 -0.562621 0.760589  0.347591 0.980586 0
jonklercart
0  -0.730135 0.424975 3.397463  -0.008760 0.999904 0.010732  0.347959 0.978774 0
0  -0.854940 0.424975 3.330904  -0.013113 0.999829 0.013017  0.366518 0.972996 0
0  -0.855604 0.423877 3.337798  -0.266153 0.878291 0.397199  0.366637 0.973570 0
jonklercart
0  -0.730286 0.423856 3.404609  -0.175866 0.896227 0.407245  0.348000 0.979377 0
0  -0.855604 0.423877 3.337798  -0.266153 0.878291 0.397199  0.366637 0.973570 0
0  -0.854485 0.420876 3.341392  -0.537343 0.064689 0.840879  0.366564 0.974092 0
jonklercart
0  -0.728759 0.420798 3.408360  -0.376375 0.145375 0.914991  0.347836 0.979919 0
0  -0.854485 0.420876 3.341392  -0.537343 0.064689 0.840879  0.366564 0.974092 0
0  -0.851881 0.416777 3.340722  -0.444115 -0.606000 0.659944  0.366445 0.974762 0
jonklercart
0  -0.854940 0.424975 3.330904  -0.013113 0.999829 0.013017  0.366518 0.972996 0
0  -0.965167 0.424975 3.243937  -0.019366 0.999688 0.015752  0.382723 0.965681 0
0  -0.966360 0.423896 3.250438  -0.354176 0.857097 0.374090  0.382920 0.966217 0
jonklercart
0  -0.855604 0.423877 3.337798  -0.266153 0.878291 0.397199  0.366637 0.973570 0
0  -0.966360 0.423896 3.250438  -0.354176 0.857097 0.374090  0.382920 0.966217 0
0  -0.965655 0.420947 3.253769  -0.671035 -0.009737 0.741362  0.382941 0.966706 0
jonklercart
0  -0.854485 0.420876 3.341392  -0.537343 0.064689 0.840879  0.366564 0.974092 0
0  -0.965655 0.420947 3.253769  -0.671035 -0.009737 0.741362  0.382941 0.966706 0
0  -0.963241 0.416919 3.253037  -0.539081 -0.630672 0.558251  0.382957 0.967358 0
jonklercart
0  -0.965167 0.424975 3.243937  -0.019366 0.999688 0.015752  0.382723 0.965681 0
0  -1.057088 0.424975 3.142858  -0.027590 0.999456 0.018065  0.396065 0.957375 0
0  -1.058820 0.423912 3.148790  -0.435725 0.834222 0.337962  0.396341 0.957856 0
jonklercart
0  -0.966360 0.423896 3.250438  -0.354176 0.857097 0.374090  0.382920 0.966217 0
0  -1.058820 0.423912 3.148790  -0.435725 0.834222 0.337962  0.396341 0.957856 0
0  -1.058534 0.421007 3.151725  -0.775487 -0.075718 0.626806  0.396456 0.958297 0
jonklercart
0  -0.965655 0.420947 3.253769  -0.671035 -0.009737 0.741362  0.382941 0.966706 0
0  -1.058534 0.421007 3.151725  -0.775487 -0.075718 0.626806  0.396456 0.958297 0
0  -1.056305 0.417039 3.150877  -0.614234 -0.641312 0.459821  0.396613 0.958905 0
jonklercart
0  -1.057088 0.424975 3.142858  -0.027590 0.999456 0.018065  0.396065 0.957375 0
0  -1.128244 0.424975 3.035592  -0.037416 0.999115 0.019221  0.406240 0.948743 0
0  -1.130515 0.423924 3.040732  -0.506716 0.812005 0.289633  0.406592 0.949154 0
jonklercart
0  -1.058820 0.423912 3.148790  -0.435725 0.834222 0.337962  0.396341 0.957856 0
0  -1.130515 0.423924 3.040732  -0.506716 0.812005 0.289633  0.406592 0.949154 0
0  -1.130641 0.421052 3.043104  -0.852962 -0.129553 0.505640  0.406800 0.949524 0
jonklercart
0  -1.058534 0.421007 3.151725  -0.775487 -0.075718 0.626806  0.396456 0.958297 0
0  -1.130641 0.421052 3.043104  -0.852962 -0.129553 0.505640  0.406800 0.949524 0
0  -1.128587 0.417129 3.042072  -0.674650 -0.641091 0.365855  0.407100 0.950052 0
jonklercart
0  -1.128244 0.424975 3.035592  -0.037416 0.999115 0.019221  0.406240 0.948743 0
0  -1.178093 0.424975 2.930859  -0.047632 0.998695 0.018453  0.413246 0.940490 0
0  -1.180876 0.423931 2.934939  -0.563652 0.793187 0.230543  0.413667 0.940811 0
jonklercart
0  -1.130515 0.423924 3.040732  -0.506716 0.812005 0.289633  0.406592 0.949154 0
0  -1.180876 0.423931 2.934939  -0.563652 0.793187 0.230543  0.413667 0.940811 0
0  -1.181386 0.421078 2.936545  -0.908607 -0.166169 0.383172  0.413960 0.941087 0
jonklercart
0  -1.130641 0.421052 3.043104  -0.852962 -0.129553 0.505640  0.406800 0.949524 0
0  -1.181386 0.421078 2.936545  -0.908607 -0.166169 0.383172  0.413960 0.941087 0
0  -1.179488 0.417181 2.935245  -0.724827 -0.631675 0.274978  0.414395 0.941490 0
jonklercart
0  -1.178093 0.424975 2.930859  -0.047632 0.998695 0.018453  0.413246 0.940490 0
0  -1.208548 0.424975 2.836196  -0.056758 0.998267 0.015560  0.417453 0.933157 0
0  -1.211768 0.423932 2.838922  -0.603941 0.780362 0.162145  0.417925 0.933369 0
jonklercart
0  -1.180876 0.423931 2.934939  -0.563652 0.793187 0.230543  0.413667 0.940811 0
0  -1.211768 0.423932 2.838922  -0.603941 0.780362 0.162145  0.417925 0.933369 0
0  -1.212601 0.421083 2.839537  -0.948804 -0.179061 0.260207  0.418287 0.933524 0
jonklercart
0  -1.181386 0.421078 2.936545  -0.908607 -0.166169 0.383172  0.413960 0.941087 0
0  -1.212601 0.421083 2.839537  -0.948804 -0.179061 0.260207  0.418287 0.933524 0
0  -1.210822 0.417191 2.837877  -0.767382 -0.613669 0.185838  0.418835 0.933760 0
jonklercart
0  -1.208548 0.424975 2.836196  -0.056758 0.998267 0.015560  0.417453 0.933157 0
0  -1.223725 0.424975 2.754806  -0.062717 0.997988 0.009254  0.419578 0.926947 0
0  -1.227244 0.423927 2.755904  -0.624551 0.777867 0.069705  0.420098 0.927040 0
jonklercart
0  -1.211768 0.423932 2.838922  -0.603941 0.780362 0.162145  0.417925 0.933369 0
0  -1.227244 0.423927 2.755904  -0.624551 0.777867 0.069705  0.420098 0.927040 0
0  -1.228289 0.421066 2.755321  -0.981864 -0.154201 0.110294  0.420503 0.927058 0
jonklercart
0  -1.212601 0.421083 2.839537  -0.948804 -0.179061 0.260207  0.418287 0.933524 0
0  -1.228289 0.421066 2.755321  -0.981864 -0.154201 0.110294  0.420503 0.927058 0
0  -1.226580 0.417157 2.753215  -0.811941 -0.578695 0.076580  0.421096 0.927087 0
jonklercart
0  -1.223725 0.424975 2.754806  -0.062717 0.997988 0.009254  0.419578 0.926947 0
0  -1.230691 0.424975 2.640848  -0.067109 0.997725 -0.006482  0.420737 0.918102 0
0  -1.234285 0.423917 2.640603  -0.629050 0.777331 -0.007233  0.421286 0.918086 0
jonklercart
0  -1.227244 0.423927 2.755904  -0.624551 0.777867 0.069705  0.420098 0.927040 0
0  -1.234285 0.423917 2.640603  -0.629050 0.777331 -0.007233  0.421286 0.918086 0
0  -1.235369 0.421028 2.639024  -0.994206 -0.106735 -0.012763  0.421709 0.917978 0
jonklercart
0  -1.228289 0.421066 2.755321  -0.981864 -0.154201 0.110294  0.420503 0.927058 0
0  -1.235369 0.421028 2.639024  -0.994206 -0.106735 -0.012763  0.421709 0.917978 0
0  -1.233654 0.417081 2.636534  -0.843197 -0.537307 -0.017900  0.422307 0.917830 0
jonklercart
0  -0.595259 0.424975 0.785833  -0.011544 0.999826 -0.014621  0.324286 0.765676 0
0  -0.444184 0.424975 0.770525  -0.001579 0.999894 -0.014485  0.301362 0.763382 0
0  -0.443443 0.423798 0.761672  -0.005482 0.965991 -0.258517  0.301274 0.762627 0
jonklercart
0  -0.594870 0.423784 0.777008  -0.055158 0.961100 -0.270637  0.324262 0.764927 0
0  -0.443443 0.423798 0.761672  -0.005482 0.965991 -0.258517  0.301274 0.762627 0
0  -0.441181 0.420583 0.753635  -0.013845 0.855696 -0.517294  0.300957 0.761815 0
jonklercart
0  -0.592845 0.420532 0.768972  -0.114575 0.825080 -0.553277  0.324007 0.764109 0
0  -0.441181 0.420583 0.753635  -0.013845 0.855696 -0.517294  0.300957 0.761815 0
0  -0.438003 0.416192 0.748566  -0.025121 0.628583 -0.777337  0.300504 0.761058 0
jonklercart
0  -0.730135 0.424975 0.827523  -0.024069 0.999628 -0.012821  0.344654 0.770016 0
0  -0.595259 0.424975 0.785833  -0.011544 0.999826 -0.014621  0.324286 0.765676 0
0  -0.594870 0.423784 0.777008  -0.055158 0.961100 -0.270637  0.324262 0.764927 0
jonklercart
0  -0.730227 0.423775 0.818843  -0.118920 0.953335 -0.277508  0.344705 0.769283 0
0  -0.594870 0.423784 0.777008  -0.055158 0.961100 -0.270637  0.324262 0.764927 0
0  -0.592845 0.420532 0.768972  -0.114575 0.825080 -0.553277  0.324007 0.764109 0
jonklercart
0  -0.728539 0.420496 0.810900  -0.247858 0.777089 -0.578532  0.344520 0.768466 0
0  -0.592845 0.420532 0.768972  -0.114575 0.825080 -0.553277  0.324007 0.764109 0
0  -0.589726 0.416090 0.763880  -0.169333 0.554224 -0.814962  0.323606 0.763326 0
jonklercart
0  -0.854940 0.424975 0.894082  -0.012926 0.999712 -0.020215  0.363405 0.776341 0
0  -0.730135 0.424975 0.827523  -0.024069 0.999628 -0.012821  0.344654 0.770016 0
0  -0.730227 0.423775 0.818843  -0.118920 0.953335 -0.277508  0.344705 0.769283 0
jonklercart
0  -0.855527 0.423771 0.885664  -0.188776 0.941799 -0.278170  0.363533 0.775632 0
0  -0.730227 0.423775 0.818843  -0.118920 0.953335 -0.277508  0.344705 0.769283 0
0  -0.728539 0.420496 0.810900  -0.247858 0.777089 -0.578532  0.344520 0.768466 0
jonklercart
0  -0.854197 0.420482 0.877910  -0.391814 0.709415 -0.585843  0.363423 0.774827 0
0  -0.728539 0.420496 0.810900  -0.247858 0.777089 -0.578532  0.344520 0.768466 0
0  -0.725524 0.416018 0.805824  -0.347605 0.441387 -0.827254  0.344182 0.767659 0
jonklercart
0  -0.965167 0.424975 0.981049  -0.021351 0.999536 -0.021721  0.379880 0.784240 0
0  -0.854940 0.424975 0.894082  -0.012926 0.999712 -0.020215  0.363405 0.776341 0
0  -0.855527 0.423771 0.885664  -0.188776 0.941799 -0.278170  0.363533 0.775632 0
jonklercart
0  -0.966271 0.423774 0.973040  -0.265147 0.925474 -0.270547  0.380087 0.783568 0
0  -0.855527 0.423771 0.885664  -0.188776 0.941799 -0.278170  0.363533 0.775632 0
0  -0.854197 0.420482 0.877910  -0.391814 0.709415 -0.585843  0.363423 0.774827 0
jonklercart
0  -0.965325 0.420496 0.965589  -0.539285 0.620576 -0.569259  0.380059 0.782789 0
0  -0.854197 0.420482 0.877910  -0.391814 0.709415 -0.585843  0.363423 0.774827 0
0  -0.851306 0.415989 0.872895  -0.520716 0.301920 -0.798561  0.363162 0.774003 0
jonklercart
0  -1.057088 0.424975 1.082128  -0.031442 0.999261 -0.022116  0.393539 0.793134 0
0  -0.965167 0.424975 0.981049  -0.021351 0.999536 -0.021721  0.379880 0.784240 0
0  -0.966271 0.423774 0.973040  -0.265147 0.925474 -0.270547  0.380087 0.783568 0
jonklercart
0  -1.058729 0.423786 1.074707  -0.345934 0.903835 -0.251819  0.393825 0.792515 0
0  -0.966271 0.423774 0.973040  -0.265147 0.925474 -0.270547  0.380087 0.783568 0
0  -0.965325 0.420496 0.965589  -0.539285 0.620576 -0.569259  0.380059 0.782789 0
jonklercart
0  -1.058192 0.420540 1.067702  -0.678437 0.512954 -0.525929  0.393885 0.791780 0
0  -0.965325 0.420496 0.965589  -0.539285 0.620576 -0.569259  0.380059 0.782789 0
0  -0.962582 0.416016 0.960692  -0.671635 0.144193 -0.726715  0.379891 0.781959 0
jonklercart
0  -1.128244 0.424975 1.189394  -0.042355 0.998890 -0.020626  0.404039 0.802304 0
0  -1.057088 0.424975 1.082128  -0.031442 0.999261 -0.022116  0.393539 0.793134 0
0  -1.058729 0.423786 1.074707  -0.345934 0.903835 -0.251819  0.393825 0.792515 0
jonklercart
0  -1.130430 0.423806 1.182785  -0.426978 0.877157 -0.219740  0.404401 0.801757 0
0  -1.058729 0.423786 1.074707  -0.345934 0.903835 -0.251819  0.393825 0.792515 0
0  -1.058192 0.420540 1.067702  -0.678437 0.512954 -0.525929  0.393885 0.791780 0
jonklercart
0  -1.130320 0.420613 1.176401  -0.798406 0.391023 -0.457874  0.404551 0.801089 0
0  -1.058192 0.420540 1.067702  -0.678437 0.512954 -0.525929  0.393885 0.791780 0
0  -1.055623 0.416105 1.062990  -0.783956 -0.017240 -0.620577  0.393827 0.790960 0
jonklercart
0  -1.178093 0.424975 1.294127  -0.052968 0.998453 -0.016895  0.411347 0.810998 0
0  -1.128244 0.424975 1.189394  -0.042355 0.998890 -0.020626  0.404039 0.802304 0
0  -1.130430 0.423806 1.182785  -0.426978 0.877157 -0.219740  0.404401 0.801757 0
jonklercart
0  -1.180803 0.423831 1.288599  -0.501782 0.847406 -0.173543  0.411777 0.810544 0
0  -1.130430 0.423806 1.182785  -0.426978 0.877157 -0.219740  0.404401 0.801757 0
0  -1.130320 0.420613 1.176401  -0.798406 0.391023 -0.457874  0.404551 0.801089 0
jonklercart
0  -1.181114 0.420706 1.283038  -0.891936 0.259808 -0.370067  0.412016 0.809967 0
0  -1.130320 0.420613 1.176401  -0.798406 0.391023 -0.457874  0.404551 0.801089 0
0  -1.127946 0.416251 1.171951  -0.852938 -0.167994 -0.494241  0.404622 0.800305 0
jonklercart
0  -1.208548 0.424975 1.388790  -0.061752 0.998031 -0.010970  0.415819 0.818627 0
0  -1.178093 0.424975 1.294127  -0.052968 0.998453 -0.016895  0.411347 0.810998 0
0  -1.180803 0.423831 1.288599  -0.501782 0.847406 -0.173543  0.411777 0.810544 0
jonklercart
0  -1.211714 0.423857 1.384635  -0.563462 0.817946 -0.116078  0.416305 0.818284 0
0  -1.180803 0.423831 1.288599  -0.501782 0.847406 -0.173543  0.411777 0.810544 0
0  -1.181114 0.420706 1.283038  -0.891936 0.259808 -0.370067  0.412016 0.809967 0
jonklercart
0  -1.212397 0.420805 1.380116  -0.955504 0.125631 -0.266888  0.416622 0.817825 0
0  -1.181114 0.420706 1.283038  -0.891936 0.259808 -0.370067  0.412016 0.809967 0
0  -1.178944 0.416437 1.278935  -0.883290 -0.297304 -0.362503  0.412229 0.809254 0
jonklercart
0  -1.223725 0.424975 1.470180  -0.066325 0.997796 -0.001936  0.418139 0.825024 0
0  -1.208548 0.424975 1.388790  -0.061752 0.998031 -0.010970  0.415819 0.818627 0
0  -1.211714 0.423857 1.384635  -0.563462 0.817946 -0.116078  0.416305 0.818284 0
jonklercart
0  -1.227211 0.423882 1.467666  -0.613986 0.788198 -0.042017  0.418661 0.824805 0
0  -1.211714 0.423857 1.384635  -0.563462 0.817946 -0.116078  0.416305 0.818284 0
0  -1.212397 0.420805 1.380116  -0.955504 0.125631 -0.266888  0.416622 0.817825 0
jonklercart
0  -1.228166 0.420897 1.464380  -0.991268 -0.018916 -0.130498  0.419037 0.824481 0
0  -1.212397 0.420805 1.380116  -0.955504 0.125631 -0.266888  0.416622 0.817825 0
0  -1.210416 0.416635 1.376442  -0.885244 -0.401384 -0.235020  0.416980 0.817222 0
jonklercart
0  -1.230691 0.424975 1.584139  -0.067310 0.997710 0.006604  0.419587 0.833998 0
0  -1.223725 0.424975 1.470180  -0.066325 0.997796 -0.001936  0.418139 0.825024 0
0  -1.227211 0.423882 1.467666  -0.613986 0.788198 -0.042017  0.418661 0.824805 0
jonklercart
0  -1.234273 0.423902 1.582974  -0.633906 0.773171 0.019213  0.420134 0.833886 0
0  -1.227211 0.423882 1.467666  -0.613986 0.788198 -0.042017  0.418661 0.824805 0
0  -1.228166 0.420897 1.464380  -0.991268 -0.018916 -0.130498  0.419037 0.824481 0
jonklercart
0  -1.235328 0.420971 1.580702  -0.994119 -0.107993 -0.008006  0.420547 0.833676 0
0  -1.228166 0.420897 1.464380  -0.991268 -0.018916 -0.130498  0.419037 0.824481 0
0  -1.226333 0.416819 1.461203  -0.866138 -0.490897 -0.093947  0.419526 0.824033 0
jonklercart
0  1.199346 0.424975 1.470180  0.056072 0.998401 -0.007185  0.046807 0.817293 0
0  1.206312 0.424975 1.584139  0.059292 0.998233 0.003844  0.045667 0.826884 0
0  1.211452 0.423917 1.582984  0.349859 0.936793 0.004171  0.044855 0.826786 0
jonklercart
0  1.204396 0.423927 1.467696  0.334260 0.941811 -0.035518  0.046007 0.817078 0
0  1.211452 0.423917 1.582984  0.349859 0.936793 0.004171  0.044855 0.826786 0
0  1.216761 0.421028 1.580739  0.586014 0.810275 0.006427  0.043936 0.826593 0
jonklercart
0  1.209626 0.421066 1.464492  0.560943 0.825870 -0.057284  0.045103 0.816785 0
0  1.216761 0.421028 1.580739  0.586014 0.810275 0.006427  0.043936 0.826593 0
0  1.220817 0.417081 1.578006  0.769501 0.638590 0.008354  0.043098 0.826351 0
jonklercart
0  1.184169 0.424975 1.388790  0.050983 0.998610 -0.013356  0.049154 0.810445 0
0  1.199346 0.424975 1.470180  0.056072 0.998401 -0.007185  0.046807 0.817293 0
0  1.204396 0.423927 1.467696  0.334260 0.941811 -0.035518  0.046007 0.817078 0
jonklercart
0  1.188914 0.423932 1.384685  0.306872 0.948450 -0.079203  0.048409 0.810090 0
0  1.204396 0.423927 1.467696  0.334260 0.941811 -0.035518  0.046007 0.817078 0
0  1.209626 0.421066 1.464492  0.560943 0.825870 -0.057284  0.045103 0.816785 0
jonklercart
0  1.193912 0.421083 1.380300  0.518852 0.844870 -0.130336  0.047553 0.809676 0
0  1.209626 0.421066 1.464492  0.560943 0.825870 -0.057284  0.045103 0.816785 0
0  1.213632 0.417157 1.461426  0.738443 0.669357 -0.081634  0.044281 0.816479 0
jonklercart
0  1.153714 0.424975 1.294127  0.043641 0.998908 -0.016669  0.054003 0.802617 0
0  1.184169 0.424975 1.388790  0.050983 0.998610 -0.013356  0.049154 0.810445 0
0  1.188914 0.423932 1.384685  0.306872 0.948450 -0.079203  0.048409 0.810090 0
jonklercart
0  1.158023 0.423931 1.288665  0.278226 0.954056 -0.111210  0.053336 0.802136 0
0  1.188914 0.423932 1.384685  0.306872 0.948450 -0.079203  0.048409 0.810090 0
0  1.193912 0.421083 1.380300  0.518852 0.844870 -0.130336  0.047553 0.809676 0
jonklercart
0  1.162705 0.421078 1.283284  0.477208 0.858813 -0.186314  0.052550 0.801613 0
0  1.193912 0.421083 1.380300  0.518852 0.844870 -0.130336  0.047553 0.809676 0
0  1.197824 0.417191 1.376809  0.692561 0.697564 -0.183749  0.046769 0.809293 0
jonklercart
0  1.103865 0.424975 1.189394  0.035602 0.999196 -0.018442  0.061953 0.794121 0
0  1.153714 0.424975 1.294127  0.043641 0.998908 -0.016669  0.054003 0.802617 0
0  1.158023 0.423931 1.288665  0.278226 0.954056 -0.111210  0.053336 0.802136 0
jonklercart
0  1.107673 0.423923 1.182863  0.246435 0.959099 -0.139280  0.061373 0.793547 0
0  1.158023 0.423931 1.288665  0.278226 0.954056 -0.111210  0.053336 0.802136 0
0  1.162705 0.421078 1.283284  0.477208 0.858813 -0.186314  0.052550 0.801613 0
jonklercart
0  1.111998 0.421052 1.176691  0.430700 0.870413 -0.238492  0.060660 0.792941 0
0  1.162705 0.421078 1.283284  0.477208 0.858813 -0.186314  0.052550 0.801613 0
0  1.166504 0.417181 1.279428  0.639729 0.720170 -0.268519  0.051810 0.801155 0
jonklercart
0  1.032709 0.424975 1.082128  0.047421 0.998865 -0.004501  0.073225 0.785559 0
0  1.103865 0.424975 1.189394  0.035602 0.999196 -0.018442  0.061953 0.794121 0
0  1.107673 0.423923 1.182863  0.246435 0.959099 -0.139280  0.061373 0.793547 0
jonklercart
0  1.035995 0.423912 1.074790  0.212227 0.963289 -0.164424  0.072731 0.784917 0
0  1.107673 0.423923 1.182863  0.246435 0.959099 -0.139280  0.061373 0.793547 0
0  1.111998 0.421052 1.176691  0.430700 0.870413 -0.238492  0.060660 0.792941 0
jonklercart
0  1.039956 0.421007 1.068011  0.378951 0.879447 -0.288043  0.072087 0.784248 0
0  1.111998 0.421052 1.176691  0.430700 0.870413 -0.238492  0.060660 0.792941 0
0  1.115680 0.417129 1.172532  0.590182 0.732656 -0.338970  0.059966 0.792423 0
jonklercart
0  0.940788 0.424975 0.981049  0.020718 0.999618 -0.018294  0.087730 0.777592 0
0  1.032709 0.424975 1.082128  0.047421 0.998865 -0.004501  0.073225 0.785559 0
0  1.035995 0.423912 1.074790  0.212227 0.963289 -0.164424  0.072731 0.784917 0
jonklercart
0  0.943559 0.423895 0.973120  0.175913 0.966486 -0.186976  0.087314 0.776902 0
0  1.035995 0.423912 1.074790  0.212227 0.963289 -0.164424  0.072731 0.784917 0
0  1.039956 0.421007 1.068011  0.378951 0.879447 -0.288043  0.072087 0.784248 0
jonklercart
0  0.947165 0.420947 0.965887  0.321379 0.885394 -0.335846  0.086730 0.776187 0
0  1.039956 0.421007 1.068011  0.378951 0.879447 -0.288043  0.072087 0.784248 0
0  1.043529 0.417039 1.063608  0.527184 0.741955 -0.414222  0.071432 0.783682 0
jonklercart
0  0.830561 0.424975 0.894082  0.030604 0.999471 -0.011045  0.105015 0.770719 0
0  0.940788 0.424975 0.981049  0.020718 0.999618 -0.018294  0.087730 0.777592 0
0  0.943559 0.423895 0.973120  0.175913 0.966486 -0.186976  0.087314 0.776902 0
jonklercart
0  0.832831 0.423876 0.885734  0.137210 0.968593 -0.207369  0.104673 0.769996 0
0  0.943559 0.423895 0.973120  0.175913 0.966486 -0.186976  0.087314 0.776902 0
0  0.947165 0.420947 0.965887  0.321379 0.885394 -0.335846  0.086730 0.776187 0
jonklercart
0  0.836099 0.420875 0.878170  0.256745 0.887524 -0.382600  0.104144 0.769247 0
0  0.947165 0.420947 0.965887  0.321379 0.885394 -0.335846  0.086730 0.776187 0
0  0.950641 0.416919 0.961289  0.453774 0.744584 -0.489576  0.086106 0.775580 0
jonklercart
0  0.705756 0.424975 0.827523  0.020987 0.999692 -0.013229  0.124491 0.765448 0
0  0.830561 0.424975 0.894082  0.030604 0.999471 -0.011045  0.105015 0.770719 0
0  0.832831 0.423876 0.885734  0.137210 0.968593 -0.207369  0.104673 0.769996 0
jonklercart
0  0.707543 0.423855 0.818896  0.095653 0.969424 -0.225981  0.124219 0.764704 0
0  0.832831 0.423876 0.885734  0.137210 0.968593 -0.207369  0.104673 0.769996 0
0  0.836099 0.420875 0.878170  0.256745 0.887524 -0.382600  0.104144 0.769247 0
jonklercart
0  0.710487 0.420798 0.811100  0.183174 0.884825 -0.428406  0.123746 0.763930 0
0  0.836099 0.420875 0.878170  0.256745 0.887524 -0.382600  0.104144 0.769247 0
0  0.839489 0.416776 0.873416  0.360115 0.739247 -0.569062  0.103549 0.768604 0
jonklercart
0  0.570880 0.424975 0.785833  0.010621 0.999837 -0.014561  0.145457 0.762130 0
0  0.705756 0.424975 0.827523  0.020987 0.999692 -0.013229  0.124491 0.765448 0
0  0.707543 0.423855 0.818896  0.095653 0.969424 -0.225981  0.124219 0.764704 0
jonklercart
0  0.572194 0.423834 0.777041  0.049449 0.968789 -0.242905  0.145255 0.761375 0
0  0.707543 0.423855 0.818896  0.095653 0.969424 -0.225981  0.124219 0.764704 0
0  0.710487 0.420798 0.811100  0.183174 0.884825 -0.428406  0.123746 0.763930 0
jonklercart
0  0.574824 0.420720 0.769096  0.096816 0.875400 -0.473605  0.144837 0.760583 0
0  0.710487 0.420798 0.811100  0.183174 0.884825 -0.428406  0.123746 0.763930 0
0  0.713800 0.416621 0.806223  0.264140 0.721560 -0.639986  0.123182 0.763253 0
jonklercart
0  0.419805 0.424975 0.770525  0.001078 0.999886 -0.015028  0.168854 0.760845 0
0  0.570880 0.424975 0.785833  0.010621 0.999837 -0.014561  0.145457 0.762130 0
0  0.572194 0.423834 0.777041  0.049449 0.968789 -0.242905  0.145255 0.761375 0
jonklercart
0  0.420773 0.423815 0.761683  0.005276 0.966349 -0.257179  0.168712 0.760088 0
0  0.572194 0.423834 0.777041  0.049449 0.968789 -0.242905  0.145255 0.761375 0
0  0.574824 0.420720 0.769096  0.096816 0.875400 -0.473605  0.144837 0.760583 0
jonklercart
0  0.423177 0.420646 0.753676  0.012282 0.860398 -0.509475  0.168345 0.759286 0
0  0.574824 0.420720 0.769096  0.096816 0.875400 -0.473605  0.144837 0.760583 0
0  0.578064 0.416464 0.764128  0.139592 0.687737 -0.712413  0.144307 0.759877 0
jonklercart
0  0.570880 0.424975 3.439153  0.012718 0.999863 0.010558  0.148178 0.982826 0
0  0.419805 0.424975 3.454461  -0.002010 0.999948 0.010007  0.171451 0.984633 0
0  0.420785 0.423798 3.461756  0.008506 0.919427 0.393168  0.171292 0.985264 0
jonklercart
0  0.572231 0.423785 3.446403  0.083265 0.922860 0.376026  0.147954 0.983450 0
0  0.420785 0.423798 3.461756  0.008506 0.919427 0.393168  0.171292 0.985264 0
0  0.423223 0.420584 3.465540  0.023874 0.330565 0.943481  0.170904 0.985804 0
jonklercart
0  0.574961 0.420533 3.450135  0.167336 0.402920 0.899808  0.147500 0.983975 0
0  0.423223 0.420584 3.465540  0.023874 0.330565 0.943481  0.170904 0.985804 0
0  0.426465 0.416192 3.464798  0.030329 -0.391084 0.919855  0.170377 0.986399 0
jonklercart
0  0.705756 0.424975 3.397463  0.025622 0.999626 0.009613  0.127323 0.978974 0
0  0.570880 0.424975 3.439153  0.012718 0.999863 0.010558  0.148178 0.982826 0
0  0.572231 0.423785 3.446403  0.083265 0.922860 0.376026  0.147954 0.983450 0
jonklercart
0  0.707602 0.423775 3.404556  0.154931 0.926264 0.343557  0.127022 0.979590 0
0  0.572231 0.423785 3.446403  0.083265 0.922860 0.376026  0.147954 0.983450 0
0  0.574961 0.420533 3.450135  0.167336 0.402920 0.899808  0.147500 0.983975 0
jonklercart
0  0.710708 0.420497 3.408160  0.324443 0.490939 0.808527  0.126485 0.980094 0
0  0.574961 0.420533 3.450135  0.167336 0.402920 0.899808  0.147500 0.983975 0
0  0.578337 0.416091 3.449350  0.191823 -0.281774 0.940110  0.146899 0.984522 0
jonklercart
0  0.830561 0.424975 3.330904  0.037691 0.999260 0.007611  0.107889 0.973131 0
0  0.705756 0.424975 3.397463  0.025622 0.999626 0.009613  0.127323 0.978974 0
0  0.707602 0.423775 3.404556  0.154931 0.926264 0.343557  0.127022 0.979590 0
jonklercart
0  0.832908 0.423771 3.337728  0.213992 0.927606 0.306193  0.107508 0.973728 0
0  0.707602 0.423775 3.404556  0.154931 0.926264 0.343557  0.127022 0.979590 0
0  0.710708 0.420497 3.408160  0.324443 0.490939 0.808527  0.126485 0.980094 0
jonklercart
0  0.836387 0.420482 3.341131  0.444406 0.566653 0.693835  0.106894 0.974200 0
0  0.710708 0.420497 3.408160  0.324443 0.490939 0.808527  0.126485 0.980094 0
0  0.714241 0.416018 3.407310  0.379322 -0.138697 0.914810  0.125800 0.980580 0
jonklercart
0  0.940788 0.424975 3.243937  0.048443 0.998815 0.004604  0.090587 0.965662 0
0  0.830561 0.424975 3.330904  0.037691 0.999260 0.007611  0.107889 0.973131 0
0  0.832908 0.423771 3.337728  0.213992 0.927606 0.306193  0.107508 0.973728 0
jonklercart
0  0.943647 0.423775 3.250358  0.261994 0.927832 0.265493  0.090127 0.966230 0
0  0.832908 0.423771 3.337728  0.213992 0.927606 0.306193  0.107508 0.973728 0
0  0.836387 0.420482 3.341131  0.444406 0.566653 0.693835  0.106894 0.974200 0
jonklercart
0  0.947495 0.420496 3.253470  0.528168 0.628155 0.571366  0.089438 0.966661 0
0  0.836387 0.420482 3.341131  0.444406 0.566653 0.693835  0.106894 0.974200 0
0  0.840065 0.415990 3.340201  0.543503 0.010454 0.839342  0.106138 0.974616 0
jonklercart
0  1.032709 0.424975 3.142858  0.057321 0.998355 0.000845  0.076008 0.957095 0
0  0.940788 0.424975 3.243937  0.048443 0.998815 0.004604  0.090587 0.965662 0
0  0.943647 0.423775 3.250358  0.261994 0.927832 0.265493  0.090127 0.966230 0
jonklercart
0  1.036087 0.423787 3.148707  0.299622 0.927660 0.222876  0.075467 0.957620 0
0  0.943647 0.423775 3.250358  0.261994 0.927832 0.265493  0.090127 0.966230 0
0  0.947495 0.420496 3.253470  0.528168 0.628155 0.571366  0.089438 0.966661 0
jonklercart
0  1.040297 0.420540 3.151416  0.580941 0.676258 0.452971  0.074709 0.958000 0
0  0.947495 0.420496 3.253470  0.528168 0.628155 0.571366  0.089438 0.966661 0
0  0.951300 0.416017 3.252440  0.667539 0.154178 0.728437  0.088625 0.966999 0
jonklercart
0  1.103865 0.424975 3.035592  0.063575 0.997971 -0.003321  0.064531 0.948084 0
0  1.032709 0.424975 3.142858  0.057321 0.998355 0.000845  0.076008 0.957095 0
0  1.036087 0.423787 3.148707  0.299622 0.927660 0.222876  0.075467 0.957620 0
jonklercart
0  1.107759 0.423806 3.040654  0.327607 0.927635 0.179354  0.063909 0.948551 0
0  1.036087 0.423787 3.148707  0.299622 0.927660 0.222876  0.075467 0.957620 0
0  1.040297 0.420540 3.151416  0.580941 0.676258 0.452971  0.074709 0.958000 0
jonklercart
0  1.112319 0.420613 3.042814  0.609925 0.713581 0.344666  0.063088 0.948869 0
0  1.040297 0.420540 3.151416  0.580941 0.676258 0.452971  0.074709 0.958000 0
0  1.044212 0.416106 3.150260  0.751159 0.281651 0.597020  0.073852 0.958257 0
jonklercart
0  1.153714 0.424975 2.930859  0.066483 0.997763 -0.006959  0.056270 0.939330 0
0  1.103865 0.424975 3.035592  0.063575 0.997971 -0.003321  0.064531 0.948084 0
0  1.107759 0.423806 3.040654  0.327607 0.927635 0.179354  0.063909 0.948551 0
jonklercart
0  1.158096 0.423831 2.934874  0.346621 0.928168 0.135492  0.055571 0.939719 0
0  1.107759 0.423806 3.040654  0.327607 0.927635 0.179354  0.063909 0.948551 0
0  1.112319 0.420613 3.042814  0.609925 0.713581 0.344666  0.063088 0.948869 0
jonklercart
0  1.162977 0.420706 2.936299  0.621630 0.743107 0.247724  0.054693 0.939961 0
0  1.112319 0.420613 3.042814  0.609925 0.713581 0.344666  0.063088 0.948869 0
0  1.116322 0.416251 3.041492  0.797723 0.387553 0.461997  0.062202 0.949045 0
jonklercart
0  1.184169 0.424975 2.836196  0.065734 0.997801 -0.008496  0.050988 0.931415 0
0  1.153714 0.424975 2.930859  0.066483 0.997763 -0.006959  0.056270 0.939330 0
0  1.158096 0.423831 2.934874  0.346621 0.928168 0.135492  0.055571 0.939719 0
jonklercart
0  1.188968 0.423858 2.838872  0.357290 0.929510 0.091407  0.050221 0.931698 0
0  1.158096 0.423831 2.934874  0.346621 0.928168 0.135492  0.055571 0.939719 0
0  1.162977 0.420706 2.936299  0.621630 0.743107 0.247724  0.054693 0.939961 0
jonklercart
0  1.194115 0.420805 2.839353  0.620818 0.767389 0.160310  0.049296 0.931843 0
0  1.162977 0.420706 2.936299  0.621630 0.743107 0.247724  0.054693 0.939961 0
0  1.167048 0.416437 2.934753  0.815974 0.472409 0.333190  0.053789 0.940055 0
jonklercart
0  1.199346 0.424975 2.754806  0.062301 0.998027 -0.007804  0.048119 0.924581 0
0  1.184169 0.424975 2.836196  0.065734 0.997801 -0.008496  0.050988 0.931415 0
0  1.188968 0.423858 2.838872  0.357290 0.929510 0.091407  0.050221 0.931698 0
jonklercart
0  1.204430 0.423882 2.755874  0.359583 0.932360 0.037485  0.047308 0.924728 0
0  1.188968 0.423858 2.838872  0.357290 0.929510 0.091407  0.050221 0.931698 0
0  1.194115 0.420805 2.839353  0.620818 0.767389 0.160310  0.049296 0.931843 0
jonklercart
0  1.209749 0.420897 2.755210  0.607651 0.791595 0.064329  0.046362 0.924755 0
0  1.194115 0.420805 2.839353  0.620818 0.767389 0.160310  0.049296 0.931843 0
0  1.198230 0.416635 2.837509  0.814147 0.539831 0.213884  0.048386 0.931853 0
jonklercart
0  1.206312 0.424975 2.640848  0.059206 0.998244 -0.001791  0.046439 0.915036 0
0  1.199346 0.424975 2.754806  0.062301 0.998027 -0.007804  0.048119 0.924581 0
0  1.204430 0.423882 2.755874  0.359583 0.932360 0.037485  0.047308 0.924728 0
jonklercart
0  1.211463 0.423902 2.640593  0.351978 0.936000 -0.004003  0.045623 0.915045 0
0  1.204430 0.423882 2.755874  0.359583 0.932360 0.037485  0.047308 0.924728 0
0  1.209749 0.420897 2.755210  0.607651 0.791595 0.064329  0.046362 0.924755 0
jonklercart
0  1.216802 0.420971 2.638987  0.587576 0.809152 -0.005344  0.044689 0.914950 0
0  1.209749 0.420897 2.755210  0.607651 0.791595 0.064329  0.046362 0.924755 0
0  1.213879 0.416819 2.752991  0.794790 0.601034 0.084064  0.045466 0.924674 0
jonklercart
0  -1.230691 0.424975 2.640848  -0.067109 0.997725 -0.006482  0.420737 0.918102 0
0  -1.230691 0.424975 1.584139  -0.067310 0.997710 0.006604  0.419587 0.833998 0
0  -1.234273 0.423902 1.582974  -0.633906 0.773171 0.019213  0.420134 0.833886 0
jonklercart
0  -1.234285 0.423917 2.640603  -0.629050 0.777331 -0.007233  0.421286 0.918086 0
0  -1.234273 0.423902 1.582974  -0.633906 0.773171 0.019213  0.420134 0.833886 0
0  -1.235328 0.420971 1.580702  -0.994119 -0.107993 -0.008006  0.420547 0.833676 0
jonklercart
0  -1.235369 0.421028 2.639024  -0.994206 -0.106735 -0.012763  0.421709 0.917978 0
0  -1.235328 0.420971 1.580702  -0.994119 -0.107993 -0.008006  0.420547 0.833676 0
0  -1.233571 0.416967 1.577931  -0.838389 -0.545072 -0.000542  0.421122 0.833383 0
jonklercart
0  0.419805 0.424975 3.454461  -0.002010 0.999948 0.010007  0.171451 0.984633 0
0  -0.444184 0.424975 3.454461  -0.001878 0.999951 0.009727  0.304621 0.984497 0
0  -0.443456 0.423815 3.461768  -0.008252 0.918021 0.396445  0.304519 0.985129 0
jonklercart
0  0.420785 0.423798 3.461756  0.008506 0.919427 0.393168  0.171292 0.985264 0
0  -0.443456 0.423815 3.461768  -0.008252 0.918021 0.396445  0.304519 0.985129 0
0  -0.441227 0.420646 3.465582  -0.032627 0.309491 0.950342  0.304189 0.985681 0
jonklercart
0  0.423223 0.420584 3.465540  0.023874 0.330565 0.943481  0.170904 0.985804 0
0  -0.441227 0.420646 3.465582  -0.032627 0.309491 0.950342  0.304189 0.985681 0
0  -0.438094 0.416318 3.464881  -0.028495 -0.420109 0.907026  0.303734 0.986303 0
jonklercart
0  1.220899 0.416968 2.636459  0.768198 0.640108 -0.011574  0.043827 0.914780 0
0  1.220817 0.417081 1.578006  0.769501 0.638590 0.008354  0.043098 0.826351 0
0  1.216761 0.421028 1.580739  0.586014 0.810275 0.006427  0.043936 0.826593 0
jonklercart
0  1.216802 0.420971 2.638987  0.587576 0.809152 -0.005344  0.044689 0.914950 0
0  1.216761 0.421028 1.580739  0.586014 0.810275 0.006427  0.043936 0.826593 0
0  1.211452 0.423917 1.582984  0.349859 0.936793 0.004171  0.044855 0.826786 0
jonklercart
0  1.211463 0.423902 2.640593  0.351978 0.936000 -0.004003  0.045623 0.915045 0
0  1.211452 0.423917 1.582984  0.349859 0.936793 0.004171  0.044855 0.826786 0
0  1.206312 0.424975 1.584139  0.059292 0.998233 0.003844  0.045667 0.826884 0
jonklercart
0  0.426373 0.416317 0.748649  0.020171 0.643274 -0.765370  0.167850 0.758553 0
0  -0.438003 0.416192 0.748566  -0.025121 0.628583 -0.777337  0.300504 0.761058 0
0  -0.441181 0.420583 0.753635  -0.013845 0.855696 -0.517294  0.300957 0.761815 0
jonklercart
0  0.423177 0.420646 0.753676  0.012282 0.860398 -0.509475  0.168345 0.759286 0
0  -0.441181 0.420583 0.753635  -0.013845 0.855696 -0.517294  0.300957 0.761815 0
0  -0.443443 0.423798 0.761672  -0.005482 0.965991 -0.258517  0.301274 0.762627 0
jonklercart
0  0.420773 0.423815 0.761683  0.005276 0.966349 -0.257179  0.168712 0.760088 0
0  -0.443443 0.423798 0.761672  -0.005482 0.965991 -0.258517  0.301274 0.762627 0
0  -0.444184 0.424975 0.770525  -0.001579 0.999894 -0.014485  0.301362 0.763382 0
jonklercart
0  -0.437235 0.416318 3.406835  0.017657 0.649978 -0.759748  0.303491 0.980107 0
0  -0.586541 0.416465 3.391815  0.136981 0.695172 -0.705671  0.326214 0.978370 0
0  -0.589781 0.420720 3.396784  0.093501 0.878588 -0.468339  0.326749 0.979043 0
jonklercart
0  -0.440431 0.420646 3.411863  0.012348 0.862811 -0.505376  0.303996 0.980820 0
0  -0.589781 0.420720 3.396784  0.093501 0.878588 -0.468339  0.326749 0.979043 0
0  -0.592410 0.423835 3.404728  0.046054 0.969166 -0.242065  0.327177 0.979803 0
jonklercart
0  -0.442835 0.423815 3.419870  0.002613 0.966828 -0.255416  0.304377 0.981607 0
0  -0.592410 0.423835 3.404728  0.046054 0.969166 -0.242065  0.327177 0.979803 0
0  -0.593725 0.424975 3.413520  0.008368 0.999870 -0.013808  0.327395 0.980535 0
jonklercart
0  -0.586541 0.416465 3.391815  0.136981 0.695172 -0.705671  0.326214 0.978370 0
0  -0.719004 0.416622 3.351010  0.264274 0.725484 -0.635478  0.346122 0.974670 0
0  -0.722316 0.420798 3.355886  0.176883 0.886870 -0.426819  0.346686 0.975301 0
jonklercart
0  -0.589781 0.420720 3.396784  0.093501 0.878588 -0.468339  0.326749 0.979043 0
0  -0.722316 0.420798 3.355886  0.176883 0.886870 -0.426819  0.346686 0.975301 0
0  -0.725261 0.423856 3.363683  0.091425 0.969654 -0.226745  0.347166 0.976030 0
jonklercart
0  -0.592410 0.423835 3.404728  0.046054 0.969166 -0.242065  0.327177 0.979803 0
0  -0.725261 0.423856 3.363683  0.091425 0.969654 -0.226745  0.347166 0.976030 0
0  -0.727047 0.424975 3.372310  0.017400 0.999760 -0.013299  0.347452 0.976740 0
jonklercart
0  -0.719004 0.416622 3.351010  0.264274 0.725484 -0.635478  0.346122 0.974670 0
0  -0.841330 0.416777 3.285936  0.366769 0.740460 -0.563204  0.364300 0.969091 0
0  -0.844720 0.420876 3.290690  0.249289 0.888639 -0.384937  0.364892 0.969680 0
jonklercart
0  -0.722316 0.420798 3.355886  0.176883 0.886870 -0.426819  0.346686 0.975301 0
0  -0.844720 0.420876 3.290690  0.249289 0.888639 -0.384937  0.364892 0.969680 0
0  -0.847989 0.423877 3.298254  0.133164 0.968621 -0.209860  0.365425 0.970373 0
jonklercart
0  -0.725261 0.423856 3.363683  0.091425 0.969654 -0.226745  0.347166 0.976030 0
0  -0.847989 0.423877 3.298254  0.133164 0.968621 -0.209860  0.365425 0.970373 0
0  -0.850259 0.424975 3.306601  0.025519 0.999597 -0.012404  0.365781 0.971052 0
jonklercart
0  -0.841330 0.416777 3.285936  0.366769 0.740460 -0.563204  0.364300 0.969091 0
0  -0.948993 0.416919 3.201168  0.453635 0.744705 -0.489520  0.380123 0.962032 0
0  -0.952469 0.420947 3.205766  0.314447 0.885689 -0.341581  0.380740 0.962577 0
jonklercart
0  -0.844720 0.420876 3.290690  0.249289 0.888639 -0.384937  0.364892 0.969680 0
0  -0.952469 0.420947 3.205766  0.314447 0.885689 -0.341581  0.380740 0.962577 0
0  -0.956075 0.423896 3.212999  0.172645 0.966331 -0.190783  0.381326 0.963226 0
jonklercart
0  -0.847989 0.423877 3.298254  0.133164 0.968621 -0.209860  0.365425 0.970373 0
0  -0.956075 0.423896 3.212999  0.172645 0.966331 -0.190783  0.381326 0.963226 0
0  -0.958846 0.424975 3.220928  0.032883 0.999397 -0.011163  0.381753 0.963863 0
jonklercart
0  -0.948993 0.416919 3.201168  0.453635 0.744705 -0.489520  0.380123 0.962032 0
0  -1.038264 0.417039 3.103180  0.518632 0.743594 -0.422005  0.393085 0.954049 0
0  -1.041837 0.421007 3.107583  0.373766 0.878955 -0.296203  0.393726 0.954548 0
jonklercart
0  -0.952469 0.420947 3.205766  0.314447 0.885689 -0.341581  0.380740 0.962577 0
0  -1.041837 0.421007 3.107583  0.373766 0.878955 -0.296203  0.393726 0.954548 0
0  -1.045798 0.423912 3.114362  0.210254 0.962891 -0.169215  0.394365 0.955144 0
jonklercart
0  -0.956075 0.423896 3.212999  0.172645 0.966331 -0.190783  0.381326 0.963226 0
0  -1.045798 0.423912 3.114362  0.210254 0.962891 -0.169215  0.394365 0.955144 0
0  -1.049084 0.424975 3.121700  0.040473 0.999138 -0.009229  0.394862 0.955725 0
jonklercart
0  -1.038264 0.417039 3.103180  0.518632 0.743594 -0.422005  0.393085 0.954049 0
0  -1.106735 0.417129 3.000119  0.583076 0.733916 -0.348410  0.402894 0.945824 0
0  -1.110418 0.421052 3.004278  0.427915 0.869045 -0.248293  0.403557 0.946272 0
jonklercart
0  -1.041837 0.421007 3.107583  0.373766 0.878955 -0.296203  0.393726 0.954548 0
0  -1.110418 0.421052 3.004278  0.427915 0.869045 -0.248293  0.403557 0.946272 0
0  -1.114742 0.423924 3.010450  0.246068 0.958392 -0.144694  0.404247 0.946803 0
jonklercart
0  -1.045798 0.423912 3.114362  0.210254 0.962891 -0.169215  0.394365 0.955144 0
0  -1.114742 0.423924 3.010450  0.246068 0.958392 -0.144694  0.404247 0.946803 0
0  -1.118550 0.424975 3.016982  0.047455 0.998852 -0.006585  0.404813 0.947313 0
jonklercart
0  -1.106735 0.417129 3.000119  0.583076 0.733916 -0.348410  0.402894 0.945824 0
0  -1.153995 0.417181 2.900942  0.639585 0.718721 -0.272712  0.409558 0.938077 0
0  -1.157794 0.421078 2.904799  0.477212 0.856517 -0.196591  0.410244 0.938469 0
jonklercart
0  -1.110418 0.421052 3.004278  0.427915 0.869045 -0.248293  0.403557 0.946272 0
0  -1.157794 0.421078 2.904799  0.477212 0.856517 -0.196591  0.410244 0.938469 0
0  -1.162475 0.423931 2.910179  0.279589 0.953025 -0.116506  0.410982 0.938922 0
jonklercart
0  -1.114742 0.423924 3.010450  0.246068 0.958392 -0.144694  0.404247 0.946803 0
0  -1.162475 0.423931 2.910179  0.279589 0.953025 -0.116506  0.410982 0.938922 0
0  -1.166785 0.424975 2.915642  0.053326 0.998571 -0.003434  0.411612 0.939341 0
jonklercart
0  -1.153995 0.417181 2.900942  0.639585 0.718721 -0.272712  0.409558 0.938077 0
0  -1.182192 0.417191 2.813324  0.689459 0.698137 -0.193003  0.413469 0.931334 0
0  -1.186105 0.421083 2.816814  0.521084 0.841995 -0.139701  0.414180 0.931667 0
jonklercart
0  -1.157794 0.421078 2.904799  0.477212 0.856517 -0.196591  0.410244 0.938469 0
0  -1.186105 0.421083 2.816814  0.521084 0.841995 -0.139701  0.414180 0.931667 0
0  -1.191103 0.423932 2.821199  0.309653 0.947161 -0.083674  0.414963 0.932029 0
jonklercart
0  -1.162475 0.423931 2.910179  0.279589 0.953025 -0.116506  0.410982 0.938922 0
0  -1.191103 0.423932 2.821199  0.309653 0.947161 -0.083674  0.414963 0.932029 0
0  -1.195848 0.424975 2.825304  0.057327 0.998355 -0.000430  0.415649 0.932343 0
jonklercart
0  -1.182192 0.417191 2.813324  0.689459 0.698137 -0.193003  0.413469 0.931334 0
0  -1.195772 0.417157 2.740341  0.741981 0.664766 -0.086886  0.415362 0.925763 0
0  -1.199778 0.421066 2.743407  0.561875 0.825069 -0.059641  0.416103 0.926036 0
jonklercart
0  -1.186105 0.421083 2.816814  0.521084 0.841995 -0.139701  0.414180 0.931667 0
0  -1.199778 0.421066 2.743407  0.561875 0.825069 -0.059641  0.416103 0.926036 0
0  -1.205007 0.423928 2.746612  0.336339 0.941052 -0.036023  0.416923 0.926301 0
jonklercart
0  -1.191103 0.423932 2.821199  0.309653 0.947161 -0.083674  0.414963 0.932029 0
0  -1.205007 0.423928 2.746612  0.336339 0.941052 -0.036023  0.416923 0.926301 0
0  -1.210058 0.424975 2.749095  0.060194 0.998185 0.002020  0.417651 0.926497 0
jonklercart
0  -1.195772 0.417157 2.740341  0.741981 0.664766 -0.086886  0.415362 0.925763 0
0  -1.202259 0.417081 2.633265  0.774500 0.632571 0.001846  0.416295 0.917489 0
0  -1.206314 0.421028 2.635998  0.588206 0.808678 0.007285  0.417074 0.917709 0
jonklercart
0  -1.199778 0.421066 2.743407  0.561875 0.825069 -0.059641  0.416103 0.926036 0
0  -1.206314 0.421028 2.635998  0.588206 0.808678 0.007285  0.417074 0.917709 0
0  -1.211624 0.423917 2.638242  0.352609 0.935761 0.004205  0.417933 0.917887 0
jonklercart
0  -1.205007 0.423928 2.746612  0.336339 0.941052 -0.036023  0.416923 0.926301 0
0  -1.211624 0.423917 2.638242  0.352609 0.935761 0.004205  0.417933 0.917887 0
0  -1.216764 0.424975 2.639397  0.061023 0.998136 0.001225  0.418694 0.917977 0
jonklercart
0  -0.586268 0.416090 0.821662  0.185885 -0.287600 0.939539  0.322663 0.769398 0
0  -0.437143 0.416192 0.806612  0.025517 -0.395904 0.917937  0.300150 0.767212 0
0  -0.440385 0.420583 0.807354  0.032931 0.343771 0.938476  0.300677 0.766643 0
jonklercart
0  -0.589644 0.420532 0.822448  0.186434 0.433393 0.881710  0.323263 0.768882 0
0  -0.440385 0.420583 0.807354  0.032931 0.343771 0.938476  0.300677 0.766643 0
0  -0.442823 0.423798 0.803570  0.009256 0.921225 0.388921  0.301068 0.766124 0
jonklercart
0  -0.592374 0.423784 0.818715  0.074443 0.926762 0.368198  0.323723 0.768384 0
0  -0.442823 0.423798 0.803570  0.009256 0.921225 0.388921  0.301068 0.766124 0
0  -0.443803 0.424975 0.796275  0.000682 0.999959 0.009021  0.301237 0.765507 0
jonklercart
0  -0.718562 0.416018 0.862523  0.381847 -0.133830 0.914485  0.342570 0.773570 0
0  -0.586268 0.416090 0.821662  0.185885 -0.287600 0.939539  0.322663 0.769398 0
0  -0.589644 0.420532 0.822448  0.186434 0.433393 0.881710  0.323263 0.768882 0
jonklercart
0  -0.722096 0.420496 0.863373  0.336596 0.520140 0.784957  0.343245 0.773124 0
0  -0.589644 0.420532 0.822448  0.186434 0.433393 0.881710  0.323263 0.768882 0
0  -0.592374 0.423784 0.818715  0.074443 0.926762 0.368198  0.323723 0.768384 0
jonklercart
0  -0.725201 0.423775 0.859769  0.140543 0.929208 0.341790  0.343781 0.772656 0
0  -0.592374 0.423784 0.818715  0.074443 0.926762 0.368198  0.323723 0.768384 0
0  -0.593725 0.424975 0.811466  0.003817 0.999942 0.010097  0.323958 0.767777 0
jonklercart
0  -0.840755 0.415989 0.927681  0.547531 0.024801 0.836418  0.360864 0.779672 0
0  -0.718562 0.416018 0.862523  0.381847 -0.133830 0.914485  0.342570 0.773570 0
0  -0.722096 0.420496 0.863373  0.336596 0.520140 0.784957  0.343245 0.773124 0
jonklercart
0  -0.844433 0.420482 0.928612  0.447364 0.589043 0.672974  0.361604 0.779304 0
0  -0.722096 0.420496 0.863373  0.336596 0.520140 0.784957  0.343245 0.773124 0
0  -0.725201 0.423775 0.859769  0.140543 0.929208 0.341790  0.343781 0.772656 0
jonklercart
0  -0.847912 0.423771 0.925209  0.197524 0.929629 0.311086  0.362213 0.778875 0
0  -0.725201 0.423775 0.859769  0.140543 0.929208 0.341790  0.343781 0.772656 0
0  -0.727047 0.424975 0.852676  0.006367 0.999891 0.013323  0.344092 0.772067 0
jonklercart
0  -0.948333 0.416016 1.012561  0.671970 0.171364 0.720479  0.376901 0.787288 0
0  -0.840755 0.415989 0.927681  0.547531 0.024801 0.836418  0.360864 0.779672 0
0  -0.844433 0.420482 0.928612  0.447364 0.589043 0.672974  0.361604 0.779304 0
jonklercart
0  -0.952139 0.420496 1.013591  0.524727 0.642362 0.558598  0.377691 0.787002 0
0  -0.844433 0.420482 0.928612  0.447364 0.589043 0.672974  0.361604 0.779304 0
0  -0.847912 0.423771 0.925209  0.197524 0.929629 0.311086  0.362213 0.778875 0
jonklercart
0  -0.955987 0.423774 1.010479  0.246624 0.928918 0.276203  0.378369 0.786622 0
0  -0.847912 0.423771 0.925209  0.197524 0.929629 0.311086  0.362213 0.778875 0
0  -0.850259 0.424975 0.918385  0.030689 0.999483 0.009546  0.362603 0.778312 0
jonklercart
0  -1.037581 0.416105 1.110688  0.752599 0.295266 0.588568  0.390151 0.795829 0
0  -0.948333 0.416016 1.012561  0.671970 0.171364 0.720479  0.376901 0.787288 0
0  -0.952139 0.420496 1.013591  0.524727 0.642362 0.558598  0.377691 0.787002 0
jonklercart
0  -1.041496 0.420540 1.111844  0.575556 0.683243 0.449350  0.390974 0.795627 0
0  -0.952139 0.420496 1.013591  0.524727 0.642362 0.558598  0.377691 0.787002 0
0  -0.955987 0.423774 1.010479  0.246624 0.928918 0.276203  0.378369 0.786622 0
jonklercart
0  -1.045706 0.423786 1.109135  0.287788 0.927778 0.237498  0.391714 0.795305 0
0  -0.955987 0.423774 1.010479  0.246624 0.928918 0.276203  0.378369 0.786622 0
0  -0.958846 0.424975 1.004058  0.040448 0.999144 0.008726  0.378836 0.786095 0
jonklercart
0  -1.106094 0.416251 1.213904  0.797174 0.394928 0.456668  0.400288 0.804567 0
0  -1.037581 0.416105 1.110688  0.752599 0.295266 0.588568  0.390151 0.795829 0
0  -1.041496 0.420540 1.111844  0.575556 0.683243 0.449350  0.390974 0.795627 0
jonklercart
0  -1.110097 0.420613 1.215226  0.606262 0.715099 0.347966  0.401128 0.804448 0
0  -1.041496 0.420540 1.111844  0.575556 0.683243 0.449350  0.390974 0.795627 0
0  -1.045706 0.423786 1.109135  0.287788 0.927778 0.237498  0.391714 0.795305 0
jonklercart
0  -1.114656 0.423806 1.213067  0.320795 0.926782 0.195360  0.401919 0.804194 0
0  -1.045706 0.423786 1.109135  0.287788 0.927778 0.237498  0.391714 0.795305 0
0  -1.049084 0.424975 1.103287  0.049360 0.998755 0.007232  0.392256 0.794828 0
jonklercart
0  -1.153451 0.416437 1.313239  0.815303 0.474081 0.332457  0.407297 0.812748 0
0  -1.106094 0.416251 1.213904  0.797174 0.394928 0.456668  0.400288 0.804567 0
0  -1.110097 0.420613 1.215226  0.606262 0.715099 0.347966  0.401128 0.804448 0
jonklercart
0  -1.157522 0.420706 1.314785  0.621453 0.741052 0.254242  0.408138 0.812707 0
0  -1.110097 0.420613 1.215226  0.606262 0.715099 0.347966  0.401128 0.804448 0
0  -1.114656 0.423806 1.213067  0.320795 0.926782 0.195360  0.401919 0.804194 0
jonklercart
0  -1.162402 0.423831 1.313359  0.345216 0.926463 0.149973  0.408969 0.812529 0
0  -1.114656 0.423806 1.213067  0.320795 0.926782 0.195360  0.401919 0.804194 0
0  -1.118550 0.424975 1.208004  0.056729 0.998378 0.004905  0.402531 0.803783 0
jonklercart
0  -1.181786 0.416635 1.400995  0.816052 0.537142 0.213396  0.411547 0.819789 0
0  -1.153451 0.416437 1.313239  0.815303 0.474081 0.332457  0.407297 0.812748 0
0  -1.157522 0.420706 1.314785  0.621453 0.741052 0.254242  0.408138 0.812707 0
jonklercart
0  -1.185902 0.420805 1.402838  0.623782 0.763707 0.166276  0.412379 0.819820 0
0  -1.157522 0.420706 1.314785  0.621453 0.741052 0.254242  0.408138 0.812707 0
0  -1.162402 0.423831 1.313359  0.345216 0.926463 0.149973  0.408969 0.812529 0
jonklercart
0  -1.191049 0.423857 1.402358  0.360219 0.927335 0.101449  0.413236 0.819729 0
0  -1.162402 0.423831 1.313359  0.345216 0.926463 0.149973  0.408969 0.812529 0
0  -1.166785 0.424975 1.309345  0.061791 0.998087 0.002024  0.409642 0.812203 0
jonklercart
0  -1.195525 0.416819 1.474076  0.795661 0.600517 0.079390  0.413718 0.825544 0
0  -1.181786 0.416635 1.400995  0.816052 0.537142 0.213396  0.411547 0.819789 0
0  -1.185902 0.420805 1.402838  0.623782 0.763707 0.166276  0.412379 0.819820 0
jonklercart
0  -1.199655 0.420897 1.476294  0.610450 0.789420 0.064550  0.414536 0.825643 0
0  -1.185902 0.420805 1.402838  0.623782 0.763707 0.166276  0.412379 0.819820 0
0  -1.191049 0.423857 1.402358  0.360219 0.927335 0.101449  0.413236 0.819729 0
jonklercart
0  -1.204974 0.423882 1.476958  0.363926 0.930566 0.040070  0.415409 0.825647 0
0  -1.191049 0.423857 1.402358  0.360219 0.927335 0.101449  0.413236 0.819729 0
0  -1.195848 0.424975 1.399682  0.063777 0.997964 -0.000613  0.413957 0.819503 0
jonklercart
0  -1.202176 0.416967 1.581201  0.773623 0.633566 -0.010037  0.415073 0.833937 0
0  -1.195525 0.416819 1.474076  0.795661 0.600517 0.079390  0.413718 0.825544 0
0  -1.199655 0.420897 1.476294  0.610450 0.789420 0.064550  0.414536 0.825643 0
jonklercart
0  -1.206273 0.420971 1.583728  0.588878 0.808203 -0.005520  0.415877 0.834100 0
0  -1.199655 0.420897 1.476294  0.610450 0.789420 0.064550  0.414536 0.825643 0
0  -1.204974 0.423882 1.476958  0.363926 0.930566 0.040070  0.415409 0.825647 0
jonklercart
0  -1.211613 0.423902 1.585334  0.353915 0.935265 -0.004823  0.416753 0.834195 0
0  -1.204974 0.423882 1.476958  0.363926 0.930566 0.040070  0.415409 0.825647 0
0  -1.210058 0.424975 1.475891  0.063645 0.997970 -0.002382  0.416164 0.825535 0
jonklercart
0  1.182824 0.417157 1.474300  -0.815377 -0.574085 0.074748  0.050550 0.817917 0
0  1.189422 0.417081 1.581276  -0.839570 -0.543136 -0.011254  0.049441 0.826724 0
0  1.187706 0.421028 1.583766  -0.994332 -0.105238 -0.015142  0.048831 0.826878 0
jonklercart
0  1.181114 0.421066 1.476406  -0.986887 -0.139281 0.081574  0.049935 0.817892 0
0  1.187706 0.421028 1.583766  -0.994332 -0.105238 -0.015142  0.048831 0.826878 0
0  1.188791 0.423917 1.585344  -0.636181 0.771512 -0.006567  0.048400 0.826993 0
jonklercart
0  1.182159 0.423927 1.476988  -0.635829 0.768669 0.069786  0.049508 0.817880 0
0  1.188791 0.423917 1.585344  -0.636181 0.771512 -0.006567  0.048400 0.826993 0
0  1.192385 0.424975 1.585589  -0.069896 0.997552 -0.002027  0.047827 0.827012 0
jonklercart
0  1.169194 0.417191 1.401362  -0.765187 -0.610282 0.205049  0.052533 0.812003 0
0  1.182824 0.417157 1.474300  -0.815377 -0.574085 0.074748  0.050550 0.817917 0
0  1.181114 0.421066 1.476406  -0.986887 -0.139281 0.081574  0.049935 0.817892 0
jonklercart
0  1.167416 0.421083 1.403022  -0.958600 -0.174283 0.225194  0.051978 0.811755 0
0  1.181114 0.421066 1.476406  -0.986887 -0.139281 0.081574  0.049935 0.817892 0
0  1.182159 0.423927 1.476988  -0.635829 0.768669 0.069786  0.049508 0.817880 0
jonklercart
0  1.168249 0.423932 1.402407  -0.613210 0.774821 0.153707  0.051606 0.811588 0
0  1.182159 0.423927 1.476988  -0.635829 0.768669 0.069786  0.049508 0.817880 0
0  1.185679 0.424975 1.475891  -0.071015 0.997434 -0.009058  0.048944 0.817783 0
jonklercart
0  1.141011 0.417181 1.313731  -0.724895 -0.630450 0.277595  0.056865 0.805009 0
0  1.169194 0.417191 1.401362  -0.765187 -0.610282 0.205049  0.052533 0.812003 0
0  1.167416 0.421083 1.403022  -0.958600 -0.174283 0.225194  0.051978 0.811755 0
jonklercart
0  1.139112 0.421078 1.315031  -0.924023 -0.169425 0.342749  0.056439 0.804580 0
0  1.167416 0.421083 1.403022  -0.958600 -0.174283 0.225194  0.051978 0.811755 0
0  1.168249 0.423932 1.402407  -0.613210 0.774821 0.153707  0.051606 0.811588 0
jonklercart
0  1.139623 0.423931 1.313425  -0.572340 0.790592 0.217696  0.056151 0.804283 0
0  1.168249 0.423932 1.402407  -0.613210 0.774821 0.153707  0.051606 0.811588 0
0  1.171469 0.424975 1.399682  -0.071266 0.997390 -0.011612  0.051102 0.811355 0
jonklercart
0  1.093828 0.417129 1.214484  -0.674400 -0.641119 0.366265  0.064211 0.797121 0
0  1.141011 0.417181 1.313731  -0.724895 -0.630450 0.277595  0.056865 0.805009 0
0  1.139112 0.421078 1.315031  -0.924023 -0.169425 0.342749  0.056439 0.804580 0
jonklercart
0  1.091775 0.421052 1.215516  -0.873435 -0.140657 0.466184  0.063933 0.796566 0
0  1.139112 0.421078 1.315031  -0.924023 -0.169425 0.342749  0.056439 0.804580 0
0  1.139623 0.423931 1.313425  -0.572340 0.790592 0.217696  0.056151 0.804283 0
jonklercart
0  1.091900 0.423923 1.213145  -0.510506 0.813733 0.277889  0.063743 0.796174 0
0  1.139623 0.423931 1.313425  -0.572340 0.790592 0.217696  0.056151 0.804283 0
0  1.142406 0.424975 1.309345  -0.067887 0.997650 -0.009217  0.055719 0.803924 0
jonklercart
0  1.025488 0.417039 1.111305  -0.613766 -0.643257 0.457725  0.074868 0.788973 0
0  1.093828 0.417129 1.214484  -0.674400 -0.641119 0.366265  0.064211 0.797121 0
0  1.091775 0.421052 1.215516  -0.873435 -0.140657 0.466184  0.063933 0.796566 0
jonklercart
0  1.023259 0.421007 1.112153  -0.799733 -0.091670 0.593316  0.074744 0.788344 0
0  1.091775 0.421052 1.215516  -0.873435 -0.140657 0.466184  0.063933 0.796566 0
0  1.091900 0.423923 1.213145  -0.510506 0.813733 0.277889  0.063743 0.796174 0
jonklercart
0  1.022973 0.423912 1.109218  -0.432217 0.840056 0.327864  0.074655 0.787886 0
0  1.091900 0.423923 1.213145  -0.510506 0.813733 0.277889  0.063743 0.796174 0
0  1.094171 0.424975 1.208004  -0.060764 0.998138 -0.005327  0.063397 0.795724 0
jonklercart
0  0.936393 0.416919 1.013158  -0.539193 -0.635113 0.553084  0.088799 0.781287 0
0  1.025488 0.417039 1.111305  -0.613766 -0.643257 0.457725  0.074868 0.788973 0
0  1.023259 0.421007 1.112153  -0.799733 -0.091670 0.593316  0.074744 0.788344 0
jonklercart
0  0.933979 0.420947 1.013890  -0.695639 -0.025447 0.717940  0.088819 0.780620 0
0  1.023259 0.421007 1.112153  -0.799733 -0.091670 0.593316  0.074744 0.788344 0
0  1.022973 0.423912 1.109218  -0.432217 0.840056 0.327864  0.074655 0.787886 0
jonklercart
0  0.933274 0.423895 1.010559  -0.344180 0.865402 0.364169  0.088828 0.780118 0
0  1.022973 0.423912 1.109218  -0.432217 0.840056 0.327864  0.074655 0.787886 0
0  1.024705 0.424975 1.103287  -0.021764 0.999557 0.020285  0.074397 0.787369 0
jonklercart
0  0.828938 0.416776 0.928202  -0.445895 -0.613477 0.651785  0.105543 0.774578 0
0  0.936393 0.416919 1.013158  -0.539193 -0.635113 0.553084  0.088799 0.781287 0
0  0.933979 0.420947 1.013890  -0.695639 -0.025447 0.717940  0.088819 0.780620 0
jonklercart
0  0.826335 0.420875 0.928872  -0.556849 0.054816 0.828803  0.105695 0.773902 0
0  0.933979 0.420947 1.013890  -0.695639 -0.025447 0.717940  0.088819 0.780620 0
0  0.933274 0.423895 1.010559  -0.344180 0.865402 0.364169  0.088828 0.780118 0
jonklercart
0  0.825215 0.423876 0.925279  -0.252529 0.887197 0.386150  0.105796 0.773373 0
0  0.933274 0.423895 1.010559  -0.344180 0.865402 0.364169  0.088828 0.780118 0
0  0.934467 0.424975 1.004058  -0.041304 0.999145 0.001556  0.088652 0.779552 0
jonklercart
0  0.706838 0.416621 0.862923  -0.328471 -0.573422 0.750529  0.124500 0.769393 0
0  0.828938 0.416776 0.928202  -0.445895 -0.613477 0.651785  0.105543 0.774578 0
0  0.826335 0.420875 0.928872  -0.556849 0.054816 0.828803  0.105695 0.773902 0
jonklercart
0  0.704044 0.420798 0.863573  -0.385064 0.146404 0.911203  0.124773 0.768728 0
0  0.826335 0.420875 0.928872  -0.556849 0.054816 0.828803  0.105695 0.773902 0
0  0.825215 0.423876 0.925279  -0.252529 0.887197 0.386150  0.105796 0.773373 0
jonklercart
0  0.702518 0.423855 0.859822  -0.162146 0.904290 0.394929  0.124963 0.768185 0
0  0.825215 0.423876 0.925279  -0.252529 0.887197 0.386150  0.105796 0.773373 0
0  0.825880 0.424975 0.918385  -0.005486 0.999879 0.014577  0.105700 0.772775 0
jonklercart
0  0.574606 0.416464 0.821910  -0.180048 -0.507626 0.842555  0.144971 0.766101 0
0  0.706838 0.416621 0.862923  -0.328471 -0.573422 0.750529  0.124500 0.769393 0
0  0.704044 0.420798 0.863573  -0.385064 0.146404 0.911203  0.124773 0.768728 0
jonklercart
0  0.571624 0.420719 0.822572  -0.188301 0.246757 0.950607  0.145355 0.765461 0
0  0.704044 0.420798 0.863573  -0.385064 0.146404 0.911203  0.124773 0.768728 0
0  0.702518 0.423855 0.859822  -0.162146 0.904290 0.394929  0.124963 0.768185 0
jonklercart
0  0.569699 0.423834 0.818749  -0.075168 0.916592 0.392694  0.145630 0.764913 0
0  0.702518 0.423855 0.859822  -0.162146 0.904290 0.394929  0.124963 0.768185 0
0  0.702668 0.424975 0.852676  -0.000939 0.999936 0.011267  0.124943 0.767566 0
jonklercart
0  0.425514 0.416317 0.806695  -0.029236 -0.424993 0.904724  0.167975 0.764758 0
0  0.574606 0.416464 0.821910  -0.180048 -0.507626 0.842555  0.144971 0.766101 0
0  0.571624 0.420719 0.822572  -0.188301 0.246757 0.950607  0.145355 0.765461 0
jonklercart
0  0.422381 0.420646 0.807395  -0.025139 0.321619 0.946535  0.168439 0.764153 0
0  0.571624 0.420719 0.822572  -0.188301 0.246757 0.950607  0.145355 0.765461 0
0  0.569699 0.423834 0.818749  -0.075168 0.916592 0.392694  0.145630 0.764913 0
jonklercart
0  0.420152 0.423815 0.803581  -0.005761 0.920282 0.391214  0.168779 0.763616 0
0  0.569699 0.423834 0.818749  -0.075168 0.916592 0.392694  0.145630 0.764913 0
0  0.569346 0.424975 0.811466  0.001614 0.999958 0.008995  0.145685 0.764282 0
jonklercart
0  0.574879 0.416091 3.391567  -0.161327 0.566227 -0.808307  0.147711 0.978337 0
0  0.425605 0.416192 3.406753  -0.021886 0.633896 -0.773109  0.170626 0.980172 0
0  0.422427 0.420584 3.411821  -0.011443 0.858401 -0.512852  0.171095 0.980919 0
jonklercart
0  0.571760 0.420533 3.396660  -0.106475 0.833077 -0.542813  0.148135 0.979115 0
0  0.422427 0.420584 3.411821  -0.011443 0.858401 -0.512852  0.171095 0.980919 0
0  0.420164 0.423798 3.419859  -0.005926 0.966323 -0.257264  0.171430 0.981726 0
jonklercart
0  0.569735 0.423785 3.404695  -0.053880 0.962268 -0.266715  0.148415 0.979934 0
0  0.420164 0.423798 3.419859  -0.005926 0.966323 -0.257264  0.171430 0.981726 0
0  0.419424 0.424975 3.428711  -0.001494 0.999901 -0.014006  0.171535 0.982483 0
jonklercart
0  0.707279 0.416018 3.350610  -0.342396 0.451677 -0.823865  0.127280 0.974490 0
0  0.574879 0.416091 3.391567  -0.161327 0.566227 -0.808307  0.147711 0.978337 0
0  0.571760 0.420533 3.396660  -0.106475 0.833077 -0.542813  0.148135 0.979115 0
jonklercart
0  0.704265 0.420496 3.355687  -0.234249 0.787967 -0.569417  0.127648 0.975295 0
0  0.571760 0.420533 3.396660  -0.106475 0.833077 -0.542813  0.148135 0.979115 0
0  0.569735 0.423785 3.404695  -0.053880 0.962268 -0.266715  0.148415 0.979934 0
jonklercart
0  0.702577 0.423775 3.363629  -0.112623 0.955109 -0.274011  0.127863 0.976116 0
0  0.569735 0.423785 3.404695  -0.053880 0.962268 -0.266715  0.148415 0.979934 0
0  0.569346 0.424975 3.413520  -0.004658 0.999893 -0.013864  0.148458 0.980691 0
jonklercart
0  0.829514 0.415989 3.285415  -0.520056 0.305426 -0.797657  0.108301 0.968705 0
0  0.707279 0.416018 3.350610  -0.342396 0.451677 -0.823865  0.127280 0.974490 0
0  0.704265 0.420496 3.355687  -0.234249 0.787967 -0.569417  0.127648 0.975295 0
jonklercart
0  0.826623 0.420482 3.290429  -0.375425 0.721875 -0.581337  0.108598 0.969533 0
0  0.704265 0.420496 3.355687  -0.234249 0.787967 -0.569417  0.127648 0.975295 0
0  0.702577 0.423775 3.363629  -0.112623 0.955109 -0.274011  0.127863 0.976116 0
jonklercart
0  0.825293 0.423771 3.298184  -0.177224 0.944432 -0.276838  0.108743 0.970347 0
0  0.702577 0.423775 3.363629  -0.112623 0.955109 -0.274011  0.127863 0.976116 0
0  0.702668 0.424975 3.372310  -0.007536 0.999858 -0.015037  0.127833 0.976865 0
jonklercart
0  0.937052 0.416017 3.200571  -0.674076 0.138369 -0.725586  0.091489 0.961367 0
0  0.829514 0.415989 3.285415  -0.520056 0.305426 -0.797657  0.108301 0.968705 0
0  0.826623 0.420482 3.290429  -0.375425 0.721875 -0.581337  0.108598 0.969533 0
jonklercart
0  0.934309 0.420496 3.205468  -0.525915 0.630427 -0.570943  0.091698 0.962206 0
0  0.826623 0.420482 3.290429  -0.375425 0.721875 -0.581337  0.108598 0.969533 0
0  0.825293 0.423771 3.298184  -0.177224 0.944432 -0.276838  0.108743 0.970347 0
jonklercart
0  0.933363 0.423775 3.212919  -0.248951 0.929180 -0.273219  0.091765 0.963000 0
0  0.825293 0.423771 3.298184  -0.177224 0.944432 -0.276838  0.108743 0.970347 0
0  0.825880 0.424975 3.306601  -0.011615 0.999782 -0.017324  0.108638 0.971078 0
jonklercart
0  1.026170 0.416106 3.102562  -0.786524 -0.029707 -0.616845  0.077437 0.953016 0
0  0.937052 0.416017 3.200571  -0.674076 0.138369 -0.725586  0.091489 0.961367 0
0  0.934309 0.420496 3.205468  -0.525915 0.630427 -0.570943  0.091698 0.962206 0
jonklercart
0  1.023601 0.420540 3.107274  -0.672981 0.514372 -0.531524  0.077538 0.953852 0
0  0.934309 0.420496 3.205468  -0.525915 0.630427 -0.570943  0.091698 0.962206 0
0  0.933363 0.423775 3.212919  -0.248951 0.929180 -0.273219  0.091765 0.963000 0
jonklercart
0  1.023065 0.423787 3.114279  -0.326963 0.908430 -0.260480  0.077519 0.954610 0
0  0.933363 0.423775 3.212919  -0.248951 0.929180 -0.273219  0.091765 0.963000 0
0  0.934467 0.424975 3.220928  -0.017665 0.999641 -0.020134  0.091582 0.963701 0
jonklercart
0  1.094470 0.416251 2.999539  -0.853219 -0.180504 -0.489322  0.066516 0.944334 0
0  1.026170 0.416106 3.102562  -0.786524 -0.029707 -0.616845  0.077437 0.953016 0
0  1.023601 0.420540 3.107274  -0.672981 0.514372 -0.531524  0.077538 0.953852 0
jonklercart
0  1.092095 0.420613 3.003989  -0.801174 0.380388 -0.461980  0.066488 0.945144 0
0  1.023601 0.420540 3.107274  -0.672981 0.514372 -0.531524  0.077538 0.953852 0
0  1.023065 0.423787 3.114279  -0.326963 0.908430 -0.260480  0.077519 0.954610 0
jonklercart
0  1.091986 0.423806 3.010373  -0.408348 0.881873 -0.235697  0.066378 0.945846 0
0  1.023065 0.423787 3.114279  -0.326963 0.908430 -0.260480  0.077519 0.954610 0
0  1.024705 0.424975 3.121700  -0.025897 0.999408 -0.022665  0.077255 0.955266 0
jonklercart
0  1.141555 0.416437 2.900449  -0.882020 -0.304984 -0.359201  0.058832 0.936057 0
0  1.094470 0.416251 2.999539  -0.853219 -0.180504 -0.489322  0.066516 0.944334 0
0  1.092095 0.420613 3.003989  -0.801174 0.380388 -0.461980  0.066488 0.945144 0
jonklercart
0  1.139385 0.420706 2.904552  -0.898211 0.240294 -0.368070  0.058654 0.936807 0
0  1.092095 0.420613 3.003989  -0.801174 0.380388 -0.461980  0.066488 0.945144 0
0  1.091986 0.423806 3.010373  -0.408348 0.881873 -0.235697  0.066378 0.945846 0
jonklercart
0  1.139696 0.423831 2.910113  -0.487977 0.850506 -0.196262  0.058448 0.937426 0
0  1.091986 0.423806 3.010373  -0.408348 0.881873 -0.235697  0.066378 0.945846 0
0  1.094171 0.424975 3.016982  -0.036004 0.999063 -0.023996  0.066031 0.946439 0
jonklercart
0  1.169601 0.416635 2.812956  -0.884488 -0.403442 -0.234340  0.054099 0.928814 0
0  1.141555 0.416437 2.900449  -0.882020 -0.304984 -0.359201  0.058832 0.936057 0
0  1.139385 0.420706 2.904552  -0.898211 0.240294 -0.368070  0.058654 0.936807 0
jonklercart
0  1.167619 0.420805 2.816630  -0.960026 0.106832 -0.258723  0.053762 0.929456 0
0  1.139385 0.420706 2.904552  -0.898211 0.240294 -0.368070  0.058654 0.936807 0
0  1.139696 0.423831 2.910113  -0.487977 0.850506 -0.196262  0.058448 0.937426 0
jonklercart
0  1.168303 0.423858 2.821150  -0.558315 0.817605 -0.140737  0.053463 0.929961 0
0  1.139696 0.423831 2.910113  -0.487977 0.850506 -0.196262  0.058448 0.937426 0
0  1.142406 0.424975 2.915642  -0.047234 0.998610 -0.023375  0.058021 0.937935 0
jonklercart
0  1.183071 0.416819 2.740118  -0.866802 -0.490750 -0.088426  0.051650 0.922854 0
0  1.169601 0.416635 2.812956  -0.884488 -0.403442 -0.234340  0.054099 0.928814 0
0  1.167619 0.420805 2.816630  -0.960026 0.106832 -0.258723  0.053762 0.929456 0
jonklercart
0  1.181238 0.420897 2.743296  -0.992981 -0.029694 -0.114482  0.051162 0.923333 0
0  1.167619 0.420805 2.816630  -0.960026 0.106832 -0.258723  0.053762 0.929456 0
0  1.168303 0.423858 2.821150  -0.558315 0.817605 -0.140737  0.053463 0.929961 0
jonklercart
0  1.182193 0.423882 2.746582  -0.620778 0.781920 -0.056883  0.050785 0.923693 0
0  1.168303 0.423858 2.821150  -0.558315 0.817605 -0.140737  0.053463 0.929961 0
0  1.171469 0.424975 2.825304  -0.058126 0.998109 -0.020008  0.052963 0.930359 0
jonklercart
0  1.189505 0.416968 2.633190  -0.839069 -0.544024 0.000567  0.050142 0.914192 0
0  1.183071 0.416819 2.740118  -0.866802 -0.490750 -0.088426  0.051650 0.922854 0
0  1.181238 0.420897 2.743296  -0.992981 -0.029694 -0.114482  0.051162 0.923333 0
jonklercart
0  1.187748 0.420971 2.635961  -0.994105 -0.108382 -0.002970  0.049566 0.914488 0
0  1.181238 0.420897 2.743296  -0.992981 -0.029694 -0.114482  0.051162 0.923333 0
0  1.182193 0.423882 2.746582  -0.620778 0.781920 -0.056883  0.050785 0.923693 0
jonklercart
0  1.188802 0.423902 2.638232  -0.643668 0.765050 0.019747  0.049151 0.914705 0
0  1.182193 0.423882 2.746582  -0.620778 0.781920 -0.056883  0.050785 0.923693 0
0  1.185679 0.424975 2.749095  -0.067222 0.997667 -0.011876  0.050237 0.923950 0
jonklercart
0  -1.202259 0.417081 2.633265  0.774500 0.632571 0.001846  0.416295 0.917489 0
0  -1.202176 0.416967 1.581201  0.773623 0.633566 -0.010037  0.415073 0.833937 0
0  -1.206273 0.420971 1.583728  0.588878 0.808203 -0.005520  0.415877 0.834100 0
jonklercart
0  -1.206314 0.421028 2.635998  0.588206 0.808678 0.007285  0.417074 0.917709 0
0  -1.206273 0.420971 1.583728  0.588878 0.808203 -0.005520  0.415877 0.834100 0
0  -1.211613 0.423902 1.585334  0.353915 0.935265 -0.004823  0.416753 0.834195 0
jonklercart
0  -1.211624 0.423917 2.638242  0.352609 0.935761 0.004205  0.417933 0.917887 0
0  -1.211613 0.423902 1.585334  0.353915 0.935265 -0.004823  0.416753 0.834195 0
0  -1.216764 0.424975 1.585589  0.061366 0.998115 0.000701  0.417525 0.834190 0
jonklercart
0  0.425605 0.416192 3.406753  -0.021886 0.633896 -0.773109  0.170626 0.980172 0
0  -0.437235 0.416318 3.406835  0.017657 0.649978 -0.759748  0.303491 0.980107 0
0  -0.440431 0.420646 3.411863  0.012348 0.862811 -0.505376  0.303996 0.980820 0
jonklercart
0  0.422427 0.420584 3.411821  -0.011443 0.858401 -0.512852  0.171095 0.980919 0
0  -0.440431 0.420646 3.411863  0.012348 0.862811 -0.505376  0.303996 0.980820 0
0  -0.442835 0.423815 3.419870  0.002613 0.966828 -0.255416  0.304377 0.981607 0
jonklercart
0  0.420164 0.423798 3.419859  -0.005926 0.966323 -0.257264  0.171430 0.981726 0
0  -0.442835 0.423815 3.419870  0.002613 0.966828 -0.255416  0.304377 0.981607 0
0  -0.443803 0.424975 3.428711  -0.001619 0.999889 -0.014821  0.304535 0.982355 0
jonklercart
0  1.192385 0.424975 2.639397  -0.070528 0.997495 0.005390  0.048586 0.914824 0
0  1.192385 0.424975 1.585589  -0.069896 0.997552 -0.002027  0.047827 0.827012 0
0  1.188791 0.423917 1.585344  -0.636181 0.771512 -0.006567  0.048400 0.826993 0
jonklercart
0  1.188802 0.423902 2.638232  -0.643668 0.765050 0.019747  0.049151 0.914705 0
0  1.188791 0.423917 1.585344  -0.636181 0.771512 -0.006567  0.048400 0.826993 0
0  1.187706 0.421028 1.583766  -0.994332 -0.105238 -0.015142  0.048831 0.826878 0
jonklercart
0  1.187748 0.420971 2.635961  -0.994105 -0.108382 -0.002970  0.049566 0.914488 0
0  1.187706 0.421028 1.583766  -0.994332 -0.105238 -0.015142  0.048831 0.826878 0
0  1.189422 0.417081 1.581276  -0.839570 -0.543136 -0.011254  0.049441 0.826724 0
jonklercart
0  0.419424 0.424975 0.796275  -0.002505 0.999957 0.008910  0.168896 0.762989 0
0  -0.443803 0.424975 0.796275  0.000682 0.999959 0.009021  0.301237 0.765507 0
0  -0.442823 0.423798 0.803570  0.009256 0.921225 0.388921  0.301068 0.766124 0
jonklercart
0  0.420152 0.423815 0.803581  -0.005761 0.920282 0.391214  0.168779 0.763616 0
0  -0.442823 0.423798 0.803570  0.009256 0.921225 0.388921  0.301068 0.766124 0
0  -0.440385 0.420583 0.807354  0.032931 0.343771 0.938476  0.300677 0.766643 0
jonklercart
0  0.422381 0.420646 0.807395  -0.025139 0.321619 0.946535  0.168439 0.764153 0
0  -0.440385 0.420583 0.807354  0.032931 0.343771 0.938476  0.300677 0.766643 0
0  -0.437143 0.416192 0.806612  0.025517 -0.395904 0.917937  0.300150 0.767212 0
jonklercart
0  -0.584031 0.408301 3.444196  -0.015073 0.986328 0.164104  0.326340 0.985798 0
0  -0.432234 0.408301 3.459578  -0.051431 0.985134 0.163909  0.302892 0.987537 0
0  -0.438094 0.416318 3.464881  -0.028495 -0.420109 0.907026  0.303734 0.986303 0
jonklercart
0  -0.613862 -0.408300 3.942666  0.002675 -0.998910 -0.046600  0.548823 0.202638 0
0  -0.439649 -0.408300 3.960318  -0.002229 -0.998953 -0.045705  0.556500 0.241115 0
0  -0.441354 -0.389680 4.075427  -0.008784 -0.937633 0.347516  0.543306 0.242765 0
jonklercart
0  -0.620719 -0.389680 4.057252  -0.072636 -0.934717 0.347891  0.535239 0.206419 0
0  -0.441354 -0.389680 4.075427  -0.008784 -0.937633 0.347516  0.543306 0.242765 0
0  -0.442602 -0.338808 4.159693  -0.022137 -0.657502 0.753127  0.530710 0.244491 0
jonklercart
0  -0.625739 -0.338808 4.141136  -0.151141 -0.650202 0.744576  0.522679 0.209994 0
0  -0.442602 -0.338808 4.159693  -0.022137 -0.657502 0.753127  0.530710 0.244491 0
0  -0.443059 -0.269315 4.190536  -0.031559 -0.103629 0.994115  0.518633 0.246130 0
jonklercart
0  -0.779939 -0.408300 3.891330  0.010410 -0.999061 -0.042052  0.536204 0.165872 0
0  -0.613862 -0.408300 3.942666  0.002675 -0.998910 -0.046600  0.548823 0.202638 0
0  -0.620719 -0.389680 4.057252  -0.072636 -0.934717 0.347891  0.535239 0.206419 0
jonklercart
0  -0.793745 -0.389680 4.003770  -0.144900 -0.929884 0.338112  0.522931 0.171486 0
0  -0.620719 -0.389680 4.057252  -0.072636 -0.934717 0.347891  0.535239 0.206419 0
0  -0.625739 -0.338808 4.141136  -0.151141 -0.650202 0.744576  0.522679 0.209994 0
jonklercart
0  -0.803852 -0.338808 4.086081  -0.295880 -0.638229 0.710717  0.510710 0.176683 0
0  -0.625739 -0.338808 4.141136  -0.151141 -0.650202 0.744576  0.522679 0.209994 0
0  -0.627577 -0.269315 4.171839  -0.194812 -0.099827 0.975747  0.510871 0.213442 0
jonklercart
0  -0.936704 -0.408301 3.807728  0.015464 -0.999284 -0.034529  0.519247 0.131581 0
0  -0.779939 -0.408300 3.891330  0.010410 -0.999061 -0.042052  0.536204 0.165872 0
0  -0.793745 -0.389680 4.003770  -0.144900 -0.929884 0.338112  0.522931 0.171486 0
jonklercart
0  -0.957628 -0.389680 3.916371  -0.215670 -0.922267 0.320796  0.506646 0.138926 0
0  -0.793745 -0.389680 4.003770  -0.144900 -0.929884 0.338112  0.522931 0.171486 0
0  -0.803852 -0.338808 4.086081  -0.295880 -0.638229 0.710717  0.510710 0.176683 0
jonklercart
0  -0.972945 -0.338808 3.995903  -0.428831 -0.619593 0.657425  0.495098 0.145650 0
0  -0.803852 -0.338808 4.086081  -0.295880 -0.638229 0.710717  0.510710 0.176683 0
0  -0.807552 -0.269315 4.116209  -0.378541 -0.093397 0.920860  0.499274 0.181572 0
jonklercart
0  -1.079855 -0.408301 3.694785  0.016880 -0.999538 -0.025296  0.498798 0.100779 0
0  -0.936704 -0.408301 3.807728  0.015464 -0.999284 -0.034529  0.519247 0.131581 0
0  -0.957628 -0.389680 3.916371  -0.215670 -0.922267 0.320796  0.506646 0.138926 0
jonklercart
0  -1.108110 -0.389680 3.797643  -0.284238 -0.911788 0.296397  0.487117 0.109747 0
0  -0.957628 -0.389680 3.916371  -0.215670 -0.922267 0.320796  0.506646 0.138926 0
0  -0.972945 -0.338808 3.995903  -0.428831 -0.619593 0.657425  0.495098 0.145650 0
jonklercart
0  -1.128794 -0.338808 3.872941  -0.546710 -0.595599 0.588532  0.476487 0.117878 0
0  -0.972945 -0.338808 3.995903  -0.428831 -0.619593 0.657425  0.495098 0.145650 0
0  -0.978551 -0.269315 4.025014  -0.540332 -0.083598 0.837289  0.484328 0.151903 0
jonklercart
0  -1.205553 -0.408301 3.556563  0.014688 -0.999766 -0.015855  0.475803 0.074096 0
0  -1.079855 -0.408301 3.694785  0.016880 -0.999538 -0.025296  0.498798 0.100779 0
0  -1.108110 -0.389680 3.797643  -0.284238 -0.911788 0.296397  0.487117 0.109747 0
jonklercart
0  -1.241330 -0.389680 3.651151  -0.349400 -0.898819 0.264658  0.465227 0.084560 0
0  -1.108110 -0.389680 3.797643  -0.284238 -0.911788 0.296397  0.487117 0.109747 0
0  -1.128794 -0.338808 3.872941  -0.546710 -0.595599 0.588532  0.476487 0.117878 0
jonklercart
0  -1.267521 -0.338808 3.720393  -0.647691 -0.568233 0.507551  0.455693 0.093945 0
0  -1.128794 -0.338808 3.872941  -0.546710 -0.595599 0.588532  0.476487 0.117878 0
0  -1.136365 -0.269315 3.900502  -0.675474 -0.071627 0.733897  0.466614 0.125383 0
jonklercart
0  -1.310645 -0.408300 3.398141  0.009491 -0.999928 -0.007353  0.451243 0.051763 0
0  -1.205553 -0.408301 3.556563  0.014688 -0.999766 -0.015855  0.475803 0.074096 0
0  -1.241330 -0.389680 3.651151  -0.349400 -0.898819 0.264658  0.465227 0.084560 0
jonklercart
0  -1.353979 -0.389680 3.481336  -0.409258 -0.884181 0.225237  0.441893 0.063577 0
0  -1.241330 -0.389680 3.651151  -0.349400 -0.898819 0.264658  0.465227 0.084560 0
0  -1.267521 -0.338808 3.720393  -0.647691 -0.568233 0.507551  0.455693 0.093945 0
jonklercart
0  -1.385701 -0.338808 3.542240  -0.731351 -0.539289 0.417485  0.433566 0.074042 0
0  -1.267521 -0.338808 3.720393  -0.647691 -0.568233 0.507551  0.455693 0.093945 0
0  -1.277107 -0.269315 3.745738  -0.783437 -0.058873 0.618676  0.446879 0.102549 0
jonklercart
0  -1.392913 -0.408301 3.225294  0.002618 -0.999996 -0.000713  0.425963 0.033617 0
0  -1.310645 -0.408300 3.398141  0.009491 -0.999928 -0.007353  0.451243 0.051763 0
0  -1.353979 -0.389680 3.481336  -0.409258 -0.884181 0.225237  0.441893 0.063577 0
jonklercart
0  -1.443467 -0.389680 3.293320  -0.461506 -0.869038 0.178285  0.417902 0.046647 0
0  -1.353979 -0.389680 3.481336  -0.409258 -0.884181 0.225237  0.441893 0.063577 0
0  -1.385701 -0.338808 3.542240  -0.731351 -0.539289 0.417485  0.433566 0.074042 0
jonklercart
0  -1.480475 -0.338808 3.343119  -0.797523 -0.511209 0.320347  0.410831 0.058020 0
0  -1.385701 -0.338808 3.542240  -0.731351 -0.539289 0.417485  0.433566 0.074042 0
0  -1.397313 -0.269315 3.564532  -0.866249 -0.046424 0.497451  0.425909 0.083566 0
jonklercart
0  -1.451302 -0.408301 3.043804  -0.004198 -0.999984 0.003747  0.400464 0.019196 0
0  -1.392913 -0.408301 3.225294  0.002618 -0.999996 -0.000713  0.425963 0.033617 0
0  -1.443467 -0.389680 3.293320  -0.461506 -0.869038 0.178285  0.417902 0.046647 0
jonklercart
0  -1.508077 -0.389680 3.092494  -0.502787 -0.855455 0.124101  0.393737 0.033352 0
0  -1.443467 -0.389680 3.293320  -0.461506 -0.869038 0.178285  0.417902 0.046647 0
0  -1.480475 -0.338808 3.343119  -0.797523 -0.511209 0.320347  0.410831 0.058020 0
jonklercart
0  -1.549639 -0.338808 3.128138  -0.845811 -0.487116 0.217534  0.387946 0.045504 0
0  -1.480475 -0.338808 3.343119  -0.797523 -0.511209 0.320347  0.410831 0.058020 0
0  -1.494021 -0.269315 3.361346  -0.926866 -0.035452 0.373714  0.404373 0.068288 0
jonklercart
0  -1.485872 -0.408301 2.858409  -0.009177 -0.999939 0.006139  0.374675 0.007968 0
0  -1.451302 -0.408301 3.043804  -0.004198 -0.999984 0.003747  0.400464 0.019196 0
0  -1.508077 -0.389680 3.092494  -0.502787 -0.855455 0.124101  0.393737 0.033352 0
jonklercart
0  -1.546966 -0.389680 2.883938  -0.528597 -0.846564 0.062566  0.369461 0.023229 0
0  -1.508077 -0.389680 3.092494  -0.502787 -0.855455 0.124101  0.393737 0.033352 0
0  -1.549639 -0.338808 3.128138  -0.845811 -0.487116 0.217534  0.387946 0.045504 0
jonklercart
0  -1.591690 -0.338808 2.902627  -0.875327 -0.470973 0.109489  0.365017 0.036083 0
0  -1.549639 -0.338808 3.128138  -0.845811 -0.487116 0.217534  0.387946 0.045504 0
0  -1.564852 -0.269315 3.141184  -0.968092 -0.026806 0.249156  0.382701 0.056373 0
jonklercart
0  -1.498065 -0.408301 2.658933  -0.014371 -0.999890 0.003542  0.346969 0.001482 0
0  -1.485872 -0.408301 2.858409  -0.009177 -0.999939 0.006139  0.374675 0.007968 0
0  -1.546966 -0.389680 2.883938  -0.528597 -0.846564 0.062566  0.369461 0.023229 0
jonklercart
0  -1.560323 -0.389680 2.665416  -0.535609 -0.844460 -0.003132  0.344294 0.015891 0
0  -1.546966 -0.389680 2.883938  -0.528597 -0.846564 0.062566  0.369461 0.023229 0
0  -1.591690 -0.338808 2.902627  -0.875327 -0.470973 0.109489  0.365017 0.036083 0
jonklercart
0  -1.605899 -0.338808 2.670163  -0.885571 -0.464479 -0.004742  0.341707 0.029007 0
0  -1.591690 -0.338808 2.902627  -0.875327 -0.470973 0.109489  0.365017 0.036083 0
0  -1.608060 -0.269316 2.909467  -0.992023 -0.021264 0.124251  0.361031 0.047453 0
jonklercart
0  -0.439649 -0.408301 0.242605  0.005249 -0.998956 0.045390  0.000161 0.234654 0
0  -0.613862 -0.408301 0.260258  -0.009840 -0.998800 0.047986  0.008282 0.195711 0
0  -0.620719 -0.389681 0.145671  -0.072253 -0.934760 -0.347856  0.022002 0.199718 0
jonklercart
0  -0.441354 -0.389681 0.127496  -0.008944 -0.937818 -0.347012  0.013525 0.236412 0
0  -0.620719 -0.389681 0.145671  -0.072253 -0.934760 -0.347856  0.022002 0.199718 0
0  -0.625739 -0.338809 0.061787  -0.150945 -0.650153 -0.744659  0.034653 0.203499 0
jonklercart
0  -0.442602 -0.338809 0.043230  -0.022232 -0.658117 -0.752587  0.026266 0.238224 0
0  -0.625739 -0.338809 0.061787  -0.150945 -0.650153 -0.744659  0.034653 0.203499 0
0  -0.627577 -0.269316 0.031084  -0.196461 -0.099784 -0.975421  0.046504 0.207135 0
jonklercart
0  -0.613862 -0.408301 0.260258  -0.009840 -0.998800 0.047986  0.008282 0.195711 0
0  -0.779939 -0.408301 0.311593  -0.019418 -0.998589 0.049429  0.021693 0.158580 0
0  -0.793745 -0.389681 0.199153  -0.144154 -0.929923 -0.338325  0.035044 0.164540 0
jonklercart
0  -0.620719 -0.389681 0.145671  -0.072253 -0.934760 -0.347856  0.022002 0.199718 0
0  -0.793745 -0.389681 0.199153  -0.144154 -0.929923 -0.338325  0.035044 0.164540 0
0  -0.803852 -0.338809 0.116842  -0.295515 -0.638095 -0.710989  0.047305 0.170041 0
jonklercart
0  -0.625739 -0.338809 0.061787  -0.150945 -0.650153 -0.744659  0.034653 0.203499 0
0  -0.803852 -0.338809 0.116842  -0.295515 -0.638095 -0.710989  0.047305 0.170041 0
0  -0.807552 -0.269316 0.086714  -0.380249 -0.093326 -0.920164  0.058749 0.175204 0
jonklercart
0  -0.779939 -0.408301 0.311593  -0.019418 -0.998589 0.049429  0.021693 0.158580 0
0  -0.936704 -0.408301 0.395195  -0.028393 -0.998258 0.051723  0.039726 0.124166 0
0  -0.957628 -0.389681 0.286552  -0.214645 -0.922276 -0.321458  0.052299 0.131944 0
jonklercart
0  -0.793745 -0.389681 0.199153  -0.144154 -0.929923 -0.338325  0.035044 0.164540 0
0  -0.957628 -0.389681 0.286552  -0.214645 -0.922276 -0.321458  0.052299 0.131944 0
0  -0.972945 -0.338809 0.207019  -0.428338 -0.619412 -0.657917  0.063799 0.139041 0
jonklercart
0  -0.803852 -0.338809 0.116842  -0.295515 -0.638095 -0.710989  0.047305 0.170041 0
0  -0.972945 -0.338809 0.207019  -0.428338 -0.619412 -0.657917  0.063799 0.139041 0
0  -0.978551 -0.269316 0.177909  -0.541975 -0.083568 -0.836229  0.074506 0.145622 0
jonklercart
0  -0.936704 -0.408301 0.395195  -0.028393 -0.998258 0.051723  0.039726 0.124166 0
0  -1.079855 -0.408301 0.508138  -0.036321 -0.997837 0.054781  0.061381 0.093574 0
0  -1.108110 -0.389681 0.405280  -0.283073 -0.911785 -0.297518  0.072898 0.103015 0
jonklercart
0  -0.957628 -0.389681 0.286552  -0.214645 -0.922276 -0.321458  0.052299 0.131944 0
0  -1.108110 -0.389681 0.405280  -0.283073 -0.911785 -0.297518  0.072898 0.103015 0
0  -1.128794 -0.338809 0.329982  -0.546112 -0.595405 -0.589283  0.083368 0.111546 0
jonklercart
0  -0.972945 -0.338809 0.207019  -0.428338 -0.619412 -0.657917  0.063799 0.139041 0
0  -1.128794 -0.338809 0.329982  -0.546112 -0.595405 -0.589283  0.083368 0.111546 0
0  -1.136365 -0.269316 0.302421  -0.675837 -0.071666 -0.733559  0.093086 0.119399 0
jonklercart
0  -1.079855 -0.408301 0.508138  -0.036321 -0.997837 0.054781  0.061381 0.093574 0
0  -1.205553 -0.408301 0.646360  -0.042317 -0.997403 0.058272  0.085557 0.067444 0
0  -1.241330 -0.389680 0.551772  -0.348288 -0.898797 -0.266193  0.095825 0.078371 0
jonklercart
0  -1.108110 -0.389681 0.405280  -0.283073 -0.911785 -0.297518  0.072898 0.103015 0
0  -1.241330 -0.389680 0.551772  -0.348288 -0.898797 -0.266193  0.095825 0.078371 0
0  -1.267521 -0.338809 0.482530  -0.647281 -0.567741 -0.508622  0.105083 0.088143 0
jonklercart
0  -1.128794 -0.338809 0.329982  -0.546112 -0.595405 -0.589283  0.083368 0.111546 0
0  -1.267521 -0.338809 0.482530  -0.647281 -0.567741 -0.508622  0.105083 0.088143 0
0  -1.277107 -0.269316 0.457185  -0.783562 -0.058927 -0.618512  0.113644 0.097079 0
jonklercart
0  -1.205553 -0.408301 0.646360  -0.042317 -0.997403 0.058272  0.085557 0.067444 0
0  -1.310645 -0.408301 0.804781  -0.045068 -0.997092 0.061454  0.111148 0.045953 0
0  -1.353979 -0.389681 0.721586  -0.408538 -0.884036 -0.227105  0.120057 0.058175 0
jonklercart
0  -1.241330 -0.389680 0.551772  -0.348288 -0.898797 -0.266193  0.095825 0.078371 0
0  -1.353979 -0.389681 0.721586  -0.408538 -0.884036 -0.227105  0.120057 0.058175 0
0  -1.385701 -0.338809 0.660683  -0.731096 -0.538646 -0.418759  0.128006 0.068977 0
jonklercart
0  -1.267521 -0.338809 0.482530  -0.647281 -0.567741 -0.508622  0.105083 0.088143 0
0  -1.385701 -0.338809 0.660683  -0.731096 -0.538646 -0.418759  0.128006 0.068977 0
0  -1.397313 -0.269316 0.638391  -0.866209 -0.046447 -0.497519  0.135325 0.078790 0
jonklercart
0  -1.310645 -0.408301 0.804781  -0.045068 -0.997092 0.061454  0.111148 0.045953 0
0  -1.392913 -0.408301 0.977629  -0.042481 -0.997163 0.062137  0.137224 0.028847 0
0  -1.443467 -0.389680 0.909603  -0.461056 -0.868905 -0.180089  0.144740 0.042190 0
jonklercart
0  -1.353979 -0.389681 0.721586  -0.408538 -0.884036 -0.227105  0.120057 0.058175 0
0  -1.443467 -0.389680 0.909603  -0.461056 -0.868905 -0.180089  0.144740 0.042190 0
0  -1.480475 -0.338809 0.859804  -0.797490 -0.510509 -0.321544  0.151357 0.053823 0
jonklercart
0  -1.385701 -0.338809 0.660683  -0.731096 -0.538646 -0.418759  0.128006 0.068977 0
0  -1.480475 -0.338809 0.859804  -0.797490 -0.510509 -0.321544  0.151357 0.053823 0
0  -1.494021 -0.269316 0.841577  -0.926731 -0.035492 -0.374046  0.157420 0.064320 0
jonklercart
0  -1.392913 -0.408301 0.977629  -0.042481 -0.997163 0.062137  0.137224 0.028847 0
0  -1.451302 -0.408301 1.159119  -0.033017 -0.997896 0.055800  0.163247 0.015567 0
0  -1.508077 -0.389680 1.110428  -0.502822 -0.855231 -0.125499  0.169364 0.029909 0
jonklercart
0  -1.443467 -0.389680 0.909603  -0.461056 -0.868905 -0.180089  0.144740 0.042190 0
0  -1.508077 -0.389680 1.110428  -0.502822 -0.855231 -0.125499  0.169364 0.029909 0
0  -1.549639 -0.338808 1.074785  -0.845951 -0.486503 -0.218363  0.174663 0.042223 0
jonklercart
0  -1.480475 -0.338809 0.859804  -0.797490 -0.510509 -0.321544  0.151357 0.053823 0
0  -1.549639 -0.338808 1.074785  -0.845951 -0.486503 -0.218363  0.174663 0.042223 0
0  -1.564852 -0.269316 1.061738  -0.967953 -0.026859 -0.249692  0.179488 0.053247 0
jonklercart
0  -1.451302 -0.408301 1.159119  -0.033017 -0.997896 0.055800  0.163247 0.015567 0
0  -1.485872 -0.408301 1.344513  -0.018944 -0.999185 0.035633  0.189268 0.005504 0
0  -1.546966 -0.389680 1.318985  -0.528390 -0.846597 -0.063854  0.193857 0.020788 0
jonklercart
0  -1.508077 -0.389680 1.110428  -0.502822 -0.855231 -0.125499  0.169364 0.029909 0
0  -1.546966 -0.389680 1.318985  -0.528390 -0.846597 -0.063854  0.193857 0.020788 0
0  -1.591690 -0.338808 1.300296  -0.875254 -0.470960 -0.110122  0.197817 0.033681 0
jonklercart
0  -1.549639 -0.338808 1.074785  -0.845951 -0.486503 -0.218363  0.174663 0.042223 0
0  -1.591690 -0.338808 1.300296  -0.875254 -0.470960 -0.110122  0.197817 0.033681 0
0  -1.608060 -0.269316 1.293456  -0.992102 -0.021258 -0.123623  0.201405 0.045115 0
jonklercart
0  -1.485872 -0.408301 1.344513  -0.018944 -0.999185 0.035633  0.189268 0.005504 0
0  -1.498065 -0.408301 1.543990  -0.015047 -0.999844 0.009230  0.216842 0.000161 0
0  -1.560323 -0.389680 1.537506  -0.534052 -0.845447 0.002742  0.218971 0.014394 0
jonklercart
0  -1.546966 -0.389680 1.318985  -0.528390 -0.846597 -0.063854  0.193857 0.020788 0
0  -1.560323 -0.389680 1.537506  -0.534052 -0.845447 0.002742  0.218971 0.014394 0
0  -1.605899 -0.338808 1.532760  -0.884617 -0.466296 0.004628  0.221142 0.027379 0
jonklercart
0  -1.591690 -0.338808 1.300296  -0.875254 -0.470960 -0.110122  0.197817 0.033681 0
0  -1.605899 -0.338808 1.532760  -0.884617 -0.466296 0.004628  0.221142 0.027379 0
0  -1.622581 -0.269316 1.531023  -0.999811 -0.018596 0.005652  0.222958 0.039303 0
jonklercart
0  1.498065 -0.408301 1.543990  0.014370 -0.999890 -0.003542  0.208996 0.653125 0
0  1.485872 -0.408301 1.344513  0.018926 -0.999188 0.035563  0.181141 0.646530 0
0  1.546966 -0.389680 1.318985  0.528388 -0.846625 -0.063501  0.186430 0.631205 0
jonklercart
0  1.560323 -0.389680 1.537506  0.535610 -0.844460 0.003132  0.211705 0.638630 0
0  1.546966 -0.389680 1.318985  0.528388 -0.846625 -0.063501  0.186430 0.631205 0
0  1.591690 -0.338808 1.300296  0.875231 -0.471034 -0.109986  0.190926 0.618310 0
jonklercart
0  1.605899 -0.338808 1.532760  0.885572 -0.464478 0.004742  0.214313 0.625449 0
0  1.591690 -0.338808 1.300296  0.875231 -0.471034 -0.109986  0.190926 0.618310 0
0  1.608060 -0.269316 1.293456  0.992101 -0.021261 -0.123623  0.194949 0.606913 0
jonklercart
0  1.485872 -0.408301 1.344513  0.018926 -0.999188 0.035563  0.181141 0.646530 0
0  1.451302 -0.408301 1.159119  0.032997 -0.997899 0.055759  0.155282 0.635125 0
0  1.508077 -0.389680 1.110428  0.502754 -0.855296 -0.125324  0.162103 0.620948 0
jonklercart
0  1.546966 -0.389680 1.318985  0.528388 -0.846625 -0.063501  0.186430 0.631205 0
0  1.508077 -0.389680 1.110428  0.502754 -0.855296 -0.125324  0.162103 0.620948 0
0  1.549639 -0.338808 1.074785  0.845936 -0.486569 -0.218272  0.167964 0.608783 0
jonklercart
0  1.591690 -0.338808 1.300296  0.875231 -0.471034 -0.109986  0.190926 0.618310 0
0  1.549639 -0.338808 1.074785  0.845936 -0.486569 -0.218272  0.167964 0.608783 0
0  1.564852 -0.269316 1.061738  0.967954 -0.026817 -0.249693  0.173263 0.597910 0
jonklercart
0  1.451302 -0.408301 1.159119  0.032997 -0.997899 0.055759  0.155282 0.635125 0
0  1.392913 -0.408301 0.977629  0.042433 -0.997170 0.062066  0.129783 0.620505 0
0  1.443467 -0.389680 0.909603  0.461117 -0.868903 -0.179938  0.137943 0.607489 0
jonklercart
0  1.508077 -0.389680 1.110428  0.502754 -0.855296 -0.125324  0.162103 0.620948 0
0  1.443467 -0.389680 0.909603  0.461117 -0.868903 -0.179938  0.137943 0.607489 0
0  1.480475 -0.338809 0.859804  0.797490 -0.510550 -0.321478  0.145092 0.596130 0
jonklercart
0  1.549639 -0.338808 1.074785  0.845936 -0.486569 -0.218272  0.167964 0.608783 0
0  1.480475 -0.338809 0.859804  0.797490 -0.510550 -0.321478  0.145092 0.596130 0
0  1.494021 -0.269316 0.841577  0.926731 -0.035460 -0.374047  0.151614 0.585878 0
jonklercart
0  1.392913 -0.408301 0.977629  0.042433 -0.997170 0.062066  0.129783 0.620505 0
0  1.310645 -0.408301 0.804781  0.045000 -0.997098 0.061396  0.104570 0.602153 0
0  1.353979 -0.389681 0.721586  0.408527 -0.884057 -0.227046  0.114012 0.590379 0
jonklercart
0  1.443467 -0.389680 0.909603  0.461117 -0.868903 -0.179938  0.137943 0.607489 0
0  1.353979 -0.389681 0.721586  0.408527 -0.884057 -0.227046  0.114012 0.590379 0
0  1.385701 -0.338809 0.660683  0.731181 -0.538583 -0.418691  0.122416 0.579951 0
jonklercart
0  1.480475 -0.338809 0.859804  0.797490 -0.510550 -0.321478  0.145092 0.596130 0
0  1.385701 -0.338809 0.660683  0.731181 -0.538583 -0.418691  0.122416 0.579951 0
0  1.397313 -0.269316 0.638391  0.866198 -0.046478 -0.497535  0.130140 0.570461 0
jonklercart
0  1.310645 -0.408301 0.804781  0.045000 -0.997098 0.061396  0.104570 0.602153 0
0  1.205553 -0.408301 0.646360  0.042295 -0.997404 0.058279  0.080131 0.579624 0
0  1.241330 -0.389680 0.551772  0.348305 -0.898779 -0.266233  0.090787 0.569219 0
jonklercart
0  1.353979 -0.389681 0.721586  0.408527 -0.884057 -0.227046  0.114012 0.590379 0
0  1.241330 -0.389680 0.551772  0.348305 -0.898779 -0.266233  0.090787 0.569219 0
0  1.267521 -0.338809 0.482530  0.647211 -0.567776 -0.508673  0.100391 0.559884 0
jonklercart
0  1.385701 -0.338809 0.660683  0.731181 -0.538583 -0.418691  0.122416 0.579951 0
0  1.267521 -0.338809 0.482530  0.647211 -0.567776 -0.508673  0.100391 0.559884 0
0  1.277107 -0.269316 0.457185  0.783564 -0.058869 -0.618516  0.109269 0.551328 0
jonklercart
0  1.205553 -0.408301 0.646360  0.042295 -0.997404 0.058279  0.080131 0.579624 0
0  1.079855 -0.408301 0.508138  0.036283 -0.997841 0.054749  0.057297 0.552770 0
0  1.108110 -0.389681 0.405280  0.283029 -0.911762 -0.297633  0.069042 0.543869 0
jonklercart
0  1.241330 -0.389680 0.551772  0.348305 -0.898779 -0.266233  0.090787 0.569219 0
0  1.108110 -0.389681 0.405280  0.283029 -0.911762 -0.297633  0.069042 0.543869 0
0  1.128794 -0.338809 0.329982  0.546094 -0.595358 -0.589346  0.079731 0.535796 0
jonklercart
0  1.267521 -0.338809 0.482530  0.647211 -0.567776 -0.508673  0.100391 0.559884 0
0  1.128794 -0.338809 0.329982  0.546094 -0.595358 -0.589346  0.079731 0.535796 0
0  1.136365 -0.269316 0.302421  0.675838 -0.071620 -0.733562  0.089662 0.528345 0
jonklercart
0  1.079855 -0.408301 0.508138  0.036283 -0.997841 0.054749  0.057297 0.552770 0
0  0.936704 -0.408301 0.395195  0.028361 -0.998258 0.051736  0.037025 0.521833 0
0  0.957628 -0.389681 0.286552  0.214483 -0.922272 -0.321575  0.049673 0.514553 0
jonklercart
0  1.108110 -0.389681 0.405280  0.283029 -0.911762 -0.297633  0.069042 0.543869 0
0  0.957628 -0.389681 0.286552  0.214483 -0.922272 -0.321575  0.049673 0.514553 0
0  0.972945 -0.338809 0.207019  0.428354 -0.619290 -0.658022  0.061270 0.507887 0
jonklercart
0  1.128794 -0.338809 0.329982  0.546094 -0.595358 -0.589346  0.079731 0.535796 0
0  0.972945 -0.338809 0.207019  0.428354 -0.619290 -0.658022  0.061270 0.507887 0
0  0.978551 -0.269316 0.177909  0.541975 -0.083578 -0.836228  0.072088 0.501688 0
jonklercart
0  0.936704 -0.408301 0.395195  0.028361 -0.998258 0.051736  0.037025 0.521833 0
0  0.779939 -0.408301 0.311593  0.019360 -0.998591 0.049405  0.020234 0.487441 0
0  0.793745 -0.389681 0.199153  0.143913 -0.929924 -0.338422  0.033542 0.481883 0
jonklercart
0  0.957628 -0.389681 0.286552  0.214483 -0.922272 -0.321575  0.049673 0.514553 0
0  0.793745 -0.389681 0.199153  0.143913 -0.929924 -0.338422  0.033542 0.481883 0
0  0.803852 -0.338809 0.116842  0.295381 -0.638095 -0.711045  0.045802 0.476737 0
jonklercart
0  0.972945 -0.338809 0.207019  0.428354 -0.619290 -0.658022  0.061270 0.507887 0
0  0.803852 -0.338809 0.116842  0.295381 -0.638095 -0.711045  0.045802 0.476737 0
0  0.807552 -0.269316 0.086714  0.380247 -0.093380 -0.920159  0.057279 0.471896 0
jonklercart
0  0.779939 -0.408301 0.311593  0.019360 -0.998591 0.049405  0.020234 0.487441 0
0  0.613862 -0.408301 0.260258  0.009809 -0.998801 0.047970  0.007749 0.450599 0
0  0.620719 -0.389681 0.145671  0.071905 -0.934765 -0.347914  0.021362 0.446860 0
jonklercart
0  0.793745 -0.389681 0.199153  0.143913 -0.929924 -0.338422  0.033542 0.481883 0
0  0.620719 -0.389681 0.145671  0.071905 -0.934765 -0.347914  0.021362 0.446860 0
0  0.625739 -0.338809 0.061787  0.150764 -0.650166 -0.744684  0.033957 0.443324 0
jonklercart
0  0.803852 -0.338809 0.116842  0.295381 -0.638095 -0.711045  0.045802 0.476737 0
0  0.625739 -0.338809 0.061787  0.150764 -0.650166 -0.744684  0.033957 0.443324 0
0  0.627577 -0.269316 0.031084  0.196459 -0.099868 -0.975413  0.045801 0.439915 0
jonklercart
0  0.613862 -0.408301 0.260258  0.009809 -0.998801 0.047970  0.007749 0.450599 0
0  0.439649 -0.408301 0.242605  0.002205 -0.998953 0.045706  0.000161 0.412051 0
0  0.441354 -0.389681 0.127496  0.008785 -0.937633 -0.347515  0.013389 0.410427 0
jonklercart
0  0.620719 -0.389681 0.145671  0.071905 -0.934765 -0.347914  0.021362 0.446860 0
0  0.441354 -0.389681 0.127496  0.008785 -0.937633 -0.347515  0.013389 0.410427 0
0  0.442602 -0.338809 0.043230  0.022136 -0.657502 -0.753127  0.026020 0.408727 0
jonklercart
0  0.625739 -0.338809 0.061787  0.150764 -0.650166 -0.744684  0.033957 0.443324 0
0  0.442602 -0.338809 0.043230  0.022136 -0.657502 -0.753127  0.026020 0.408727 0
0  0.443059 -0.269316 0.012387  0.031553 -0.103632 -0.994115  0.038134 0.407116 0
jonklercart
0  0.439649 -0.408300 3.960318  -0.005249 -0.998956 -0.045389  0.556728 0.418008 0
0  0.613862 -0.408300 3.942666  0.009839 -0.998800 -0.047985  0.548751 0.456927 0
0  0.620719 -0.389680 4.057252  0.072252 -0.934760 0.347855  0.535020 0.452971 0
jonklercart
0  0.441354 -0.389680 4.075427  0.008944 -0.937817 0.347014  0.543388 0.416283 0
0  0.620719 -0.389680 4.057252  0.072252 -0.934760 0.347855  0.535020 0.452971 0
0  0.625739 -0.338808 4.141136  0.150943 -0.650153 0.744659  0.522357 0.449228 0
jonklercart
0  0.442602 -0.338808 4.159693  0.022232 -0.658117 0.752587  0.530664 0.414496 0
0  0.625739 -0.338808 4.141136  0.150943 -0.650153 0.744659  0.522357 0.449228 0
0  0.627577 -0.269315 4.171839  0.196461 -0.099783 0.975421  0.510489 0.445619 0
jonklercart
0  0.613862 -0.408300 3.942666  0.009839 -0.998800 -0.047985  0.548751 0.456927 0
0  0.779939 -0.408300 3.891330  0.019393 -0.998590 -0.049424  0.535504 0.494136 0
0  0.793745 -0.389680 4.003770  0.144154 -0.929922 0.338325  0.522107 0.488230 0
jonklercart
0  0.620719 -0.389680 4.057252  0.072252 -0.934760 0.347855  0.535020 0.452971 0
0  0.793745 -0.389680 4.003770  0.144154 -0.929922 0.338325  0.522107 0.488230 0
0  0.803852 -0.338808 4.086081  0.295489 -0.638135 0.710964  0.509803 0.482768 0
jonklercart
0  0.625739 -0.338808 4.141136  0.150943 -0.650153 0.744659  0.522357 0.449228 0
0  0.803852 -0.338808 4.086081  0.295489 -0.638135 0.710964  0.509803 0.482768 0
0  0.807552 -0.269315 4.116209  0.380250 -0.093326 0.920163  0.498316 0.477635 0
jonklercart
0  0.779939 -0.408300 3.891330  0.019393 -0.998590 -0.049424  0.535504 0.494136 0
0  0.936704 -0.408301 3.807728  0.028442 -0.998256 -0.051731  0.517623 0.528720 0
0  0.957628 -0.389680 3.916371  0.214580 -0.922315 0.321389  0.504970 0.520987 0
jonklercart
0  0.793745 -0.389680 4.003770  0.144154 -0.929922 0.338325  0.522107 0.488230 0
0  0.957628 -0.389680 3.916371  0.214580 -0.922315 0.321389  0.504970 0.520987 0
0  0.972945 -0.338808 3.995903  0.428268 -0.619489 0.657890  0.493398 0.513923 0
jonklercart
0  0.803852 -0.338808 4.086081  0.295489 -0.638135 0.710964  0.509803 0.482768 0
0  0.972945 -0.338808 3.995903  0.428268 -0.619489 0.657890  0.493398 0.513923 0
0  0.978551 -0.269315 4.025014  0.541977 -0.083569 0.836228  0.482624 0.507365 0
jonklercart
0  0.936704 -0.408301 3.807728  0.028442 -0.998256 -0.051731  0.517623 0.528720 0
0  1.079855 -0.408301 3.694785  0.036345 -0.997836 -0.054788  0.496076 0.559559 0
0  1.108110 -0.389680 3.797643  0.283032 -0.911806 0.297493  0.484450 0.550143 0
jonklercart
0  0.957628 -0.389680 3.916371  0.214580 -0.922315 0.321389  0.504970 0.520987 0
0  1.108110 -0.389680 3.797643  0.283032 -0.911806 0.297493  0.484450 0.550143 0
0  1.128794 -0.338808 3.872941  0.546113 -0.595405 0.589282  0.473886 0.541629 0
jonklercart
0  0.972945 -0.338808 3.995903  0.428268 -0.619489 0.657890  0.493398 0.513923 0
0  1.128794 -0.338808 3.872941  0.546113 -0.595405 0.589282  0.473886 0.541629 0
0  1.136365 -0.269315 3.900502  0.675837 -0.071665 0.733559  0.464083 0.533786 0
jonklercart
0  1.079855 -0.408301 3.694785  0.036345 -0.997836 -0.054788  0.496076 0.559559 0
0  1.205553 -0.408301 3.556563  0.042341 -0.997402 -0.058282  0.471944 0.585980 0
0  1.241330 -0.389680 3.651151  0.348334 -0.898776 0.266207  0.461549 0.575052 0
jonklercart
0  1.108110 -0.389680 3.797643  0.283032 -0.911806 0.297493  0.484450 0.550143 0
0  1.241330 -0.389680 3.651151  0.348334 -0.898776 0.266207  0.461549 0.575052 0
0  1.267521 -0.338808 3.720393  0.647281 -0.567741 0.508623  0.452182 0.565275 0
jonklercart
0  1.128794 -0.338808 3.872941  0.546113 -0.595405 0.589282  0.473886 0.541629 0
0  1.267521 -0.338808 3.720393  0.647281 -0.567741 0.508623  0.452182 0.565275 0
0  1.277107 -0.269315 3.745738  0.783562 -0.058926 0.618513  0.443524 0.556331 0
jonklercart
0  1.205553 -0.408301 3.556563  0.042341 -0.997402 -0.058282  0.471944 0.585980 0
0  1.310645 -0.408300 3.398141  0.045045 -0.997094 -0.061441  0.446326 0.607773 0
0  1.353979 -0.389680 3.481336  0.408538 -0.884036 0.227105  0.437283 0.595520 0
jonklercart
0  1.241330 -0.389680 3.651151  0.348334 -0.898776 0.266207  0.461549 0.575052 0
0  1.353979 -0.389680 3.481336  0.408538 -0.884036 0.227105  0.437283 0.595520 0
0  1.385701 -0.338808 3.542240  0.731060 -0.538676 0.418782  0.429221 0.584690 0
jonklercart
0  1.267521 -0.338808 3.720393  0.647281 -0.567741 0.508623  0.452182 0.565275 0
0  1.385701 -0.338808 3.542240  0.731060 -0.538676 0.418782  0.429221 0.584690 0
0  1.397313 -0.269315 3.564532  0.866209 -0.046447 0.497519  0.421801 0.574850 0
jonklercart
0  1.310645 -0.408300 3.398141  0.045045 -0.997094 -0.061441  0.446326 0.607773 0
0  1.392913 -0.408301 3.225294  0.042481 -0.997163 -0.062136  0.420160 0.625163 0
0  1.443467 -0.389680 3.293320  0.461102 -0.868882 0.180082  0.412513 0.611759 0
jonklercart
0  1.353979 -0.389680 3.481336  0.408538 -0.884036 0.227105  0.437283 0.595520 0
0  1.443467 -0.389680 3.293320  0.461102 -0.868882 0.180082  0.412513 0.611759 0
0  1.480475 -0.338808 3.343119  0.797459 -0.510538 0.321574  0.405787 0.600075 0
jonklercart
0  1.385701 -0.338808 3.542240  0.731060 -0.538676 0.418782  0.429221 0.584690 0
0  1.480475 -0.338808 3.343119  0.797459 -0.510538 0.321574  0.405787 0.600075 0
0  1.494021 -0.269315 3.361346  0.926731 -0.035492 0.374046  0.399629 0.589534 0
jonklercart
0  1.392913 -0.408301 3.225294  0.042481 -0.997163 -0.062136  0.420160 0.625163 0
0  1.451302 -0.408301 3.043804  0.033017 -0.997896 -0.055800  0.393994 0.638689 0
0  1.508077 -0.389680 3.092494  0.502779 -0.855254 0.125516  0.387762 0.624258 0
jonklercart
0  1.443467 -0.389680 3.293320  0.461102 -0.868882 0.180082  0.412513 0.611759 0
0  1.508077 -0.389680 3.092494  0.502779 -0.855254 0.125516  0.387762 0.624258 0
0  1.549639 -0.338808 3.128138  0.846004 -0.486441 0.218297  0.382367 0.611875 0
jonklercart
0  1.480475 -0.338808 3.343119  0.797459 -0.510538 0.321574  0.405787 0.600075 0
0  1.549639 -0.338808 3.128138  0.846004 -0.486441 0.218297  0.382367 0.611875 0
0  1.564852 -0.269315 3.141184  0.967953 -0.026859 0.249692  0.377458 0.600793 0
jonklercart
0  1.451302 -0.408301 3.043804  0.033017 -0.997896 -0.055800  0.393994 0.638689 0
0  1.485872 -0.408301 2.858409  0.018965 -0.999183 -0.035681  0.367792 0.648947 0
0  1.546966 -0.389680 2.883938  0.528302 -0.846652 0.063852  0.363114 0.633552 0
jonklercart
0  1.508077 -0.389680 3.092494  0.502779 -0.855254 0.125516  0.387762 0.624258 0
0  1.546966 -0.389680 2.883938  0.528302 -0.846652 0.063852  0.363114 0.633552 0
0  1.591690 -0.338808 2.902627  0.875254 -0.470960 0.110122  0.359080 0.620576 0
jonklercart
0  1.549639 -0.338808 3.128138  0.846004 -0.486441 0.218297  0.382367 0.611875 0
0  1.591690 -0.338808 2.902627  0.875254 -0.470960 0.110122  0.359080 0.620576 0
0  1.608060 -0.269316 2.909467  0.992102 -0.021257 0.123623  0.355423 0.609076 0
jonklercart
0  1.485872 -0.408301 2.858409  0.018965 -0.999183 -0.035681  0.367792 0.648947 0
0  1.498065 -0.408301 2.658933  0.015053 -0.999844 -0.009280  0.339997 0.654398 0
0  1.560323 -0.389680 2.665416  0.534052 -0.845447 -0.002742  0.337825 0.640066 0
jonklercart
0  1.546966 -0.389680 2.883938  0.528302 -0.846652 0.063852  0.363114 0.633552 0
0  1.560323 -0.389680 2.665416  0.534052 -0.845447 -0.002742  0.337825 0.640066 0
0  1.605899 -0.338808 2.670163  0.884617 -0.466296 -0.004628  0.335611 0.626996 0
jonklercart
0  1.591690 -0.338808 2.902627  0.875254 -0.470960 0.110122  0.359080 0.620576 0
0  1.605899 -0.338808 2.670163  0.884617 -0.466296 -0.004628  0.335611 0.626996 0
0  1.622581 -0.269316 2.671900  0.999811 -0.018596 -0.005652  0.333756 0.615002 0
jonklercart
0  -1.622581 -0.269316 2.671900  -0.999807 -0.018711 -0.006054  0.339569 0.040974 0
0  -1.622581 -0.269316 1.531023  -0.999811 -0.018596 0.005652  0.222958 0.039303 0
0  -1.605899 -0.338808 1.532760  -0.884617 -0.466296 0.004628  0.221142 0.027379 0
jonklercart
0  -1.605899 -0.338808 2.670163  -0.885571 -0.464479 -0.004742  0.341707 0.029007 0
0  -1.605899 -0.338808 1.532760  -0.884617 -0.466296 0.004628  0.221142 0.027379 0
0  -1.560323 -0.389680 1.537506  -0.534052 -0.845447 0.002742  0.218971 0.014394 0
jonklercart
0  -1.560323 -0.389680 2.665416  -0.535609 -0.844460 -0.003132  0.344294 0.015891 0
0  -1.560323 -0.389680 1.537506  -0.534052 -0.845447 0.002742  0.218971 0.014394 0
0  -1.498065 -0.408301 1.543990  -0.015047 -0.999844 0.009230  0.216842 0.000161 0
jonklercart
0  -0.443059 -0.269316 0.012387  -0.032275 -0.103486 -0.994107  0.038360 0.239949 0
0  0.443059 -0.269316 0.012387  0.031553 -0.103632 -0.994115  0.038134 0.407116 0
0  0.442602 -0.338809 0.043230  0.022136 -0.657502 -0.753127  0.026020 0.408727 0
jonklercart
0  -0.442602 -0.338809 0.043230  -0.022232 -0.658117 -0.752587  0.026266 0.238224 0
0  0.442602 -0.338809 0.043230  0.022136 -0.657502 -0.753127  0.026020 0.408727 0
0  0.441354 -0.389681 0.127496  0.008785 -0.937633 -0.347515  0.013389 0.410427 0
jonklercart
0  -0.441354 -0.389681 0.127496  -0.008944 -0.937818 -0.347012  0.013525 0.236412 0
0  0.441354 -0.389681 0.127496  0.008785 -0.937633 -0.347515  0.013389 0.410427 0
0  0.439649 -0.408301 0.242605  0.002205 -0.998953 0.045706  0.000161 0.412051 0
jonklercart
0  1.622581 -0.269316 1.531023  0.999807 -0.018713 0.006059  0.216459 0.613431 0
0  1.622581 -0.269316 2.671900  0.999811 -0.018596 -0.005652  0.333756 0.615002 0
0  1.605899 -0.338808 2.670163  0.884617 -0.466296 -0.004628  0.335611 0.626996 0
jonklercart
0  1.605899 -0.338808 1.532760  0.885572 -0.464478 0.004742  0.214313 0.625449 0
0  1.605899 -0.338808 2.670163  0.884617 -0.466296 -0.004628  0.335611 0.626996 0
0  1.560323 -0.389680 2.665416  0.534052 -0.845447 -0.002742  0.337825 0.640066 0
jonklercart
0  1.560323 -0.389680 1.537506  0.535610 -0.844460 0.003132  0.211705 0.638630 0
0  1.560323 -0.389680 2.665416  0.534052 -0.845447 -0.002742  0.337825 0.640066 0
0  1.498065 -0.408301 2.658933  0.015053 -0.999844 -0.009280  0.339997 0.654398 0
jonklercart
0  0.443059 -0.269315 4.190536  0.032277 -0.103485 0.994107  0.518584 0.412789 0
0  -0.443059 -0.269315 4.190536  -0.031559 -0.103629 0.994115  0.518633 0.246130 0
0  -0.442602 -0.338808 4.159693  -0.022137 -0.657502 0.753127  0.530710 0.244491 0
jonklercart
0  0.442602 -0.338808 4.159693  0.022232 -0.658117 0.752587  0.530664 0.414496 0
0  -0.442602 -0.338808 4.159693  -0.022137 -0.657502 0.753127  0.530710 0.244491 0
0  -0.441354 -0.389680 4.075427  -0.008784 -0.937633 0.347516  0.543306 0.242765 0
jonklercart
0  0.441354 -0.389680 4.075427  0.008944 -0.937817 0.347014  0.543388 0.416283 0
0  -0.441354 -0.389680 4.075427  -0.008784 -0.937633 0.347516  0.543306 0.242765 0
0  -0.439649 -0.408300 3.960318  -0.002229 -0.998953 -0.045705  0.556500 0.241115 0
jonklercart
0  -1.498065 -0.408301 2.658933  -0.014371 -0.999890 0.003542  0.630844 0.818148 0
0  -1.498065 -0.408301 1.543990  -0.015047 -0.999844 0.009230  0.630844 0.664400 0
0  1.498065 -0.408301 1.543990  0.014370 -0.999890 -0.003542  0.998474 0.664400 0
jonklercart
0  -1.498065 -0.408301 1.543990  -0.015047 -0.999844 0.009230  0.630844 0.664400 0
0  -1.485872 -0.408301 1.344513  -0.018944 -0.999185 0.035633  0.632340 0.636893 0
0  -0.439649 -0.408301 0.242605  0.005249 -0.998956 0.045390  0.760713 0.484942 0
jonklercart
0  1.498065 -0.408301 1.543990  0.014370 -0.999890 -0.003542  0.998474 0.664400 0
0  -1.498065 -0.408301 1.543990  -0.015047 -0.999844 0.009230  0.630844 0.664400 0
0  0.439649 -0.408301 0.242605  0.002205 -0.998953 0.045706  0.868604 0.484942 0
jonklercart
0  -1.485872 -0.408301 1.344513  -0.018944 -0.999185 0.035633  0.632340 0.636893 0
0  -1.451302 -0.408301 1.159119  -0.033017 -0.997896 0.055800  0.636582 0.611327 0
0  -0.439649 -0.408301 0.242605  0.005249 -0.998956 0.045390  0.760713 0.484942 0
jonklercart
0  -1.451302 -0.408301 1.159119  -0.033017 -0.997896 0.055800  0.636582 0.611327 0
0  -1.392913 -0.408301 0.977629  -0.042481 -0.997163 0.062137  0.643746 0.586300 0
0  -0.439649 -0.408301 0.242605  0.005249 -0.998956 0.045390  0.760713 0.484942 0
jonklercart
0  -1.392913 -0.408301 0.977629  -0.042481 -0.997163 0.062137  0.643746 0.586300 0
0  -1.310645 -0.408301 0.804781  -0.045068 -0.997092 0.061454  0.653840 0.562465 0
0  -0.439649 -0.408301 0.242605  0.005249 -0.998956 0.045390  0.760713 0.484942 0
jonklercart
0  -1.310645 -0.408301 0.804781  -0.045068 -0.997092 0.061454  0.653840 0.562465 0
0  -1.205553 -0.408301 0.646360  -0.042317 -0.997403 0.058272  0.666735 0.540619 0
0  -0.439649 -0.408301 0.242605  0.005249 -0.998956 0.045390  0.760713 0.484942 0
jonklercart
0  -1.205553 -0.408301 0.646360  -0.042317 -0.997403 0.058272  0.666735 0.540619 0
0  -1.079855 -0.408301 0.508138  -0.036321 -0.997837 0.054781  0.682159 0.521558 0
0  -0.439649 -0.408301 0.242605  0.005249 -0.998956 0.045390  0.760713 0.484942 0
jonklercart
0  -1.079855 -0.408301 0.508138  -0.036321 -0.997837 0.054781  0.682159 0.521558 0
0  -0.936704 -0.408301 0.395195  -0.028393 -0.998258 0.051723  0.699724 0.505984 0
0  -0.439649 -0.408301 0.242605  0.005249 -0.998956 0.045390  0.760713 0.484942 0
jonklercart
0  -0.936704 -0.408301 0.395195  -0.028393 -0.998258 0.051723  0.699724 0.505984 0
0  -0.779939 -0.408301 0.311593  -0.019418 -0.998589 0.049429  0.718959 0.494455 0
0  -0.439649 -0.408301 0.242605  0.005249 -0.998956 0.045390  0.760713 0.484942 0
jonklercart
0  -0.779939 -0.408301 0.311593  -0.019418 -0.998589 0.049429  0.718959 0.494455 0
0  -0.613862 -0.408301 0.260258  -0.009840 -0.998800 0.047986  0.739337 0.487376 0
0  -0.439649 -0.408301 0.242605  0.005249 -0.998956 0.045390  0.760713 0.484942 0
jonklercart
0  -0.439649 -0.408301 0.242605  0.005249 -0.998956 0.045390  0.760713 0.484942 0
0  0.439649 -0.408301 0.242605  0.002205 -0.998953 0.045706  0.868604 0.484942 0
0  -1.498065 -0.408301 1.543990  -0.015047 -0.999844 0.009230  0.630844 0.664400 0
jonklercart
0  0.439649 -0.408301 0.242605  0.002205 -0.998953 0.045706  0.868604 0.484942 0
0  0.613862 -0.408301 0.260258  0.009809 -0.998801 0.047970  0.889981 0.487376 0
0  0.779939 -0.408301 0.311593  0.019360 -0.998591 0.049405  0.910359 0.494455 0
jonklercart
0  0.779939 -0.408301 0.311593  0.019360 -0.998591 0.049405  0.910359 0.494455 0
0  0.936704 -0.408301 0.395195  0.028361 -0.998258 0.051736  0.929594 0.505984 0
0  0.439649 -0.408301 0.242605  0.002205 -0.998953 0.045706  0.868604 0.484942 0
jonklercart
0  0.936704 -0.408301 0.395195  0.028361 -0.998258 0.051736  0.929594 0.505984 0
0  1.079855 -0.408301 0.508138  0.036283 -0.997841 0.054749  0.947159 0.521558 0
0  0.439649 -0.408301 0.242605  0.002205 -0.998953 0.045706  0.868604 0.484942 0
jonklercart
0  1.079855 -0.408301 0.508138  0.036283 -0.997841 0.054749  0.947159 0.521558 0
0  1.205553 -0.408301 0.646360  0.042295 -0.997404 0.058279  0.962582 0.540619 0
0  0.439649 -0.408301 0.242605  0.002205 -0.998953 0.045706  0.868604 0.484942 0
jonklercart
0  1.205553 -0.408301 0.646360  0.042295 -0.997404 0.058279  0.962582 0.540619 0
0  1.310645 -0.408301 0.804781  0.045000 -0.997098 0.061396  0.975477 0.562465 0
0  0.439649 -0.408301 0.242605  0.002205 -0.998953 0.045706  0.868604 0.484942 0
jonklercart
0  1.310645 -0.408301 0.804781  0.045000 -0.997098 0.061396  0.975477 0.562465 0
0  1.392913 -0.408301 0.977629  0.042433 -0.997170 0.062066  0.985572 0.586300 0
0  0.439649 -0.408301 0.242605  0.002205 -0.998953 0.045706  0.868604 0.484942 0
jonklercart
0  1.392913 -0.408301 0.977629  0.042433 -0.997170 0.062066  0.985572 0.586300 0
0  1.451302 -0.408301 1.159119  0.032997 -0.997899 0.055759  0.992736 0.611327 0
0  0.439649 -0.408301 0.242605  0.002205 -0.998953 0.045706  0.868604 0.484942 0
jonklercart
0  1.451302 -0.408301 1.159119  0.032997 -0.997899 0.055759  0.992736 0.611327 0
0  1.485872 -0.408301 1.344513  0.018926 -0.999188 0.035563  0.996978 0.636893 0
0  0.439649 -0.408301 0.242605  0.002205 -0.998953 0.045706  0.868604 0.484942 0
jonklercart
0  1.485872 -0.408301 1.344513  0.018926 -0.999188 0.035563  0.996978 0.636893 0
0  1.498065 -0.408301 1.543990  0.014370 -0.999890 -0.003542  0.998474 0.664400 0
0  0.439649 -0.408301 0.242605  0.002205 -0.998953 0.045706  0.868604 0.484942 0
jonklercart
0  1.498065 -0.408301 1.543990  0.014370 -0.999890 -0.003542  0.998474 0.664400 0
0  1.498065 -0.408301 2.658933  0.015053 -0.999844 -0.009280  0.998474 0.818148 0
0  -1.498065 -0.408301 2.658933  -0.014371 -0.999890 0.003542  0.630844 0.818148 0
jonklercart
0  1.498065 -0.408301 2.658933  0.015053 -0.999844 -0.009280  0.998474 0.818148 0
0  1.485872 -0.408301 2.858409  0.018965 -0.999183 -0.035681  0.996978 0.845655 0
0  0.439649 -0.408300 3.960318  -0.005249 -0.998956 -0.045389  0.868604 0.997606 0
jonklercart
0  -1.498065 -0.408301 2.658933  -0.014371 -0.999890 0.003542  0.630844 0.818148 0
0  1.498065 -0.408301 2.658933  0.015053 -0.999844 -0.009280  0.998474 0.818148 0
0  -0.439649 -0.408300 3.960318  -0.002229 -0.998953 -0.045705  0.760713 0.997606 0
jonklercart
0  1.485872 -0.408301 2.858409  0.018965 -0.999183 -0.035681  0.996978 0.845655 0
0  1.451302 -0.408301 3.043804  0.033017 -0.997896 -0.055800  0.992736 0.871221 0
0  0.439649 -0.408300 3.960318  -0.005249 -0.998956 -0.045389  0.868604 0.997606 0
jonklercart
0  1.451302 -0.408301 3.043804  0.033017 -0.997896 -0.055800  0.992736 0.871221 0
0  1.392913 -0.408301 3.225294  0.042481 -0.997163 -0.062136  0.985572 0.896248 0
0  0.439649 -0.408300 3.960318  -0.005249 -0.998956 -0.045389  0.868604 0.997606 0
jonklercart
0  1.392913 -0.408301 3.225294  0.042481 -0.997163 -0.062136  0.985572 0.896248 0
0  1.310645 -0.408300 3.398141  0.045045 -0.997094 -0.061441  0.975477 0.920083 0
0  0.439649 -0.408300 3.960318  -0.005249 -0.998956 -0.045389  0.868604 0.997606 0
jonklercart
0  1.310645 -0.408300 3.398141  0.045045 -0.997094 -0.061441  0.975477 0.920083 0
0  1.205553 -0.408301 3.556563  0.042341 -0.997402 -0.058282  0.962582 0.941929 0
0  0.439649 -0.408300 3.960318  -0.005249 -0.998956 -0.045389  0.868604 0.997606 0
jonklercart
0  1.205553 -0.408301 3.556563  0.042341 -0.997402 -0.058282  0.962582 0.941929 0
0  1.079855 -0.408301 3.694785  0.036345 -0.997836 -0.054788  0.947159 0.960990 0
0  0.439649 -0.408300 3.960318  -0.005249 -0.998956 -0.045389  0.868604 0.997606 0
jonklercart
0  1.079855 -0.408301 3.694785  0.036345 -0.997836 -0.054788  0.947159 0.960990 0
0  0.936704 -0.408301 3.807728  0.028442 -0.998256 -0.051731  0.929594 0.976564 0
0  0.439649 -0.408300 3.960318  -0.005249 -0.998956 -0.045389  0.868604 0.997606 0
jonklercart
0  0.936704 -0.408301 3.807728  0.028442 -0.998256 -0.051731  0.929594 0.976564 0
0  0.779939 -0.408300 3.891330  0.019393 -0.998590 -0.049424  0.910359 0.988093 0
0  0.439649 -0.408300 3.960318  -0.005249 -0.998956 -0.045389  0.868604 0.997606 0
jonklercart
0  0.779939 -0.408300 3.891330  0.019393 -0.998590 -0.049424  0.910359 0.988093 0
0  0.613862 -0.408300 3.942666  0.009839 -0.998800 -0.047985  0.889981 0.995172 0
0  0.439649 -0.408300 3.960318  -0.005249 -0.998956 -0.045389  0.868604 0.997606 0
jonklercart
0  0.439649 -0.408300 3.960318  -0.005249 -0.998956 -0.045389  0.868604 0.997606 0
0  -0.439649 -0.408300 3.960318  -0.002229 -0.998953 -0.045705  0.760713 0.997606 0
0  1.498065 -0.408301 2.658933  0.015053 -0.999844 -0.009280  0.998474 0.818148 0
jonklercart
0  -0.439649 -0.408300 3.960318  -0.002229 -0.998953 -0.045705  0.760713 0.997606 0
0  -0.613862 -0.408300 3.942666  0.002675 -0.998910 -0.046600  0.739337 0.995172 0
0  -0.779939 -0.408300 3.891330  0.010410 -0.999061 -0.042052  0.718959 0.988093 0
jonklercart
0  -0.779939 -0.408300 3.891330  0.010410 -0.999061 -0.042052  0.718959 0.988093 0
0  -0.936704 -0.408301 3.807728  0.015464 -0.999284 -0.034529  0.699724 0.976564 0
0  -0.439649 -0.408300 3.960318  -0.002229 -0.998953 -0.045705  0.760713 0.997606 0
jonklercart
0  -0.936704 -0.408301 3.807728  0.015464 -0.999284 -0.034529  0.699724 0.976564 0
0  -1.079855 -0.408301 3.694785  0.016880 -0.999538 -0.025296  0.682159 0.960990 0
0  -0.439649 -0.408300 3.960318  -0.002229 -0.998953 -0.045705  0.760713 0.997606 0
jonklercart
0  -1.079855 -0.408301 3.694785  0.016880 -0.999538 -0.025296  0.682159 0.960990 0
0  -1.205553 -0.408301 3.556563  0.014688 -0.999766 -0.015855  0.666735 0.941929 0
0  -0.439649 -0.408300 3.960318  -0.002229 -0.998953 -0.045705  0.760713 0.997606 0
jonklercart
0  -1.205553 -0.408301 3.556563  0.014688 -0.999766 -0.015855  0.666735 0.941929 0
0  -1.310645 -0.408300 3.398141  0.009491 -0.999928 -0.007353  0.653840 0.920083 0
0  -0.439649 -0.408300 3.960318  -0.002229 -0.998953 -0.045705  0.760713 0.997606 0
jonklercart
0  -1.310645 -0.408300 3.398141  0.009491 -0.999928 -0.007353  0.653840 0.920083 0
0  -1.392913 -0.408301 3.225294  0.002618 -0.999996 -0.000713  0.643746 0.896248 0
0  -0.439649 -0.408300 3.960318  -0.002229 -0.998953 -0.045705  0.760713 0.997606 0
jonklercart
0  -1.392913 -0.408301 3.225294  0.002618 -0.999996 -0.000713  0.643746 0.896248 0
0  -1.451302 -0.408301 3.043804  -0.004198 -0.999984 0.003747  0.636582 0.871221 0
0  -0.439649 -0.408300 3.960318  -0.002229 -0.998953 -0.045705  0.760713 0.997606 0
jonklercart
0  -1.451302 -0.408301 3.043804  -0.004198 -0.999984 0.003747  0.636582 0.871221 0
0  -1.485872 -0.408301 2.858409  -0.009177 -0.999939 0.006139  0.632340 0.845655 0
0  -0.439649 -0.408300 3.960318  -0.002229 -0.998953 -0.045705  0.760713 0.997606 0
jonklercart
0  -0.439920 0.408301 3.978577  -0.001117 0.999995 -0.002766  0.412740 0.266484 0
0  -0.614950 0.408301 3.960841  -0.012987 0.999916 -0.000083  0.409662 0.242743 0
0  -0.621264 0.391158 4.066340  -0.072221 0.934868 0.347571  0.417587 0.241135 0
jonklercart
0  -0.441490 0.391158 4.084557  -0.008973 0.937841 0.346950  0.421082 0.265879 0
0  -0.621264 0.391158 4.066340  -0.072221 0.934868 0.347571  0.417587 0.241135 0
0  -0.625885 0.344320 4.143571  -0.150888 0.650436 0.744423  0.425607 0.239395 0
jonklercart
0  -0.442638 0.344320 4.162139  -0.022201 0.658150 0.752560  0.429596 0.265188 0
0  -0.625885 0.344320 4.143571  -0.150888 0.650436 0.744423  0.425607 0.239395 0
0  -0.627577 0.280340 4.171839  -0.196502 0.097666 0.975627  0.433809 0.237493 0
jonklercart
0  -0.614950 0.408301 3.960841  -0.012987 0.999916 -0.000083  0.409662 0.242743 0
0  -0.782130 0.408301 3.909166  -0.025939 0.999663 -0.000921  0.403847 0.220943 0
0  -0.794841 0.391158 4.012687  -0.144045 0.930055 0.338007  0.411266 0.218419 0
jonklercart
0  -0.621264 0.391158 4.066340  -0.072221 0.934868 0.347571  0.417587 0.241135 0
0  -0.794841 0.391158 4.012687  -0.144045 0.930055 0.338007  0.411266 0.218419 0
0  -0.804146 0.344320 4.088470  -0.295468 0.638266 0.710855  0.418738 0.215770 0
jonklercart
0  -0.625885 0.344320 4.143571  -0.150888 0.650436 0.744423  0.425607 0.239395 0
0  -0.804146 0.344320 4.088470  -0.295468 0.638266 0.710855  0.418738 0.215770 0
0  -0.807552 0.280340 4.116209  -0.380322 0.091217 0.920345  0.426347 0.212967 0
jonklercart
0  -0.782130 0.408301 3.909166  -0.025939 0.999663 -0.000921  0.403847 0.220943 0
0  -0.940023 0.408301 3.824961  -0.010443 0.999916 0.007715  0.395907 0.201232 0
0  -0.959287 0.391158 3.924988  -0.214452 0.922436 0.321126  0.402753 0.197922 0
jonklercart
0  -0.794841 0.391158 4.012687  -0.144045 0.930055 0.338007  0.411266 0.218419 0
0  -0.959287 0.391158 3.924988  -0.214452 0.922436 0.321126  0.402753 0.197922 0
0  -0.973389 0.344320 3.998213  -0.428235 0.619635 0.657774  0.409623 0.194493 0
jonklercart
0  -0.804146 0.344320 4.088470  -0.295468 0.638266 0.710855  0.418738 0.215770 0
0  -0.973389 0.344320 3.998213  -0.428235 0.619635 0.657774  0.409623 0.194493 0
0  -0.978551 0.280340 4.025014  -0.542074 0.081416 0.836378  0.416608 0.190908 0
jonklercart
0  -0.940023 0.408301 3.824961  -0.010443 0.999916 0.007715  0.395907 0.201232 0
0  -1.084337 0.408301 3.711101  -0.016828 0.999784 0.012165  0.386358 0.183957 0
0  -1.110351 0.391158 3.805801  -0.282794 0.911980 0.297186  0.392568 0.179942 0
jonklercart
0  -0.959287 0.391158 3.924988  -0.214452 0.922436 0.321126  0.402753 0.197922 0
0  -1.110351 0.391158 3.805801  -0.282794 0.911980 0.297186  0.392568 0.179942 0
0  -1.129394 0.344320 3.875127  -0.546021 0.595611 0.589159  0.398776 0.175818 0
jonklercart
0  -0.973389 0.344320 3.998213  -0.428235 0.619635 0.657774  0.409623 0.194493 0
0  -1.129394 0.344320 3.875127  -0.546021 0.595611 0.589159  0.398776 0.175818 0
0  -1.136365 0.280339 3.900502  -0.675945 0.069525 0.733665  0.405080 0.171530 0
jonklercart
0  -1.084337 0.408301 3.711101  -0.016828 0.999784 0.012165  0.386358 0.183957 0
0  -1.211228 0.408301 3.571567  -0.025974 0.999532 0.016140  0.375685 0.169318 0
0  -1.244168 0.391158 3.658652  -0.347876 0.899058 0.265851  0.381191 0.164664 0
jonklercart
0  -1.110351 0.391158 3.805801  -0.282794 0.911980 0.297186  0.392568 0.179942 0
0  -1.244168 0.391158 3.658652  -0.347876 0.899058 0.265851  0.381191 0.164664 0
0  -1.268281 0.344320 3.722403  -0.647095 0.568046 0.508520  0.386672 0.159917 0
jonklercart
0  -1.129394 0.344320 3.875127  -0.546021 0.595611 0.589159  0.398776 0.175818 0
0  -1.268281 0.344320 3.722403  -0.647095 0.568046 0.508520  0.386672 0.159917 0
0  -1.277107 0.280339 3.745738  -0.783657 0.056790 0.618592  0.392231 0.155000 0
jonklercart
0  -1.211228 0.408301 3.571567  -0.025974 0.999532 0.016140  0.375685 0.169318 0
0  -1.317518 0.408301 3.411339  -0.037343 0.999130 0.018594  0.364321 0.157384 0
0  -1.357415 0.391158 3.487935  -0.407939 0.884396 0.226781  0.369051 0.152144 0
jonklercart
0  -1.244168 0.391158 3.658652  -0.347876 0.899058 0.265851  0.381191 0.164664 0
0  -1.357415 0.391158 3.487935  -0.407939 0.884396 0.226781  0.369051 0.152144 0
0  -1.386622 0.344320 3.544008  -0.730966 0.538929 0.418623  0.373738 0.146836 0
jonklercart
0  -1.268281 0.344320 3.722403  -0.647095 0.568046 0.508520  0.386672 0.159917 0
0  -1.386622 0.344320 3.544008  -0.730966 0.538929 0.418623  0.373738 0.146836 0
0  -1.397313 0.280339 3.564532  -0.866286 0.044372 0.497574  0.378489 0.141357 0
jonklercart
0  -1.317518 0.408301 3.411339  -0.037343 0.999130 0.018594  0.364321 0.157384 0
0  -1.400932 0.408301 3.236084  -0.049877 0.998579 0.018764  0.352598 0.148110 0
0  -1.447477 0.391158 3.298716  -0.460363 0.869331 0.179805  0.356466 0.142319 0
jonklercart
0  -1.357415 0.391158 3.487935  -0.407939 0.884396 0.226781  0.369051 0.152144 0
0  -1.447477 0.391158 3.298716  -0.460363 0.869331 0.179805  0.356466 0.142319 0
0  -1.481550 0.344320 3.344564  -0.797276 0.510901 0.321451  0.360291 0.136497 0
jonklercart
0  -1.386622 0.344320 3.544008  -0.730966 0.538929 0.418623  0.373738 0.146836 0
0  -1.481550 0.344320 3.344564  -0.797276 0.510901 0.321451  0.360291 0.136497 0
0  -1.494021 0.280339 3.361346  -0.926800 0.033372 0.374069  0.364177 0.130509 0
jonklercart
0  -1.400932 0.408301 3.236084  -0.049877 0.998579 0.018764  0.352598 0.148110 0
0  -1.460308 0.408301 3.051528  -0.061584 0.997972 0.016109  0.340701 0.141372 0
0  -1.512580 0.391158 3.096356  -0.501873 0.855814 0.125321  0.343598 0.135048 0
jonklercart
0  -1.447477 0.391158 3.298716  -0.460363 0.869331 0.179805  0.356466 0.142319 0
0  -1.512580 0.391158 3.096356  -0.501873 0.855814 0.125321  0.343598 0.135048 0
0  -1.550845 0.344320 3.129172  -0.845657 0.487018 0.218354  0.346482 0.128734 0
jonklercart
0  -1.481550 0.344320 3.344564  -0.797276 0.510901 0.321451  0.360291 0.136497 0
0  -1.550845 0.344320 3.129172  -0.845657 0.487018 0.218354  0.346482 0.128734 0
0  -1.564852 0.280339 3.141184  -0.968005 0.024695 0.249715  0.349448 0.122272 0
jonklercart
0  -1.460308 0.408301 3.051528  -0.061584 0.997972 0.016109  0.340701 0.141372 0
0  -1.495563 0.408301 2.862459  -0.066885 0.997706 0.010460  0.328631 0.137050 0
0  -1.551811 0.391158 2.885963  -0.527557 0.847118 0.063836  0.330388 0.130180 0
jonklercart
0  -1.512580 0.391158 3.096356  -0.501873 0.855814 0.125321  0.343598 0.135048 0
0  -1.551811 0.391158 2.885963  -0.527557 0.847118 0.063836  0.330388 0.130180 0
0  -1.592988 0.344320 2.903169  -0.875052 0.471336 0.110119  0.332233 0.123348 0
jonklercart
0  -1.550845 0.344320 3.129172  -0.845657 0.487018 0.218354  0.346482 0.128734 0
0  -1.592988 0.344320 2.903169  -0.875052 0.471336 0.110119  0.332233 0.123348 0
0  -1.608060 0.280339 2.909467  -0.992142 0.019246 0.123628  0.334231 0.116441 0
jonklercart
0  -1.495563 0.408301 2.862459  -0.066885 0.997706 0.010460  0.328631 0.137050 0
0  -1.507941 0.408301 2.659961  -0.060619 0.998139 -0.006682  0.315556 0.135110 0
0  -1.565261 0.391158 2.665931  -0.533867 0.845564 -0.002663  0.316217 0.127891 0
jonklercart
0  -1.551811 0.391158 2.885963  -0.527557 0.847118 0.063836  0.330388 0.130180 0
0  -1.565261 0.391158 2.665931  -0.533867 0.845564 -0.002663  0.316217 0.127891 0
0  -1.607223 0.344320 2.670300  -0.884558 0.466408 -0.004593  0.316985 0.120539 0
jonklercart
0  -1.592988 0.344320 2.903169  -0.875052 0.471336 0.110119  0.332233 0.123348 0
0  -1.607223 0.344320 2.670300  -0.884558 0.466408 -0.004593  0.316985 0.120539 0
0  -1.622581 0.280339 2.671900  -0.999848 0.016482 -0.005654  0.317903 0.112905 0
jonklercart
0  -0.614950 0.408301 0.242081  -0.012986 0.999916 0.000089  0.148305 0.238897 0
0  -0.439920 0.408301 0.224346  0.002845 0.999993 0.002539  0.145001 0.262598 0
0  -0.441490 0.391157 0.118366  -0.008809 0.937657 -0.347452  0.136633 0.261919 0
jonklercart
0  -0.621264 0.391157 0.136582  -0.072615 0.934879 -0.347460  0.140401 0.237208 0
0  -0.441490 0.391157 0.118366  -0.008809 0.937657 -0.347452  0.136633 0.261919 0
0  -0.442638 0.344320 0.040784  -0.022154 0.657534 -0.753099  0.128085 0.261134 0
jonklercart
0  -0.625885 0.344320 0.059352  -0.151143 0.650363 -0.744435  0.132404 0.235380 0
0  -0.442638 0.344320 0.040784  -0.022154 0.657534 -0.753099  0.128085 0.261134 0
0  -0.443059 0.280339 0.012387  -0.031572 0.101412 -0.994343  0.119285 0.260241 0
jonklercart
0  -0.782130 0.408301 0.293757  -0.000866 0.999980 -0.006254  0.154335 0.217189 0
0  -0.614950 0.408301 0.242081  -0.012986 0.999916 0.000089  0.148305 0.238897 0
0  -0.621264 0.391157 0.136582  -0.072615 0.934879 -0.347460  0.140401 0.237208 0
jonklercart
0  -0.794841 0.391157 0.190236  -0.144842 0.930066 -0.337636  0.146959 0.214595 0
0  -0.621264 0.391157 0.136582  -0.072615 0.934879 -0.347460  0.140401 0.237208 0
0  -0.625885 0.344320 0.059352  -0.151143 0.650363 -0.744435  0.132404 0.235380 0
jonklercart
0  -0.804146 0.344320 0.114452  -0.295896 0.638352 -0.710600  0.139534 0.211872 0
0  -0.625885 0.344320 0.059352  -0.151143 0.650363 -0.744435  0.132404 0.235380 0
0  -0.627577 0.280339 0.031084  -0.194822 0.097600 -0.975971  0.124235 0.233379 0
jonklercart
0  -0.940023 0.408301 0.377961  -0.038618 0.999249 0.003249  0.162437 0.197612 0
0  -0.782130 0.408301 0.293757  -0.000866 0.999980 -0.006254  0.154335 0.217189 0
0  -0.794841 0.391157 0.190236  -0.144842 0.930066 -0.337636  0.146959 0.214595 0
jonklercart
0  -0.959287 0.391157 0.277935  -0.215602 0.922433 -0.320365  0.155654 0.194251 0
0  -0.794841 0.391157 0.190236  -0.144842 0.930066 -0.337636  0.146959 0.214595 0
0  -0.804146 0.344320 0.114452  -0.295896 0.638352 -0.710600  0.139534 0.211872 0
jonklercart
0  -0.973389 0.344320 0.204710  -0.428785 0.619847 -0.657216  0.148851 0.190764 0
0  -0.804146 0.344320 0.114452  -0.295896 0.638352 -0.710600  0.139534 0.211872 0
0  -0.807552 0.280339 0.086714  -0.378602 0.091171 -0.921058  0.131976 0.208991 0
jonklercart
0  -1.084337 0.408301 0.491822  -0.050798 0.998688 0.006523  0.172084 0.180529 0
0  -0.940023 0.408301 0.377961  -0.038618 0.999249 0.003249  0.162437 0.197612 0
0  -0.959287 0.391157 0.277935  -0.215602 0.922433 -0.320365  0.155654 0.194251 0
jonklercart
0  -1.110351 0.391157 0.397121  -0.284155 0.911955 -0.295962  0.165963 0.176484 0
0  -0.959287 0.391157 0.277935  -0.215602 0.922433 -0.320365  0.155654 0.194251 0
0  -0.973389 0.344320 0.204710  -0.428785 0.619847 -0.657216  0.148851 0.190764 0
jonklercart
0  -1.129394 0.344320 0.327796  -0.546594 0.595952 -0.588283  0.159846 0.172320 0
0  -0.973389 0.344320 0.204710  -0.428785 0.619847 -0.657216  0.148851 0.190764 0
0  -0.978551 0.280339 0.177908  -0.540411 0.081432 -0.837451  0.141938 0.187115 0
jonklercart
0  -1.211228 0.408301 0.631356  -0.062045 0.998019 0.010438  0.182794 0.166144 0
0  -1.084337 0.408301 0.491822  -0.050798 0.998688 0.006523  0.172084 0.180529 0
0  -1.110351 0.391157 0.397121  -0.284155 0.911955 -0.295962  0.165963 0.176484 0
jonklercart
0  -1.244168 0.391157 0.544270  -0.349241 0.899037 -0.264128  0.177404 0.161480 0
0  -1.110351 0.391157 0.397121  -0.284155 0.911955 -0.295962  0.165963 0.176484 0
0  -1.129394 0.344320 0.327796  -0.546594 0.595952 -0.588283  0.159846 0.172320 0
jonklercart
0  -1.268281 0.344320 0.480520  -0.647617 0.568522 -0.507321  0.172041 0.156712 0
0  -1.129394 0.344320 0.327796  -0.546594 0.595952 -0.588283  0.159846 0.172320 0
0  -1.136365 0.280339 0.302420  -0.675572 0.069526 -0.734009  0.153640 0.167985 0
jonklercart
0  -1.317518 0.408301 0.791584  -0.071419 0.997337 0.014773  0.194147 0.154519 0
0  -1.211228 0.408301 0.631356  -0.062045 0.998019 0.010438  0.182794 0.166144 0
0  -1.244168 0.391157 0.544270  -0.349241 0.899037 -0.264128  0.177404 0.161480 0
jonklercart
0  -1.357415 0.391157 0.714988  -0.409034 0.884433 -0.224653  0.189559 0.149284 0
0  -1.244168 0.391157 0.544270  -0.349241 0.899037 -0.264128  0.177404 0.161480 0
0  -1.268281 0.344320 0.480520  -0.647617 0.568522 -0.507321  0.172041 0.156712 0
jonklercart
0  -1.386622 0.344320 0.658915  -0.731290 0.539564 -0.417236  0.185013 0.143972 0
0  -1.268281 0.344320 0.480520  -0.647617 0.568522 -0.507321  0.172041 0.156712 0
0  -1.277107 0.280339 0.457185  -0.783541 0.056777 -0.618741  0.166605 0.151765 0
jonklercart
0  -1.400932 0.408301 0.966838  -0.077567 0.996817 0.018410  0.205822 0.145590 0
0  -1.317518 0.408301 0.791584  -0.071419 0.997337 0.014773  0.194147 0.154519 0
0  -1.357415 0.391157 0.714988  -0.409034 0.884433 -0.224653  0.189559 0.149284 0
jonklercart
0  -1.447477 0.391157 0.904207  -0.461022 0.869440 -0.177572  0.202120 0.139817 0
0  -1.357415 0.391157 0.714988  -0.409034 0.884433 -0.224653  0.189559 0.149284 0
0  -1.386622 0.344320 0.658915  -0.731290 0.539564 -0.417236  0.185013 0.143972 0
jonklercart
0  -1.481550 0.344320 0.858358  -0.797404 0.511559 -0.320084  0.198456 0.134003 0
0  -1.386622 0.344320 0.658915  -0.731290 0.539564 -0.417236  0.185013 0.143972 0
0  -1.397313 0.280339 0.638391  -0.866336 0.044389 -0.497486  0.180404 0.138481 0
jonklercart
0  -1.460308 0.408301 1.151395  -0.078951 0.996694 0.019176  0.217645 0.139223 0
0  -1.400932 0.408301 0.966838  -0.077567 0.996817 0.018410  0.205822 0.145590 0
0  -1.447477 0.391157 0.904207  -0.461022 0.869440 -0.177572  0.202120 0.139817 0
jonklercart
0  -1.512580 0.391157 1.106567  -0.502065 0.855979 -0.123413  0.214941 0.132929 0
0  -1.447477 0.391157 0.904207  -0.461022 0.869440 -0.177572  0.202120 0.139817 0
0  -1.481550 0.344320 0.858358  -0.797404 0.511559 -0.320084  0.198456 0.134003 0
jonklercart
0  -1.550845 0.344320 1.073750  -0.845633 0.487537 -0.217287  0.212239 0.126630 0
0  -1.481550 0.344320 0.858358  -0.797404 0.511559 -0.320084  0.198456 0.134003 0
0  -1.494021 0.280339 0.841577  -0.926936 0.033422 -0.373727  0.194728 0.128015 0
jonklercart
0  -1.495563 0.408301 1.340464  -0.067801 0.997695 -0.002874  0.229614 0.135297 0
0  -1.460308 0.408301 1.151395  -0.078951 0.996694 0.019176  0.217645 0.139223 0
0  -1.512580 0.391157 1.106567  -0.502065 0.855979 -0.123413  0.214941 0.132929 0
jonklercart
0  -1.551811 0.391157 1.316960  -0.527780 0.847099 -0.062227  0.228083 0.128475 0
0  -1.512580 0.391157 1.106567  -0.502065 0.855979 -0.123413  0.214941 0.132929 0
0  -1.550845 0.344320 1.073750  -0.845633 0.487537 -0.217287  0.212239 0.126630 0
jonklercart
0  -1.592988 0.344320 1.299754  -0.875013 0.471576 -0.109397  0.226452 0.121669 0
0  -1.550845 0.344320 1.073750  -0.845633 0.487537 -0.217287  0.212239 0.126630 0
0  -1.564852 0.280339 1.061738  -0.968150 0.024736 -0.249147  0.209449 0.120171 0
jonklercart
0  -1.507941 0.408301 1.542962  -0.060212 0.998183 0.002453  0.242552 0.133836 0
0  -1.495563 0.408301 1.340464  -0.067801 0.997695 -0.002874  0.229614 0.135297 0
0  -1.551811 0.391157 1.316960  -0.527780 0.847099 -0.062227  0.228083 0.128475 0
jonklercart
0  -1.565261 0.391157 1.536992  -0.535419 0.844581 0.003078  0.242160 0.126659 0
0  -1.551811 0.391157 1.316960  -0.527780 0.847099 -0.062227  0.228083 0.128475 0
0  -1.592988 0.344320 1.299754  -0.875013 0.471576 -0.109397  0.226452 0.121669 0
jonklercart
0  -1.607223 0.344320 1.532622  -0.885511 0.464594 0.004769  0.241647 0.119347 0
0  -1.592988 0.344320 1.299754  -0.875013 0.471576 -0.109397  0.226452 0.121669 0
0  -1.608060 0.280339 1.293456  -0.992064 0.019249 -0.124250  0.224666 0.114765 0
jonklercart
0  1.495563 0.408301 1.340464  0.072921 0.997230 0.014680  0.227404 0.517481 0
0  1.507941 0.408301 1.542962  0.059962 0.998199 -0.002017  0.240364 0.519345 0
0  1.565261 0.391157 1.536992  0.533867 0.845564 0.002663  0.239755 0.526539 0
jonklercart
0  1.551811 0.391157 1.316960  0.527810 0.847079 -0.062240  0.225666 0.524297 0
0  1.565261 0.391157 1.536992  0.533867 0.845564 0.002663  0.239755 0.526539 0
0  1.607223 0.344320 1.532622  0.884559 0.466407 0.004593  0.239024 0.533879 0
jonklercart
0  1.592988 0.344320 1.299754  0.875036 0.471534 -0.109397  0.223832 0.531092 0
0  1.607223 0.344320 1.532622  0.884559 0.466407 0.004593  0.239024 0.533879 0
0  1.622581 0.280339 1.531023  0.999848 0.016478 0.005645  0.238131 0.541512 0
jonklercart
0  1.460308 0.408301 1.151395  0.078959 0.996694 0.019169  0.215468 0.513176 0
0  1.495563 0.408301 1.340464  0.072921 0.997230 0.014680  0.227404 0.517481 0
0  1.551811 0.391157 1.316960  0.527810 0.847079 -0.062240  0.225666 0.524297 0
jonklercart
0  1.512580 0.391157 1.106567  0.502049 0.855989 -0.123407  0.212568 0.519438 0
0  1.551811 0.391157 1.316960  0.527810 0.847079 -0.062240  0.225666 0.524297 0
0  1.592988 0.344320 1.299754  0.875036 0.471534 -0.109397  0.223832 0.531092 0
jonklercart
0  1.550845 0.344320 1.073750  0.845627 0.487545 -0.217288  0.209679 0.525701 0
0  1.592988 0.344320 1.299754  0.875036 0.471534 -0.109397  0.223832 0.531092 0
0  1.608060 0.280339 1.293456  0.991892 0.019266 -0.125617  0.221836 0.537970 0
jonklercart
0  1.400932 0.408301 0.966838  0.049878 0.998579 -0.018765  0.203721 0.506423 0
0  1.460308 0.408301 1.151395  0.078959 0.996694 0.019169  0.215468 0.513176 0
0  1.512580 0.391157 1.106567  0.502049 0.855989 -0.123407  0.212568 0.519438 0
jonklercart
0  1.447477 0.391157 0.904207  0.461003 0.869453 -0.177559  0.199834 0.512144 0
0  1.512580 0.391157 1.106567  0.502049 0.855989 -0.123407  0.212568 0.519438 0
0  1.550845 0.344320 1.073750  0.845627 0.487545 -0.217288  0.209679 0.525701 0
jonklercart
0  1.481550 0.344320 0.858358  0.797396 0.511570 -0.320086  0.195990 0.517908 0
0  1.550845 0.344320 1.073750  0.845627 0.487545 -0.217288  0.209679 0.525701 0
0  1.564852 0.280339 1.061738  0.967877 0.024758 -0.250201  0.206703 0.532121 0
jonklercart
0  1.317518 0.408301 0.791584  0.071408 0.997337 0.014792  0.192168 0.497093 0
0  1.400932 0.408301 0.966838  0.049878 0.998579 -0.018765  0.203721 0.506423 0
0  1.447477 0.391157 0.904207  0.461003 0.869453 -0.177559  0.199834 0.512144 0
jonklercart
0  1.357415 0.391157 0.714988  0.409046 0.884424 -0.224666  0.187403 0.502261 0
0  1.447477 0.391157 0.904207  0.461003 0.869453 -0.177559  0.199834 0.512144 0
0  1.481550 0.344320 0.858358  0.797396 0.511570 -0.320086  0.195990 0.517908 0
jonklercart
0  1.386622 0.344320 0.658915  0.731310 0.539534 -0.417239  0.182683 0.507507 0
0  1.481550 0.344320 0.858358  0.797396 0.511570 -0.320086  0.195990 0.517908 0
0  1.494021 0.280339 0.841577  0.926696 0.033429 -0.374321  0.192083 0.523845 0
jonklercart
0  1.211228 0.408301 0.631356  0.062042 0.998019 0.010445  0.180983 0.485054 0
0  1.317518 0.408301 0.791584  0.071408 0.997337 0.014792  0.192168 0.497093 0
0  1.357415 0.391157 0.714988  0.409046 0.884424 -0.224666  0.187403 0.502261 0
jonklercart
0  1.244168 0.391157 0.544270  0.349250 0.899029 -0.264141  0.175427 0.489640 0
0  1.357415 0.391157 0.714988  0.409046 0.884424 -0.224666  0.187403 0.502261 0
0  1.386622 0.344320 0.658915  0.731310 0.539534 -0.417239  0.182683 0.507507 0
jonklercart
0  1.268281 0.344320 0.480520  0.647606 0.568538 -0.507318  0.169901 0.494326 0
0  1.386622 0.344320 0.658915  0.731310 0.539534 -0.417239  0.182683 0.507507 0
0  1.397313 0.280339 0.638391  0.866296 0.044370 -0.497557  0.177899 0.512931 0
jonklercart
0  1.084337 0.408301 0.491822  0.050807 0.998687 0.006491  0.170485 0.470274 0
0  1.211228 0.408301 0.631356  0.062042 0.998019 0.010445  0.180983 0.485054 0
0  1.244168 0.391157 0.544270  0.349250 0.899029 -0.264141  0.175427 0.489640 0
jonklercart
0  1.110351 0.391157 0.397121  0.284163 0.911947 -0.295978  0.164216 0.474229 0
0  1.244168 0.391157 0.544270  0.349250 0.899029 -0.264141  0.175427 0.489640 0
0  1.268281 0.344320 0.480520  0.647606 0.568538 -0.507318  0.169901 0.494326 0
jonklercart
0  1.129394 0.344320 0.327796  0.546585 0.595966 -0.588277  0.157953 0.478297 0
0  1.268281 0.344320 0.480520  0.647606 0.568538 -0.507318  0.169901 0.494326 0
0  1.277107 0.280339 0.457185  0.783865 0.056786 -0.618329  0.164299 0.499188 0
jonklercart
0  0.940023 0.408301 0.377961  0.038617 0.999249 0.003254  0.161084 0.452831 0
0  1.084337 0.408301 0.491822  0.050807 0.998687 0.006491  0.170485 0.470274 0
0  1.110351 0.391157 0.397121  0.284163 0.911947 -0.295978  0.164216 0.474229 0
jonklercart
0  0.959287 0.391157 0.277935  0.215610 0.922423 -0.320388  0.154177 0.456093 0
0  1.110351 0.391157 0.397121  0.284163 0.911947 -0.295978  0.164216 0.474229 0
0  1.129394 0.344320 0.327796  0.546585 0.595966 -0.588277  0.157953 0.478297 0
jonklercart
0  0.973389 0.344320 0.204710  0.428821 0.619776 -0.657260  0.147252 0.459475 0
0  1.129394 0.344320 0.327796  0.546585 0.595966 -0.588277  0.157953 0.478297 0
0  1.136365 0.280339 0.302420  0.676433 0.069517 -0.733216  0.151599 0.482532 0
jonklercart
0  0.782130 0.408301 0.293757  0.025939 0.999663 0.000921  0.153263 0.432951 0
0  0.940023 0.408301 0.377961  0.038617 0.999249 0.003254  0.161084 0.452831 0
0  0.959287 0.391157 0.277935  0.215610 0.922423 -0.320388  0.154177 0.456093 0
jonklercart
0  0.794841 0.391157 0.190236  0.144869 0.930017 -0.337760  0.145786 0.435437 0
0  0.959287 0.391157 0.277935  0.215610 0.922423 -0.320388  0.154177 0.456093 0
0  0.973389 0.344320 0.204710  0.428821 0.619776 -0.657260  0.147252 0.459475 0
jonklercart
0  0.804146 0.344320 0.114452  0.295908 0.638319 -0.710625  0.138261 0.438049 0
0  0.973389 0.344320 0.204710  0.428821 0.619776 -0.657260  0.147252 0.459475 0
0  0.978551 0.280339 0.177908  0.541936 0.081417 -0.836467  0.140215 0.463014 0
jonklercart
0  0.614950 0.408301 0.242081  0.004782 0.999988 -0.000810  0.147541 0.410988 0
0  0.782130 0.408301 0.293757  0.025939 0.999663 0.000921  0.153263 0.432951 0
0  0.794841 0.391157 0.190236  0.144869 0.930017 -0.337760  0.145786 0.435437 0
jonklercart
0  0.621264 0.391157 0.136582  0.072614 0.934882 -0.347451  0.139561 0.412568 0
0  0.794841 0.391157 0.190236  0.144869 0.930017 -0.337760  0.145786 0.435437 0
0  0.804146 0.344320 0.114452  0.295908 0.638319 -0.710625  0.138261 0.438049 0
jonklercart
0  0.625885 0.344320 0.059352  0.151126 0.650449 -0.744363  0.131491 0.414280 0
0  0.804146 0.344320 0.114452  0.295908 0.638319 -0.710625  0.138261 0.438049 0
0  0.807552 0.280339 0.086714  0.380795 0.091217 -0.920149  0.130603 0.440814 0
jonklercart
0  0.439920 0.408301 0.224346  0.003018 0.999991 0.002813  0.144534 0.387072 0
0  0.614950 0.408301 0.242081  0.004782 0.999988 -0.000810  0.147541 0.410988 0
0  0.621264 0.391157 0.136582  0.072614 0.934882 -0.347451  0.139561 0.412568 0
jonklercart
0  0.441490 0.391157 0.118366  0.008973 0.937840 -0.346951  0.136132 0.387665 0
0  0.621264 0.391157 0.136582  0.072614 0.934882 -0.347451  0.139561 0.412568 0
0  0.625885 0.344320 0.059352  0.151126 0.650449 -0.744363  0.131491 0.414280 0
jonklercart
0  0.442638 0.344320 0.040784  0.022200 0.658153 -0.752556  0.127564 0.388346 0
0  0.625885 0.344320 0.059352  0.151126 0.650449 -0.744363  0.131491 0.414280 0
0  0.627577 0.280339 0.031084  0.197537 0.097619 -0.975423  0.123243 0.416155 0
jonklercart
0  0.614950 0.408301 3.960841  -0.002541 0.999994 0.002294  0.408453 0.413762 0
0  0.439920 0.408301 3.978577  -0.002845 0.999993 -0.002541  0.411869 0.390042 0
0  0.441490 0.391158 4.084557  0.008809 0.937657 0.347451  0.420219 0.390761 0
jonklercart
0  0.621264 0.391158 4.066340  0.072615 0.934879 0.347461  0.416371 0.415481 0
0  0.441490 0.391158 4.084557  0.008809 0.937657 0.347451  0.420219 0.390761 0
0  0.442638 0.344320 4.162139  0.022156 0.657530 0.753102  0.428746 0.391574 0
jonklercart
0  0.625885 0.344320 4.143571  0.151135 0.650403 0.744402  0.424379 0.417330 0
0  0.442638 0.344320 4.162139  0.022156 0.657530 0.753102  0.428746 0.391574 0
0  0.443059 0.280340 4.190535  0.031571 0.101409 0.994344  0.437522 0.392485 0
jonklercart
0  0.782130 0.408301 3.909166  0.025943 0.999663 -0.000893  0.402334 0.435543 0
0  0.614950 0.408301 3.960841  -0.002541 0.999994 0.002294  0.408453 0.413762 0
0  0.621264 0.391158 4.066340  0.072615 0.934879 0.347461  0.416371 0.415481 0
jonklercart
0  0.794841 0.391158 4.012687  0.144852 0.930048 0.337682  0.409743 0.438164 0
0  0.621264 0.391158 4.066340  0.072615 0.934879 0.347461  0.416371 0.415481 0
0  0.625885 0.344320 4.143571  0.151135 0.650403 0.744402  0.424379 0.417330 0
jonklercart
0  0.804146 0.344320 4.088470  0.295895 0.638354 0.710599  0.417200 0.440909 0
0  0.625885 0.344320 4.143571  0.151135 0.650403 0.744402  0.424379 0.417330 0
0  0.627577 0.280340 4.171839  0.194818 0.097600 0.975971  0.432560 0.419344 0
jonklercart
0  0.940023 0.408301 3.824961  0.006530 0.999926 0.010286  0.394147 0.455234 0
0  0.782130 0.408301 3.909166  0.025943 0.999663 -0.000893  0.402334 0.435543 0
0  0.794841 0.391158 4.012687  0.144852 0.930048 0.337682  0.409743 0.438164 0
jonklercart
0  0.959287 0.391158 3.924988  0.215633 0.922395 0.320454  0.400979 0.458624 0
0  0.794841 0.391158 4.012687  0.144852 0.930048 0.337682  0.409743 0.438164 0
0  0.804146 0.344320 4.088470  0.295895 0.638354 0.710599  0.417200 0.440909 0
jonklercart
0  0.973389 0.344320 3.998213  0.428807 0.619806 0.657241  0.407828 0.462132 0
0  0.804146 0.344320 4.088470  0.295895 0.638354 0.710599  0.417200 0.440909 0
0  0.807552 0.280340 4.116209  0.378600 0.091173 0.921059  0.424788 0.443805 0
jonklercart
0  1.084337 0.408301 3.711101  0.050798 0.998688 -0.006524  0.384421 0.472463 0
0  0.940023 0.408301 3.824961  0.006530 0.999926 0.010286  0.394147 0.455234 0
0  0.959287 0.391158 3.924988  0.215633 0.922395 0.320454  0.400979 0.458624 0
jonklercart
0  1.110351 0.391158 3.805801  0.284155 0.911955 0.295962  0.390603 0.476538 0
0  0.959287 0.391158 3.924988  0.215633 0.922395 0.320454  0.400979 0.458624 0
0  0.973389 0.344320 3.998213  0.428807 0.619806 0.657241  0.407828 0.462132 0
jonklercart
0  1.129394 0.344320 3.875127  0.546619 0.595909 0.588302  0.396777 0.480725 0
0  0.973389 0.344320 3.998213  0.428807 0.619806 0.657241  0.407828 0.462132 0
0  0.978551 0.280340 4.025014  0.540413 0.081432 0.837450  0.414787 0.465799 0
jonklercart
0  1.211228 0.408301 3.571567  0.062045 0.998019 -0.010439  0.373635 0.487019 0
0  1.084337 0.408301 3.711101  0.050798 0.998688 -0.006524  0.384421 0.472463 0
0  1.110351 0.391158 3.805801  0.284155 0.911955 0.295962  0.390603 0.476538 0
jonklercart
0  1.244168 0.391158 3.658652  0.349240 0.899037 0.264128  0.379095 0.491712 0
0  1.110351 0.391158 3.805801  0.284155 0.911955 0.295962  0.390603 0.476538 0
0  1.129394 0.344320 3.875127  0.546619 0.595909 0.588302  0.396777 0.480725 0
jonklercart
0  1.268281 0.344320 3.722403  0.647617 0.568521 0.507322  0.384525 0.496506 0
0  1.129394 0.344320 3.875127  0.546619 0.595909 0.588302  0.396777 0.480725 0
0  1.136365 0.280339 3.900502  0.675572 0.069526 0.734009  0.403042 0.485081 0
jonklercart
0  1.317518 0.408301 3.411339  0.071419 0.997337 -0.014773  0.362213 0.498821 0
0  1.211228 0.408301 3.571567  0.062045 0.998019 -0.010439  0.373635 0.487019 0
0  1.244168 0.391158 3.658652  0.349240 0.899037 0.264128  0.379095 0.491712 0
jonklercart
0  1.357415 0.391158 3.487935  0.409034 0.884433 0.224654  0.366875 0.504085 0
0  1.244168 0.391158 3.658652  0.349240 0.899037 0.264128  0.379095 0.491712 0
0  1.268281 0.344320 3.722403  0.647617 0.568521 0.507322  0.384525 0.496506 0
jonklercart
0  1.386622 0.344320 3.544008  0.731320 0.539522 0.417238  0.371492 0.509425 0
0  1.268281 0.344320 3.722403  0.647617 0.568521 0.507322  0.384525 0.496506 0
0  1.277107 0.280339 3.745738  0.783541 0.056775 0.618741  0.390027 0.501475 0
jonklercart
0  1.400932 0.408301 3.236084  0.077566 0.996817 -0.018411  0.350471 0.507918 0
0  1.317518 0.408301 3.411339  0.071419 0.997337 -0.014773  0.362213 0.498821 0
0  1.357415 0.391158 3.487935  0.409034 0.884433 0.224654  0.366875 0.504085 0
jonklercart
0  1.447477 0.391158 3.298716  0.461023 0.869440 0.177572  0.354247 0.513722 0
0  1.357415 0.391158 3.487935  0.409034 0.884433 0.224654  0.366875 0.504085 0
0  1.386622 0.344320 3.544008  0.731320 0.539522 0.417238  0.371492 0.509425 0
jonklercart
0  1.481550 0.344320 3.344564  0.797375 0.511601 0.320089  0.357981 0.519567 0
0  1.386622 0.344320 3.544008  0.731320 0.539522 0.417238  0.371492 0.509425 0
0  1.397313 0.280339 3.564532  0.866336 0.044390 0.497486  0.376169 0.514942 0
jonklercart
0  1.460308 0.408301 3.051528  0.078952 0.996694 -0.019176  0.338581 0.514441 0
0  1.400932 0.408301 3.236084  0.077566 0.996817 -0.018411  0.350471 0.507918 0
0  1.447477 0.391158 3.298716  0.461023 0.869440 0.177572  0.354247 0.513722 0
jonklercart
0  1.512580 0.391158 3.096356  0.502106 0.855952 0.123429  0.341357 0.520767 0
0  1.447477 0.391158 3.298716  0.461023 0.869440 0.177572  0.354247 0.513722 0
0  1.481550 0.344320 3.344564  0.797375 0.511601 0.320089  0.357981 0.519567 0
jonklercart
0  1.550845 0.344320 3.129172  0.845605 0.487580 0.217298  0.344126 0.527098 0
0  1.481550 0.344320 3.344564  0.797375 0.511601 0.320089  0.357981 0.519567 0
0  1.494021 0.280339 3.361346  0.926937 0.033423 0.373726  0.361778 0.525584 0
jonklercart
0  1.495563 0.408301 2.862459  0.067801 0.997695 0.002873  0.326545 0.518507 0
0  1.460308 0.408301 3.051528  0.078952 0.996694 -0.019176  0.338581 0.514441 0
0  1.512580 0.391158 3.096356  0.502106 0.855952 0.123429  0.341357 0.520767 0
jonklercart
0  1.551811 0.391158 2.885963  0.527780 0.847098 0.062227  0.328144 0.525362 0
0  1.512580 0.391158 3.096356  0.502106 0.855952 0.123429  0.341357 0.520767 0
0  1.550845 0.344320 3.129172  0.845605 0.487580 0.217298  0.344126 0.527098 0
jonklercart
0  1.592988 0.344320 2.903169  0.875038 0.471530 0.109397  0.329838 0.532200 0
0  1.550845 0.344320 3.129172  0.845605 0.487580 0.217298  0.344126 0.527098 0
0  1.564852 0.280339 3.141184  0.968150 0.024736 0.249147  0.346981 0.533590 0
jonklercart
0  1.507941 0.408301 2.659961  0.060638 0.998137 -0.006680  0.313545 0.520105 0
0  1.495563 0.408301 2.862459  0.067801 0.997695 0.002873  0.326545 0.518507 0
0  1.551811 0.391158 2.885963  0.527780 0.847098 0.062227  0.328144 0.525362 0
jonklercart
0  1.565261 0.391158 2.665931  0.535419 0.844581 -0.003078  0.314001 0.527306 0
0  1.551811 0.391158 2.885963  0.527780 0.847098 0.062227  0.328144 0.525362 0
0  1.592988 0.344320 2.903169  0.875038 0.471530 0.109397  0.329838 0.532200 0
jonklercart
0  1.607223 0.344320 2.670300  0.885511 0.464594 -0.004769  0.314571 0.534643 0
0  1.592988 0.344320 2.903169  0.875038 0.471530 0.109397  0.329838 0.532200 0
0  1.608060 0.280339 2.909467  0.992065 0.019199 0.124251  0.331681 0.539137 0
jonklercart
0  -1.507941 0.408301 2.659961  -0.060619 0.998139 -0.006682  0.315556 0.135110 0
0  -1.507941 0.408301 1.542962  -0.060212 0.998183 0.002453  0.242552 0.133836 0
0  -1.565261 0.391157 1.536992  -0.535419 0.844581 0.003078  0.242160 0.126659 0
jonklercart
0  -1.565261 0.391158 2.665931  -0.533867 0.845564 -0.002663  0.316217 0.127891 0
0  -1.565261 0.391157 1.536992  -0.535419 0.844581 0.003078  0.242160 0.126659 0
0  -1.607223 0.344320 1.532622  -0.885511 0.464594 0.004769  0.241647 0.119347 0
jonklercart
0  -1.607223 0.344320 2.670300  -0.884558 0.466408 -0.004593  0.316985 0.120539 0
0  -1.607223 0.344320 1.532622  -0.885511 0.464594 0.004769  0.241647 0.119347 0
0  -1.622581 0.280339 1.531023  -0.999843 0.016638 0.006050  0.241008 0.111802 0
jonklercart
0  0.439920 0.408301 3.978577  -0.002845 0.999993 -0.002541  0.411869 0.390042 0
0  -0.439920 0.408301 3.978577  -0.001117 0.999995 -0.002766  0.412740 0.266484 0
0  -0.441490 0.391158 4.084557  -0.008973 0.937841 0.346950  0.421082 0.265879 0
jonklercart
0  0.441490 0.391158 4.084557  0.008809 0.937657 0.347451  0.420219 0.390761 0
0  -0.441490 0.391158 4.084557  -0.008973 0.937841 0.346950  0.421082 0.265879 0
0  -0.442638 0.344320 4.162139  -0.022201 0.658150 0.752560  0.429596 0.265188 0
jonklercart
0  0.442638 0.344320 4.162139  0.022156 0.657530 0.753102  0.428746 0.391574 0
0  -0.442638 0.344320 4.162139  -0.022201 0.658150 0.752560  0.429596 0.265188 0
0  -0.443059 0.280340 4.190535  -0.032278 0.101310 0.994331  0.438321 0.264417 0
jonklercart
0  1.622581 0.280339 2.671900  0.999843 0.016638 -0.006050  0.315262 0.542216 0
0  1.622581 0.280339 1.531023  0.999848 0.016478 0.005645  0.238131 0.541512 0
0  1.607223 0.344320 1.532622  0.884559 0.466407 0.004593  0.239024 0.533879 0
jonklercart
0  1.607223 0.344320 2.670300  0.885511 0.464594 -0.004769  0.314571 0.534643 0
0  1.607223 0.344320 1.532622  0.884559 0.466407 0.004593  0.239024 0.533879 0
0  1.565261 0.391157 1.536992  0.533867 0.845564 0.002663  0.239755 0.526539 0
jonklercart
0  1.565261 0.391158 2.665931  0.535419 0.844581 -0.003078  0.314001 0.527306 0
0  1.565261 0.391157 1.536992  0.533867 0.845564 0.002663  0.239755 0.526539 0
0  1.507941 0.408301 1.542962  0.059962 0.998199 -0.002017  0.240364 0.519345 0
jonklercart
0  0.443059 0.280339 0.012387  0.032283 0.101313 -0.994331  0.118792 0.389109 0
0  -0.443059 0.280339 0.012387  -0.031572 0.101412 -0.994343  0.119285 0.260241 0
0  -0.442638 0.344320 0.040784  -0.022154 0.657534 -0.753099  0.128085 0.261134 0
jonklercart
0  0.442638 0.344320 0.040784  0.022200 0.658153 -0.752556  0.127564 0.388346 0
0  -0.442638 0.344320 0.040784  -0.022154 0.657534 -0.753099  0.128085 0.261134 0
0  -0.441490 0.391157 0.118366  -0.008809 0.937657 -0.347452  0.136633 0.261919 0
jonklercart
0  0.441490 0.391157 0.118366  0.008973 0.937840 -0.346951  0.136132 0.387665 0
0  -0.441490 0.391157 0.118366  -0.008809 0.937657 -0.347452  0.136633 0.261919 0
0  -0.439920 0.408301 0.224346  0.002845 0.999993 0.002539  0.145001 0.262598 0
jonklercart
0  -0.432234 0.408301 3.459578  -0.051431 0.985134 0.163909  0.374095 0.269115 0
0  -0.584031 0.408301 3.444196  -0.015073 0.986328 0.164104  0.372423 0.249190 0
0  -0.614950 0.408301 3.960841  -0.012987 0.999916 -0.000083  0.409662 0.242743 0
jonklercart
0  0.000000 0.388502 0.232490  -0.000000 0.000000 -1.000000  0.718736 0.022897 0
0  0.000000 0.434162 0.232490  -0.021153 0.998741 -0.045489  0.718312 0.029431 0
0  0.046837 0.434162 0.237103  0.009016 0.999008 -0.043614  0.711263 0.029422 0
jonklercart
0  0.046837 0.388502 0.237103  0.194604 0.000000 -0.980882  0.710906 0.022898 0
0  0.046837 0.434162 0.237103  0.009016 0.999008 -0.043614  0.711263 0.029422 0
0  0.091874 0.434162 0.250765  0.016485 0.999106 -0.038924  0.704475 0.030242 0
jonklercart
0  0.091874 0.388502 0.250765  0.381251 0.000000 -0.924471  0.703296 0.023785 0
0  0.091874 0.434162 0.250765  0.016485 0.999106 -0.038924  0.704475 0.030242 0
0  0.133381 0.434162 0.272951  0.021488 0.999256 -0.032038  0.698212 0.031822 0
jonklercart
0  0.133381 0.388502 0.272951  0.553322 0.000000 -0.832967  0.696131 0.025551 0
0  0.133381 0.434162 0.272951  0.021488 0.999256 -0.032038  0.698212 0.031822 0
0  0.169762 0.434162 0.302808  0.023937 0.999438 -0.023459  0.692770 0.034069 0
jonklercart
0  0.169762 0.388502 0.302808  0.703992 0.000000 -0.710208  0.689671 0.028189 0
0  0.169762 0.434162 0.302808  0.023937 0.999438 -0.023459  0.692770 0.034069 0
0  0.199619 0.434162 0.339189  0.022949 0.999628 -0.014762  0.688373 0.036804 0
jonklercart
0  0.199619 0.388502 0.339189  0.827843 0.000000 -0.560959  0.684197 0.031645 0
0  0.199619 0.434162 0.339189  0.022949 0.999628 -0.014762  0.688373 0.036804 0
0  0.221804 0.434162 0.380695  0.019162 0.999788 -0.007567  0.685157 0.039795 0
jonklercart
0  0.221804 0.388502 0.380695  0.920731 -0.000000 -0.390197  0.679982 0.035776 0
0  0.221804 0.434162 0.380695  0.019162 0.999788 -0.007567  0.685157 0.039795 0
0  0.235466 0.434162 0.425732  0.014876 0.999885 -0.002890  0.683161 0.042858 0
jonklercart
0  0.235466 0.388502 0.425732  0.979477 -0.000000 -0.201556  0.677206 0.040370 0
0  0.235466 0.434162 0.425732  0.014876 0.999885 -0.002890  0.683161 0.042858 0
0  0.240079 0.434162 0.472570  0.012920 0.999916 -0.000484  0.682379 0.045969 0
jonklercart
0  0.240079 0.388502 0.472570  1.000000 -0.000000 0.000000  0.675930 0.045271 0
0  0.240079 0.434162 0.472570  0.012920 0.999916 -0.000484  0.682379 0.045969 0
0  0.235466 0.434162 0.519407  0.014832 0.999885 0.003018  0.682793 0.049167 0
jonklercart
0  0.235466 0.388502 0.519407  0.979487 -0.000004 0.201506  0.676211 0.050411 0
0  0.235466 0.434162 0.519407  0.014832 0.999885 0.003018  0.682793 0.049167 0
0  0.221804 0.434162 0.564444  0.019033 0.999787 0.007957  0.684367 0.052551 0
jonklercart
0  0.221804 0.388502 0.564444  0.920751 -0.000010 0.390151  0.678176 0.055648 0
0  0.221804 0.434162 0.564444  0.019033 0.999787 0.007957  0.684367 0.052551 0
0  0.199619 0.434162 0.605951  0.022572 0.999628 0.015325  0.687141 0.056089 0
jonklercart
0  0.199619 0.388502 0.605951  0.827843 0.000001 0.560960  0.681829 0.060645 0
0  0.199619 0.434162 0.605951  0.022572 0.999628 0.015325  0.687141 0.056089 0
0  0.169762 0.434162 0.642331  0.023555 0.999438 0.023839  0.691140 0.059538 0
jonklercart
0  0.169762 0.388502 0.642331  0.703956 0.000001 0.710243  0.686939 0.065049 0
0  0.169762 0.434162 0.642331  0.023555 0.999438 0.023839  0.691140 0.059538 0
0  0.133381 0.434162 0.672188  0.021377 0.999256 0.032112  0.696263 0.062597 0
jonklercart
0  0.133381 0.388502 0.672189  0.553324 0.000001 0.832966  0.693165 0.068651 0
0  0.133381 0.434162 0.672188  0.021377 0.999256 0.032112  0.696263 0.062597 0
0  0.091874 0.434162 0.694374  0.015635 0.999104 0.039318  0.702293 0.065029 0
jonklercart
0  0.091874 0.388502 0.694374  0.381248 0.000000 0.924473  0.700192 0.071371 0
0  0.091874 0.434162 0.694374  0.015635 0.999104 0.039318  0.702293 0.065029 0
0  0.046837 0.434162 0.708036  0.008481 0.999010 0.043664  0.708977 0.066692 0
jonklercart
0  0.046837 0.388502 0.708036  0.194744 0.000001 0.980854  0.707751 0.073176 0
0  0.046837 0.434162 0.708036  0.008481 0.999010 0.043664  0.708977 0.066692 0
0  0.000000 0.434162 0.712649  -0.000334 0.998976 0.045244  0.715994 0.067539 0
jonklercart
0  0.000000 0.388502 0.712649  -0.000000 0.000002 1.000000  0.715569 0.074073 0
0  0.000000 0.434162 0.712649  -0.000334 0.998976 0.045244  0.715994 0.067539 0
0  -0.046837 0.434162 0.708036  -0.008875 0.999010 0.043591  0.723043 0.067548 0
jonklercart
0  -0.046837 0.388502 0.708036  -0.194355 -0.000000 0.980931  0.723400 0.074073 0
0  -0.046837 0.434162 0.708036  -0.008875 0.999010 0.043591  0.723043 0.067548 0
0  -0.091874 0.434162 0.694374  -0.016376 0.999105 0.039007  0.729832 0.066727 0
jonklercart
0  -0.091874 0.388502 0.694374  -0.381293 0.000002 0.924454  0.731011 0.073185 0
0  -0.091874 0.434162 0.694374  -0.016376 0.999105 0.039007  0.729832 0.066727 0
0  -0.133381 0.434162 0.672188  -0.021489 0.999256 0.032037  0.736095 0.065146 0
jonklercart
0  -0.133381 0.388502 0.672189  -0.553240 0.000001 0.833022  0.738178 0.071419 0
0  -0.133381 0.434162 0.672188  -0.021489 0.999256 0.032037  0.736095 0.065146 0
0  -0.169762 0.434162 0.642331  -0.023841 0.999438 0.023552  0.741537 0.062897 0
jonklercart
0  -0.169762 0.388502 0.642331  -0.703955 0.000002 0.710244  0.744641 0.068779 0
0  -0.169762 0.434162 0.642331  -0.023841 0.999438 0.023552  0.741537 0.062897 0
0  -0.199619 0.434162 0.605951  -0.022723 0.999628 0.015099  0.745934 0.060159 0
jonklercart
0  -0.199619 0.388502 0.605951  -0.827870 0.000001 0.560920  0.750119 0.065317 0
0  -0.199619 0.434162 0.605951  -0.022723 0.999628 0.015099  0.745934 0.060159 0
0  -0.221804 0.434162 0.564444  -0.019087 0.999787 0.007831  0.749149 0.057168 0
jonklercart
0  -0.221804 0.388502 0.564444  -0.920731 0.000000 0.390197  0.754335 0.061175 0
0  -0.221804 0.434162 0.564444  -0.019087 0.999787 0.007831  0.749149 0.057168 0
0  -0.235466 0.434162 0.519407  -0.014859 0.999885 0.002883  0.751116 0.054068 0
jonklercart
0  -0.235466 0.388502 0.519407  -0.979487 0.000001 0.201506  0.757100 0.056563 0
0  -0.235466 0.434162 0.519407  -0.014859 0.999885 0.002883  0.751116 0.054068 0
0  -0.240079 0.434162 0.472570  -0.012920 0.999917 -0.000070  0.751935 0.050951 0
jonklercart
0  -0.240079 0.388502 0.472570  -1.000000 0.000000 0.000000  0.758381 0.051664 0
0  -0.240079 0.434162 0.472570  -0.012920 0.999917 -0.000070  0.751935 0.050951 0
0  -0.235466 0.434162 0.425732  -0.014741 0.999885 -0.003565  0.751556 0.047755 0
jonklercart
0  -0.235466 0.388502 0.425732  -0.979477 0.000000 -0.201556  0.758112 0.046524 0
0  -0.235466 0.434162 0.425732  -0.014741 0.999885 -0.003565  0.751556 0.047755 0
0  -0.221804 0.434162 0.380695  -0.018887 0.999788 -0.008194  0.749947 0.044414 0
jonklercart
0  -0.221804 0.388502 0.380695  -0.920731 -0.000000 -0.390197  0.756134 0.041292 0
0  -0.221804 0.434162 0.380695  -0.018887 0.999788 -0.008194  0.749947 0.044414 0
0  -0.199619 0.434162 0.339189  -0.022420 0.999628 -0.015553  0.747168 0.040873 0
jonklercart
0  -0.199619 0.388502 0.339189  -0.827844 0.000002 -0.560959  0.752471 0.036309 0
0  -0.199619 0.434162 0.339189  -0.022420 0.999628 -0.015553  0.747168 0.040873 0
0  -0.169762 0.434162 0.302808  -0.023363 0.999438 -0.024032  0.743166 0.037426 0
jonklercart
0  -0.169762 0.388502 0.302808  -0.703957 0.000000 -0.710243  0.747361 0.031914 0
0  -0.169762 0.434162 0.302808  -0.023363 0.999438 -0.024032  0.743166 0.037426 0
0  -0.133381 0.434162 0.272951  -0.021377 0.999256 -0.032113  0.738042 0.034370 0
jonklercart
0  -0.133381 0.388502 0.272951  -0.553198 -0.000000 -0.833050  0.741137 0.028316 0
0  -0.133381 0.434162 0.272951  -0.021377 0.999256 -0.032113  0.738042 0.034370 0
0  -0.091874 0.434162 0.250765  -0.016124 0.999105 -0.039102  0.732012 0.031940 0
jonklercart
0  0.091874 0.434162 0.250765  0.016485 0.999106 -0.038924  0.704475 0.030242 0
0  0.046837 0.434162 0.237103  0.009016 0.999008 -0.043614  0.711263 0.029422 0
0  -0.091874 0.434162 0.250765  -0.016124 0.999105 -0.039102  0.732012 0.031940 0
jonklercart
0  0.046837 0.434162 0.237103  0.009016 0.999008 -0.043614  0.711263 0.029422 0
0  0.000000 0.434162 0.232490  -0.021153 0.998741 -0.045489  0.718312 0.029431 0
0  -0.091874 0.434162 0.250765  -0.016124 0.999105 -0.039102  0.732012 0.031940 0
jonklercart
0  0.000000 0.434162 0.232490  -0.021153 0.998741 -0.045489  0.718312 0.029431 0
0  -0.046837 0.434162 0.237103  0.011390 0.998790 -0.047832  0.725328 0.030277 0
0  -0.091874 0.434162 0.250765  -0.016124 0.999105 -0.039102  0.732012 0.031940 0
jonklercart
0  -0.091874 0.434162 0.250765  -0.016124 0.999105 -0.039102  0.732012 0.031940 0
0  -0.133381 0.434162 0.272951  -0.021377 0.999256 -0.032113  0.738042 0.034370 0
0  -0.169762 0.434162 0.302808  -0.023363 0.999438 -0.024032  0.743166 0.037426 0
jonklercart
0  -0.169762 0.434162 0.302808  -0.023363 0.999438 -0.024032  0.743166 0.037426 0
0  -0.199619 0.434162 0.339189  -0.022420 0.999628 -0.015553  0.747168 0.040873 0
0  -0.091874 0.434162 0.250765  -0.016124 0.999105 -0.039102  0.732012 0.031940 0
jonklercart
0  -0.199619 0.434162 0.339189  -0.022420 0.999628 -0.015553  0.747168 0.040873 0
0  -0.221804 0.434162 0.380695  -0.018887 0.999788 -0.008194  0.749947 0.044414 0
0  -0.091874 0.434162 0.250765  -0.016124 0.999105 -0.039102  0.732012 0.031940 0
jonklercart
0  -0.221804 0.434162 0.380695  -0.018887 0.999788 -0.008194  0.749947 0.044414 0
0  -0.235466 0.434162 0.425732  -0.014741 0.999885 -0.003565  0.751556 0.047755 0
0  -0.240079 0.434162 0.472570  -0.012920 0.999917 -0.000070  0.751935 0.050951 0
jonklercart
0  -0.240079 0.434162 0.472570  -0.012920 0.999917 -0.000070  0.751935 0.050951 0
0  -0.235466 0.434162 0.519407  -0.014859 0.999885 0.002883  0.751116 0.054068 0
0  -0.221804 0.434162 0.380695  -0.018887 0.999788 -0.008194  0.749947 0.044414 0
jonklercart
0  -0.235466 0.434162 0.519407  -0.014859 0.999885 0.002883  0.751116 0.054068 0
0  -0.221804 0.434162 0.564444  -0.019087 0.999787 0.007831  0.749149 0.057168 0
0  -0.221804 0.434162 0.380695  -0.018887 0.999788 -0.008194  0.749947 0.044414 0
jonklercart
0  -0.221804 0.434162 0.564444  -0.019087 0.999787 0.007831  0.749149 0.057168 0
0  -0.199619 0.434162 0.605951  -0.022723 0.999628 0.015099  0.745934 0.060159 0
0  -0.091874 0.434162 0.694374  -0.016376 0.999105 0.039007  0.729832 0.066727 0
jonklercart
0  -0.199619 0.434162 0.605951  -0.022723 0.999628 0.015099  0.745934 0.060159 0
0  -0.169762 0.434162 0.642331  -0.023841 0.999438 0.023552  0.741537 0.062897 0
0  -0.091874 0.434162 0.694374  -0.016376 0.999105 0.039007  0.729832 0.066727 0
jonklercart
0  -0.169762 0.434162 0.642331  -0.023841 0.999438 0.023552  0.741537 0.062897 0
0  -0.133381 0.434162 0.672188  -0.021489 0.999256 0.032037  0.736095 0.065146 0
0  -0.091874 0.434162 0.694374  -0.016376 0.999105 0.039007  0.729832 0.066727 0
jonklercart
0  -0.091874 0.434162 0.694374  -0.016376 0.999105 0.039007  0.729832 0.066727 0
0  -0.046837 0.434162 0.708036  -0.008875 0.999010 0.043591  0.723043 0.067548 0
0  0.000000 0.434162 0.712649  -0.000334 0.998976 0.045244  0.715994 0.067539 0
jonklercart
0  0.000000 0.434162 0.712649  -0.000334 0.998976 0.045244  0.715994 0.067539 0
0  0.046837 0.434162 0.708036  0.008481 0.999010 0.043664  0.708977 0.066692 0
0  0.091874 0.434162 0.694374  0.015635 0.999104 0.039318  0.702293 0.065029 0
jonklercart
0  0.091874 0.434162 0.694374  0.015635 0.999104 0.039318  0.702293 0.065029 0
0  0.133381 0.434162 0.672188  0.021377 0.999256 0.032112  0.696263 0.062597 0
0  0.169762 0.434162 0.642331  0.023555 0.999438 0.023839  0.691140 0.059538 0
jonklercart
0  0.169762 0.434162 0.642331  0.023555 0.999438 0.023839  0.691140 0.059538 0
0  0.199619 0.434162 0.605951  0.022572 0.999628 0.015325  0.687141 0.056089 0
0  0.091874 0.434162 0.694374  0.015635 0.999104 0.039318  0.702293 0.065029 0
jonklercart
0  0.199619 0.434162 0.605951  0.022572 0.999628 0.015325  0.687141 0.056089 0
0  0.221804 0.434162 0.564444  0.019033 0.999787 0.007957  0.684367 0.052551 0
0  0.091874 0.434162 0.694374  0.015635 0.999104 0.039318  0.702293 0.065029 0
jonklercart
0  0.221804 0.434162 0.564444  0.019033 0.999787 0.007957  0.684367 0.052551 0
0  0.235466 0.434162 0.519407  0.014832 0.999885 0.003018  0.682793 0.049167 0
0  0.221804 0.434162 0.380695  0.019162 0.999788 -0.007567  0.685157 0.039795 0
jonklercart
0  0.235466 0.434162 0.519407  0.014832 0.999885 0.003018  0.682793 0.049167 0
0  0.240079 0.434162 0.472570  0.012920 0.999916 -0.000484  0.682379 0.045969 0
0  0.221804 0.434162 0.380695  0.019162 0.999788 -0.007567  0.685157 0.039795 0
jonklercart
0  0.240079 0.434162 0.472570  0.012920 0.999916 -0.000484  0.682379 0.045969 0
0  0.235466 0.434162 0.425732  0.014876 0.999885 -0.002890  0.683161 0.042858 0
0  0.221804 0.434162 0.380695  0.019162 0.999788 -0.007567  0.685157 0.039795 0
jonklercart
0  0.221804 0.434162 0.380695  0.019162 0.999788 -0.007567  0.685157 0.039795 0
0  0.199619 0.434162 0.339189  0.022949 0.999628 -0.014762  0.688373 0.036804 0
0  0.091874 0.434162 0.250765  0.016485 0.999106 -0.038924  0.704475 0.030242 0
jonklercart
0  0.199619 0.434162 0.339189  0.022949 0.999628 -0.014762  0.688373 0.036804 0
0  0.169762 0.434162 0.302808  0.023937 0.999438 -0.023459  0.692770 0.034069 0
0  0.091874 0.434162 0.250765  0.016485 0.999106 -0.038924  0.704475 0.030242 0
jonklercart
0  0.169762 0.434162 0.302808  0.023937 0.999438 -0.023459  0.692770 0.034069 0
0  0.133381 0.434162 0.272951  0.021488 0.999256 -0.032038  0.698212 0.031822 0
0  0.091874 0.434162 0.250765  0.016485 0.999106 -0.038924  0.704475 0.030242 0
jonklercart
0  -0.091874 0.434162 0.694374  -0.016376 0.999105 0.039007  0.729832 0.066727 0
0  0.000000 0.434162 0.712649  -0.000334 0.998976 0.045244  0.715994 0.067539 0
0  0.221804 0.434162 0.564444  0.019033 0.999787 0.007957  0.684367 0.052551 0
jonklercart
0  0.000000 0.434162 0.712649  -0.000334 0.998976 0.045244  0.715994 0.067539 0
0  0.091874 0.434162 0.694374  0.015635 0.999104 0.039318  0.702293 0.065029 0
0  0.221804 0.434162 0.564444  0.019033 0.999787 0.007957  0.684367 0.052551 0
jonklercart
0  0.091874 0.434162 0.250765  0.016485 0.999106 -0.038924  0.704475 0.030242 0
0  -0.091874 0.434162 0.250765  -0.016124 0.999105 -0.039102  0.732012 0.031940 0
0  -0.091874 0.434162 0.694374  -0.016376 0.999105 0.039007  0.729832 0.066727 0
jonklercart
0  -0.091874 0.434162 0.250765  -0.016124 0.999105 -0.039102  0.732012 0.031940 0
0  -0.221804 0.434162 0.380695  -0.018887 0.999788 -0.008194  0.749947 0.044414 0
0  -0.091874 0.434162 0.694374  -0.016376 0.999105 0.039007  0.729832 0.066727 0
jonklercart
0  -0.221804 0.434162 0.380695  -0.018887 0.999788 -0.008194  0.749947 0.044414 0
0  -0.221804 0.434162 0.564444  -0.019087 0.999787 0.007831  0.749149 0.057168 0
0  -0.091874 0.434162 0.694374  -0.016376 0.999105 0.039007  0.729832 0.066727 0
jonklercart
0  0.221804 0.434162 0.564444  0.019033 0.999787 0.007957  0.684367 0.052551 0
0  0.221804 0.434162 0.380695  0.019162 0.999788 -0.007567  0.685157 0.039795 0
0  0.091874 0.434162 0.250765  0.016485 0.999106 -0.038924  0.704475 0.030242 0
jonklercart
0  -0.091874 0.388502 0.250765  -0.381205 -0.000001 -0.924491  0.734112 0.025599 0
0  -0.091874 0.434162 0.250765  -0.016124 0.999105 -0.039102  0.732012 0.031940 0
0  -0.046837 0.434162 0.237103  0.011390 0.998790 -0.047832  0.725328 0.030277 0
jonklercart
0  -0.046837 0.388502 0.237103  -0.194506 -0.000000 -0.980901  0.726553 0.023794 0
0  -0.046837 0.434162 0.237103  0.011390 0.998790 -0.047832  0.725328 0.030277 0
0  0.000000 0.434162 0.232490  -0.021153 0.998741 -0.045489  0.718312 0.029431 0
end
