version 1
nodes
  0 "static_prop" -1
end
skeleton
  time 0
    0 0.000000 0.000000 0.000000 0.000000 0.000000 0.000000
end
triangles
bgonesoda
  0 -0.278162 0.690063 6.427792 -0.967526 0.238537 -0.083625 0.798991 0.914984 1 0 1.000000
  0 -0.189002 0.908860 6.441561 -0.925814 0.373711 0.056642 0.804646 0.962275 1 0 1.000000
  0 -0.190681 0.910649 6.402314 -0.925014 0.370728 -0.083131 0.804226 0.962561 1 0 1.000000
bgonesoda
  0 -1.385790 0.121977 0.000000 -0.720313 0.063020 -0.690780 0.559991 0.934664 1 0 1.000000
  0 -1.304240 0.602743 0.048531 -0.655318 0.305584 -0.690780 0.592246 0.904954 1 0 1.000000
  0 -1.262220 0.583149 0.000000 -0.655319 0.305581 -0.690780 0.587056 0.901992 1 0 1.000000
bgonesoda
  0 -1.262220 0.583149 0.000000 -0.655319 0.305581 -0.690780 0.587056 0.901992 1 0 1.000000
  0 -1.304240 0.602743 0.048531 -0.655318 0.305584 -0.690780 0.592246 0.904954 1 0 1.000000
  0 -1.021156 1.007030 0.048531 -0.511281 0.511286 -0.690781 0.607313 0.863080 1 0 1.000000
bgonesoda
  0 -1.262220 0.583149 0.000000 -0.655319 0.305581 -0.690780 0.587056 0.901992 1 0 1.000000
  0 -1.021156 1.007030 0.048531 -0.511281 0.511286 -0.690781 0.607313 0.863080 1 0 1.000000
  0 -0.988371 0.974245 0.000000 -0.511283 0.511284 -0.690781 0.601421 0.862055 1 0 1.000000
bgonesoda
  0 -0.988371 0.974245 0.000000 -0.511283 0.511284 -0.690781 0.601421 0.862055 1 0 1.000000
  0 -1.021156 1.007030 0.048531 -0.511281 0.511286 -0.690781 0.607313 0.863080 1 0 1.000000
  0 -0.616870 1.290114 0.048531 -0.305577 0.655322 -0.690780 0.607265 0.818526 1 0 1.000000
bgonesoda
  0 -0.988371 0.974245 0.000000 -0.511283 0.511284 -0.690781 0.601421 0.862055 1 0 1.000000
  0 -0.616870 1.290114 0.048531 -0.305577 0.655322 -0.690780 0.607265 0.818526 1 0 1.000000
  0 -0.597275 1.248093 0.000000 -0.305580 0.655320 -0.690779 0.601357 0.819565 1 0 1.000000
bgonesoda
  0 -0.597275 1.248093 0.000000 -0.305580 0.655320 -0.690779 0.601357 0.819565 1 0 1.000000
  0 -0.616870 1.290114 0.048531 -0.305577 0.655322 -0.690780 0.607265 0.818526 1 0 1.000000
  0 -0.140144 1.417852 0.048531 -0.063016 0.720316 -0.690778 0.592040 0.776455 1 0 1.000000
bgonesoda
  0 -0.597275 1.248093 0.000000 -0.305580 0.655320 -0.690779 0.601357 0.819565 1 0 1.000000
  0 -0.140144 1.417852 0.048531 -0.063016 0.720316 -0.690778 0.592040 0.776455 1 0 1.000000
  0 -0.136103 1.371664 0.000000 -0.063019 0.720316 -0.690778 0.586788 0.779465 1 0 1.000000
bgonesoda
  0 -0.136103 1.371664 0.000000 -0.063019 0.720316 -0.690778 0.586788 0.779465 1 0 1.000000
  0 -0.140144 1.417852 0.048531 -0.063016 0.720316 -0.690778 0.592040 0.776455 1 0 1.000000
  0 0.351520 1.374837 0.048531 0.187147 0.698427 -0.690779 0.563156 0.741863 1 0 1.000000
bgonesoda
  0 -0.136103 1.371664 0.000000 -0.063019 0.720316 -0.690778 0.586788 0.779465 1 0 1.000000
  0 0.351520 1.374837 0.048531 0.187147 0.698427 -0.690779 0.563156 0.741863 1 0 1.000000
  0 0.339520 1.330052 0.000000 0.187144 0.698427 -0.690780 0.559195 0.746644 1 0 1.000000
bgonesoda
  0 0.339520 1.330052 0.000000 0.187144 0.698427 -0.690780 0.559195 0.746644 1 0 1.000000
  0 0.351520 1.374837 0.048531 0.187147 0.698427 -0.690779 0.563156 0.741863 1 0 1.000000
  0 0.798821 1.166257 0.048531 0.414736 0.592298 -0.690780 0.523801 0.719909 1 0 1.000000
bgonesoda
  0 0.339520 1.330052 0.000000 0.187144 0.698427 -0.690780 0.559195 0.746644 1 0 1.000000
  0 0.798821 1.166257 0.048531 0.414736 0.592298 -0.690780 0.523801 0.719909 1 0 1.000000
  0 0.772228 1.128278 0.000000 0.414734 0.592300 -0.690780 0.521819 0.725629 1 0 1.000000
bgonesoda
  0 0.772228 1.128278 0.000000 0.414734 0.592300 -0.690780 0.521819 0.725629 1 0 1.000000
  0 0.798821 1.166257 0.048531 0.414736 0.592298 -0.690780 0.523801 0.719909 1 0 1.000000
  0 1.147808 0.817270 0.048531 0.592301 0.414729 -0.690781 0.479635 0.712765 1 0 1.000000
bgonesoda
  0 0.772228 1.128278 0.000000 0.414734 0.592300 -0.690780 0.521819 0.725629 1 0 1.000000
  0 1.147808 0.817270 0.048531 0.592301 0.414729 -0.690781 0.479635 0.712765 1 0 1.000000
  0 1.109829 0.790676 0.000000 0.592300 0.414731 -0.690781 0.479709 0.718764 1 0 1.000000
bgonesoda
  0 1.109829 0.790676 0.000000 0.592300 0.414731 -0.690781 0.479709 0.718764 1 0 1.000000
  0 1.147808 0.817270 0.048531 0.592301 0.414729 -0.690781 0.479635 0.712765 1 0 1.000000
  0 1.356388 0.369969 0.048531 0.698428 0.187139 -0.690780 0.435847 0.720996 1 0 1.000000
bgonesoda
  0 1.109829 0.790676 0.000000 0.592300 0.414731 -0.690781 0.479709 0.718764 1 0 1.000000
  0 1.356388 0.369969 0.048531 0.698428 0.187139 -0.690780 0.435847 0.720996 1 0 1.000000
  0 1.311604 0.357969 0.000000 0.698427 0.187142 -0.690780 0.437947 0.726596 1 0 1.000000
bgonesoda
  0 1.311604 0.357969 0.000000 0.698427 0.187142 -0.690780 0.437947 0.726596 1 0 1.000000
  0 1.356388 0.369969 0.048531 0.698428 0.187139 -0.690780 0.435847 0.720996 1 0 1.000000
  0 1.399403 -0.121696 0.048531 0.720313 -0.063023 -0.690780 0.397500 0.743579 1 0 1.000000
bgonesoda
  0 1.311604 0.357969 0.000000 0.698427 0.187142 -0.690780 0.437947 0.726596 1 0 1.000000
  0 1.399403 -0.121696 0.048531 0.720313 -0.063023 -0.690780 0.397500 0.743579 1 0 1.000000
  0 1.353216 -0.117655 0.000000 0.720313 -0.063020 -0.690780 0.401372 0.748129 1 0 1.000000
bgonesoda
  0 1.353216 -0.117655 0.000000 0.720313 -0.063020 -0.690780 0.401372 0.748129 1 0 1.000000
  0 1.399403 -0.121696 0.048531 0.720313 -0.063023 -0.690780 0.397500 0.743579 1 0 1.000000
  0 1.271665 -0.598421 0.048531 0.655317 -0.305584 -0.690780 0.369117 0.777839 1 0 1.000000
bgonesoda
  0 1.353216 -0.117655 0.000000 0.720313 -0.063020 -0.690780 0.401372 0.748129 1 0 1.000000
  0 1.271665 -0.598421 0.048531 0.655317 -0.305584 -0.690780 0.369117 0.777839 1 0 1.000000
  0 1.229645 -0.578827 0.000000 0.655318 -0.305582 -0.690780 0.374307 0.780801 1 0 1.000000
bgonesoda
  0 1.229645 -0.578827 0.000000 0.655318 -0.305582 -0.690780 0.374307 0.780801 1 0 1.000000
  0 1.271665 -0.598421 0.048531 0.655317 -0.305584 -0.690780 0.369117 0.777839 1 0 1.000000
  0 0.988581 -1.002707 0.048531 0.511281 -0.511287 -0.690780 0.354050 0.819713 1 0 1.000000
bgonesoda
  0 1.229645 -0.578827 0.000000 0.655318 -0.305582 -0.690780 0.374307 0.780801 1 0 1.000000
  0 0.988581 -1.002707 0.048531 0.511281 -0.511287 -0.690780 0.354050 0.819713 1 0 1.000000
  0 0.955797 -0.969923 0.000000 0.511283 -0.511285 -0.690780 0.359942 0.820739 1 0 1.000000
bgonesoda
  0 0.955797 -0.969923 0.000000 0.511283 -0.511285 -0.690780 0.359942 0.820739 1 0 1.000000
  0 0.988581 -1.002707 0.048531 0.511281 -0.511287 -0.690780 0.354050 0.819713 1 0 1.000000
  0 0.584295 -1.285791 0.048531 0.305578 -0.655324 -0.690776 0.354098 0.864267 1 0 1.000000
bgonesoda
  0 0.955797 -0.969923 0.000000 0.511283 -0.511285 -0.690780 0.359942 0.820739 1 0 1.000000
  0 0.584295 -1.285791 0.048531 0.305578 -0.655324 -0.690776 0.354098 0.864267 1 0 1.000000
  0 0.564700 -1.243771 0.000000 0.305581 -0.655323 -0.690776 0.360006 0.863228 1 0 1.000000
bgonesoda
  0 0.564700 -1.243771 0.000000 0.305581 -0.655323 -0.690776 0.360006 0.863228 1 0 1.000000
  0 0.584295 -1.285791 0.048531 0.305578 -0.655324 -0.690776 0.354098 0.864267 1 0 1.000000
  0 0.107570 -1.413530 0.048531 0.063015 -0.720313 -0.690781 0.369323 0.906339 1 0 1.000000
bgonesoda
  0 0.564700 -1.243771 0.000000 0.305581 -0.655323 -0.690776 0.360006 0.863228 1 0 1.000000
  0 0.107570 -1.413530 0.048531 0.063015 -0.720313 -0.690781 0.369323 0.906339 1 0 1.000000
  0 0.103529 -1.367342 0.000000 0.063018 -0.720313 -0.690781 0.374575 0.903328 1 0 1.000000
bgonesoda
  0 0.103529 -1.367342 0.000000 0.063018 -0.720313 -0.690781 0.374575 0.903328 1 0 1.000000
  0 0.107570 -1.413530 0.048531 0.063015 -0.720313 -0.690781 0.369323 0.906339 1 0 1.000000
  0 -0.384095 -1.370515 0.048531 -0.187148 -0.698428 -0.690778 0.398207 0.940930 1 0 1.000000
bgonesoda
  0 0.103529 -1.367342 0.000000 0.063018 -0.720313 -0.690781 0.374575 0.903328 1 0 1.000000
  0 -0.384095 -1.370515 0.048531 -0.187148 -0.698428 -0.690778 0.398207 0.940930 1 0 1.000000
  0 -0.372095 -1.325730 0.000000 -0.187144 -0.698429 -0.690778 0.402168 0.936150 1 0 1.000000
bgonesoda
  0 -0.372095 -1.325730 0.000000 -0.187144 -0.698429 -0.690778 0.402168 0.936150 1 0 1.000000
  0 -0.384095 -1.370515 0.048531 -0.187148 -0.698428 -0.690778 0.398207 0.940930 1 0 1.000000
  0 -0.831396 -1.161934 0.048531 -0.414737 -0.592299 -0.690778 0.437562 0.962884 1 0 1.000000
bgonesoda
  0 -0.372095 -1.325730 0.000000 -0.187144 -0.698429 -0.690778 0.402168 0.936150 1 0 1.000000
  0 -0.831396 -1.161934 0.048531 -0.414737 -0.592299 -0.690778 0.437562 0.962884 1 0 1.000000
  0 -0.804803 -1.123955 0.000000 -0.414735 -0.592301 -0.690779 0.439544 0.957165 1 0 1.000000
bgonesoda
  0 -0.804803 -1.123955 0.000000 -0.414735 -0.592301 -0.690779 0.439544 0.957165 1 0 1.000000
  0 -0.831396 -1.161934 0.048531 -0.414737 -0.592299 -0.690778 0.437562 0.962884 1 0 1.000000
  0 -1.180383 -0.812947 0.048531 -0.592303 -0.414730 -0.690780 0.481728 0.970029 1 0 1.000000
bgonesoda
  0 -0.804803 -1.123955 0.000000 -0.414735 -0.592301 -0.690779 0.439544 0.957165 1 0 1.000000
  0 -1.180383 -0.812947 0.048531 -0.592303 -0.414730 -0.690780 0.481728 0.970029 1 0 1.000000
  0 -1.142404 -0.786354 0.000000 -0.592301 -0.414732 -0.690780 0.481654 0.964030 1 0 1.000000
bgonesoda
  0 -1.142404 -0.786354 0.000000 -0.592301 -0.414732 -0.690780 0.481654 0.964030 1 0 1.000000
  0 -1.180383 -0.812947 0.048531 -0.592303 -0.414730 -0.690780 0.481728 0.970029 1 0 1.000000
  0 -1.388963 -0.365646 0.048531 -0.698428 -0.187139 -0.690780 0.525516 0.961798 1 0 1.000000
bgonesoda
  0 -1.142404 -0.786354 0.000000 -0.592301 -0.414732 -0.690780 0.481654 0.964030 1 0 1.000000
  0 -1.388963 -0.365646 0.048531 -0.698428 -0.187139 -0.690780 0.525516 0.961798 1 0 1.000000
  0 -1.344179 -0.353646 0.000000 -0.698428 -0.187142 -0.690780 0.523416 0.956198 1 0 1.000000
bgonesoda
  0 -1.344179 -0.353646 0.000000 -0.698428 -0.187142 -0.690780 0.523416 0.956198 1 0 1.000000
  0 -1.388963 -0.365646 0.048531 -0.698428 -0.187139 -0.690780 0.525516 0.961798 1 0 1.000000
  0 -1.431978 0.126018 0.048531 -0.720313 0.063023 -0.690780 0.563863 0.939214 1 0 1.000000
bgonesoda
  0 -1.344179 -0.353646 0.000000 -0.698428 -0.187142 -0.690780 0.523416 0.956198 1 0 1.000000
  0 -1.431978 0.126018 0.048531 -0.720313 0.063023 -0.690780 0.563863 0.939214 1 0 1.000000
  0 -1.385790 0.121977 0.000000 -0.720313 0.063020 -0.690780 0.559991 0.934664 1 0 1.000000
bgonesoda
  0 -1.385790 0.121977 0.000000 -0.720313 0.063020 -0.690780 0.559991 0.934664 1 0 1.000000
  0 -1.431978 0.126018 0.048531 -0.720313 0.063023 -0.690780 0.563863 0.939214 1 0 1.000000
  0 -1.304240 0.602743 0.048531 -0.655318 0.305584 -0.690780 0.592246 0.904954 1 0 1.000000
bgonesoda
  0 -0.504486 -0.709718 6.371418 -0.000002 0.000000 1.000000 0.138806 0.789482 1 0 1.000000
  0 -0.399802 -0.833465 6.371418 -0.000005 0.000000 1.000000 0.127490 0.789761 1 0 1.000000
  0 -0.253819 -0.884317 6.371418 0.000001 0.000000 1.000000 0.118483 0.795512 1 0 1.000000
bgonesoda
  0 -0.353542 -0.057326 6.371418 -0.000003 0.000000 1.000000 0.167800 0.826179 1 0 1.000000
  0 -0.441626 -0.064942 6.371418 0.000000 0.000000 1.000000 0.171154 0.821120 1 0 1.000000
  0 -0.525061 -0.181947 6.371418 -0.000001 0.000000 1.000000 0.168417 0.811493 1 0 1.000000
bgonesoda
  0 -0.236802 -0.144945 6.371418 -0.000001 0.000000 1.000000 0.158071 0.828644 1 0 1.000000
  0 -0.353542 -0.057326 6.371418 -0.000003 0.000000 1.000000 0.167800 0.826179 1 0 1.000000
  0 -0.525061 -0.181947 6.371418 -0.000001 0.000000 1.000000 0.168417 0.811493 1 0 1.000000
bgonesoda
  0 -0.525061 -0.181947 6.371418 -0.000001 0.000000 1.000000 0.168417 0.811493 1 0 1.000000
  0 -0.569081 -0.346233 6.371418 0.000000 0.000000 1.000000 0.161392 0.801910 1 0 1.000000
  0 -0.236802 -0.144945 6.371418 -0.000001 0.000000 1.000000 0.158071 0.828644 1 0 1.000000
bgonesoda
  0 -0.080989 -0.239309 6.371418 0.000000 0.000000 1.000000 0.146305 0.832922 1 0 1.000000
  0 -0.236802 -0.144945 6.371418 -0.000001 0.000000 1.000000 0.158071 0.828644 1 0 1.000000
  0 -0.569081 -0.346233 6.371418 0.000000 0.000000 1.000000 0.161392 0.801910 1 0 1.000000
bgonesoda
  0 -0.569081 -0.346233 6.371418 0.000000 0.000000 1.000000 0.161392 0.801910 1 0 1.000000
  0 -0.562887 -0.534144 6.371418 -0.000003 0.000000 1.000000 0.150896 0.794010 1 0 1.000000
  0 -0.080989 -0.239309 6.371418 0.000000 0.000000 1.000000 0.146305 0.832922 1 0 1.000000
bgonesoda
  0 -0.562887 -0.534144 6.371418 -0.000003 0.000000 1.000000 0.150896 0.794010 1 0 1.000000
  0 -0.504486 -0.709718 6.371418 -0.000002 0.000000 1.000000 0.138806 0.789482 1 0 1.000000
  0 -0.080989 -0.239309 6.371418 0.000000 0.000000 1.000000 0.146305 0.832922 1 0 1.000000
bgonesoda
  0 -0.504486 -0.709718 6.371418 -0.000002 0.000000 1.000000 0.138806 0.789482 1 0 1.000000
  0 -0.253819 -0.884317 6.371418 0.000001 0.000000 1.000000 0.118483 0.795512 1 0 1.000000
  0 -0.080989 -0.239309 6.371418 0.000000 0.000000 1.000000 0.146305 0.832922 1 0 1.000000
bgonesoda
  0 -0.253819 -0.884317 6.371418 0.000001 0.000000 1.000000 0.118483 0.795512 1 0 1.000000
  0 0.050565 -0.858444 6.371418 0.000002 0.000000 1.000000 0.106873 0.813227 1 0 1.000000
  0 -0.080989 -0.239309 6.371418 0.000000 0.000000 1.000000 0.146305 0.832922 1 0 1.000000
bgonesoda
  0 -0.253819 -0.884317 6.371418 0.000001 0.000000 1.000000 0.118483 0.795512 1 0 1.000000
  0 -0.101967 -0.913270 6.371418 0.000005 0.000000 1.000000 0.110405 0.802472 1 0 1.000000
  0 0.050565 -0.858444 6.371418 0.000002 0.000000 1.000000 0.106873 0.813227 1 0 1.000000
bgonesoda
  0 0.050565 -0.858444 6.371418 0.000002 0.000000 1.000000 0.106873 0.813227 1 0 1.000000
  0 0.188929 -0.735592 6.371418 0.000000 0.000000 1.000000 0.107725 0.826103 1 0 1.000000
  0 -0.080989 -0.239309 6.371418 0.000000 0.000000 1.000000 0.146305 0.832922 1 0 1.000000
bgonesoda
  0 0.188929 -0.735592 6.371418 0.000000 0.000000 1.000000 0.107725 0.826103 1 0 1.000000
  0 0.288249 -0.575954 6.371418 0.000000 0.000000 1.000000 0.112262 0.838429 1 0 1.000000
  0 -0.080989 -0.239309 6.371418 0.000000 0.000000 1.000000 0.146305 0.832922 1 0 1.000000
bgonesoda
  0 0.101130 -0.235494 6.371418 0.000000 0.000000 1.000000 0.138817 0.842958 1 0 1.000000
  0 -0.080989 -0.239309 6.371418 0.000000 0.000000 1.000000 0.146305 0.832922 1 0 1.000000
  0 0.288249 -0.575954 6.371418 0.000000 0.000000 1.000000 0.112262 0.838429 1 0 1.000000
bgonesoda
  0 0.288249 -0.575954 6.371418 0.000000 0.000000 1.000000 0.112262 0.838429 1 0 1.000000
  0 0.332269 -0.411668 6.371418 -0.000001 0.000000 1.000000 0.119411 0.847918 1 0 1.000000
  0 0.101130 -0.235494 6.371418 0.000000 0.000000 1.000000 0.138817 0.842958 1 0 1.000000
bgonesoda
  0 0.101130 -0.235494 6.371418 0.000000 0.000000 1.000000 0.138817 0.842958 1 0 1.000000
  0 0.332269 -0.411668 6.371418 -0.000001 0.000000 1.000000 0.119411 0.847918 1 0 1.000000
  0 0.246040 -0.217984 6.371418 -0.000001 0.000000 1.000000 0.133652 0.851564 1 0 1.000000
bgonesoda
  0 0.332269 -0.411668 6.371418 -0.000001 0.000000 1.000000 0.119411 0.847918 1 0 1.000000
  0 0.318515 -0.268621 6.371418 -0.000006 0.000000 1.000000 0.127839 0.853316 1 0 1.000000
  0 0.246040 -0.217984 6.371418 -0.000001 0.000000 1.000000 0.133652 0.851564 1 0 1.000000
bgonesoda
  0 0.174147 -0.238440 6.396803 0.338186 -0.936109 -0.096592 0.934932 0.758269 1 0 1.000000
  0 0.042950 -0.278102 6.370992 0.322688 -0.918385 -0.229002 0.912111 0.742447 1 0 1.000000
  0 0.167891 -0.231482 6.370065 0.322720 -0.918368 -0.229024 0.934581 0.758419 1 0 1.000000
bgonesoda
  0 0.174147 -0.238440 6.396803 0.338186 -0.936109 -0.096592 0.934932 0.758269 1 0 1.000000
  0 0.044616 -0.285705 6.413809 0.076578 -0.882072 0.464850 0.912284 0.742178 1 0 1.000000
  0 0.042950 -0.278102 6.370992 0.322688 -0.918385 -0.229002 0.912111 0.742447 1 0 1.000000
bgonesoda
  0 0.174147 -0.238440 6.396803 0.338186 -0.936109 -0.096592 0.934932 0.758269 1 0 1.000000
  0 0.173526 -0.237303 6.422848 0.466229 -0.643988 0.606556 0.934932 0.758320 1 0 1.000000
  0 0.044616 -0.285705 6.413809 0.076578 -0.882072 0.464850 0.912284 0.742178 1 0 1.000000
bgonesoda
  0 0.044616 -0.285705 6.413809 0.076578 -0.882072 0.464850 0.912284 0.742178 1 0 1.000000
  0 -0.085945 -0.257804 6.379831 -0.257221 -0.959939 -0.111152 0.885406 0.740165 1 0 1.000000
  0 0.042950 -0.278102 6.370992 -0.164509 -0.972268 -0.166227 0.912111 0.742447 1 0 1.000000
bgonesoda
  0 0.552939 0.466655 6.439800 0.947454 -0.279634 0.155356 0.971821 0.914984 1 0 1.000000
  0 0.588986 0.701738 6.402314 0.986072 -0.142105 -0.086415 0.966586 0.962561 1 0 1.000000
  0 0.586637 0.701028 6.441561 0.987697 -0.140505 0.068651 0.966166 0.962275 1 0 1.000000
bgonesoda
  0 0.552939 0.466655 6.439800 0.947454 -0.279634 0.155356 0.971821 0.914984 1 0 1.000000
  0 0.556029 0.467339 6.403647 0.960486 -0.273187 -0.053249 0.972377 0.915262 1 0 1.000000
  0 0.588986 0.701738 6.402314 0.986072 -0.142105 -0.086415 0.966586 0.962561 1 0 1.000000
bgonesoda
  0 0.412569 0.174170 6.437736 0.830431 -0.403526 0.384124 0.959775 0.850849 1 0 1.000000
  0 0.556029 0.467339 6.403647 0.960486 -0.273187 -0.053249 0.972377 0.915262 1 0 1.000000
  0 0.552939 0.466655 6.439800 0.947454 -0.279634 0.155356 0.971821 0.914984 1 0 1.000000
bgonesoda
  0 0.412569 0.174170 6.437736 0.830431 -0.403526 0.384124 0.959775 0.850849 1 0 1.000000
  0 0.430374 0.185622 6.416043 0.895479 -0.425232 0.131510 0.962638 0.854001 1 0 1.000000
  0 0.556029 0.467339 6.403647 0.960486 -0.273187 -0.053249 0.972377 0.915262 1 0 1.000000
bgonesoda
  0 0.430374 0.185622 6.416043 0.895479 -0.425232 0.131510 0.962638 0.854001 1 0 1.000000
  0 0.412569 0.174170 6.437736 0.830431 -0.403526 0.384124 0.959775 0.850849 1 0 1.000000
  0 0.298349 -0.069401 6.424577 0.636449 -0.411320 0.652494 0.950615 0.797823 1 0 1.000000
bgonesoda
  0 0.428584 0.186782 6.383118 0.900370 -0.431069 -0.059278 0.962705 0.854286 1 0 1.000000
  0 0.430374 0.185622 6.416043 0.895479 -0.425232 0.131510 0.962638 0.854001 1 0 1.000000
  0 0.298349 -0.069401 6.424577 0.636449 -0.411320 0.652494 0.950615 0.797823 1 0 1.000000
bgonesoda
  0 0.428584 0.186782 6.383118 0.900370 -0.431069 -0.059278 0.962705 0.854286 1 0 1.000000
  0 0.298349 -0.069401 6.424577 0.636449 -0.411320 0.652494 0.950615 0.797823 1 0 1.000000
  0 0.300476 -0.068544 6.395789 0.836418 -0.515192 -0.187034 0.950632 0.797855 1 0 1.000000
bgonesoda
  0 0.428584 0.186782 6.383118 0.900370 -0.431069 -0.059278 0.962705 0.854286 1 0 1.000000
  0 0.300476 -0.068544 6.395789 0.836418 -0.515192 -0.187034 0.950632 0.797855 1 0 1.000000
  0 0.286823 -0.066967 6.367577 0.776752 -0.499788 -0.383234 0.950020 0.797739 1 0 1.000000
bgonesoda
  0 0.300476 -0.068544 6.395789 0.836418 -0.515192 -0.187034 0.950632 0.797855 1 0 1.000000
  0 0.167891 -0.231482 6.370065 0.751071 -0.554583 -0.358233 0.934581 0.758419 1 0 1.000000
  0 0.286823 -0.066967 6.367577 0.776752 -0.499788 -0.383234 0.950020 0.797739 1 0 1.000000
bgonesoda
  0 0.300476 -0.068544 6.395789 0.836418 -0.515192 -0.187034 0.950632 0.797855 1 0 1.000000
  0 0.174147 -0.238440 6.396803 0.793414 -0.588023 -0.157237 0.934932 0.758269 1 0 1.000000
  0 0.167891 -0.231482 6.370065 0.751071 -0.554583 -0.358233 0.934581 0.758419 1 0 1.000000
bgonesoda
  0 0.300476 -0.068544 6.395789 0.836418 -0.515192 -0.187034 0.950632 0.797855 1 0 1.000000
  0 0.173526 -0.237303 6.422848 0.466229 -0.643988 0.606556 0.934932 0.758320 1 0 1.000000
  0 0.174147 -0.238440 6.396803 0.793414 -0.588023 -0.157237 0.934932 0.758269 1 0 1.000000
bgonesoda
  0 0.300476 -0.068544 6.395789 0.836418 -0.515192 -0.187034 0.950632 0.797855 1 0 1.000000
  0 0.298349 -0.069401 6.424577 0.636449 -0.411320 0.652494 0.950615 0.797823 1 0 1.000000
  0 0.173526 -0.237303 6.422848 0.466229 -0.643988 0.606556 0.934932 0.758320 1 0 1.000000
bgonesoda
  0 0.430374 0.185622 6.416043 0.895479 -0.425232 0.131510 0.962638 0.854001 1 0 1.000000
  0 0.428584 0.186782 6.383118 0.900370 -0.431069 -0.059278 0.962705 0.854286 1 0 1.000000
  0 0.556029 0.467339 6.403647 0.960486 -0.273187 -0.053249 0.972377 0.915262 1 0 1.000000
bgonesoda
  0 0.376820 1.469258 5.929337 0.253369 0.945578 0.204175 0.988199 0.054318 1 0 1.000000
  0 0.373855 1.458192 5.967108 0.242921 0.906592 0.345080 0.988199 0.050150 1 0 1.000000
  0 0.848318 1.236946 5.967108 0.538344 0.768835 0.345077 0.934011 0.050150 1 0 1.000000
bgonesoda
  0 0.854889 1.246330 5.929337 0.561492 0.801897 0.204175 0.934011 0.054318 1 0 1.000000
  0 0.848318 1.236946 5.967108 0.538344 0.768835 0.345077 0.934011 0.050150 1 0 1.000000
  0 1.218497 0.866767 5.967108 0.768836 0.538342 0.345079 0.879823 0.050150 1 0 1.000000
bgonesoda
  0 0.376820 1.469258 5.929337 0.253369 0.945578 0.204175 0.988199 0.054318 1 0 1.000000
  0 0.848318 1.236946 5.967108 0.538344 0.768835 0.345077 0.934011 0.050150 1 0 1.000000
  0 0.854889 1.246330 5.929337 0.561492 0.801897 0.204175 0.934011 0.054318 1 0 1.000000
bgonesoda
  0 0.378048 1.473841 5.890197 0.258356 0.964191 0.059891 0.988199 0.058482 1 0 1.000000
  0 0.376820 1.469258 5.929337 0.253369 0.945578 0.204175 0.988199 0.054318 1 0 1.000000
  0 0.854889 1.246330 5.929337 0.561492 0.801897 0.204175 0.934011 0.054318 1 0 1.000000
bgonesoda
  0 1.061057 -1.075183 0.234235 0.707106 -0.707107 0.000000 0.663071 0.655757 1 0 1.000000
  0 0.627612 -1.378685 5.890197 0.421859 -0.904681 0.059892 0.608883 0.058482 1 0 1.000000
  0 0.627612 -1.378685 0.234235 0.422617 -0.906308 0.000000 0.608883 0.655757 1 0 1.000000
bgonesoda
  0 1.061057 -1.075183 0.234235 0.707106 -0.707107 0.000000 0.663071 0.655757 1 0 1.000000
  0 1.061057 -1.075183 5.890197 0.705839 -0.705836 0.059892 0.663071 0.058482 1 0 1.000000
  0 0.627612 -1.378685 5.890197 0.421859 -0.904681 0.059892 0.608883 0.058482 1 0 1.000000
bgonesoda
  0 1.364559 -0.641738 0.234235 0.906307 -0.422620 0.000000 0.717259 0.655757 1 0 1.000000
  0 1.061057 -1.075183 5.890197 0.705839 -0.705836 0.059892 0.663071 0.058482 1 0 1.000000
  0 1.061057 -1.075183 0.234235 0.707106 -0.707107 0.000000 0.663071 0.655757 1 0 1.000000
bgonesoda
  0 1.364559 -0.641738 0.234235 0.906307 -0.422620 0.000000 0.717259 0.655757 1 0 1.000000
  0 1.364559 -0.641738 5.890197 0.904682 -0.421857 0.059891 0.717259 0.058482 1 0 1.000000
  0 1.061057 -1.075183 5.890197 0.705839 -0.705836 0.059892 0.663071 0.058482 1 0 1.000000
bgonesoda
  0 1.501510 -0.130629 0.234235 0.996195 -0.087157 0.000000 0.771447 0.655757 1 0 1.000000
  0 1.364559 -0.641738 5.890197 0.904682 -0.421857 0.059891 0.717259 0.058482 1 0 1.000000
  0 1.364559 -0.641738 0.234235 0.906307 -0.422620 0.000000 0.717259 0.655757 1 0 1.000000
bgonesoda
  0 1.501510 -0.130629 0.234235 0.996195 -0.087157 0.000000 0.771447 0.655757 1 0 1.000000
  0 1.501510 -0.130628 5.890197 0.994406 -0.087001 0.059894 0.771447 0.058482 1 0 1.000000
  0 1.364559 -0.641738 5.890197 0.904682 -0.421857 0.059891 0.717259 0.058482 1 0 1.000000
bgonesoda
  0 1.455393 0.396497 0.234234 0.965926 0.258818 0.000000 0.825635 0.655757 1 0 1.000000
  0 1.501510 -0.130628 5.890197 0.994406 -0.087001 0.059894 0.771447 0.058482 1 0 1.000000
  0 1.501510 -0.130629 0.234235 0.996195 -0.087157 0.000000 0.771447 0.655757 1 0 1.000000
bgonesoda
  0 1.455393 0.396497 0.234234 0.965926 0.258818 0.000000 0.825635 0.655757 1 0 1.000000
  0 1.455393 0.396497 5.890197 0.964192 0.258354 0.059894 0.825635 0.058482 1 0 1.000000
  0 1.501510 -0.130628 5.890197 0.994406 -0.087001 0.059894 0.771447 0.058482 1 0 1.000000
bgonesoda
  0 1.231769 0.876059 0.234234 0.819153 0.573576 0.000000 0.879823 0.655757 1 0 1.000000
  0 1.455393 0.396497 5.890197 0.964192 0.258354 0.059894 0.825635 0.058482 1 0 1.000000
  0 1.455393 0.396497 0.234234 0.965926 0.258818 0.000000 0.825635 0.655757 1 0 1.000000
bgonesoda
  0 1.231769 0.876059 0.234234 0.819153 0.573576 0.000000 0.879823 0.655757 1 0 1.000000
  0 1.231769 0.876060 5.890197 0.817682 0.572546 0.059891 0.879823 0.058482 1 0 1.000000
  0 1.455393 0.396497 5.890197 0.964192 0.258354 0.059894 0.825635 0.058482 1 0 1.000000
bgonesoda
  0 0.857611 1.250217 0.234234 0.573577 0.819152 0.000000 0.934011 0.655757 1 0 1.000000
  0 1.231769 0.876060 5.890197 0.817682 0.572546 0.059891 0.879823 0.058482 1 0 1.000000
  0 1.231769 0.876059 0.234234 0.819153 0.573576 0.000000 0.879823 0.655757 1 0 1.000000
bgonesoda
  0 0.857611 1.250217 0.234234 0.573577 0.819152 0.000000 0.934011 0.655757 1 0 1.000000
  0 0.857611 1.250218 5.890197 0.572545 0.817683 0.059895 0.934011 0.058482 1 0 1.000000
  0 1.231769 0.876060 5.890197 0.817682 0.572546 0.059891 0.879823 0.058482 1 0 1.000000
bgonesoda
  0 0.378048 1.473841 0.234234 0.258820 0.965926 0.000000 0.988199 0.655757 1 0 1.000000
  0 0.857611 1.250218 5.890197 0.572545 0.817683 0.059895 0.934011 0.058482 1 0 1.000000
  0 0.857611 1.250217 0.234234 0.573577 0.819152 0.000000 0.934011 0.655757 1 0 1.000000
bgonesoda
  0 0.378048 1.473841 0.234234 0.258820 0.965926 0.000000 0.988199 0.655757 1 0 1.000000
  0 0.378048 1.473841 5.890197 0.258356 0.964191 0.059891 0.988199 0.058482 1 0 1.000000
  0 0.857611 1.250218 5.890197 0.572545 0.817683 0.059895 0.934011 0.058482 1 0 1.000000
bgonesoda
  0 0.378048 1.473841 5.890197 0.258356 0.964191 0.059891 0.988199 0.058482 1 0 1.000000
  0 0.854889 1.246330 5.929337 0.561492 0.801897 0.204175 0.934011 0.054318 1 0 1.000000
  0 0.857611 1.250218 5.890197 0.572545 0.817683 0.059895 0.934011 0.058482 1 0 1.000000
bgonesoda
  0 0.857611 1.250218 5.890197 0.572545 0.817683 0.059895 0.934011 0.058482 1 0 1.000000
  0 0.854889 1.246330 5.929337 0.561492 0.801897 0.204175 0.934011 0.054318 1 0 1.000000
  0 1.227882 0.873338 5.929337 0.801897 0.561493 0.204174 0.879823 0.054318 1 0 1.000000
bgonesoda
  0 0.854889 1.246330 5.929337 0.561492 0.801897 0.204175 0.934011 0.054318 1 0 1.000000
  0 1.218497 0.866767 5.967108 0.768836 0.538342 0.345079 0.879823 0.050150 1 0 1.000000
  0 1.227882 0.873338 5.929337 0.801897 0.561493 0.204174 0.879823 0.054318 1 0 1.000000
bgonesoda
  0 1.227882 0.873338 5.929337 0.801897 0.561493 0.204174 0.879823 0.054318 1 0 1.000000
  0 1.218497 0.866767 5.967108 0.768836 0.538342 0.345079 0.879823 0.050150 1 0 1.000000
  0 1.439743 0.392304 5.967108 0.906591 0.242924 0.345082 0.825635 0.050150 1 0 1.000000
bgonesoda
  0 0.116503 -1.515636 5.890197 0.087001 -0.994406 0.059890 0.554385 0.058482 1 0 1.000000
  0 -0.409395 -1.464935 5.929337 -0.253362 -0.945579 0.204179 0.500219 0.054318 1 0 1.000000
  0 -0.410623 -1.469519 5.890197 -0.258352 -0.964193 0.059892 0.500219 0.058482 1 0 1.000000
bgonesoda
  0 0.116503 -1.515636 5.890197 0.087001 -0.994406 0.059890 0.554385 0.058482 1 0 1.000000
  0 0.116089 -1.510908 5.929337 0.085322 -0.975209 0.204174 0.554385 0.054318 1 0 1.000000
  0 -0.409395 -1.464935 5.929337 -0.253362 -0.945579 0.204179 0.500219 0.054318 1 0 1.000000
bgonesoda
  0 0.627612 -1.378685 5.890197 0.421859 -0.904681 0.059892 0.608883 0.058482 1 0 1.000000
  0 0.116089 -1.510908 5.929337 0.085322 -0.975209 0.204174 0.554385 0.054318 1 0 1.000000
  0 0.116503 -1.515636 5.890197 0.087001 -0.994406 0.059890 0.554385 0.058482 1 0 1.000000
bgonesoda
  0 0.627612 -1.378685 5.890197 0.421859 -0.904681 0.059892 0.608883 0.058482 1 0 1.000000
  0 0.625606 -1.374384 5.929337 0.413717 -0.887215 0.204178 0.608883 0.054318 1 0 1.000000
  0 0.116089 -1.510908 5.929337 0.085322 -0.975209 0.204174 0.554385 0.054318 1 0 1.000000
bgonesoda
  0 1.061057 -1.075183 5.890197 0.705839 -0.705836 0.059892 0.663071 0.058482 1 0 1.000000
  0 0.625606 -1.374384 5.929337 0.413717 -0.887215 0.204178 0.608883 0.054318 1 0 1.000000
  0 0.627612 -1.378685 5.890197 0.421859 -0.904681 0.059892 0.608883 0.058482 1 0 1.000000
bgonesoda
  0 1.061057 -1.075183 5.890197 0.705839 -0.705836 0.059892 0.663071 0.058482 1 0 1.000000
  0 1.057702 -1.071827 5.929337 0.692210 -0.692211 0.204178 0.663071 0.054318 1 0 1.000000
  0 0.625606 -1.374384 5.929337 0.413717 -0.887215 0.204178 0.608883 0.054318 1 0 1.000000
bgonesoda
  0 1.364559 -0.641738 5.890197 0.904682 -0.421857 0.059891 0.717259 0.058482 1 0 1.000000
  0 1.057702 -1.071827 5.929337 0.692210 -0.692211 0.204178 0.663071 0.054318 1 0 1.000000
  0 1.061057 -1.075183 5.890197 0.705839 -0.705836 0.059892 0.663071 0.058482 1 0 1.000000
bgonesoda
  0 1.364559 -0.641738 5.890197 0.904682 -0.421857 0.059891 0.717259 0.058482 1 0 1.000000
  0 1.360258 -0.639732 5.929337 0.887218 -0.413711 0.204176 0.717259 0.054318 1 0 1.000000
  0 1.057702 -1.071827 5.929337 0.692210 -0.692211 0.204178 0.663071 0.054318 1 0 1.000000
bgonesoda
  0 1.501510 -0.130628 5.890197 0.994406 -0.087001 0.059894 0.771447 0.058482 1 0 1.000000
  0 1.360258 -0.639732 5.929337 0.887218 -0.413711 0.204176 0.717259 0.054318 1 0 1.000000
  0 1.364559 -0.641738 5.890197 0.904682 -0.421857 0.059891 0.717259 0.058482 1 0 1.000000
bgonesoda
  0 1.501510 -0.130628 5.890197 0.994406 -0.087001 0.059894 0.771447 0.058482 1 0 1.000000
  0 1.496783 -0.130215 5.929337 0.975209 -0.085318 0.204178 0.771447 0.054318 1 0 1.000000
  0 1.360258 -0.639732 5.929337 0.887218 -0.413711 0.204176 0.717259 0.054318 1 0 1.000000
bgonesoda
  0 1.455393 0.396497 5.890197 0.964192 0.258354 0.059894 0.825635 0.058482 1 0 1.000000
  0 1.496783 -0.130215 5.929337 0.975209 -0.085318 0.204178 0.771447 0.054318 1 0 1.000000
  0 1.501510 -0.130628 5.890197 0.994406 -0.087001 0.059894 0.771447 0.058482 1 0 1.000000
bgonesoda
  0 1.455393 0.396497 5.890197 0.964192 0.258354 0.059894 0.825635 0.058482 1 0 1.000000
  0 1.450809 0.395269 5.929337 0.945576 0.253370 0.204180 0.825635 0.054318 1 0 1.000000
  0 1.496783 -0.130215 5.929337 0.975209 -0.085318 0.204178 0.771447 0.054318 1 0 1.000000
bgonesoda
  0 1.231769 0.876060 5.890197 0.817682 0.572546 0.059891 0.879823 0.058482 1 0 1.000000
  0 1.450809 0.395269 5.929337 0.945576 0.253370 0.204180 0.825635 0.054318 1 0 1.000000
  0 1.455393 0.396497 5.890197 0.964192 0.258354 0.059894 0.825635 0.058482 1 0 1.000000
bgonesoda
  0 1.231769 0.876060 5.890197 0.817682 0.572546 0.059891 0.879823 0.058482 1 0 1.000000
  0 1.227882 0.873338 5.929337 0.801897 0.561493 0.204174 0.879823 0.054318 1 0 1.000000
  0 1.450809 0.395269 5.929337 0.945576 0.253370 0.204180 0.825635 0.054318 1 0 1.000000
bgonesoda
  0 0.857611 1.250218 5.890197 0.572545 0.817683 0.059895 0.934011 0.058482 1 0 1.000000
  0 1.227882 0.873338 5.929337 0.801897 0.561493 0.204174 0.879823 0.054318 1 0 1.000000
  0 1.231769 0.876060 5.890197 0.817682 0.572546 0.059891 0.879823 0.058482 1 0 1.000000
bgonesoda
  0 1.227882 0.873338 5.929337 0.801897 0.561493 0.204174 0.879823 0.054318 1 0 1.000000
  0 1.439743 0.392304 5.967108 0.906591 0.242924 0.345082 0.825635 0.050150 1 0 1.000000
  0 1.450809 0.395269 5.929337 0.945576 0.253370 0.204180 0.825635 0.054318 1 0 1.000000
bgonesoda
  0 1.450809 0.395269 5.929337 0.945576 0.253370 0.204180 0.825635 0.054318 1 0 1.000000
  0 1.439743 0.392304 5.967108 0.906591 0.242924 0.345082 0.825635 0.050150 1 0 1.000000
  0 1.485370 -0.129216 5.967108 0.935002 -0.081799 0.345080 0.771447 0.050150 1 0 1.000000
bgonesoda
  0 1.450809 0.395269 5.929337 0.945576 0.253370 0.204180 0.825635 0.054318 1 0 1.000000
  0 1.485370 -0.129216 5.967108 0.935002 -0.081799 0.345080 0.771447 0.050150 1 0 1.000000
  0 1.496783 -0.130215 5.929337 0.975209 -0.085318 0.204178 0.771447 0.054318 1 0 1.000000
bgonesoda
  0 1.496783 -0.130215 5.929337 0.975209 -0.085318 0.204178 0.771447 0.054318 1 0 1.000000
  0 1.485370 -0.129216 5.967108 0.935002 -0.081799 0.345080 0.771447 0.050150 1 0 1.000000
  0 1.349875 -0.634890 5.967108 0.850637 -0.396657 0.345081 0.717259 0.050150 1 0 1.000000
bgonesoda
  0 1.496783 -0.130215 5.929337 0.975209 -0.085318 0.204178 0.771447 0.054318 1 0 1.000000
  0 1.349875 -0.634890 5.967108 0.850637 -0.396657 0.345081 0.717259 0.050150 1 0 1.000000
  0 1.360258 -0.639732 5.929337 0.887218 -0.413711 0.204176 0.717259 0.054318 1 0 1.000000
bgonesoda
  0 1.360258 -0.639732 5.929337 0.887218 -0.413711 0.204176 0.717259 0.054318 1 0 1.000000
  0 1.349875 -0.634890 5.967108 0.850637 -0.396657 0.345081 0.717259 0.050150 1 0 1.000000
  0 1.049601 -1.063727 5.967108 0.663670 -0.663673 0.345082 0.663071 0.050150 1 0 1.000000
bgonesoda
  0 1.360258 -0.639732 5.929337 0.887218 -0.413711 0.204176 0.717259 0.054318 1 0 1.000000
  0 1.049601 -1.063727 5.967108 0.663670 -0.663673 0.345082 0.663071 0.050150 1 0 1.000000
  0 1.057702 -1.071827 5.929337 0.692210 -0.692211 0.204178 0.663071 0.054318 1 0 1.000000
bgonesoda
  0 1.057702 -1.071827 5.929337 0.692210 -0.692211 0.204178 0.663071 0.054318 1 0 1.000000
  0 1.049601 -1.063727 5.967108 0.663670 -0.663673 0.345082 0.663071 0.050150 1 0 1.000000
  0 0.620765 -1.364001 5.967108 0.401077 -0.850988 0.339054 0.608883 0.050150 1 0 1.000000
bgonesoda
  0 1.057702 -1.071827 5.929337 0.692210 -0.692211 0.204178 0.663071 0.054318 1 0 1.000000
  0 0.620765 -1.364001 5.967108 0.401077 -0.850988 0.339054 0.608883 0.050150 1 0 1.000000
  0 0.625606 -1.374384 5.929337 0.413717 -0.887215 0.204178 0.608883 0.054318 1 0 1.000000
bgonesoda
  0 0.625606 -1.374384 5.929337 0.413717 -0.887215 0.204178 0.608883 0.054318 1 0 1.000000
  0 0.620765 -1.364001 5.967108 0.401077 -0.850988 0.339054 0.608883 0.050150 1 0 1.000000
  0 0.115091 -1.499496 5.967108 0.086317 -0.940869 0.327589 0.554385 0.050150 1 0 1.000000
bgonesoda
  0 0.625606 -1.374384 5.929337 0.413717 -0.887215 0.204178 0.608883 0.054318 1 0 1.000000
  0 0.115091 -1.499496 5.967108 0.086317 -0.940869 0.327589 0.554385 0.050150 1 0 1.000000
  0 0.116089 -1.510908 5.929337 0.085322 -0.975209 0.204174 0.554385 0.054318 1 0 1.000000
bgonesoda
  0 0.116089 -1.510908 5.929337 0.085322 -0.975209 0.204174 0.554385 0.054318 1 0 1.000000
  0 0.115091 -1.499496 5.967108 0.086317 -0.940869 0.327589 0.554385 0.050150 1 0 1.000000
  0 -0.406429 -1.453869 5.967108 -0.245091 -0.914883 0.320810 0.500219 0.050150 1 0 1.000000
bgonesoda
  0 0.116089 -1.510908 5.929337 0.085322 -0.975209 0.204174 0.554385 0.054318 1 0 1.000000
  0 -0.406429 -1.453869 5.967108 -0.245091 -0.914883 0.320810 0.500219 0.050150 1 0 1.000000
  0 -0.409395 -1.464935 5.929337 -0.253362 -0.945579 0.204179 0.500219 0.054318 1 0 1.000000
bgonesoda
  0 -0.409395 -1.464935 5.929337 -0.253362 -0.945579 0.204179 0.500219 0.054318 1 0 1.000000
  0 -0.406429 -1.453869 5.967108 -0.245091 -0.914883 0.320810 0.500219 0.050150 1 0 1.000000
  0 -0.880893 -1.232623 5.967108 -0.545206 -0.771661 0.327551 0.446053 0.050150 1 0 1.000000
bgonesoda
  0 -0.409395 -1.464935 5.929337 -0.253362 -0.945579 0.204179 0.500219 0.054318 1 0 1.000000
  0 -0.880893 -1.232623 5.967108 -0.545206 -0.771661 0.327551 0.446053 0.050150 1 0 1.000000
  0 -0.887464 -1.242007 5.929337 -0.561494 -0.801896 0.204175 0.446053 0.054318 1 0 1.000000
bgonesoda
  0 -0.887464 -1.242007 5.929337 -0.561494 -0.801896 0.204175 0.446053 0.054318 1 0 1.000000
  0 -0.880893 -1.232623 5.967108 -0.545206 -0.771661 0.327551 0.446053 0.050150 1 0 1.000000
  0 -1.251072 -0.862444 5.967108 -0.772834 -0.536486 0.338985 0.391554 0.050150 1 0 1.000000
bgonesoda
  0 -0.887464 -1.242007 5.929337 -0.561494 -0.801896 0.204175 0.446053 0.054318 1 0 1.000000
  0 -1.251072 -0.862444 5.967108 -0.772834 -0.536486 0.338985 0.391554 0.050150 1 0 1.000000
  0 -1.260456 -0.869015 5.929337 -0.801896 -0.561494 0.204175 0.391554 0.054318 1 0 1.000000
bgonesoda
  0 -1.260456 -0.869015 5.929337 -0.801896 -0.561494 0.204175 0.391554 0.054318 1 0 1.000000
  0 -1.251072 -0.862444 5.967108 -0.772834 -0.536486 0.338985 0.391554 0.050150 1 0 1.000000
  0 -1.472318 -0.387981 5.967108 -0.906593 -0.242922 0.345077 0.337366 0.050150 1 0 1.000000
bgonesoda
  0 -0.660187 1.383007 0.234234 -0.422617 0.906308 0.000000 0.120615 0.655757 1 0 1.000000
  0 -0.149077 1.519959 5.890197 -0.086999 0.994406 0.059895 0.066427 0.058482 1 0 1.000000
  0 -0.149077 1.519959 0.234234 -0.087154 0.996195 0.000000 0.066427 0.655757 1 0 1.000000
bgonesoda
  0 -0.660187 1.383007 0.234234 -0.422617 0.906308 0.000000 0.120615 0.655757 1 0 1.000000
  0 -0.660187 1.383008 5.890197 -0.421860 0.904681 0.059891 0.120615 0.058482 1 0 1.000000
  0 -0.149077 1.519959 5.890197 -0.086999 0.994406 0.059895 0.066427 0.058482 1 0 1.000000
bgonesoda
  0 -0.660187 1.383008 5.890197 -0.421860 0.904681 0.059891 0.120615 0.058482 1 0 1.000000
  0 -0.148664 1.515232 5.929337 -0.085319 0.975208 0.204181 0.066427 0.054318 1 0 1.000000
  0 -0.149077 1.519959 5.890197 -0.086999 0.994406 0.059895 0.066427 0.058482 1 0 1.000000
bgonesoda
  0 -0.660187 1.383008 5.890197 -0.421860 0.904681 0.059891 0.120615 0.058482 1 0 1.000000
  0 -0.658181 1.378707 5.929337 -0.413717 0.887214 0.204178 0.120615 0.054318 1 0 1.000000
  0 -0.148664 1.515232 5.929337 -0.085319 0.975208 0.204181 0.066427 0.054318 1 0 1.000000
bgonesoda
  0 -1.093632 1.079506 5.890197 -0.705839 0.705836 0.059892 0.174803 0.058482 1 0 1.000000
  0 -0.658181 1.378707 5.929337 -0.413717 0.887214 0.204178 0.120615 0.054318 1 0 1.000000
  0 -0.660187 1.383008 5.890197 -0.421860 0.904681 0.059891 0.120615 0.058482 1 0 1.000000
bgonesoda
  0 -1.093632 1.079506 5.890197 -0.705839 0.705836 0.059892 0.174803 0.058482 1 0 1.000000
  0 -1.090276 1.076151 5.929337 -0.692212 0.692210 0.204177 0.174803 0.054318 1 0 1.000000
  0 -0.658181 1.378707 5.929337 -0.413717 0.887214 0.204178 0.120615 0.054318 1 0 1.000000
bgonesoda
  0 -1.397133 0.646061 5.890197 -0.904681 0.421859 0.059892 0.228991 0.058482 1 0 1.000000
  0 -1.090276 1.076151 5.929337 -0.692212 0.692210 0.204177 0.174803 0.054318 1 0 1.000000
  0 -1.093632 1.079506 5.890197 -0.705839 0.705836 0.059892 0.174803 0.058482 1 0 1.000000
bgonesoda
  0 -1.397133 0.646061 5.890197 -0.904681 0.421859 0.059892 0.228991 0.058482 1 0 1.000000
  0 -1.392833 0.644055 5.929337 -0.887217 0.413714 0.204175 0.228991 0.054318 1 0 1.000000
  0 -1.090276 1.076151 5.929337 -0.692212 0.692210 0.204177 0.174803 0.054318 1 0 1.000000
bgonesoda
  0 -1.534085 0.134952 5.890197 -0.994406 0.087001 0.059894 0.283179 0.058482 1 0 1.000000
  0 -1.392833 0.644055 5.929337 -0.887217 0.413714 0.204175 0.228991 0.054318 1 0 1.000000
  0 -1.397133 0.646061 5.890197 -0.904681 0.421859 0.059892 0.228991 0.058482 1 0 1.000000
bgonesoda
  0 -1.534085 0.134952 5.890197 -0.994406 0.087001 0.059894 0.283179 0.058482 1 0 1.000000
  0 -1.529357 0.134538 5.929337 -0.975209 0.085319 0.204179 0.283179 0.054318 1 0 1.000000
  0 -1.392833 0.644055 5.929337 -0.887217 0.413714 0.204175 0.228991 0.054318 1 0 1.000000
bgonesoda
  0 -1.487967 -0.392174 5.890197 -0.964192 -0.258355 0.059894 0.337366 0.058482 1 0 1.000000
  0 -1.529357 0.134538 5.929337 -0.975209 0.085319 0.204179 0.283179 0.054318 1 0 1.000000
  0 -1.534085 0.134952 5.890197 -0.994406 0.087001 0.059894 0.283179 0.058482 1 0 1.000000
bgonesoda
  0 -1.487967 -0.392174 5.890197 -0.964192 -0.258355 0.059894 0.337366 0.058482 1 0 1.000000
  0 -1.483384 -0.390946 5.929337 -0.945577 -0.253369 0.204176 0.337366 0.054318 1 0 1.000000
  0 -1.529357 0.134538 5.929337 -0.975209 0.085319 0.204179 0.283179 0.054318 1 0 1.000000
bgonesoda
  0 -1.264344 -0.871737 5.890197 -0.817684 -0.572544 0.059890 0.391554 0.058482 1 0 1.000000
  0 -1.483384 -0.390946 5.929337 -0.945577 -0.253369 0.204176 0.337366 0.054318 1 0 1.000000
  0 -1.487967 -0.392174 5.890197 -0.964192 -0.258355 0.059894 0.337366 0.058482 1 0 1.000000
bgonesoda
  0 -1.264344 -0.871737 5.890197 -0.817684 -0.572544 0.059890 0.391554 0.058482 1 0 1.000000
  0 -1.260456 -0.869015 5.929337 -0.801896 -0.561494 0.204175 0.391554 0.054318 1 0 1.000000
  0 -1.483384 -0.390946 5.929337 -0.945577 -0.253369 0.204176 0.337366 0.054318 1 0 1.000000
bgonesoda
  0 -0.890186 -1.245894 5.890197 -0.572545 -0.817682 0.059896 0.446053 0.058482 1 0 1.000000
  0 -1.260456 -0.869015 5.929337 -0.801896 -0.561494 0.204175 0.391554 0.054318 1 0 1.000000
  0 -1.264344 -0.871737 5.890197 -0.817684 -0.572544 0.059890 0.391554 0.058482 1 0 1.000000
bgonesoda
  0 -0.890186 -1.245894 5.890197 -0.572545 -0.817682 0.059896 0.446053 0.058482 1 0 1.000000
  0 -0.887464 -1.242007 5.929337 -0.561494 -0.801896 0.204175 0.446053 0.054318 1 0 1.000000
  0 -1.260456 -0.869015 5.929337 -0.801896 -0.561494 0.204175 0.391554 0.054318 1 0 1.000000
bgonesoda
  0 -0.410623 -1.469519 5.890197 -0.258352 -0.964193 0.059892 0.500219 0.058482 1 0 1.000000
  0 -0.887464 -1.242007 5.929337 -0.561494 -0.801896 0.204175 0.446053 0.054318 1 0 1.000000
  0 -0.890186 -1.245894 5.890197 -0.572545 -0.817682 0.059896 0.446053 0.058482 1 0 1.000000
bgonesoda
  0 -0.410623 -1.469519 5.890197 -0.258352 -0.964193 0.059892 0.500219 0.058482 1 0 1.000000
  0 -0.409395 -1.464935 5.929337 -0.253362 -0.945579 0.204179 0.500219 0.054318 1 0 1.000000
  0 -0.887464 -1.242007 5.929337 -0.561494 -0.801896 0.204175 0.446053 0.054318 1 0 1.000000
bgonesoda
  0 -1.260456 -0.869015 5.929337 -0.801896 -0.561494 0.204175 0.391554 0.054318 1 0 1.000000
  0 -1.472318 -0.387981 5.967108 -0.906593 -0.242922 0.345077 0.337366 0.050150 1 0 1.000000
  0 -1.483384 -0.390946 5.929337 -0.945577 -0.253369 0.204176 0.337366 0.054318 1 0 1.000000
bgonesoda
  0 -1.483384 -0.390946 5.929337 -0.945577 -0.253369 0.204176 0.337366 0.054318 1 0 1.000000
  0 -1.472318 -0.387981 5.967108 -0.906593 -0.242922 0.345077 0.337366 0.050150 1 0 1.000000
  0 -1.517945 0.133539 5.967108 -0.935001 0.081801 0.345081 0.283179 0.050150 1 0 1.000000
bgonesoda
  0 -1.483384 -0.390946 5.929337 -0.945577 -0.253369 0.204176 0.337366 0.054318 1 0 1.000000
  0 -1.517945 0.133539 5.967108 -0.935001 0.081801 0.345081 0.283179 0.050150 1 0 1.000000
  0 -1.529357 0.134538 5.929337 -0.975209 0.085319 0.204179 0.283179 0.054318 1 0 1.000000
bgonesoda
  0 -1.529357 0.134538 5.929337 -0.975209 0.085319 0.204179 0.283179 0.054318 1 0 1.000000
  0 -1.517945 0.133539 5.967108 -0.935001 0.081801 0.345081 0.283179 0.050150 1 0 1.000000
  0 -1.382450 0.639214 5.967108 -0.850637 0.396656 0.345080 0.228991 0.050150 1 0 1.000000
bgonesoda
  0 -1.529357 0.134538 5.929337 -0.975209 0.085319 0.204179 0.283179 0.054318 1 0 1.000000
  0 -1.382450 0.639214 5.967108 -0.850637 0.396656 0.345080 0.228991 0.050150 1 0 1.000000
  0 -1.392833 0.644055 5.929337 -0.887217 0.413714 0.204175 0.228991 0.054318 1 0 1.000000
bgonesoda
  0 -1.392833 0.644055 5.929337 -0.887217 0.413714 0.204175 0.228991 0.054318 1 0 1.000000
  0 -1.382450 0.639214 5.967108 -0.850637 0.396656 0.345080 0.228991 0.050150 1 0 1.000000
  0 -1.082175 1.068050 5.967108 -0.663672 0.663671 0.345081 0.174803 0.050150 1 0 1.000000
bgonesoda
  0 -1.392833 0.644055 5.929337 -0.887217 0.413714 0.204175 0.228991 0.054318 1 0 1.000000
  0 -1.082175 1.068050 5.967108 -0.663672 0.663671 0.345081 0.174803 0.050150 1 0 1.000000
  0 -1.090276 1.076151 5.929337 -0.692212 0.692210 0.204177 0.174803 0.054318 1 0 1.000000
bgonesoda
  0 -1.090276 1.076151 5.929337 -0.692212 0.692210 0.204177 0.174803 0.054318 1 0 1.000000
  0 -1.082175 1.068050 5.967108 -0.663672 0.663671 0.345081 0.174803 0.050150 1 0 1.000000
  0 -0.653339 1.368324 5.967108 -0.396659 0.850635 0.345083 0.120615 0.050150 1 0 1.000000
bgonesoda
  0 -1.090276 1.076151 5.929337 -0.692212 0.692210 0.204177 0.174803 0.054318 1 0 1.000000
  0 -0.653339 1.368324 5.967108 -0.396659 0.850635 0.345083 0.120615 0.050150 1 0 1.000000
  0 -0.658181 1.378707 5.929337 -0.413717 0.887214 0.204178 0.120615 0.054318 1 0 1.000000
bgonesoda
  0 -0.658181 1.378707 5.929337 -0.413717 0.887214 0.204178 0.120615 0.054318 1 0 1.000000
  0 -0.653339 1.368324 5.967108 -0.396659 0.850635 0.345083 0.120615 0.050150 1 0 1.000000
  0 -0.147665 1.503819 5.967108 -0.081802 0.935001 0.345082 0.066427 0.050150 1 0 1.000000
bgonesoda
  0 -0.658181 1.378707 5.929337 -0.413717 0.887214 0.204178 0.120615 0.054318 1 0 1.000000
  0 -0.147665 1.503819 5.967108 -0.081802 0.935001 0.345082 0.066427 0.050150 1 0 1.000000
  0 -0.148664 1.515232 5.929337 -0.085319 0.975208 0.204181 0.066427 0.054318 1 0 1.000000
bgonesoda
  0 -0.148664 1.515232 5.929337 -0.085319 0.975208 0.204181 0.066427 0.054318 1 0 1.000000
  0 -0.147665 1.503819 5.967108 -0.081802 0.935001 0.345082 0.066427 0.050150 1 0 1.000000
  0 0.373855 1.458192 5.967108 0.242921 0.906592 0.345080 0.012239 0.050150 1 0 1.000000
bgonesoda
  0 -0.148664 1.515232 5.929337 -0.085319 0.975208 0.204181 0.066427 0.054318 1 0 1.000000
  0 0.373855 1.458192 5.967108 0.242921 0.906592 0.345080 0.012239 0.050150 1 0 1.000000
  0 0.376820 1.469258 5.929337 0.253369 0.945578 0.204175 0.012239 0.054318 1 0 1.000000
bgonesoda
  0 -0.149077 1.519959 5.890197 -0.086999 0.994406 0.059895 0.066427 0.058482 1 0 1.000000
  0 -0.148664 1.515232 5.929337 -0.085319 0.975208 0.204181 0.066427 0.054318 1 0 1.000000
  0 0.376820 1.469258 5.929337 0.253369 0.945578 0.204175 0.012239 0.054318 1 0 1.000000
bgonesoda
  0 -0.149077 1.519959 5.890197 -0.086999 0.994406 0.059895 0.066427 0.058482 1 0 1.000000
  0 0.376820 1.469258 5.929337 0.253369 0.945578 0.204175 0.012239 0.054318 1 0 1.000000
  0 0.378048 1.473841 5.890197 0.258356 0.964191 0.059891 0.012239 0.058482 1 0 1.000000
bgonesoda
  0 -0.149077 1.519959 0.234234 -0.087154 0.996195 0.000000 0.066427 0.655757 1 0 1.000000
  0 -0.149077 1.519959 5.890197 -0.086999 0.994406 0.059895 0.066427 0.058482 1 0 1.000000
  0 0.378048 1.473841 5.890197 0.258356 0.964191 0.059891 0.012239 0.058482 1 0 1.000000
bgonesoda
  0 -0.149077 1.519959 0.234234 -0.087154 0.996195 0.000000 0.066427 0.655757 1 0 1.000000
  0 0.378048 1.473841 5.890197 0.258356 0.964191 0.059891 0.012239 0.058482 1 0 1.000000
  0 0.378048 1.473841 0.234234 0.258820 0.965926 0.000000 0.012239 0.655757 1 0 1.000000
bgonesoda
  0 -1.093632 1.079506 0.234234 -0.707106 0.707107 0.000000 0.174803 0.655757 1 0 1.000000
  0 -0.660187 1.383008 5.890197 -0.421860 0.904681 0.059891 0.120615 0.058482 1 0 1.000000
  0 -0.660187 1.383007 0.234234 -0.422617 0.906308 0.000000 0.120615 0.655757 1 0 1.000000
bgonesoda
  0 -1.093632 1.079506 0.234234 -0.707106 0.707107 0.000000 0.174803 0.655757 1 0 1.000000
  0 -1.093632 1.079506 5.890197 -0.705839 0.705836 0.059892 0.174803 0.058482 1 0 1.000000
  0 -0.660187 1.383008 5.890197 -0.421860 0.904681 0.059891 0.120615 0.058482 1 0 1.000000
bgonesoda
  0 -1.397133 0.646060 0.234234 -0.906307 0.422619 0.000000 0.228991 0.655757 1 0 1.000000
  0 -1.093632 1.079506 5.890197 -0.705839 0.705836 0.059892 0.174803 0.058482 1 0 1.000000
  0 -1.093632 1.079506 0.234234 -0.707106 0.707107 0.000000 0.174803 0.655757 1 0 1.000000
bgonesoda
  0 -1.397133 0.646060 0.234234 -0.906307 0.422619 0.000000 0.228991 0.655757 1 0 1.000000
  0 -1.397133 0.646061 5.890197 -0.904681 0.421859 0.059892 0.228991 0.058482 1 0 1.000000
  0 -1.093632 1.079506 5.890197 -0.705839 0.705836 0.059892 0.174803 0.058482 1 0 1.000000
bgonesoda
  0 -1.534085 0.134951 0.234235 -0.996195 0.087157 0.000000 0.283179 0.655757 1 0 1.000000
  0 -1.397133 0.646061 5.890197 -0.904681 0.421859 0.059892 0.228991 0.058482 1 0 1.000000
  0 -1.397133 0.646060 0.234234 -0.906307 0.422619 0.000000 0.228991 0.655757 1 0 1.000000
bgonesoda
  0 -1.534085 0.134951 0.234235 -0.996195 0.087157 0.000000 0.283179 0.655757 1 0 1.000000
  0 -1.534085 0.134952 5.890197 -0.994406 0.087001 0.059894 0.283179 0.058482 1 0 1.000000
  0 -1.397133 0.646061 5.890197 -0.904681 0.421859 0.059892 0.228991 0.058482 1 0 1.000000
bgonesoda
  0 -1.487967 -0.392174 0.234235 -0.965926 -0.258818 0.000000 0.337366 0.655757 1 0 1.000000
  0 -1.534085 0.134952 5.890197 -0.994406 0.087001 0.059894 0.283179 0.058482 1 0 1.000000
  0 -1.534085 0.134951 0.234235 -0.996195 0.087157 0.000000 0.283179 0.655757 1 0 1.000000
bgonesoda
  0 -1.487967 -0.392174 0.234235 -0.965926 -0.258818 0.000000 0.337366 0.655757 1 0 1.000000
  0 -1.487967 -0.392174 5.890197 -0.964192 -0.258355 0.059894 0.337366 0.058482 1 0 1.000000
  0 -1.534085 0.134952 5.890197 -0.994406 0.087001 0.059894 0.283179 0.058482 1 0 1.000000
bgonesoda
  0 -1.264344 -0.871737 0.234235 -0.819152 -0.573576 0.000000 0.391554 0.655757 1 0 1.000000
  0 -1.487967 -0.392174 5.890197 -0.964192 -0.258355 0.059894 0.337366 0.058482 1 0 1.000000
  0 -1.487967 -0.392174 0.234235 -0.965926 -0.258818 0.000000 0.337366 0.655757 1 0 1.000000
bgonesoda
  0 -1.264344 -0.871737 0.234235 -0.819152 -0.573576 0.000000 0.391554 0.655757 1 0 1.000000
  0 -1.264344 -0.871737 5.890197 -0.817684 -0.572544 0.059890 0.391554 0.058482 1 0 1.000000
  0 -1.487967 -0.392174 5.890197 -0.964192 -0.258355 0.059894 0.337366 0.058482 1 0 1.000000
bgonesoda
  0 -0.890186 -1.245895 0.234235 -0.573578 -0.819151 0.000000 0.446053 0.655757 1 0 1.000000
  0 -1.264344 -0.871737 5.890197 -0.817684 -0.572544 0.059890 0.391554 0.058482 1 0 1.000000
  0 -1.264344 -0.871737 0.234235 -0.819152 -0.573576 0.000000 0.391554 0.655757 1 0 1.000000
bgonesoda
  0 -0.890186 -1.245895 0.234235 -0.573578 -0.819151 0.000000 0.446053 0.655757 1 0 1.000000
  0 -0.890186 -1.245894 5.890197 -0.572545 -0.817682 0.059896 0.446053 0.058482 1 0 1.000000
  0 -1.264344 -0.871737 5.890197 -0.817684 -0.572544 0.059890 0.391554 0.058482 1 0 1.000000
bgonesoda
  0 -0.410623 -1.469519 0.234235 -0.258820 -0.965926 0.000000 0.500219 0.655757 1 0 1.000000
  0 -0.890186 -1.245894 5.890197 -0.572545 -0.817682 0.059896 0.446053 0.058482 1 0 1.000000
  0 -0.890186 -1.245895 0.234235 -0.573578 -0.819151 0.000000 0.446053 0.655757 1 0 1.000000
bgonesoda
  0 -0.410623 -1.469519 0.234235 -0.258820 -0.965926 0.000000 0.500219 0.655757 1 0 1.000000
  0 -0.410623 -1.469519 5.890197 -0.258352 -0.964193 0.059892 0.500219 0.058482 1 0 1.000000
  0 -0.890186 -1.245894 5.890197 -0.572545 -0.817682 0.059896 0.446053 0.058482 1 0 1.000000
bgonesoda
  0 0.116503 -1.515636 0.234235 0.087155 -0.996195 0.000000 0.554385 0.655757 1 0 1.000000
  0 -0.410623 -1.469519 5.890197 -0.258352 -0.964193 0.059892 0.500219 0.058482 1 0 1.000000
  0 -0.410623 -1.469519 0.234235 -0.258820 -0.965926 0.000000 0.500219 0.655757 1 0 1.000000
bgonesoda
  0 0.116503 -1.515636 0.234235 0.087155 -0.996195 0.000000 0.554385 0.655757 1 0 1.000000
  0 0.116503 -1.515636 5.890197 0.087001 -0.994406 0.059890 0.554385 0.058482 1 0 1.000000
  0 -0.410623 -1.469519 5.890197 -0.258352 -0.964193 0.059892 0.500219 0.058482 1 0 1.000000
bgonesoda
  0 0.627612 -1.378685 0.234235 0.422617 -0.906308 0.000000 0.608883 0.655757 1 0 1.000000
  0 0.116503 -1.515636 5.890197 0.087001 -0.994406 0.059890 0.554385 0.058482 1 0 1.000000
  0 0.116503 -1.515636 0.234235 0.087155 -0.996195 0.000000 0.554385 0.655757 1 0 1.000000
bgonesoda
  0 0.627612 -1.378685 0.234235 0.422617 -0.906308 0.000000 0.608883 0.655757 1 0 1.000000
  0 0.627612 -1.378685 5.890197 0.421859 -0.904681 0.059892 0.608883 0.058482 1 0 1.000000
  0 0.116503 -1.515636 5.890197 0.087001 -0.994406 0.059890 0.554385 0.058482 1 0 1.000000
bgonesoda
  0 -0.190681 0.910649 6.402314 -0.276074 0.956037 -0.098878 0.804226 0.962510 1 0 1.000000
  0 -0.006343 0.951614 6.358353 -0.028692 0.966105 -0.256552 0.837020 0.981624 1 0 1.000000
  0 -0.183576 0.900918 6.359276 -0.267988 0.927957 -0.258994 0.804646 0.962099 1 0 1.000000
bgonesoda
  0 -0.190681 0.910649 6.402314 -0.276074 0.956037 -0.098878 0.804226 0.962510 1 0 1.000000
  0 -0.009135 0.963145 6.401734 -0.043195 0.994007 -0.100422 0.836766 0.982161 1 0 1.000000
  0 -0.006343 0.951614 6.358353 -0.028692 0.966105 -0.256552 0.837020 0.981624 1 0 1.000000
bgonesoda
  0 -0.009135 0.963145 6.401734 -0.043195 0.994007 -0.100422 0.836766 0.982161 1 0 1.000000
  0 0.225249 0.903586 6.358221 0.251138 0.937404 -0.241255 0.885406 0.984413 1 0 1.000000
  0 -0.006343 0.951614 6.358353 -0.028692 0.966105 -0.256552 0.837020 0.981624 1 0 1.000000
bgonesoda
  0 -0.009135 0.963145 6.401734 -0.043195 0.994007 -0.100422 0.836766 0.982161 1 0 1.000000
  0 0.228050 0.914040 6.401651 0.257540 0.961426 -0.096614 0.885406 0.984968 1 0 1.000000
  0 0.225249 0.903586 6.358221 0.251138 0.937404 -0.241255 0.885406 0.984413 1 0 1.000000
bgonesoda
  0 0.228050 0.914040 6.401651 0.257540 0.961426 -0.096614 0.885406 0.984968 1 0 1.000000
  0 0.449827 0.829384 6.358353 0.507889 0.822306 -0.256636 0.933792 0.981624 1 0 1.000000
  0 0.225249 0.903586 6.358221 0.251138 0.937404 -0.241255 0.885406 0.984413 1 0 1.000000
bgonesoda
  0 0.228050 0.914040 6.401651 0.257540 0.961426 -0.096614 0.885406 0.984968 1 0 1.000000
  0 0.458010 0.837974 6.401734 0.534162 0.839326 -0.101010 0.934046 0.982161 1 0 1.000000
  0 0.449827 0.829384 6.358353 0.507889 0.822306 -0.256636 0.933792 0.981624 1 0 1.000000
bgonesoda
  0 0.458010 0.837974 6.401734 0.534162 0.839326 -0.101010 0.934046 0.982161 1 0 1.000000
  0 0.577967 0.696863 6.359276 0.696082 0.669645 -0.258931 0.966166 0.962099 1 0 1.000000
  0 0.449827 0.829384 6.358353 0.507889 0.822306 -0.256636 0.933792 0.981624 1 0 1.000000
bgonesoda
  0 0.458010 0.837974 6.401734 0.534162 0.839326 -0.101010 0.934046 0.982161 1 0 1.000000
  0 0.588986 0.701738 6.402314 0.717125 0.689880 -0.098982 0.966586 0.962510 1 0 1.000000
  0 0.577967 0.696863 6.359276 0.696082 0.669645 -0.258931 0.966166 0.962099 1 0 1.000000
bgonesoda
  0 0.588986 0.701738 6.402314 0.986072 -0.142105 -0.086415 0.966586 0.962510 1 0 1.000000
  0 0.544286 0.469325 6.361285 0.929451 -0.262687 -0.259068 0.971821 0.915072 1 0 1.000000
  0 0.577967 0.696863 6.359276 0.957922 -0.140012 -0.250562 0.966166 0.962099 1 0 1.000000
bgonesoda
  0 0.588986 0.701738 6.402314 0.986072 -0.142105 -0.086415 0.966586 0.962510 1 0 1.000000
  0 0.556029 0.467339 6.403647 0.960486 -0.273187 -0.053249 0.972394 0.915294 1 0 1.000000
  0 0.544286 0.469325 6.361285 0.929451 -0.262687 -0.259068 0.971821 0.915072 1 0 1.000000
bgonesoda
  0 0.556029 0.467339 6.403647 0.960486 -0.273187 -0.053249 0.972394 0.915294 1 0 1.000000
  0 0.428584 0.186782 6.383118 0.900370 -0.431069 -0.059278 0.961755 0.853980 1 0 1.000000
  0 0.544286 0.469325 6.361285 0.929451 -0.262687 -0.259068 0.971821 0.915072 1 0 1.000000
bgonesoda
  0 -1.344179 -0.353646 0.000000 0.000000 0.000000 -1.000000 0.523416 0.956198 1 0 1.000000
  0 -0.804803 -1.123955 0.000000 0.000000 0.000000 -1.000000 0.439544 0.957165 1 0 1.000000
  0 -1.142404 -0.786354 0.000000 0.000000 0.000000 -1.000000 0.481654 0.964030 1 0 1.000000
bgonesoda
  0 -1.385790 0.121977 0.000000 0.000000 0.000000 -1.000000 0.559991 0.934664 1 0 1.000000
  0 -0.870500 -0.641878 0.000000 0.000000 0.000000 -1.000000 0.478006 0.936817 1 0 1.000000
  0 -1.344179 -0.353646 0.000000 0.000000 0.000000 -1.000000 0.523416 0.956198 1 0 1.000000
bgonesoda
  0 -1.344179 -0.353646 0.000000 0.000000 0.000000 -1.000000 0.523416 0.956198 1 0 1.000000
  0 -0.870500 -0.641878 0.000000 0.000000 0.000000 -1.000000 0.478006 0.936817 1 0 1.000000
  0 -0.804803 -1.123955 0.000000 0.000000 0.000000 -1.000000 0.439544 0.957165 1 0 1.000000
bgonesoda
  0 -0.870500 -0.641878 0.000000 0.000000 0.000000 -1.000000 0.478006 0.936817 1 0 1.000000
  0 -0.372095 -1.325730 0.000000 0.000000 0.000000 -1.000000 0.402168 0.936150 1 0 1.000000
  0 -0.804803 -1.123955 0.000000 0.000000 0.000000 -1.000000 0.439544 0.957165 1 0 1.000000
bgonesoda
  0 -1.262220 0.583149 0.000000 0.000000 0.000000 -1.000000 0.587056 0.901992 1 0 1.000000
  0 -0.824802 -0.084362 0.000000 0.000000 0.000000 -1.000000 0.516114 0.904643 1 0 1.000000
  0 -1.385790 0.121977 0.000000 0.000000 0.000000 -1.000000 0.559991 0.934664 1 0 1.000000
bgonesoda
  0 -1.385790 0.121977 0.000000 0.000000 0.000000 -1.000000 0.559991 0.934664 1 0 1.000000
  0 -0.824802 -0.084362 0.000000 0.000000 0.000000 -1.000000 0.516114 0.904643 1 0 1.000000
  0 -0.870500 -0.641878 0.000000 0.000000 0.000000 -1.000000 0.478006 0.936817 1 0 1.000000
bgonesoda
  0 -0.824802 -0.084362 0.000000 0.000000 0.000000 -1.000000 0.516114 0.904643 1 0 1.000000
  0 -0.248524 -0.864558 0.000000 0.000000 0.000000 -1.000000 0.429531 0.903128 1 0 1.000000
  0 -0.870500 -0.641878 0.000000 0.000000 0.000000 -1.000000 0.478006 0.936817 1 0 1.000000
bgonesoda
  0 -0.870500 -0.641878 0.000000 0.000000 0.000000 -1.000000 0.478006 0.936817 1 0 1.000000
  0 -0.248524 -0.864558 0.000000 0.000000 0.000000 -1.000000 0.429531 0.903128 1 0 1.000000
  0 -0.372095 -1.325730 0.000000 0.000000 0.000000 -1.000000 0.402168 0.936150 1 0 1.000000
bgonesoda
  0 -0.248524 -0.864558 0.000000 0.000000 0.000000 -1.000000 0.429531 0.903128 1 0 1.000000
  0 0.103529 -1.367342 0.000000 0.000000 0.000000 -1.000000 0.374575 0.903328 1 0 1.000000
  0 -0.372095 -1.325730 0.000000 0.000000 0.000000 -1.000000 0.402168 0.936150 1 0 1.000000
bgonesoda
  0 -0.248524 -0.864558 0.000000 0.000000 0.000000 -1.000000 0.429531 0.903128 1 0 1.000000
  0 0.401463 -0.982700 0.000000 0.000000 0.000000 -1.000000 0.387422 0.861757 1 0 1.000000
  0 0.103529 -1.367342 0.000000 0.000000 0.000000 -1.000000 0.374575 0.903328 1 0 1.000000
bgonesoda
  0 0.401463 -0.982700 0.000000 0.000000 0.000000 -1.000000 0.387422 0.861757 1 0 1.000000
  0 0.564700 -1.243771 0.000000 0.000000 0.000000 -1.000000 0.360006 0.863228 1 0 1.000000
  0 0.103529 -1.367342 0.000000 0.000000 0.000000 -1.000000 0.374575 0.903328 1 0 1.000000
bgonesoda
  0 0.401463 -0.982700 0.000000 0.000000 0.000000 -1.000000 0.387422 0.861757 1 0 1.000000
  0 0.955797 -0.969923 0.000000 0.000000 0.000000 -1.000000 0.359942 0.820739 1 0 1.000000
  0 0.564700 -1.243771 0.000000 0.000000 0.000000 -1.000000 0.360006 0.863228 1 0 1.000000
bgonesoda
  0 0.640646 -0.477027 0.000000 0.000000 0.000000 -1.000000 0.411955 0.818336 1 0 1.000000
  0 0.955797 -0.969923 0.000000 0.000000 0.000000 -1.000000 0.359942 0.820739 1 0 1.000000
  0 0.401463 -0.982700 0.000000 0.000000 0.000000 -1.000000 0.387422 0.861757 1 0 1.000000
bgonesoda
  0 0.640646 -0.477027 0.000000 0.000000 0.000000 -1.000000 0.411955 0.818336 1 0 1.000000
  0 1.229645 -0.578827 0.000000 0.000000 0.000000 -1.000000 0.374307 0.780801 1 0 1.000000
  0 0.955797 -0.969923 0.000000 0.000000 0.000000 -1.000000 0.359942 0.820739 1 0 1.000000
bgonesoda
  0 0.792228 0.088684 0.000000 0.000000 0.000000 -1.000000 0.445249 0.778151 1 0 1.000000
  0 1.229645 -0.578827 0.000000 0.000000 0.000000 -1.000000 0.374307 0.780801 1 0 1.000000
  0 0.640646 -0.477027 0.000000 0.000000 0.000000 -1.000000 0.411955 0.818336 1 0 1.000000
bgonesoda
  0 0.792228 0.088684 0.000000 0.000000 0.000000 -1.000000 0.445249 0.778151 1 0 1.000000
  0 1.353216 -0.117655 0.000000 0.000000 0.000000 -1.000000 0.401372 0.748129 1 0 1.000000
  0 1.229645 -0.578827 0.000000 0.000000 0.000000 -1.000000 0.374307 0.780801 1 0 1.000000
bgonesoda
  0 0.837925 0.646200 0.000000 0.000000 0.000000 -1.000000 0.483357 0.745976 1 0 1.000000
  0 1.353216 -0.117655 0.000000 0.000000 0.000000 -1.000000 0.401372 0.748129 1 0 1.000000
  0 0.792228 0.088684 0.000000 0.000000 0.000000 -1.000000 0.445249 0.778151 1 0 1.000000
bgonesoda
  0 0.837925 0.646200 0.000000 0.000000 0.000000 -1.000000 0.483357 0.745976 1 0 1.000000
  0 1.311604 0.357969 0.000000 0.000000 0.000000 -1.000000 0.437947 0.726596 1 0 1.000000
  0 1.353216 -0.117655 0.000000 0.000000 0.000000 -1.000000 0.401372 0.748129 1 0 1.000000
bgonesoda
  0 0.772228 1.128278 0.000000 0.000000 0.000000 -1.000000 0.521819 0.725629 1 0 1.000000
  0 1.311604 0.357969 0.000000 0.000000 0.000000 -1.000000 0.437947 0.726596 1 0 1.000000
  0 0.837925 0.646200 0.000000 0.000000 0.000000 -1.000000 0.483357 0.745976 1 0 1.000000
bgonesoda
  0 0.772228 1.128278 0.000000 0.000000 0.000000 -1.000000 0.521819 0.725629 1 0 1.000000
  0 1.109829 0.790676 0.000000 0.000000 0.000000 -1.000000 0.479709 0.718764 1 0 1.000000
  0 1.311604 0.357969 0.000000 0.000000 0.000000 -1.000000 0.437947 0.726596 1 0 1.000000
bgonesoda
  0 -0.597275 1.248093 0.000000 0.000000 0.000000 -1.000000 0.601357 0.819565 1 0 1.000000
  0 -0.136103 1.371664 0.000000 0.000000 0.000000 -1.000000 0.586788 0.779465 1 0 1.000000
  0 -0.434038 0.987022 0.000000 0.000000 0.000000 -1.000000 0.573941 0.821037 1 0 1.000000
bgonesoda
  0 -0.597275 1.248093 0.000000 0.000000 0.000000 -1.000000 0.601357 0.819565 1 0 1.000000
  0 -0.434038 0.987022 0.000000 0.000000 0.000000 -1.000000 0.573941 0.821037 1 0 1.000000
  0 -0.988371 0.974245 0.000000 0.000000 0.000000 -1.000000 0.601421 0.862055 1 0 1.000000
bgonesoda
  0 -0.988371 0.974245 0.000000 0.000000 0.000000 -1.000000 0.601421 0.862055 1 0 1.000000
  0 -0.434038 0.987022 0.000000 0.000000 0.000000 -1.000000 0.573941 0.821037 1 0 1.000000
  0 -0.673220 0.481349 0.000000 0.000000 0.000000 -1.000000 0.549408 0.864458 1 0 1.000000
bgonesoda
  0 -0.988371 0.974245 0.000000 0.000000 0.000000 -1.000000 0.601421 0.862055 1 0 1.000000
  0 -0.673220 0.481349 0.000000 0.000000 0.000000 -1.000000 0.549408 0.864458 1 0 1.000000
  0 -1.262220 0.583149 0.000000 0.000000 0.000000 -1.000000 0.587056 0.901992 1 0 1.000000
bgonesoda
  0 -1.262220 0.583149 0.000000 0.000000 0.000000 -1.000000 0.587056 0.901992 1 0 1.000000
  0 -0.673220 0.481349 0.000000 0.000000 0.000000 -1.000000 0.549408 0.864458 1 0 1.000000
  0 -0.824802 -0.084362 0.000000 0.000000 0.000000 -1.000000 0.516114 0.904643 1 0 1.000000
bgonesoda
  0 -0.673220 0.481349 0.000000 0.000000 0.000000 -1.000000 0.549408 0.864458 1 0 1.000000
  0 -0.096942 -0.298847 0.000000 0.000000 0.000000 -1.000000 0.462933 0.862817 1 0 1.000000
  0 -0.824802 -0.084362 0.000000 0.000000 0.000000 -1.000000 0.516114 0.904643 1 0 1.000000
bgonesoda
  0 -0.824802 -0.084362 0.000000 0.000000 0.000000 -1.000000 0.516114 0.904643 1 0 1.000000
  0 -0.096942 -0.298847 0.000000 0.000000 0.000000 -1.000000 0.462933 0.862817 1 0 1.000000
  0 -0.248524 -0.864558 0.000000 0.000000 0.000000 -1.000000 0.429531 0.903128 1 0 1.000000
bgonesoda
  0 -0.096942 -0.298847 0.000000 0.000000 0.000000 -1.000000 0.462933 0.862817 1 0 1.000000
  0 0.401463 -0.982700 0.000000 0.000000 0.000000 -1.000000 0.387422 0.861757 1 0 1.000000
  0 -0.248524 -0.864558 0.000000 0.000000 0.000000 -1.000000 0.429531 0.903128 1 0 1.000000
bgonesoda
  0 -0.096942 -0.298847 0.000000 0.000000 0.000000 -1.000000 0.462933 0.862817 1 0 1.000000
  0 0.640646 -0.477027 0.000000 0.000000 0.000000 -1.000000 0.411955 0.818336 1 0 1.000000
  0 0.401463 -0.982700 0.000000 0.000000 0.000000 -1.000000 0.387422 0.861757 1 0 1.000000
bgonesoda
  0 0.064368 0.303170 0.000000 0.000000 0.000000 -1.000000 0.498430 0.819976 1 0 1.000000
  0 0.640646 -0.477027 0.000000 0.000000 0.000000 -1.000000 0.411955 0.818336 1 0 1.000000
  0 -0.096942 -0.298847 0.000000 0.000000 0.000000 -1.000000 0.462933 0.862817 1 0 1.000000
bgonesoda
  0 0.064368 0.303170 0.000000 0.000000 0.000000 -1.000000 0.498430 0.819976 1 0 1.000000
  0 0.792228 0.088684 0.000000 0.000000 0.000000 -1.000000 0.445249 0.778151 1 0 1.000000
  0 0.640646 -0.477027 0.000000 0.000000 0.000000 -1.000000 0.411955 0.818336 1 0 1.000000
bgonesoda
  0 0.215949 0.868881 0.000000 0.000000 0.000000 -1.000000 0.531832 0.779666 1 0 1.000000
  0 0.792228 0.088684 0.000000 0.000000 0.000000 -1.000000 0.445249 0.778151 1 0 1.000000
  0 0.064368 0.303170 0.000000 0.000000 0.000000 -1.000000 0.498430 0.819976 1 0 1.000000
bgonesoda
  0 0.215949 0.868881 0.000000 0.000000 0.000000 -1.000000 0.531832 0.779666 1 0 1.000000
  0 0.837925 0.646200 0.000000 0.000000 0.000000 -1.000000 0.483357 0.745976 1 0 1.000000
  0 0.792228 0.088684 0.000000 0.000000 0.000000 -1.000000 0.445249 0.778151 1 0 1.000000
bgonesoda
  0 0.339520 1.330052 0.000000 0.000000 0.000000 -1.000000 0.559195 0.746644 1 0 1.000000
  0 0.837925 0.646200 0.000000 0.000000 0.000000 -1.000000 0.483357 0.745976 1 0 1.000000
  0 0.215949 0.868881 0.000000 0.000000 0.000000 -1.000000 0.531832 0.779666 1 0 1.000000
bgonesoda
  0 0.339520 1.330052 0.000000 0.000000 0.000000 -1.000000 0.559195 0.746644 1 0 1.000000
  0 0.772228 1.128278 0.000000 0.000000 0.000000 -1.000000 0.521819 0.725629 1 0 1.000000
  0 0.837925 0.646200 0.000000 0.000000 0.000000 -1.000000 0.483357 0.745976 1 0 1.000000
bgonesoda
  0 -0.673220 0.481349 0.000000 0.000000 0.000000 -1.000000 0.549408 0.864458 1 0 1.000000
  0 0.064368 0.303170 0.000000 0.000000 0.000000 -1.000000 0.498430 0.819976 1 0 1.000000
  0 -0.096942 -0.298847 0.000000 0.000000 0.000000 -1.000000 0.462933 0.862817 1 0 1.000000
bgonesoda
  0 -0.434038 0.987022 0.000000 0.000000 0.000000 -1.000000 0.573941 0.821037 1 0 1.000000
  0 0.064368 0.303170 0.000000 0.000000 0.000000 -1.000000 0.498430 0.819976 1 0 1.000000
  0 -0.673220 0.481349 0.000000 0.000000 0.000000 -1.000000 0.549408 0.864458 1 0 1.000000
bgonesoda
  0 -0.434038 0.987022 0.000000 0.000000 0.000000 -1.000000 0.573941 0.821037 1 0 1.000000
  0 0.215949 0.868881 0.000000 0.000000 0.000000 -1.000000 0.531832 0.779666 1 0 1.000000
  0 0.064368 0.303170 0.000000 0.000000 0.000000 -1.000000 0.498430 0.819976 1 0 1.000000
bgonesoda
  0 -0.136103 1.371664 0.000000 0.000000 0.000000 -1.000000 0.586788 0.779465 1 0 1.000000
  0 0.215949 0.868881 0.000000 0.000000 0.000000 -1.000000 0.531832 0.779666 1 0 1.000000
  0 -0.434038 0.987022 0.000000 0.000000 0.000000 -1.000000 0.573941 0.821037 1 0 1.000000
bgonesoda
  0 -0.136103 1.371664 0.000000 0.000000 0.000000 -1.000000 0.586788 0.779465 1 0 1.000000
  0 0.339520 1.330052 0.000000 0.000000 0.000000 -1.000000 0.559195 0.746644 1 0 1.000000
  0 0.215949 0.868881 0.000000 0.000000 0.000000 -1.000000 0.531832 0.779666 1 0 1.000000
bgonesoda
  0 -0.259395 0.069307 6.434288 -0.086063 -0.031260 0.995799 0.834676 0.795492 1 0 1.000000
  0 -0.205784 0.217152 6.436595 -0.024796 -0.022646 0.999436 0.837396 0.827008 1 0 1.000000
  0 -0.301721 0.365563 6.437736 -0.041275 -0.007427 0.999120 0.811029 0.850849 1 0 1.000000
bgonesoda
  0 -0.205784 0.217152 6.436595 -0.024796 -0.022646 0.999436 0.837396 0.827008 1 0 1.000000
  0 -0.125700 0.315772 6.438285 -0.004445 -0.010637 0.999934 0.847821 0.850338 1 0 1.000000
  0 -0.301721 0.365563 6.437736 -0.041275 -0.007427 0.999120 0.811029 0.850849 1 0 1.000000
bgonesoda
  0 -0.205784 0.217152 6.436595 -0.024796 -0.022646 0.999436 0.837396 0.827008 1 0 1.000000
  0 -0.094199 0.249716 6.437483 -0.002733 -0.026148 0.999654 0.857381 0.839144 1 0 1.000000
  0 -0.125700 0.315772 6.438285 -0.004445 -0.010637 0.999934 0.847821 0.850338 1 0 1.000000
bgonesoda
  0 -0.094199 0.249716 6.437483 -0.002733 -0.026148 0.999654 0.857381 0.839144 1 0 1.000000
  0 0.054743 0.267321 6.438287 -0.002927 -0.010928 0.999936 0.885402 0.850319 1 0 1.000000
  0 -0.125700 0.315772 6.438285 -0.004445 -0.010637 0.999934 0.847821 0.850338 1 0 1.000000
bgonesoda
  0 0.531647 0.681068 6.442451 0.016595 -0.001477 0.999861 0.956521 0.955534 1 0 1.000000
  0 0.503918 0.491119 6.440938 0.013904 -0.011452 0.999838 0.961023 0.917185 1 0 1.000000
  0 0.552939 0.466655 6.439800 0.012992 -0.011597 0.999848 0.971821 0.914984 1 0 1.000000
bgonesoda
  0 0.503918 0.491119 6.440938 0.013904 -0.011452 0.999838 0.961023 0.917185 1 0 1.000000
  0 0.412569 0.174170 6.437736 0.012890 -0.021634 0.999683 0.959775 0.850849 1 0 1.000000
  0 0.552939 0.466655 6.439800 0.012992 -0.011597 0.999848 0.971821 0.914984 1 0 1.000000
bgonesoda
  0 0.503918 0.491119 6.440938 0.013904 -0.011452 0.999838 0.961023 0.917185 1 0 1.000000
  0 0.382156 0.321550 6.439388 0.004761 -0.011558 0.999922 0.946193 0.877900 1 0 1.000000
  0 0.412569 0.174170 6.437736 0.012890 -0.021634 0.999683 0.959775 0.850849 1 0 1.000000
bgonesoda
  0 0.382156 0.321550 6.439388 0.004761 -0.011558 0.999922 0.946193 0.877900 1 0 1.000000
  0 0.235219 0.219064 6.438285 -0.001504 -0.011591 0.999932 0.922980 0.850338 1 0 1.000000
  0 0.412569 0.174170 6.437736 0.012890 -0.021634 0.999683 0.959775 0.850849 1 0 1.000000
bgonesoda
  0 0.382156 0.321550 6.439388 0.004761 -0.011558 0.999922 0.946193 0.877900 1 0 1.000000
  0 0.229543 0.284367 6.438789 -0.001288 -0.009007 0.999959 0.918477 0.862731 1 0 1.000000
  0 0.235219 0.219064 6.438285 -0.001504 -0.011591 0.999932 0.922980 0.850338 1 0 1.000000
bgonesoda
  0 0.229543 0.284367 6.438789 -0.001288 -0.009007 0.999959 0.918477 0.862731 1 0 1.000000
  0 0.054743 0.267321 6.438287 -0.002927 -0.010928 0.999936 0.885402 0.850319 1 0 1.000000
  0 0.235219 0.219064 6.438285 -0.001504 -0.011591 0.999932 0.922980 0.850338 1 0 1.000000
bgonesoda
  0 0.041913 0.221041 6.437594 -0.008541 -0.031827 0.999457 0.885319 0.840659 1 0 1.000000
  0 0.235219 0.219064 6.438285 -0.001504 -0.011591 0.999932 0.922980 0.850338 1 0 1.000000
  0 0.054743 0.267321 6.438287 -0.002927 -0.010928 0.999936 0.885402 0.850319 1 0 1.000000
bgonesoda
  0 -0.094199 0.249716 6.437483 -0.002733 -0.026148 0.999654 0.857381 0.839144 1 0 1.000000
  0 0.041913 0.221041 6.437594 -0.008541 -0.031827 0.999457 0.885319 0.840659 1 0 1.000000
  0 0.054743 0.267321 6.438287 -0.002927 -0.010928 0.999936 0.885402 0.850319 1 0 1.000000
bgonesoda
  0 -0.065117 0.194434 6.435006 -0.004825 -0.046888 0.998889 0.865909 0.829917 1 0 1.000000
  0 0.041913 0.221041 6.437594 -0.008541 -0.031827 0.999457 0.885319 0.840659 1 0 1.000000
  0 -0.094199 0.249716 6.437483 -0.002733 -0.026148 0.999654 0.857381 0.839144 1 0 1.000000
bgonesoda
  0 -0.146715 0.161760 6.434262 0.011967 -0.031828 0.999422 0.851756 0.819321 1 0 1.000000
  0 -0.065117 0.194434 6.435006 -0.004825 -0.046888 0.998889 0.865909 0.829917 1 0 1.000000
  0 -0.094199 0.249716 6.437483 -0.002733 -0.026148 0.999654 0.857381 0.839144 1 0 1.000000
bgonesoda
  0 -0.146715 0.161760 6.434262 0.011967 -0.031828 0.999422 0.851756 0.819321 1 0 1.000000
  0 -0.094199 0.249716 6.437483 -0.002733 -0.026148 0.999654 0.857381 0.839144 1 0 1.000000
  0 -0.205784 0.217152 6.436595 -0.024796 -0.022646 0.999436 0.837396 0.827008 1 0 1.000000
bgonesoda
  0 -0.199742 0.051312 6.432562 0.023524 -0.018529 0.999552 0.847203 0.795101 1 0 1.000000
  0 -0.146715 0.161760 6.434262 0.011967 -0.031828 0.999422 0.851756 0.819321 1 0 1.000000
  0 -0.205784 0.217152 6.436595 -0.024796 -0.022646 0.999436 0.837396 0.827008 1 0 1.000000
bgonesoda
  0 -0.199742 0.051312 6.432562 0.023524 -0.018529 0.999552 0.847203 0.795101 1 0 1.000000
  0 -0.205784 0.217152 6.436595 -0.024796 -0.022646 0.999436 0.837396 0.827008 1 0 1.000000
  0 -0.259395 0.069307 6.434288 -0.086063 -0.031260 0.995799 0.834676 0.795492 1 0 1.000000
bgonesoda
  0 -0.204913 -0.071959 6.430863 0.025029 -0.003800 0.999680 0.852616 0.770881 1 0 1.000000
  0 -0.199742 0.051312 6.432562 0.023524 -0.018529 0.999552 0.847203 0.795101 1 0 1.000000
  0 -0.259395 0.069307 6.434288 -0.086063 -0.031260 0.995799 0.834676 0.795492 1 0 1.000000
bgonesoda
  0 -0.204913 -0.071959 6.430863 0.025029 -0.003800 0.999680 0.852616 0.770881 1 0 1.000000
  0 -0.259395 0.069307 6.434288 -0.086063 -0.031260 0.995799 0.834676 0.795492 1 0 1.000000
  0 -0.252158 -0.090898 6.432036 -0.140205 -0.082620 0.986669 0.844423 0.764742 1 0 1.000000
bgonesoda
  0 -0.151007 -0.140940 6.430119 0.014910 0.013066 0.999803 0.866681 0.760285 1 0 1.000000
  0 -0.204913 -0.071959 6.430863 0.025029 -0.003800 0.999680 0.852616 0.770881 1 0 1.000000
  0 -0.252158 -0.090898 6.432036 -0.140205 -0.082620 0.986669 0.844423 0.764742 1 0 1.000000
bgonesoda
  0 -0.151007 -0.140940 6.430119 0.014910 0.013066 0.999803 0.866681 0.760285 1 0 1.000000
  0 -0.252158 -0.090898 6.432036 -0.140205 -0.082620 0.986669 0.844423 0.764742 1 0 1.000000
  0 -0.181527 -0.178202 6.431064 -0.103433 -0.130077 0.986094 0.862691 0.751456 1 0 1.000000
bgonesoda
  0 -0.063035 -0.172303 6.430013 0.005218 0.019259 0.999801 0.885406 0.758771 1 0 1.000000
  0 -0.151007 -0.140940 6.430119 0.014910 0.013066 0.999803 0.866681 0.760285 1 0 1.000000
  0 -0.181527 -0.178202 6.431064 -0.103433 -0.130077 0.986094 0.862691 0.751456 1 0 1.000000
bgonesoda
  0 0.041913 0.221041 6.437594 -0.008541 -0.031827 0.999457 0.885319 0.840659 1 0 1.000000
  0 0.173708 0.177930 6.437483 -0.010622 -0.024004 0.999655 0.913170 0.839144 1 0 1.000000
  0 0.235219 0.219064 6.438285 -0.001504 -0.011591 0.999932 0.922980 0.850338 1 0 1.000000
bgonesoda
  0 0.173708 0.177930 6.437483 -0.010622 -0.024004 0.999655 0.913170 0.839144 1 0 1.000000
  0 0.412569 0.174170 6.437736 0.012890 -0.021634 0.999683 0.959775 0.850849 1 0 1.000000
  0 0.235219 0.219064 6.438285 -0.001504 -0.011591 0.999932 0.922980 0.850338 1 0 1.000000
bgonesoda
  0 0.173708 0.177930 6.437483 -0.010622 -0.024004 0.999655 0.913170 0.839144 1 0 1.000000
  0 0.253643 0.094049 6.436595 0.009831 -0.031773 0.999447 0.933068 0.827008 1 0 1.000000
  0 0.412569 0.174170 6.437736 0.012890 -0.021634 0.999683 0.959775 0.850849 1 0 1.000000
bgonesoda
  0 0.253643 0.094049 6.436595 0.009831 -0.031773 0.999447 0.933068 0.827008 1 0 1.000000
  0 0.298349 -0.069401 6.424577 0.636449 -0.411320 0.652494 0.949911 0.797333 1 0 1.000000
  0 0.412569 0.174170 6.437736 0.012890 -0.021634 0.999683 0.959775 0.850849 1 0 1.000000
bgonesoda
  0 0.253643 0.094049 6.436595 0.009831 -0.031773 0.999447 0.933068 0.827008 1 0 1.000000
  0 0.226620 -0.060920 6.434288 0.042285 -0.049572 0.997875 0.935885 0.795492 1 0 1.000000
  0 0.298349 -0.069401 6.424577 0.636449 -0.411320 0.652494 0.949911 0.797333 1 0 1.000000
bgonesoda
  0 0.226620 -0.060920 6.434288 0.042285 -0.049572 0.997875 0.935885 0.795492 1 0 1.000000
  0 0.173526 -0.237303 6.422848 0.466229 -0.643988 0.606556 0.934572 0.758595 1 0 1.000000
  0 0.298349 -0.069401 6.424577 0.636449 -0.411320 0.652494 0.949911 0.797333 1 0 1.000000
bgonesoda
  0 0.226620 -0.060920 6.434288 0.042285 -0.049572 0.997875 0.935885 0.795492 1 0 1.000000
  0 0.141034 -0.196253 6.432036 0.047468 -0.105025 0.993336 0.926302 0.764742 1 0 1.000000
  0 0.173526 -0.237303 6.422848 0.466229 -0.643988 0.606556 0.934572 0.758595 1 0 1.000000
bgonesoda
  0 0.141034 -0.196253 6.432036 0.047468 -0.105025 0.993336 0.926302 0.764742 1 0 1.000000
  0 0.044616 -0.285705 6.413809 0.076578 -0.882072 0.464850 0.912110 0.742620 1 0 1.000000
  0 0.173526 -0.237303 6.422848 0.466229 -0.643988 0.606556 0.934572 0.758595 1 0 1.000000
bgonesoda
  0 0.141034 -0.196253 6.432036 0.047468 -0.105025 0.993336 0.926302 0.764742 1 0 1.000000
  0 0.036580 -0.236644 6.431064 0.008164 -0.147344 0.989052 0.908110 0.751456 1 0 1.000000
  0 0.044616 -0.285705 6.413809 0.076578 -0.882072 0.464850 0.912110 0.742620 1 0 1.000000
bgonesoda
  0 0.036580 -0.236644 6.431064 0.008164 -0.147344 0.989052 0.908110 0.751456 1 0 1.000000
  0 -0.087016 -0.261800 6.422015 -0.212966 -0.794738 0.568363 0.885406 0.740338 1 0 1.000000
  0 0.044616 -0.285705 6.413809 0.076578 -0.882072 0.464850 0.912110 0.742620 1 0 1.000000
bgonesoda
  0 0.036580 -0.236644 6.431064 0.008164 -0.147344 0.989052 0.908110 0.751456 1 0 1.000000
  0 -0.074889 -0.216544 6.430925 -0.033564 -0.125266 0.991555 0.885406 0.749558 1 0 1.000000
  0 -0.087016 -0.261800 6.422015 -0.212966 -0.794738 0.568363 0.885406 0.740338 1 0 1.000000
bgonesoda
  0 -0.074889 -0.216544 6.430925 -0.033564 -0.125266 0.991555 0.885406 0.749558 1 0 1.000000
  0 -0.212965 -0.216686 6.413809 -0.522753 -0.712877 0.467478 0.858702 0.742620 1 0 1.000000
  0 -0.087016 -0.261800 6.422015 -0.212966 -0.794738 0.568363 0.885406 0.740338 1 0 1.000000
bgonesoda
  0 -0.074889 -0.216544 6.430925 -0.033564 -0.125266 0.991555 0.885406 0.749558 1 0 1.000000
  0 -0.181527 -0.178202 6.431064 -0.103433 -0.130077 0.986094 0.862691 0.751456 1 0 1.000000
  0 -0.212965 -0.216686 6.413809 -0.522753 -0.712877 0.467478 0.858702 0.742620 1 0 1.000000
bgonesoda
  0 -0.181527 -0.178202 6.431064 -0.103433 -0.130077 0.986094 0.862691 0.751456 1 0 1.000000
  0 -0.300777 -0.110537 6.414166 -0.805799 -0.362498 0.468276 0.836236 0.758595 1 0 1.000000
  0 -0.212965 -0.216686 6.413809 -0.522753 -0.712877 0.467478 0.858702 0.742620 1 0 1.000000
bgonesoda
  0 -0.181527 -0.178202 6.431064 -0.103433 -0.130077 0.986094 0.862691 0.751456 1 0 1.000000
  0 -0.252158 -0.090898 6.432036 -0.140205 -0.082620 0.986669 0.844423 0.764742 1 0 1.000000
  0 -0.300777 -0.110537 6.414166 -0.805799 -0.362498 0.468276 0.836236 0.758595 1 0 1.000000
bgonesoda
  0 -0.252158 -0.090898 6.432036 -0.140205 -0.082620 0.986669 0.844423 0.764742 1 0 1.000000
  0 -0.324577 0.097511 6.424577 -0.772668 -0.042980 0.633354 0.820891 0.797333 1 0 1.000000
  0 -0.300777 -0.110537 6.414166 -0.805799 -0.362498 0.468276 0.836236 0.758595 1 0 1.000000
bgonesoda
  0 -0.252158 -0.090898 6.432036 -0.140205 -0.082620 0.986669 0.844423 0.764742 1 0 1.000000
  0 -0.259395 0.069307 6.434288 -0.086063 -0.031260 0.995799 0.834676 0.795492 1 0 1.000000
  0 -0.324577 0.097511 6.424577 -0.772668 -0.042980 0.633354 0.820891 0.797333 1 0 1.000000
bgonesoda
  0 -0.259395 0.069307 6.434288 -0.086063 -0.031260 0.995799 0.834676 0.795492 1 0 1.000000
  0 -0.301721 0.365563 6.437736 -0.041275 -0.007427 0.999120 0.811029 0.850849 1 0 1.000000
  0 -0.324577 0.097511 6.424577 -0.772668 -0.042980 0.633354 0.820891 0.797333 1 0 1.000000
bgonesoda
  0 -0.063035 -0.172303 6.430013 0.005218 0.019259 0.999801 0.885406 0.758771 1 0 1.000000
  0 -0.181527 -0.178202 6.431064 -0.103433 -0.130077 0.986094 0.862691 0.751456 1 0 1.000000
  0 -0.074889 -0.216544 6.430925 -0.033564 -0.125266 0.991555 0.885406 0.749558 1 0 1.000000
bgonesoda
  0 0.028739 -0.189103 6.430119 -0.006618 0.018735 0.999803 0.904112 0.760285 1 0 1.000000
  0 -0.063035 -0.172303 6.430013 0.005218 0.019259 0.999801 0.885406 0.758771 1 0 1.000000
  0 -0.074889 -0.216544 6.430925 -0.033564 -0.125266 0.991555 0.885406 0.749558 1 0 1.000000
bgonesoda
  0 0.028739 -0.189103 6.430119 -0.006618 0.018735 0.999803 0.904112 0.760285 1 0 1.000000
  0 -0.074889 -0.216544 6.430925 -0.033564 -0.125266 0.991555 0.885406 0.749558 1 0 1.000000
  0 0.036580 -0.236644 6.431064 0.008164 -0.147344 0.989052 0.908110 0.751456 1 0 1.000000
bgonesoda
  0 0.109262 -0.156142 6.430863 -0.023436 0.008837 0.999686 0.918041 0.770881 1 0 1.000000
  0 0.028739 -0.189103 6.430119 -0.006618 0.018735 0.999803 0.904112 0.760285 1 0 1.000000
  0 0.036580 -0.236644 6.431064 0.008164 -0.147344 0.989052 0.908110 0.751456 1 0 1.000000
bgonesoda
  0 0.109262 -0.156142 6.430863 -0.023436 0.008837 0.999686 0.918041 0.770881 1 0 1.000000
  0 0.036580 -0.236644 6.431064 0.008164 -0.147344 0.989052 0.908110 0.751456 1 0 1.000000
  0 0.141034 -0.196253 6.432036 0.047468 -0.105025 0.993336 0.926302 0.764742 1 0 1.000000
bgonesoda
  0 0.165024 -0.046426 6.432562 -0.029216 -0.004491 0.999563 0.923163 0.795101 1 0 1.000000
  0 0.109262 -0.156142 6.430863 -0.023436 0.008837 0.999686 0.918041 0.770881 1 0 1.000000
  0 0.141034 -0.196253 6.432036 0.047468 -0.105025 0.993336 0.926302 0.764742 1 0 1.000000
bgonesoda
  0 0.165024 -0.046426 6.432562 -0.029216 -0.004491 0.999563 0.923163 0.795101 1 0 1.000000
  0 0.141034 -0.196253 6.432036 0.047468 -0.105025 0.993336 0.926302 0.764742 1 0 1.000000
  0 0.226620 -0.060920 6.434288 0.042285 -0.049572 0.997875 0.935885 0.795492 1 0 1.000000
bgonesoda
  0 0.173487 0.075963 6.434262 -0.026000 -0.021535 0.999430 0.918436 0.819321 1 0 1.000000
  0 0.165024 -0.046426 6.432562 -0.029216 -0.004491 0.999563 0.923163 0.795101 1 0 1.000000
  0 0.226620 -0.060920 6.434288 0.042285 -0.049572 0.997875 0.935885 0.795492 1 0 1.000000
bgonesoda
  0 0.173487 0.075963 6.434262 -0.026000 -0.021535 0.999430 0.918436 0.819321 1 0 1.000000
  0 0.226620 -0.060920 6.434288 0.042285 -0.049572 0.997875 0.935885 0.795492 1 0 1.000000
  0 0.253643 0.094049 6.436595 0.009831 -0.031773 0.999447 0.933068 0.827008 1 0 1.000000
bgonesoda
  0 0.119903 0.144858 6.435006 -0.019152 -0.042760 0.998902 0.904438 0.829917 1 0 1.000000
  0 0.173487 0.075963 6.434262 -0.026000 -0.021535 0.999430 0.918436 0.819321 1 0 1.000000
  0 0.253643 0.094049 6.436595 0.009831 -0.031773 0.999447 0.933068 0.827008 1 0 1.000000
bgonesoda
  0 0.119903 0.144858 6.435006 -0.019152 -0.042760 0.998902 0.904438 0.829917 1 0 1.000000
  0 0.253643 0.094049 6.436595 0.009831 -0.031773 0.999447 0.933068 0.827008 1 0 1.000000
  0 0.173708 0.177930 6.437483 -0.010622 -0.024004 0.999655 0.913170 0.839144 1 0 1.000000
bgonesoda
  0 0.029713 0.176815 6.435112 -0.013647 -0.051108 0.998600 0.885251 0.831431 1 0 1.000000
  0 0.119903 0.144858 6.435006 -0.019152 -0.042760 0.998902 0.904438 0.829917 1 0 1.000000
  0 0.173708 0.177930 6.437483 -0.010622 -0.024004 0.999655 0.913170 0.839144 1 0 1.000000
bgonesoda
  0 0.029713 0.176815 6.435112 -0.013647 -0.051108 0.998600 0.885251 0.831431 1 0 1.000000
  0 0.173708 0.177930 6.437483 -0.010622 -0.024004 0.999655 0.913170 0.839144 1 0 1.000000
  0 0.041913 0.221041 6.437594 -0.008541 -0.031827 0.999457 0.885319 0.840659 1 0 1.000000
bgonesoda
  0 -0.065117 0.194434 6.435006 -0.004825 -0.046888 0.998889 0.865909 0.829917 1 0 1.000000
  0 0.029713 0.176815 6.435112 -0.013647 -0.051108 0.998600 0.885251 0.831431 1 0 1.000000
  0 0.041913 0.221041 6.437594 -0.008541 -0.031827 0.999457 0.885319 0.840659 1 0 1.000000
bgonesoda
  0 -0.324577 0.097511 6.424577 -0.772668 -0.042980 0.633354 0.820891 0.797333 1 0 1.000000
  0 -0.301721 0.365563 6.437736 -0.890981 0.061443 0.449863 0.811029 0.850849 1 0 1.000000
  0 -0.311377 0.384373 6.416043 -0.977073 0.079212 0.197619 0.808174 0.854001 1 0 1.000000
bgonesoda
  0 -0.311377 0.384373 6.416043 -0.977073 0.079212 0.197619 0.808174 0.854001 1 0 1.000000
  0 -0.301721 0.365563 6.437736 -0.890981 0.061443 0.449863 0.811029 0.850849 1 0 1.000000
  0 -0.278162 0.690063 6.427792 -0.967526 0.238537 -0.083625 0.798435 0.915262 1 0 1.000000
bgonesoda
  0 -0.300777 -0.110537 6.414166 -0.805799 -0.362498 0.468276 0.835880 0.758320 1 0 1.000000
  0 -0.324577 0.097511 6.424577 -0.772668 -0.042980 0.633354 0.820197 0.797823 1 0 1.000000
  0 -0.324501 0.098618 6.385634 -0.916282 -0.018440 -0.400110 0.820180 0.797855 1 0 1.000000
bgonesoda
  0 -0.324501 0.098618 6.385634 -0.916282 -0.018440 -0.400110 0.820180 0.797855 1 0 1.000000
  0 -0.324577 0.097511 6.424577 -0.772668 -0.042980 0.633354 0.820197 0.797823 1 0 1.000000
  0 -0.311377 0.384373 6.416043 -0.977073 0.079212 0.197619 0.808174 0.854001 1 0 1.000000
bgonesoda
  0 -0.324501 0.098618 6.385634 -0.916282 -0.018440 -0.400110 0.820180 0.797855 1 0 1.000000
  0 -0.311377 0.384373 6.416043 -0.977073 0.079212 0.197619 0.808174 0.854001 1 0 1.000000
  0 -0.309195 0.384469 6.383118 -0.865370 0.067428 -0.496576 0.808107 0.854286 1 0 1.000000
bgonesoda
  0 -0.309195 0.384469 6.383118 -0.865370 0.067428 -0.496576 0.808107 0.854286 1 0 1.000000
  0 -0.311377 0.384373 6.416043 -0.977073 0.079212 0.197619 0.808174 0.854001 1 0 1.000000
  0 -0.278162 0.690063 6.427792 -0.967526 0.238537 -0.083625 0.798435 0.915262 1 0 1.000000
bgonesoda
  0 -0.309195 0.384469 6.383118 -0.865370 0.067428 -0.496576 0.808107 0.854286 1 0 1.000000
  0 -0.278162 0.690063 6.427792 -0.967526 0.238537 -0.083625 0.798435 0.915262 1 0 1.000000
  0 -0.271872 0.688428 6.371361 -0.959372 0.233861 -0.157841 0.798418 0.915294 1 0 1.000000
bgonesoda
  0 -0.271872 0.688428 6.371361 -0.959372 0.233861 -0.157841 0.798418 0.915294 1 0 1.000000
  0 -0.278162 0.690063 6.427792 -0.967526 0.238537 -0.083625 0.798435 0.915262 1 0 1.000000
  0 -0.190681 0.910649 6.402314 -0.925014 0.370728 -0.083131 0.804226 0.962510 1 0 1.000000
bgonesoda
  0 -0.271872 0.688428 6.371361 -0.959372 0.233861 -0.157841 0.798418 0.915294 1 0 1.000000
  0 -0.190681 0.910649 6.402314 -0.925014 0.370728 -0.083131 0.804226 0.962510 1 0 1.000000
  0 -0.183576 0.900918 6.359276 -0.903068 0.362112 -0.230963 0.804646 0.962099 1 0 1.000000
bgonesoda
  0 -0.300777 -0.110537 6.414166 -0.805799 -0.362498 0.468276 0.835880 0.758269 1 0 1.000000
  0 -0.324501 0.098618 6.385634 -0.916282 -0.018440 -0.400110 0.820821 0.797739 1 0 1.000000
  0 -0.292355 -0.108160 6.370065 -0.971667 -0.136527 -0.192933 0.836243 0.758419 1 0 1.000000
bgonesoda
  0 -0.292355 -0.108160 6.370065 -0.770546 -0.072106 -0.633293 0.836243 0.758419 1 0 1.000000
  0 -0.324501 0.098618 6.385634 -0.916282 -0.018440 -0.400110 0.820821 0.797739 1 0 1.000000
  0 -0.302304 0.089408 6.359675 -0.701610 -0.018907 -0.712310 0.825293 0.797163 1 0 1.000000
bgonesoda
  0 -0.324501 0.098618 6.385634 -0.916282 -0.018440 -0.400110 0.820821 0.797739 1 0 1.000000
  0 -0.259403 0.361549 6.353095 -0.564238 0.041572 -0.824565 0.819461 0.852272 1 0 1.000000
  0 -0.302304 0.089408 6.359675 -0.701610 -0.018907 -0.712310 0.825293 0.797163 1 0 1.000000
bgonesoda
  0 -0.324501 0.098618 6.385634 -0.916282 -0.018440 -0.400110 0.820821 0.797739 1 0 1.000000
  0 -0.309195 0.384469 6.383118 -0.865370 0.067428 -0.496576 0.809079 0.853980 1 0 1.000000
  0 -0.259403 0.361549 6.353095 -0.564238 0.041572 -0.824565 0.819461 0.852272 1 0 1.000000
bgonesoda
  0 -0.309195 0.384469 6.383118 -0.865370 0.067428 -0.496576 0.809079 0.853980 1 0 1.000000
  0 -0.271872 0.688428 6.371361 -0.959372 0.233861 -0.157841 0.802648 0.915032 1 0 1.000000
  0 -0.259403 0.361549 6.353095 -0.564238 0.041572 -0.824565 0.819461 0.852272 1 0 1.000000
bgonesoda
  0 -0.212965 -0.216686 6.413809 -0.522753 -0.712877 0.467478 0.858529 0.742178 1 0 1.000000
  0 -0.292355 -0.108160 6.370065 -0.758496 -0.626774 -0.178433 0.836243 0.758419 1 0 1.000000
  0 -0.207688 -0.210944 6.370992 -0.758653 -0.626706 -0.178002 0.858703 0.742447 1 0 1.000000
bgonesoda
  0 -0.212965 -0.216686 6.413809 -0.522753 -0.712877 0.467478 0.858529 0.742178 1 0 1.000000
  0 -0.300777 -0.110537 6.414166 -0.805799 -0.362498 0.468276 0.835880 0.758269 1 0 1.000000
  0 -0.292355 -0.108160 6.370065 -0.758496 -0.626774 -0.178433 0.836243 0.758419 1 0 1.000000
bgonesoda
  0 -0.085945 -0.257804 6.379831 -0.257221 -0.959939 -0.111152 0.885406 0.739880 1 0 1.000000
  0 -0.212965 -0.216686 6.413809 -0.522753 -0.712877 0.467478 0.858529 0.742178 1 0 1.000000
  0 -0.207688 -0.210944 6.370992 -0.343674 -0.924247 -0.166301 0.858703 0.742447 1 0 1.000000
bgonesoda
  0 -0.085945 -0.257804 6.379831 -0.257221 -0.959939 -0.111152 0.885406 0.739880 1 0 1.000000
  0 -0.087016 -0.261800 6.422015 -0.212966 -0.794738 0.568363 0.885406 0.739930 1 0 1.000000
  0 -0.212965 -0.216686 6.413809 -0.522753 -0.712877 0.467478 0.858529 0.742178 1 0 1.000000
bgonesoda
  0 0.044616 -0.285705 6.413809 0.076578 -0.882072 0.464850 0.912284 0.742229 1 0 1.000000
  0 -0.087016 -0.261800 6.422015 -0.212966 -0.794738 0.568363 0.885406 0.739930 1 0 1.000000
  0 -0.085945 -0.257804 6.379831 -0.257221 -0.959939 -0.111152 0.885406 0.739880 1 0 1.000000
bgonesoda
  0 0.176905 0.074181 6.395260 -0.959383 -0.275434 -0.060995 0.919193 0.819153 1 0 1.000000
  0 0.165024 -0.046426 6.432562 -0.961177 0.267465 -0.067828 0.923163 0.795101 1 0 1.000000
  0 0.173487 0.075963 6.434262 -0.949444 -0.308381 -0.058798 0.918436 0.819321 1 0 1.000000
bgonesoda
  0 0.176905 0.074181 6.395260 -0.959383 -0.275434 -0.060995 0.919193 0.819153 1 0 1.000000
  0 0.167422 -0.047925 6.395215 -0.959256 0.274365 -0.067460 0.923707 0.794935 1 0 1.000000
  0 0.165024 -0.046426 6.432562 -0.961177 0.267465 -0.067828 0.923163 0.795101 1 0 1.000000
bgonesoda
  0 0.167422 -0.047925 6.395215 -0.959256 0.274365 -0.067460 0.923707 0.794935 1 0 1.000000
  0 0.109262 -0.156142 6.430863 -0.675813 0.735803 -0.043251 0.918041 0.770881 1 0 1.000000
  0 0.165024 -0.046426 6.432562 -0.961177 0.267465 -0.067828 0.923163 0.795101 1 0 1.000000
bgonesoda
  0 0.167422 -0.047925 6.395215 -0.959256 0.274365 -0.067460 0.923707 0.794935 1 0 1.000000
  0 0.109958 -0.157175 6.395170 -0.672192 0.739123 -0.043068 0.918230 0.770717 1 0 1.000000
  0 0.109262 -0.156142 6.430863 -0.675813 0.735803 -0.043251 0.918041 0.770881 1 0 1.000000
bgonesoda
  0 0.109958 -0.157175 6.395170 -0.672192 0.739123 -0.043068 0.918230 0.770717 1 0 1.000000
  0 0.028739 -0.189103 6.430119 -0.103750 0.994254 -0.026378 0.904112 0.760285 1 0 1.000000
  0 0.109262 -0.156142 6.430863 -0.675813 0.735803 -0.043251 0.918041 0.770881 1 0 1.000000
bgonesoda
  0 0.109958 -0.157175 6.395170 -0.672192 0.739123 -0.043068 0.918230 0.770717 1 0 1.000000
  0 0.028642 -0.189919 6.395149 -0.101039 0.994532 -0.026421 0.904135 0.760121 1 0 1.000000
  0 0.028739 -0.189103 6.430119 -0.103750 0.994254 -0.026378 0.904112 0.760285 1 0 1.000000
bgonesoda
  0 0.028642 -0.189919 6.395149 -0.101039 0.994532 -0.026421 0.904135 0.760121 1 0 1.000000
  0 -0.063035 -0.172303 6.430013 0.258738 0.965666 -0.023341 0.885406 0.758771 1 0 1.000000
  0 0.028739 -0.189103 6.430119 -0.103750 0.994254 -0.026378 0.904112 0.760285 1 0 1.000000
bgonesoda
  0 0.028642 -0.189919 6.395149 -0.101039 0.994532 -0.026421 0.904135 0.760121 1 0 1.000000
  0 -0.063245 -0.173089 6.395146 0.258753 0.965663 -0.023287 0.885406 0.758608 1 0 1.000000
  0 -0.063035 -0.172303 6.430013 0.258738 0.965666 -0.023341 0.885406 0.758771 1 0 1.000000
bgonesoda
  0 -0.063245 -0.173089 6.395146 0.258753 0.965663 -0.023287 0.885406 0.758608 1 0 1.000000
  0 -0.151007 -0.140940 6.430119 0.588045 0.808625 -0.018159 0.866681 0.760285 1 0 1.000000
  0 -0.063035 -0.172303 6.430013 0.258738 0.965666 -0.023341 0.885406 0.758771 1 0 1.000000
bgonesoda
  0 -0.063245 -0.173089 6.395146 0.258753 0.965663 -0.023287 0.885406 0.758608 1 0 1.000000
  0 -0.151134 -0.141748 6.395149 0.584244 0.811372 -0.018274 0.866698 0.760121 1 0 1.000000
  0 -0.151007 -0.140940 6.430119 0.588045 0.808625 -0.018159 0.866681 0.760285 1 0 1.000000
bgonesoda
  0 -0.151134 -0.141748 6.395149 0.584244 0.811372 -0.018274 0.866698 0.760121 1 0 1.000000
  0 -0.204913 -0.071959 6.430863 0.955880 0.293564 0.010681 0.852616 0.770881 1 0 1.000000
  0 -0.151007 -0.140940 6.430119 0.588045 0.808625 -0.018159 0.866681 0.760285 1 0 1.000000
bgonesoda
  0 -0.151134 -0.141748 6.395149 0.584244 0.811372 -0.018274 0.866698 0.760121 1 0 1.000000
  0 -0.204460 -0.072927 6.395170 0.951137 0.308618 0.009649 0.852755 0.770717 1 0 1.000000
  0 -0.204913 -0.071959 6.430863 0.955880 0.293564 0.010681 0.852616 0.770881 1 0 1.000000
bgonesoda
  0 -0.204460 -0.072927 6.395170 0.951137 0.308618 0.009649 0.852755 0.770717 1 0 1.000000
  0 -0.199742 0.051312 6.432562 0.966731 -0.250939 0.049603 0.847203 0.795101 1 0 1.000000
  0 -0.204913 -0.071959 6.430863 0.955880 0.293564 0.010681 0.852616 0.770881 1 0 1.000000
bgonesoda
  0 -0.204460 -0.072927 6.395170 0.951137 0.308618 0.009649 0.852755 0.770717 1 0 1.000000
  0 -0.198050 0.050003 6.395215 0.968721 -0.243368 0.048501 0.847600 0.794935 1 0 1.000000
  0 -0.199742 0.051312 6.432562 0.966731 -0.250939 0.049603 0.847203 0.795101 1 0 1.000000
bgonesoda
  0 -0.198050 0.050003 6.395215 0.968721 -0.243368 0.048501 0.847600 0.794935 1 0 1.000000
  0 -0.146715 0.161760 6.434262 0.682263 -0.728341 0.063532 0.851756 0.819321 1 0 1.000000
  0 -0.199742 0.051312 6.432562 0.966731 -0.250939 0.049603 0.847203 0.795101 1 0 1.000000
bgonesoda
  0 -0.198050 0.050003 6.395215 0.968721 -0.243368 0.048501 0.847600 0.794935 1 0 1.000000
  0 -0.144280 0.160242 6.395260 0.677988 -0.732327 0.063471 0.852308 0.819153 1 0 1.000000
  0 -0.146715 0.161760 6.434262 0.682263 -0.728341 0.063532 0.851756 0.819321 1 0 1.000000
bgonesoda
  0 -0.144280 0.160242 6.395260 0.677988 -0.732327 0.063471 0.852308 0.819153 1 0 1.000000
  0 -0.065117 0.194434 6.435006 0.105861 -0.993530 0.041137 0.865909 0.829917 1 0 1.000000
  0 -0.146715 0.161760 6.434262 0.682263 -0.728341 0.063532 0.851756 0.819321 1 0 1.000000
bgonesoda
  0 -0.144280 0.160242 6.395260 0.677988 -0.732327 0.063471 0.852308 0.819153 1 0 1.000000
  0 -0.063316 0.193081 6.395280 0.091984 -0.994936 0.040508 0.866329 0.829748 1 0 1.000000
  0 -0.065117 0.194434 6.435006 0.105861 -0.993530 0.041137 0.865909 0.829917 1 0 1.000000
bgonesoda
  0 -0.063316 0.193081 6.395280 0.091984 -0.994936 0.040508 0.866329 0.829748 1 0 1.000000
  0 0.029713 0.176815 6.435112 -0.256837 -0.966226 0.021014 0.885251 0.831431 1 0 1.000000
  0 -0.065117 0.194434 6.435006 0.105861 -0.993530 0.041137 0.865909 0.829917 1 0 1.000000
bgonesoda
  0 -0.063316 0.193081 6.395280 0.091984 -0.994936 0.040508 0.866329 0.829748 1 0 1.000000
  0 0.031067 0.175581 6.395283 -0.260735 -0.965188 0.020744 0.885578 0.831262 1 0 1.000000
  0 0.029713 0.176815 6.435112 -0.256837 -0.966226 0.021014 0.885251 0.831431 1 0 1.000000
bgonesoda
  0 0.031067 0.175581 6.395283 -0.260735 -0.965188 0.020744 0.885578 0.831262 1 0 1.000000
  0 0.119903 0.144858 6.435006 -0.572301 -0.820011 -0.007253 0.904438 0.829917 1 0 1.000000
  0 0.029713 0.176815 6.435112 -0.256837 -0.966226 0.021014 0.885251 0.831431 1 0 1.000000
bgonesoda
  0 0.031067 0.175581 6.395283 -0.260735 -0.965188 0.020744 0.885578 0.831262 1 0 1.000000
  0 0.122381 0.143324 6.395280 -0.594181 -0.804274 -0.009588 0.904999 0.829748 1 0 1.000000
  0 0.119903 0.144858 6.435006 -0.572301 -0.820011 -0.007253 0.904438 0.829917 1 0 1.000000
bgonesoda
  0 0.122381 0.143324 6.395280 -0.594181 -0.804274 -0.009588 0.904999 0.829748 1 0 1.000000
  0 0.173487 0.075963 6.434262 -0.949444 -0.308381 -0.058798 0.918436 0.819321 1 0 1.000000
  0 0.119903 0.144858 6.435006 -0.572301 -0.820011 -0.007253 0.904438 0.829917 1 0 1.000000
bgonesoda
  0 0.122381 0.143324 6.395280 -0.594181 -0.804274 -0.009588 0.904999 0.829748 1 0 1.000000
  0 0.176905 0.074181 6.395260 -0.959383 -0.275434 -0.060995 0.919193 0.819153 1 0 1.000000
  0 0.173487 0.075963 6.434262 -0.949444 -0.308381 -0.058798 0.918436 0.819321 1 0 1.000000
bgonesoda
  0 0.139259 0.151962 6.364428 -0.527135 -0.691766 -0.493547 0.907829 0.832305 1 0 1.000000
  0 0.176905 0.074181 6.395260 -0.766652 -0.260332 -0.586918 0.919193 0.819153 1 0 1.000000
  0 0.122381 0.143324 6.395280 -0.471635 -0.744132 -0.473105 0.904999 0.829748 1 0 1.000000
bgonesoda
  0 0.139259 0.151962 6.364428 -0.527135 -0.691766 -0.493547 0.907829 0.832305 1 0 1.000000
  0 0.200327 0.076859 6.365015 -0.776745 -0.218947 -0.590533 0.923604 0.820892 1 0 1.000000
  0 0.176905 0.074181 6.395260 -0.766652 -0.260332 -0.586918 0.919193 0.819153 1 0 1.000000
bgonesoda
  0 0.200327 0.076859 6.365015 -0.776745 -0.218947 -0.590533 0.923604 0.820892 1 0 1.000000
  0 0.167422 -0.047925 6.395215 -0.789721 0.242781 -0.563381 0.923707 0.794935 1 0 1.000000
  0 0.176905 0.074181 6.395260 -0.766652 -0.260332 -0.586918 0.919193 0.819153 1 0 1.000000
bgonesoda
  0 0.200327 0.076859 6.365015 -0.776745 -0.218947 -0.590533 0.923604 0.820892 1 0 1.000000
  0 0.186635 -0.053735 6.366356 -0.789983 0.241313 -0.563644 0.927742 0.794806 1 0 1.000000
  0 0.167422 -0.047925 6.395215 -0.789721 0.242781 -0.563381 0.923707 0.794935 1 0 1.000000
bgonesoda
  0 0.186635 -0.053735 6.366356 -0.789983 0.241313 -0.563644 0.927742 0.794806 1 0 1.000000
  0 0.109958 -0.157175 6.395170 -0.564897 0.632183 -0.530317 0.918230 0.770717 1 0 1.000000
  0 0.167422 -0.047925 6.395215 -0.789721 0.242781 -0.563381 0.923707 0.794935 1 0 1.000000
bgonesoda
  0 0.186635 -0.053735 6.366356 -0.789983 0.241313 -0.563644 0.927742 0.794806 1 0 1.000000
  0 0.119908 -0.170119 6.367696 -0.556706 0.639949 -0.529663 0.920837 0.768720 1 0 1.000000
  0 0.109958 -0.157175 6.395170 -0.564897 0.632183 -0.530317 0.918230 0.770717 1 0 1.000000
bgonesoda
  0 0.119908 -0.170119 6.367696 -0.556706 0.639949 -0.529663 0.920837 0.768720 1 0 1.000000
  0 0.028642 -0.189919 6.395149 -0.081723 0.863653 -0.497418 0.904135 0.760121 1 0 1.000000
  0 0.109958 -0.157175 6.395170 -0.564897 0.632183 -0.530317 0.918230 0.770717 1 0 1.000000
bgonesoda
  0 0.119908 -0.170119 6.367696 -0.556706 0.639949 -0.529663 0.920837 0.768720 1 0 1.000000
  0 0.030919 -0.205014 6.368283 -0.090025 0.862677 -0.497679 0.905364 0.757307 1 0 1.000000
  0 0.028642 -0.189919 6.395149 -0.081723 0.863653 -0.497418 0.904135 0.760121 1 0 1.000000
bgonesoda
  0 0.030919 -0.205014 6.368283 -0.090025 0.862677 -0.497679 0.905364 0.757307 1 0 1.000000
  0 -0.063245 -0.173089 6.395146 0.227637 0.849313 -0.476286 0.885406 0.758608 1 0 1.000000
  0 0.028642 -0.189919 6.395149 -0.081723 0.863653 -0.497418 0.904135 0.760121 1 0 1.000000
bgonesoda
  0 0.030919 -0.205014 6.368283 -0.090025 0.862677 -0.497679 0.905364 0.757307 1 0 1.000000
  0 -0.067017 -0.187164 6.368367 0.227611 0.849296 -0.476329 0.885406 0.755677 1 0 1.000000
  0 -0.063245 -0.173089 6.395146 0.227637 0.849313 -0.476286 0.885406 0.758608 1 0 1.000000
bgonesoda
  0 -0.067017 -0.187164 6.368367 0.227611 0.849296 -0.476329 0.885406 0.755677 1 0 1.000000
  0 -0.151134 -0.141748 6.395149 0.507413 0.706008 -0.494049 0.866698 0.760121 1 0 1.000000
  0 -0.063245 -0.173089 6.395146 0.227637 0.849313 -0.476286 0.885406 0.758608 1 0 1.000000
bgonesoda
  0 -0.067017 -0.187164 6.368367 0.227611 0.849296 -0.476329 0.885406 0.755677 1 0 1.000000
  0 -0.160545 -0.153711 6.368283 0.512956 0.701987 -0.494055 0.865493 0.757307 1 0 1.000000
  0 -0.151134 -0.141748 6.395149 0.507413 0.706008 -0.494049 0.866698 0.760121 1 0 1.000000
bgonesoda
  0 -0.160545 -0.153711 6.368283 0.512956 0.701987 -0.494055 0.865493 0.757307 1 0 1.000000
  0 -0.204460 -0.072927 6.395170 0.824392 0.252217 -0.506719 0.852755 0.770717 1 0 1.000000
  0 -0.151134 -0.141748 6.395149 0.507413 0.706008 -0.494049 0.866698 0.760121 1 0 1.000000
bgonesoda
  0 -0.160545 -0.153711 6.368283 0.512956 0.701987 -0.494055 0.865493 0.757307 1 0 1.000000
  0 -0.218679 -0.079395 6.367696 0.818208 0.271646 -0.506700 0.850329 0.768720 1 0 1.000000
  0 -0.204460 -0.072927 6.395170 0.824392 0.252217 -0.506719 0.852755 0.770717 1 0 1.000000
bgonesoda
  0 -0.218679 -0.079395 6.367696 0.818208 0.271646 -0.506700 0.850329 0.768720 1 0 1.000000
  0 -0.198050 0.050003 6.395215 0.832883 -0.206467 -0.513495 0.847600 0.794935 1 0 1.000000
  0 -0.204460 -0.072927 6.395170 0.824392 0.252217 -0.506719 0.852755 0.770717 1 0 1.000000
bgonesoda
  0 -0.218679 -0.079395 6.367696 0.818208 0.271646 -0.506700 0.850329 0.768720 1 0 1.000000
  0 -0.215092 0.053907 6.366356 0.833119 -0.205696 -0.513421 0.844086 0.794806 1 0 1.000000
  0 -0.198050 0.050003 6.395215 0.832883 -0.206467 -0.513495 0.847600 0.794935 1 0 1.000000
bgonesoda
  0 -0.215092 0.053907 6.366356 0.833119 -0.205696 -0.513421 0.844086 0.794806 1 0 1.000000
  0 -0.144280 0.160242 6.395260 0.564195 -0.626359 -0.537921 0.852308 0.819153 1 0 1.000000
  0 -0.198050 0.050003 6.395215 0.832883 -0.206467 -0.513495 0.847600 0.794935 1 0 1.000000
bgonesoda
  0 -0.215092 0.053907 6.366356 0.833119 -0.205696 -0.513421 0.844086 0.794806 1 0 1.000000
  0 -0.159743 0.173340 6.365015 0.581407 -0.609360 -0.539116 0.848622 0.820892 1 0 1.000000
  0 -0.144280 0.160242 6.395260 0.564195 -0.626359 -0.537921 0.852308 0.819153 1 0 1.000000
bgonesoda
  0 -0.159743 0.173340 6.365015 0.581407 -0.609360 -0.539116 0.848622 0.820892 1 0 1.000000
  0 -0.063316 0.193081 6.395280 0.053221 -0.888232 -0.456301 0.866329 0.829748 1 0 1.000000
  0 -0.144280 0.160242 6.395260 0.564195 -0.626359 -0.537921 0.852308 0.819153 1 0 1.000000
bgonesoda
  0 -0.159743 0.173340 6.365015 0.581407 -0.609360 -0.539116 0.848622 0.820892 1 0 1.000000
  0 -0.071003 0.208302 6.364428 0.108000 -0.877507 -0.467245 0.864043 0.832305 1 0 1.000000
  0 -0.063316 0.193081 6.395280 0.053221 -0.888232 -0.456301 0.866329 0.829748 1 0 1.000000
bgonesoda
  0 -0.071003 0.208302 6.364428 0.108000 -0.877507 -0.467245 0.864043 0.832305 1 0 1.000000
  0 0.031067 0.175581 6.395283 -0.235597 -0.885720 -0.399992 0.885578 0.831262 1 0 1.000000
  0 -0.063316 0.193081 6.395280 0.053221 -0.888232 -0.456301 0.866329 0.829748 1 0 1.000000
bgonesoda
  0 -0.071003 0.208302 6.364428 0.108000 -0.877507 -0.467245 0.864043 0.832305 1 0 1.000000
  0 0.035378 0.188189 6.364344 -0.237890 -0.885073 -0.400069 0.885759 0.833935 1 0 1.000000
  0 0.031067 0.175581 6.395283 -0.235597 -0.885720 -0.399992 0.885578 0.831262 1 0 1.000000
bgonesoda
  0 0.035378 0.188189 6.364344 -0.237890 -0.885073 -0.400069 0.885759 0.833935 1 0 1.000000
  0 0.122381 0.143324 6.395280 -0.471635 -0.744132 -0.473105 0.904999 0.829748 1 0 1.000000
  0 0.031067 0.175581 6.395283 -0.235597 -0.885720 -0.399992 0.885578 0.831262 1 0 1.000000
bgonesoda
  0 0.035378 0.188189 6.364344 -0.237890 -0.885073 -0.400069 0.885759 0.833935 1 0 1.000000
  0 0.139259 0.151962 6.364428 -0.527135 -0.691766 -0.493547 0.907829 0.832305 1 0 1.000000
  0 0.122381 0.143324 6.395280 -0.471635 -0.744132 -0.473105 0.904999 0.829748 1 0 1.000000
bgonesoda
  0 -0.218679 -0.079395 6.367696 0.227142 0.171242 -0.958688 0.850329 0.768720 1 0 1.000000
  0 -0.181869 -0.179847 6.358474 0.227209 0.171267 -0.958668 0.862710 0.751119 1 0 1.000000
  0 -0.251869 -0.092728 6.357538 0.227117 0.171233 -0.958696 0.844574 0.764401 1 0 1.000000
bgonesoda
  0 -0.218679 -0.079395 6.367696 0.227142 0.171242 -0.958688 0.850329 0.768720 1 0 1.000000
  0 -0.160545 -0.153711 6.368283 0.227163 0.171252 -0.958681 0.865493 0.757307 1 0 1.000000
  0 -0.181869 -0.179847 6.358474 0.227209 0.171267 -0.958668 0.862710 0.751119 1 0 1.000000
bgonesoda
  0 0.030919 -0.205014 6.368283 -0.109392 0.263945 -0.958314 0.905364 0.757307 1 0 1.000000
  0 0.141590 -0.198155 6.357538 -0.109384 0.263581 -0.958415 0.926509 0.764401 1 0 1.000000
  0 0.036270 -0.238297 6.358474 -0.109389 0.263896 -0.958328 0.908136 0.751119 1 0 1.000000
bgonesoda
  0 0.030919 -0.205014 6.368283 -0.109392 0.263945 -0.958314 0.905364 0.757307 1 0 1.000000
  0 0.119908 -0.170119 6.367696 -0.109389 0.263691 -0.958385 0.920837 0.768720 1 0 1.000000
  0 0.141590 -0.198155 6.357538 -0.109384 0.263581 -0.958415 0.926509 0.764401 1 0 1.000000
bgonesoda
  0 -0.160545 -0.153711 6.368283 0.099982 0.275731 -0.956021 0.865493 0.757307 1 0 1.000000
  0 -0.075323 -0.218162 6.358608 0.075600 0.282152 -0.956386 0.885406 0.749221 1 0 1.000000
  0 -0.181869 -0.179847 6.358474 0.099928 0.275669 -0.956044 0.862710 0.751119 1 0 1.000000
bgonesoda
  0 -0.160545 -0.153711 6.368283 0.099982 0.275731 -0.956021 0.865493 0.757307 1 0 1.000000
  0 -0.067017 -0.187164 6.368367 0.075587 0.282136 -0.956392 0.885406 0.755677 1 0 1.000000
  0 -0.075323 -0.218162 6.358608 0.075600 0.282152 -0.956386 0.885406 0.749221 1 0 1.000000
bgonesoda
  0 -0.067017 -0.187164 6.368367 0.075587 0.282136 -0.956392 0.885406 0.755677 1 0 1.000000
  0 0.036270 -0.238297 6.358474 0.051379 0.288765 -0.956020 0.908136 0.751119 1 0 1.000000
  0 -0.075323 -0.218162 6.358608 0.075600 0.282152 -0.956386 0.885406 0.749221 1 0 1.000000
bgonesoda
  0 -0.067017 -0.187164 6.368367 0.075587 0.282136 -0.956392 0.885406 0.755677 1 0 1.000000
  0 0.030919 -0.205014 6.368283 0.051360 0.288739 -0.956029 0.905364 0.757307 1 0 1.000000
  0 0.036270 -0.238297 6.358474 0.051379 0.288765 -0.956020 0.908136 0.751119 1 0 1.000000
bgonesoda
  0 0.119908 -0.170119 6.367696 -0.241783 0.134099 -0.961020 0.920837 0.768720 1 0 1.000000
  0 0.228756 -0.062824 6.355280 -0.238285 0.070574 -0.968628 0.936399 0.795233 1 0 1.000000
  0 0.141590 -0.198155 6.357538 -0.241775 0.134097 -0.961022 0.926509 0.764401 1 0 1.000000
bgonesoda
  0 0.119908 -0.170119 6.367696 -0.241783 0.134099 -0.961020 0.920837 0.768720 1 0 1.000000
  0 0.186635 -0.053735 6.366356 -0.238870 0.080321 -0.967724 0.927742 0.794806 1 0 1.000000
  0 0.228756 -0.062824 6.355280 -0.238285 0.070574 -0.968628 0.936399 0.795233 1 0 1.000000
bgonesoda
  0 0.186635 -0.053735 6.366356 -0.238870 0.080321 -0.967724 0.927742 0.794806 1 0 1.000000
  0 0.256008 0.093794 6.352626 -0.234752 0.019943 -0.971851 0.933541 0.827081 1 0 1.000000
  0 0.228756 -0.062824 6.355280 -0.238285 0.070574 -0.968628 0.936399 0.795233 1 0 1.000000
bgonesoda
  0 0.186635 -0.053735 6.366356 -0.238870 0.080321 -0.967724 0.927742 0.794806 1 0 1.000000
  0 0.200327 0.076859 6.365015 -0.234748 0.019948 -0.971852 0.923604 0.820892 1 0 1.000000
  0 0.256008 0.093794 6.352626 -0.234752 0.019943 -0.971851 0.933541 0.827081 1 0 1.000000
bgonesoda
  0 0.200327 0.076859 6.365015 -0.185204 -0.175534 -0.966896 0.923604 0.820892 1 0 1.000000
  0 0.175799 0.177837 6.351381 -0.159053 -0.233211 -0.959330 0.913581 0.839235 1 0 1.000000
  0 0.256008 0.093794 6.352626 -0.185193 -0.175531 -0.966898 0.933541 0.827081 1 0 1.000000
bgonesoda
  0 0.200327 0.076859 6.365015 -0.185204 -0.175534 -0.966896 0.923604 0.820892 1 0 1.000000
  0 0.139259 0.151962 6.364428 -0.142033 -0.269489 -0.952472 0.907829 0.832305 1 0 1.000000
  0 0.175799 0.177837 6.351381 -0.159053 -0.233211 -0.959330 0.913581 0.839235 1 0 1.000000
bgonesoda
  0 0.139259 0.151962 6.364428 -0.142033 -0.269489 -0.952472 0.907829 0.832305 1 0 1.000000
  0 0.043728 0.220931 6.351200 -0.090440 -0.338573 -0.936584 0.885677 0.840732 1 0 1.000000
  0 0.175799 0.177837 6.351381 -0.159053 -0.233211 -0.959330 0.913581 0.839235 1 0 1.000000
bgonesoda
  0 0.139259 0.151962 6.364428 -0.142033 -0.269489 -0.952472 0.907829 0.832305 1 0 1.000000
  0 0.035378 0.188189 6.364344 -0.090741 -0.338528 -0.936571 0.885759 0.833935 1 0 1.000000
  0 0.043728 0.220931 6.351200 -0.090440 -0.338573 -0.936584 0.885677 0.840732 1 0 1.000000
bgonesoda
  0 0.035378 0.188189 6.364344 -0.090741 -0.338528 -0.936571 0.885759 0.833935 1 0 1.000000
  0 -0.090917 0.249303 6.351381 0.022533 -0.277587 -0.960436 0.858040 0.839235 1 0 1.000000
  0 0.043728 0.220931 6.351200 -0.090440 -0.338573 -0.936584 0.885677 0.840732 1 0 1.000000
bgonesoda
  0 0.035378 0.188189 6.364344 -0.090741 -0.338528 -0.936571 0.885759 0.833935 1 0 1.000000
  0 -0.071003 0.208302 6.364428 -0.011853 -0.302530 -0.953066 0.864043 0.832305 1 0 1.000000
  0 -0.090917 0.249303 6.351381 0.022533 -0.277587 -0.960436 0.858040 0.839235 1 0 1.000000
bgonesoda
  0 -0.071003 0.208302 6.364428 -0.011853 -0.302530 -0.953066 0.864043 0.832305 1 0 1.000000
  0 -0.201171 0.216294 6.352626 0.073042 -0.239889 -0.968049 0.838337 0.827081 1 0 1.000000
  0 -0.090917 0.249303 6.351381 0.022533 -0.277587 -0.960436 0.858040 0.839235 1 0 1.000000
bgonesoda
  0 -0.071003 0.208302 6.364428 -0.011853 -0.302530 -0.953066 0.864043 0.832305 1 0 1.000000
  0 -0.159743 0.173340 6.365015 0.073039 -0.239929 -0.968039 0.848622 0.820892 1 0 1.000000
  0 -0.201171 0.216294 6.352626 0.073042 -0.239889 -0.968049 0.838337 0.827081 1 0 1.000000
bgonesoda
  0 -0.159743 0.173340 6.365015 0.205680 -0.099927 -0.973504 0.848622 0.820892 1 0 1.000000
  0 -0.257273 0.067407 6.355280 0.235363 -0.059864 -0.970062 0.835188 0.795233 1 0 1.000000
  0 -0.201171 0.216294 6.352626 0.205708 -0.099957 -0.973495 0.838337 0.827081 1 0 1.000000
bgonesoda
  0 -0.159743 0.173340 6.365015 0.205680 -0.099927 -0.973504 0.848622 0.820892 1 0 1.000000
  0 -0.215092 0.053907 6.366356 0.240281 -0.053128 -0.969248 0.844086 0.794806 1 0 1.000000
  0 -0.257273 0.067407 6.355280 0.235363 -0.059864 -0.970062 0.835188 0.795233 1 0 1.000000
bgonesoda
  0 -0.215092 0.053907 6.366356 0.240281 -0.053128 -0.969248 0.844086 0.794806 1 0 1.000000
  0 -0.251869 -0.092728 6.357538 0.271128 -0.010121 -0.962490 0.844574 0.764401 1 0 1.000000
  0 -0.257273 0.067407 6.355280 0.235363 -0.059864 -0.970062 0.835188 0.795233 1 0 1.000000
bgonesoda
  0 -0.215092 0.053907 6.366356 0.240281 -0.053128 -0.969248 0.844086 0.794806 1 0 1.000000
  0 -0.218679 -0.079395 6.367696 0.271121 -0.010122 -0.962492 0.850329 0.768720 1 0 1.000000
  0 -0.251869 -0.092728 6.357538 0.271128 -0.010121 -0.962490 0.844574 0.764401 1 0 1.000000
bgonesoda
  0 0.226873 0.281390 6.350221 0.012397 -0.011558 -0.999856 0.918114 0.862013 1 0 1.000000
  0 0.374953 0.191574 6.353095 0.030697 -0.027122 -0.999161 0.951560 0.852272 1 0 1.000000
  0 0.215708 0.224749 6.349100 0.005912 -0.024534 -0.999682 0.918893 0.850427 1 0 1.000000
bgonesoda
  0 0.226873 0.281390 6.350221 0.012397 -0.011558 -0.999856 0.918114 0.862013 1 0 1.000000
  0 0.378882 0.319912 6.350019 0.012361 -0.011604 -0.999856 0.945642 0.877411 1 0 1.000000
  0 0.374953 0.191574 6.353095 0.030697 -0.027122 -0.999161 0.951560 0.852272 1 0 1.000000
bgonesoda
  0 0.228756 -0.062824 6.355280 0.169513 -0.123831 -0.977717 0.936399 0.795233 1 0 1.000000
  0 0.374953 0.191574 6.353095 0.030697 -0.027122 -0.999161 0.951560 0.852272 1 0 1.000000
  0 0.286823 -0.066967 6.367577 0.146892 -0.104097 -0.983660 0.945774 0.797163 1 0 1.000000
bgonesoda
  0 0.228756 -0.062824 6.355280 0.169513 -0.123831 -0.977717 0.936399 0.795233 1 0 1.000000
  0 0.256008 0.093794 6.352626 0.069372 -0.052183 -0.996225 0.933541 0.827081 1 0 1.000000
  0 0.374953 0.191574 6.353095 0.030697 -0.027122 -0.999161 0.951560 0.852272 1 0 1.000000
bgonesoda
  0 0.256008 0.093794 6.352626 0.069372 -0.052183 -0.996225 0.933541 0.827081 1 0 1.000000
  0 0.215708 0.224749 6.349100 0.005912 -0.024534 -0.999682 0.918893 0.850427 1 0 1.000000
  0 0.374953 0.191574 6.353095 0.030697 -0.027122 -0.999161 0.951560 0.852272 1 0 1.000000
bgonesoda
  0 0.256008 0.093794 6.352626 0.069372 -0.052183 -0.996225 0.933541 0.827081 1 0 1.000000
  0 0.175799 0.177837 6.351381 -0.001356 -0.034839 -0.999392 0.913581 0.839235 1 0 1.000000
  0 0.215708 0.224749 6.349100 0.005912 -0.024534 -0.999682 0.918893 0.850427 1 0 1.000000
bgonesoda
  0 0.175799 0.177837 6.351381 -0.001356 -0.034839 -0.999392 0.913581 0.839235 1 0 1.000000
  0 0.055083 0.266684 6.348798 -0.011867 -0.044182 -0.998953 0.885502 0.850213 1 0 1.000000
  0 0.215708 0.224749 6.349100 0.005912 -0.024534 -0.999682 0.918893 0.850427 1 0 1.000000
bgonesoda
  0 0.175799 0.177837 6.351381 -0.001356 -0.034839 -0.999392 0.913581 0.839235 1 0 1.000000
  0 0.043728 0.220931 6.351200 -0.011826 -0.044141 -0.998955 0.885677 0.840732 1 0 1.000000
  0 0.055083 0.266684 6.348798 -0.011867 -0.044182 -0.998953 0.885502 0.850213 1 0 1.000000
bgonesoda
  0 0.043728 0.220931 6.351200 -0.011826 -0.044141 -0.998955 0.885677 0.840732 1 0 1.000000
  0 -0.104626 0.310582 6.349100 -0.017539 -0.018472 -0.999676 0.852186 0.850427 1 0 1.000000
  0 0.055083 0.266684 6.348798 -0.011867 -0.044182 -0.998953 0.885502 0.850213 1 0 1.000000
bgonesoda
  0 0.043728 0.220931 6.351200 -0.011826 -0.044141 -0.998955 0.885677 0.840732 1 0 1.000000
  0 -0.090917 0.249303 6.351381 -0.016546 -0.031614 -0.999363 0.858040 0.839235 1 0 1.000000
  0 -0.104626 0.310582 6.349100 -0.017539 -0.018472 -0.999676 0.852186 0.850427 1 0 1.000000
bgonesoda
  0 -0.199534 0.474898 6.350019 -0.016590 -0.003985 -0.999855 0.825192 0.877411 1 0 1.000000
  0 -0.087108 0.365521 6.350221 -0.016567 -0.003973 -0.999855 0.852729 0.862013 1 0 1.000000
  0 -0.104626 0.310582 6.349100 -0.017539 -0.018472 -0.999676 0.852186 0.850427 1 0 1.000000
bgonesoda
  0 -0.199534 0.474898 6.350019 -0.016590 -0.003985 -0.999855 0.825192 0.877411 1 0 1.000000
  0 -0.104626 0.310582 6.349100 -0.017539 -0.018472 -0.999676 0.852186 0.850427 1 0 1.000000
  0 -0.259403 0.361549 6.353095 -0.026187 -0.008477 -0.999621 0.819461 0.852272 1 0 1.000000
bgonesoda
  0 -0.090917 0.249303 6.351381 -0.016546 -0.031614 -0.999363 0.858040 0.839235 1 0 1.000000
  0 -0.259403 0.361549 6.353095 -0.026187 -0.008477 -0.999621 0.819461 0.852272 1 0 1.000000
  0 -0.104626 0.310582 6.349100 -0.017539 -0.018472 -0.999676 0.852186 0.850427 1 0 1.000000
bgonesoda
  0 -0.090917 0.249303 6.351381 -0.016546 -0.031614 -0.999363 0.858040 0.839235 1 0 1.000000
  0 -0.201171 0.216294 6.352626 -0.043815 -0.011188 -0.998977 0.838337 0.827081 1 0 1.000000
  0 -0.259403 0.361549 6.353095 -0.026187 -0.008477 -0.999621 0.819461 0.852272 1 0 1.000000
bgonesoda
  0 -0.201171 0.216294 6.352626 -0.043815 -0.011188 -0.998977 0.838337 0.827081 1 0 1.000000
  0 -0.302304 0.089408 6.359675 -0.110190 -0.020778 -0.993693 0.825293 0.797163 1 0 1.000000
  0 -0.259403 0.361549 6.353095 -0.026187 -0.008477 -0.999621 0.819461 0.852272 1 0 1.000000
bgonesoda
  0 -0.201171 0.216294 6.352626 -0.043815 -0.011188 -0.998977 0.838337 0.827081 1 0 1.000000
  0 -0.257273 0.067407 6.355280 -0.139976 -0.028416 -0.989747 0.835188 0.795233 1 0 1.000000
  0 -0.302304 0.089408 6.359675 -0.110190 -0.020778 -0.993693 0.825293 0.797163 1 0 1.000000
bgonesoda
  0 -0.257273 0.067407 6.355280 -0.139976 -0.028416 -0.989747 0.835188 0.795233 1 0 1.000000
  0 -0.292355 -0.108160 6.370065 -0.211926 -0.118538 -0.970070 0.838781 0.760171 1 0 1.000000
  0 -0.302304 0.089408 6.359675 -0.110190 -0.020778 -0.993693 0.825293 0.797163 1 0 1.000000
bgonesoda
  0 -0.257273 0.067407 6.355280 -0.139976 -0.028416 -0.989747 0.835188 0.795233 1 0 1.000000
  0 -0.251869 -0.092728 6.357538 -0.211797 -0.117881 -0.970178 0.844574 0.764401 1 0 1.000000
  0 -0.292355 -0.108160 6.370065 -0.211926 -0.118538 -0.970070 0.838781 0.760171 1 0 1.000000
bgonesoda
  0 -0.251869 -0.092728 6.357538 -0.211797 -0.117881 -0.970178 0.844574 0.764401 1 0 1.000000
  0 -0.207688 -0.210944 6.370992 -0.169474 -0.285856 -0.943168 0.859923 0.745019 1 0 1.000000
  0 -0.292355 -0.108160 6.370065 -0.211926 -0.118538 -0.970070 0.838781 0.760171 1 0 1.000000
bgonesoda
  0 -0.251869 -0.092728 6.357538 -0.211797 -0.117881 -0.970178 0.844574 0.764401 1 0 1.000000
  0 -0.181869 -0.179847 6.358474 -0.164888 -0.293239 -0.941713 0.862710 0.751119 1 0 1.000000
  0 -0.207688 -0.210944 6.370992 -0.169474 -0.285856 -0.943168 0.859923 0.745019 1 0 1.000000
bgonesoda
  0 -0.181869 -0.179847 6.358474 -0.164888 -0.293239 -0.941713 0.862710 0.751119 1 0 1.000000
  0 -0.085945 -0.257804 6.379831 -0.102854 -0.383808 -0.917667 0.885406 0.742854 1 0 1.000000
  0 -0.207688 -0.210944 6.370992 -0.169474 -0.285856 -0.943168 0.859923 0.745019 1 0 1.000000
bgonesoda
  0 -0.181869 -0.179847 6.358474 -0.164888 -0.293239 -0.941713 0.862710 0.751119 1 0 1.000000
  0 -0.075323 -0.218162 6.358608 -0.102838 -0.383785 -0.917678 0.885406 0.749221 1 0 1.000000
  0 -0.085945 -0.257804 6.379831 -0.102854 -0.383808 -0.917667 0.885406 0.742854 1 0 1.000000
bgonesoda
  0 -0.075323 -0.218162 6.358608 -0.102838 -0.383785 -0.917678 0.885406 0.749221 1 0 1.000000
  0 0.042950 -0.278102 6.370992 0.003621 -0.333755 -0.942653 0.910901 0.745019 1 0 1.000000
  0 -0.085945 -0.257804 6.379831 -0.102854 -0.383808 -0.917667 0.885406 0.742854 1 0 1.000000
bgonesoda
  0 -0.075323 -0.218162 6.358608 -0.102838 -0.383785 -0.917678 0.885406 0.749221 1 0 1.000000
  0 0.036270 -0.238297 6.358474 -0.003861 -0.337618 -0.941275 0.908136 0.751119 1 0 1.000000
  0 0.042950 -0.278102 6.370992 0.003621 -0.333755 -0.942653 0.910901 0.745019 1 0 1.000000
bgonesoda
  0 0.036270 -0.238297 6.358474 -0.003861 -0.337618 -0.941275 0.908136 0.751119 1 0 1.000000
  0 0.167891 -0.231482 6.370065 0.156518 -0.221803 -0.962448 0.932127 0.760171 1 0 1.000000
  0 0.042950 -0.278102 6.370992 0.003621 -0.333755 -0.942653 0.910901 0.745019 1 0 1.000000
bgonesoda
  0 0.036270 -0.238297 6.358474 -0.003861 -0.337618 -0.941275 0.908136 0.751119 1 0 1.000000
  0 0.141590 -0.198155 6.357538 0.156413 -0.221935 -0.962434 0.926509 0.764401 1 0 1.000000
  0 0.167891 -0.231482 6.370065 0.156518 -0.221803 -0.962448 0.932127 0.760171 1 0 1.000000
bgonesoda
  0 0.141590 -0.198155 6.357538 0.156413 -0.221935 -0.962434 0.926509 0.764401 1 0 1.000000
  0 0.286823 -0.066967 6.367577 0.146892 -0.104097 -0.983660 0.945774 0.797163 1 0 1.000000
  0 0.167891 -0.231482 6.370065 0.156518 -0.221803 -0.962448 0.932127 0.760171 1 0 1.000000
bgonesoda
  0 0.141590 -0.198155 6.357538 0.156413 -0.221935 -0.962434 0.926509 0.764401 1 0 1.000000
  0 0.228756 -0.062824 6.355280 0.169513 -0.123831 -0.977717 0.936399 0.795233 1 0 1.000000
  0 0.286823 -0.066967 6.367577 0.146892 -0.104097 -0.983660 0.945774 0.797163 1 0 1.000000
bgonesoda
  0 0.458010 0.837974 6.401734 0.534162 0.839326 -0.101010 0.934046 0.982212 1 0 1.000000
  0 0.586637 0.701028 6.441561 0.719533 0.692180 0.056205 0.966166 0.962275 1 0 1.000000
  0 0.588986 0.701738 6.402314 0.717125 0.689880 -0.098982 0.966586 0.962561 1 0 1.000000
bgonesoda
  0 0.458010 0.837974 6.401734 0.534162 0.839326 -0.101010 0.934046 0.982212 1 0 1.000000
  0 0.456290 0.836433 6.442286 0.529788 0.846369 0.054628 0.933792 0.981798 1 0 1.000000
  0 0.586637 0.701028 6.441561 0.719533 0.692180 0.056205 0.966166 0.962275 1 0 1.000000
bgonesoda
  0 0.228050 0.914040 6.401651 0.257540 0.961426 -0.096614 0.885406 0.985019 1 0 1.000000
  0 0.456290 0.836433 6.442286 0.529788 0.846369 0.054628 0.933792 0.981798 1 0 1.000000
  0 0.458010 0.837974 6.401734 0.534162 0.839326 -0.101010 0.934046 0.982212 1 0 1.000000
bgonesoda
  0 0.228050 0.914040 6.401651 0.257540 0.961426 -0.096614 0.885406 0.985019 1 0 1.000000
  0 0.227526 0.912085 6.442390 0.258546 0.964741 0.049279 0.885406 0.984586 1 0 1.000000
  0 0.456290 0.836433 6.442286 0.529788 0.846369 0.054628 0.933792 0.981798 1 0 1.000000
bgonesoda
  0 -0.009135 0.963145 6.401734 -0.043195 0.994007 -0.100422 0.836766 0.982212 1 0 1.000000
  0 0.227526 0.912085 6.442390 0.258546 0.964741 0.049279 0.885406 0.984586 1 0 1.000000
  0 0.228050 0.914040 6.401651 0.257540 0.961426 -0.096614 0.885406 0.985019 1 0 1.000000
bgonesoda
  0 -0.009135 0.963145 6.401734 -0.043195 0.994007 -0.100422 0.836766 0.982212 1 0 1.000000
  0 -0.008416 0.960951 6.442286 -0.035715 0.997873 0.054539 0.837020 0.981798 1 0 1.000000
  0 0.227526 0.912085 6.442390 0.258546 0.964741 0.049279 0.885406 0.984586 1 0 1.000000
bgonesoda
  0 -0.190681 0.910649 6.402314 -0.276074 0.956037 -0.098878 0.804226 0.962561 1 0 1.000000
  0 -0.008416 0.960951 6.442286 -0.035715 0.997873 0.054539 0.837020 0.981798 1 0 1.000000
  0 -0.009135 0.963145 6.401734 -0.043195 0.994007 -0.100422 0.836766 0.982212 1 0 1.000000
bgonesoda
  0 -0.190681 0.910649 6.402314 -0.276074 0.956037 -0.098878 0.804226 0.962561 1 0 1.000000
  0 -0.189002 0.908860 6.441561 -0.277032 0.959220 0.056127 0.804646 0.962275 1 0 1.000000
  0 -0.008416 0.960951 6.442286 -0.035715 0.997873 0.054539 0.837020 0.981798 1 0 1.000000
bgonesoda
  0 0.544286 0.469325 6.361285 0.455390 -0.252451 -0.853750 0.971821 0.915072 1 0 1.000000
  0 0.428584 0.186782 6.383118 0.458868 -0.234250 -0.857069 0.961755 0.853980 1 0 1.000000
  0 0.374953 0.191574 6.353095 0.460605 -0.224793 -0.858668 0.951560 0.852272 1 0 1.000000
bgonesoda
  0 0.428584 0.186782 6.383118 0.458868 -0.234250 -0.857069 0.961755 0.853980 1 0 1.000000
  0 0.286823 -0.066967 6.367577 0.463852 -0.206377 -0.861539 0.945774 0.797163 1 0 1.000000
  0 0.374953 0.191574 6.353095 0.460605 -0.224793 -0.858668 0.951560 0.852272 1 0 1.000000
bgonesoda
  0 0.316873 -0.588367 6.365665 0.512942 -0.220515 0.829617 0.110206 0.839537 1 0 1.000000
  0 0.201999 -0.746562 6.375235 0.428931 -0.361579 0.827816 0.106546 0.826322 1 0 1.000000
  0 0.212768 -0.755697 6.365665 0.428774 -0.361762 0.827817 0.105392 0.826530 1 0 1.000000
bgonesoda
  0 0.316873 -0.588367 6.365665 0.512942 -0.220515 0.829617 0.110206 0.839537 1 0 1.000000
  0 0.303573 -0.583300 6.375235 0.511479 -0.224207 0.829530 0.111206 0.838947 1 0 1.000000
  0 0.201999 -0.746562 6.375235 0.428931 -0.361579 0.827816 0.106546 0.826322 1 0 1.000000
bgonesoda
  0 0.363523 -0.414267 6.365665 0.547747 -0.042716 0.835553 0.117851 0.849657 1 0 1.000000
  0 0.303573 -0.583300 6.375235 0.511479 -0.224207 0.829530 0.111206 0.838947 1 0 1.000000
  0 0.316873 -0.588367 6.365665 0.512942 -0.220515 0.829617 0.110206 0.839537 1 0 1.000000
bgonesoda
  0 0.363523 -0.414267 6.365665 0.547747 -0.042716 0.835553 0.117851 0.849657 1 0 1.000000
  0 0.348948 -0.413958 6.375235 0.547487 -0.049274 0.835362 0.118590 0.848739 1 0 1.000000
  0 0.303573 -0.583300 6.375235 0.511479 -0.224207 0.829530 0.111206 0.838947 1 0 1.000000
bgonesoda
  0 0.347872 -0.251483 6.365665 0.548898 0.052774 0.834222 0.127547 0.855857 1 0 1.000000
  0 0.348948 -0.413958 6.375235 0.547487 -0.049274 0.835362 0.118590 0.848739 1 0 1.000000
  0 0.363523 -0.414267 6.365665 0.547747 -0.042716 0.835553 0.117851 0.849657 1 0 1.000000
bgonesoda
  0 0.347872 -0.251483 6.365665 0.548898 0.052774 0.834222 0.127547 0.855857 1 0 1.000000
  0 0.334018 -0.258681 6.375235 0.548900 0.052774 0.834221 0.127745 0.854607 1 0 1.000000
  0 0.348948 -0.413958 6.375235 0.547487 -0.049274 0.835362 0.118590 0.848739 1 0 1.000000
bgonesoda
  0 -0.553427 -0.168571 6.365665 -0.495732 0.236866 0.835550 0.170532 0.810502 1 0 1.000000
  0 -0.450082 -0.048582 6.375235 -0.448993 0.320144 0.834214 0.172417 0.821402 1 0 1.000000
  0 -0.458481 -0.035422 6.365665 -0.448996 0.320144 0.834213 0.173671 0.821573 1 0 1.000000
bgonesoda
  0 -0.553427 -0.168571 6.365665 -0.495732 0.236866 0.835550 0.170532 0.810502 1 0 1.000000
  0 -0.540650 -0.175590 6.375235 -0.498778 0.231060 0.835363 0.169440 0.810944 1 0 1.000000
  0 -0.450082 -0.048582 6.375235 -0.448993 0.320144 0.834214 0.172417 0.821402 1 0 1.000000
bgonesoda
  0 -0.600077 -0.342671 6.365665 -0.554470 0.065494 0.829623 0.163047 0.800261 1 0 1.000000
  0 -0.540650 -0.175590 6.375235 -0.498778 0.231060 0.835363 0.169440 0.810944 1 0 1.000000
  0 -0.553427 -0.168571 6.365665 -0.495732 0.236866 0.835550 0.170532 0.810502 1 0 1.000000
bgonesoda
  0 -0.600077 -0.342671 6.365665 -0.554470 0.065494 0.829623 0.163047 0.800261 1 0 1.000000
  0 -0.586025 -0.344933 6.375235 -0.555044 0.061566 0.829540 0.162193 0.801048 1 0 1.000000
  0 -0.540650 -0.175590 6.375235 -0.498778 0.231060 0.835363 0.169440 0.810944 1 0 1.000000
bgonesoda
  0 -0.593584 -0.539635 6.365665 -0.552200 -0.098907 0.827824 0.151980 0.791898 1 0 1.000000
  0 -0.586025 -0.344933 6.375235 -0.555044 0.061566 0.829540 0.162193 0.801048 1 0 1.000000
  0 -0.600077 -0.342671 6.365665 -0.554470 0.065494 0.829623 0.163047 0.800261 1 0 1.000000
bgonesoda
  0 -0.593584 -0.539635 6.365665 -0.552200 -0.098907 0.827824 0.151980 0.791898 1 0 1.000000
  0 -0.579690 -0.537109 6.375235 -0.552244 -0.098667 0.827823 0.151447 0.792943 1 0 1.000000
  0 -0.586025 -0.344933 6.375235 -0.555044 0.061566 0.829540 0.162193 0.801048 1 0 1.000000
bgonesoda
  0 -0.531892 -0.725107 6.365665 -0.483426 -0.273294 0.831631 0.139132 0.787095 1 0 1.000000
  0 -0.579690 -0.537109 6.375235 -0.552244 -0.098667 0.827823 0.151447 0.792943 1 0 1.000000
  0 -0.593584 -0.539635 6.365665 -0.552200 -0.098907 0.827824 0.151980 0.791898 1 0 1.000000
bgonesoda
  0 -0.531892 -0.725107 6.365665 -0.483426 -0.273294 0.831631 0.139132 0.787095 1 0 1.000000
  0 -0.519630 -0.717675 6.375235 -0.485360 -0.270028 0.831571 0.139003 0.788285 1 0 1.000000
  0 -0.579690 -0.537109 6.375235 -0.552244 -0.098667 0.827823 0.151447 0.792943 1 0 1.000000
bgonesoda
  0 -0.417917 -0.859835 6.365665 -0.309263 -0.450152 0.837687 0.126697 0.787373 1 0 1.000000
  0 -0.519630 -0.717675 6.375235 -0.485360 -0.270028 0.831571 0.139003 0.788285 1 0 1.000000
  0 -0.531892 -0.725107 6.365665 -0.483426 -0.273294 0.831631 0.139132 0.787095 1 0 1.000000
bgonesoda
  0 -0.417917 -0.859835 6.365665 -0.309263 -0.450152 0.837687 0.126697 0.787373 1 0 1.000000
  0 -0.409600 -0.847741 6.375235 -0.309198 -0.450196 0.837688 0.127092 0.788563 1 0 1.000000
  0 -0.519630 -0.717675 6.375235 -0.485360 -0.270028 0.831571 0.139003 0.788285 1 0 1.000000
bgonesoda
  0 -0.261828 -0.914207 6.365665 -0.144677 -0.539944 0.829174 0.116956 0.793504 1 0 1.000000
  0 -0.409600 -0.847741 6.375235 -0.309198 -0.450196 0.837688 0.127092 0.788563 1 0 1.000000
  0 -0.417917 -0.859835 6.365665 -0.309263 -0.450152 0.837687 0.126697 0.787373 1 0 1.000000
bgonesoda
  0 -0.261828 -0.914207 6.365665 -0.144677 -0.539944 0.829174 0.116956 0.793504 1 0 1.000000
  0 -0.258154 -0.900495 6.375235 -0.144676 -0.539943 0.829174 0.117719 0.794508 1 0 1.000000
  0 -0.409600 -0.847741 6.375235 -0.309198 -0.450196 0.837688 0.127092 0.788563 1 0 1.000000
bgonesoda
  0 -0.099464 -0.945164 6.365665 0.042779 -0.544475 0.837686 0.108364 0.801020 1 0 1.000000
  0 -0.258154 -0.900495 6.375235 -0.144676 -0.539943 0.829174 0.117719 0.794508 1 0 1.000000
  0 -0.261828 -0.914207 6.365665 -0.144677 -0.539944 0.829174 0.116956 0.793504 1 0 1.000000
bgonesoda
  0 -0.099464 -0.945164 6.365665 0.042779 -0.544475 0.837686 0.108364 0.801020 1 0 1.000000
  0 -0.100620 -0.930532 6.375235 0.042690 -0.544482 0.837686 0.109380 0.801743 1 0 1.000000
  0 -0.258154 -0.900495 6.375235 -0.144676 -0.539943 0.829174 0.117719 0.794508 1 0 1.000000
bgonesoda
  0 0.066605 -0.885473 6.365665 0.282006 -0.478389 0.831635 0.104501 0.812845 1 0 1.000000
  0 -0.100620 -0.930532 6.375235 0.042690 -0.544482 0.837686 0.109380 0.801743 1 0 1.000000
  0 -0.099464 -0.945164 6.365665 0.042779 -0.544475 0.837686 0.108364 0.801020 1 0 1.000000
bgonesoda
  0 0.066605 -0.885473 6.365665 0.282006 -0.478389 0.831635 0.104501 0.812845 1 0 1.000000
  0 0.059702 -0.872906 6.375235 0.285306 -0.476531 0.831576 0.105674 0.813068 1 0 1.000000
  0 -0.100620 -0.930532 6.375235 0.042690 -0.544482 0.837686 0.109380 0.801743 1 0 1.000000
bgonesoda
  0 0.212768 -0.755697 6.365665 0.428774 -0.361762 0.827817 0.105392 0.826530 1 0 1.000000
  0 0.059702 -0.872906 6.375235 0.285306 -0.476531 0.831576 0.105674 0.813068 1 0 1.000000
  0 0.066605 -0.885473 6.365665 0.282006 -0.478389 0.831635 0.104501 0.812845 1 0 1.000000
bgonesoda
  0 0.212768 -0.755697 6.365665 0.428774 -0.361762 0.827817 0.105392 0.826530 1 0 1.000000
  0 0.201999 -0.746562 6.375235 0.428931 -0.361579 0.827816 0.106546 0.826322 1 0 1.000000
  0 0.059702 -0.872906 6.375235 0.285306 -0.476531 0.831576 0.105674 0.813068 1 0 1.000000
bgonesoda
  0 0.254047 -0.185930 6.365665 0.325843 0.466361 0.822395 0.135252 0.853597 1 0 1.000000
  0 0.334018 -0.258681 6.375235 0.325833 0.466363 0.822398 0.127745 0.854607 1 0 1.000000
  0 0.347872 -0.251483 6.365665 0.325832 0.466363 0.822398 0.127547 0.855857 1 0 1.000000
bgonesoda
  0 0.254047 -0.185930 6.365665 0.325843 0.466361 0.822395 0.135252 0.853597 1 0 1.000000
  0 0.247410 -0.198169 6.375235 0.325845 0.466360 0.822395 0.134707 0.852523 1 0 1.000000
  0 0.334018 -0.258681 6.375235 0.325833 0.466363 0.822398 0.127745 0.854607 1 0 1.000000
bgonesoda
  0 -0.458481 -0.035422 6.365665 -0.049006 0.566802 0.822395 0.173671 0.821573 1 0 1.000000
  0 -0.344821 -0.039481 6.375235 -0.049006 0.566800 0.822397 0.168413 0.827466 1 0 1.000000
  0 -0.344450 -0.025563 6.365665 -0.049006 0.566800 0.822397 0.169283 0.828297 1 0 1.000000
bgonesoda
  0 -0.458481 -0.035422 6.365665 -0.049006 0.566802 0.822395 0.173671 0.821573 1 0 1.000000
  0 -0.450082 -0.048582 6.375235 -0.049006 0.566802 0.822395 0.172417 0.821402 1 0 1.000000
  0 -0.344821 -0.039481 6.375235 -0.049006 0.566800 0.822397 0.168413 0.827466 1 0 1.000000
bgonesoda
  0 1.033272 -1.047398 0.156378 0.489841 -0.489840 -0.721189 0.342098 0.816955 1 0 1.000000
  0 0.615290 -1.352261 0.166117 0.327483 -0.702290 -0.632095 0.340753 0.867280 1 0 1.000000
  0 0.611005 -1.343072 0.156378 0.292766 -0.627837 -0.721186 0.342102 0.867045 1 0 1.000000
bgonesoda
  0 1.033272 -1.047398 0.156378 0.489841 -0.489840 -0.721189 0.342098 0.816955 1 0 1.000000
  0 1.040441 -1.054567 0.166117 0.547927 -0.547929 -0.632100 0.340753 0.816721 1 0 1.000000
  0 0.615290 -1.352261 0.166117 0.327483 -0.702290 -0.632095 0.340753 0.867280 1 0 1.000000
bgonesoda
  0 0.378882 0.319912 6.350019 0.130501 -0.069898 -0.988981 0.945642 0.877411 1 0 1.000000
  0 0.544286 0.469325 6.361285 0.191962 -0.059340 -0.979607 0.968180 0.915032 1 0 1.000000
  0 0.374953 0.191574 6.353095 0.130487 -0.069869 -0.988985 0.951560 0.852272 1 0 1.000000
bgonesoda
  0 0.378882 0.319912 6.350019 0.130501 -0.069898 -0.988981 0.945642 0.877411 1 0 1.000000
  0 0.502861 0.489530 6.348915 0.199130 -0.058094 -0.978250 0.960900 0.916821 1 0 1.000000
  0 0.544286 0.469325 6.361285 0.191962 -0.059340 -0.979607 0.968180 0.915032 1 0 1.000000
bgonesoda
  0 0.502861 0.489530 6.348915 0.199130 -0.058094 -0.978250 0.960900 0.916821 1 0 1.000000
  0 0.577967 0.696863 6.359276 0.262161 -0.046796 -0.963889 0.963231 0.959930 1 0 1.000000
  0 0.544286 0.469325 6.361285 0.191962 -0.059340 -0.979607 0.968180 0.915032 1 0 1.000000
bgonesoda
  0 0.502861 0.489530 6.348915 0.199130 -0.058094 -0.978250 0.960900 0.916821 1 0 1.000000
  0 0.531211 0.679441 6.347527 0.262166 -0.046799 -0.963887 0.956521 0.955195 1 0 1.000000
  0 0.577967 0.696863 6.359276 0.262161 -0.046796 -0.963889 0.963231 0.959930 1 0 1.000000
bgonesoda
  0 0.361177 0.359346 6.362780 -0.276256 0.200584 -0.939920 0.940149 0.884151 1 0 1.000000
  0 0.502861 0.489530 6.348915 -0.315573 0.120105 -0.941270 0.960900 0.916821 1 0 1.000000
  0 0.378882 0.319912 6.350019 -0.276241 0.200568 -0.939927 0.945642 0.877411 1 0 1.000000
bgonesoda
  0 0.361177 0.359346 6.362780 -0.276256 0.200584 -0.939920 0.940149 0.884151 1 0 1.000000
  0 0.470007 0.501056 6.361891 -0.313007 0.125546 -0.941416 0.953917 0.917350 1 0 1.000000
  0 0.502861 0.489530 6.348915 -0.315573 0.120105 -0.941270 0.960900 0.916821 1 0 1.000000
bgonesoda
  0 0.470007 0.501056 6.361891 -0.313007 0.125546 -0.941416 0.953917 0.917350 1 0 1.000000
  0 0.531211 0.679441 6.347527 -0.349730 0.044632 -0.935787 0.956521 0.955195 1 0 1.000000
  0 0.502861 0.489530 6.348915 -0.315573 0.120105 -0.941270 0.960900 0.916821 1 0 1.000000
bgonesoda
  0 0.470007 0.501056 6.361891 -0.313007 0.125546 -0.941416 0.953917 0.917350 1 0 1.000000
  0 0.493012 0.665763 6.361003 -0.349748 0.044638 -0.935780 0.949812 0.950549 1 0 1.000000
  0 0.531211 0.679441 6.347527 -0.349730 0.044632 -0.935787 0.956521 0.955195 1 0 1.000000
bgonesoda
  0 -0.151795 0.862452 6.347527 -0.337320 0.104613 -0.935559 0.814291 0.955196 1 0 1.000000
  0 -0.271872 0.688428 6.371361 -0.287225 0.057548 -0.956133 0.802648 0.915032 1 0 1.000000
  0 -0.183576 0.900918 6.359276 -0.337303 0.104606 -0.935566 0.807581 0.959930 1 0 1.000000
bgonesoda
  0 -0.151795 0.862452 6.347527 -0.337320 0.104613 -0.935559 0.814291 0.955196 1 0 1.000000
  0 -0.222180 0.683804 6.348915 -0.291010 0.061084 -0.954768 0.809916 0.916821 1 0 1.000000
  0 -0.271872 0.688428 6.371361 -0.287225 0.057548 -0.956133 0.802648 0.915032 1 0 1.000000
bgonesoda
  0 -0.222180 0.683804 6.348915 -0.291010 0.061084 -0.954768 0.809916 0.916821 1 0 1.000000
  0 -0.259403 0.361549 6.353095 -0.241131 0.015275 -0.970372 0.819461 0.852272 1 0 1.000000
  0 -0.271872 0.688428 6.371361 -0.287225 0.057548 -0.956133 0.802648 0.915032 1 0 1.000000
bgonesoda
  0 -0.222180 0.683804 6.348915 -0.291010 0.061084 -0.954768 0.809916 0.916821 1 0 1.000000
  0 -0.199534 0.474898 6.350019 -0.241134 0.015270 -0.970372 0.825192 0.877411 1 0 1.000000
  0 -0.259403 0.361549 6.353095 -0.241131 0.015275 -0.970372 0.819461 0.852272 1 0 1.000000
bgonesoda
  0 -0.125553 0.831507 6.361003 0.325225 -0.136176 -0.935780 0.821000 0.950549 1 0 1.000000
  0 -0.222180 0.683804 6.348915 0.333641 -0.053737 -0.941167 0.809916 0.916821 1 0 1.000000
  0 -0.151795 0.862452 6.347527 0.325296 -0.136225 -0.935749 0.814291 0.955196 1 0 1.000000
bgonesoda
  0 -0.125553 0.831507 6.361003 0.325225 -0.136176 -0.935780 0.821000 0.950549 1 0 1.000000
  0 -0.187983 0.677364 6.361891 0.334146 -0.047723 -0.941312 0.816895 0.917350 1 0 1.000000
  0 -0.222180 0.683804 6.348915 0.333641 -0.053737 -0.941167 0.809916 0.916821 1 0 1.000000
bgonesoda
  0 -0.187983 0.677364 6.361891 0.334146 -0.047723 -0.941312 0.816895 0.917350 1 0 1.000000
  0 -0.199534 0.474898 6.350019 0.339988 0.035707 -0.939752 0.825192 0.877411 1 0 1.000000
  0 -0.222180 0.683804 6.348915 0.333641 -0.053737 -0.941167 0.809916 0.916821 1 0 1.000000
bgonesoda
  0 -0.187983 0.677364 6.361891 0.334146 -0.047723 -0.941312 0.816895 0.917350 1 0 1.000000
  0 -0.164589 0.500225 6.362780 0.340027 0.035703 -0.939738 0.830663 0.884151 1 0 1.000000
  0 -0.199534 0.474898 6.350019 0.339988 0.035707 -0.939752 0.825192 0.877411 1 0 1.000000
bgonesoda
  0 0.531211 0.679441 6.347527 0.174089 0.164584 -0.970879 0.956521 0.955195 1 0 1.000000
  0 0.449827 0.829384 6.358353 0.135866 0.198031 -0.970734 0.932014 0.978559 1 0 1.000000
  0 0.577967 0.696863 6.359276 0.174111 0.164593 -0.970873 0.963231 0.959930 1 0 1.000000
bgonesoda
  0 0.531211 0.679441 6.347527 0.174089 0.164584 -0.970879 0.956521 0.955195 1 0 1.000000
  0 0.415345 0.795807 6.346891 0.121610 0.210334 -0.970036 0.927952 0.971773 1 0 1.000000
  0 0.449827 0.829384 6.358353 0.135866 0.198031 -0.970734 0.932014 0.978559 1 0 1.000000
bgonesoda
  0 0.415345 0.795807 6.346891 0.121610 0.210334 -0.970036 0.927952 0.971773 1 0 1.000000
  0 0.225249 0.903586 6.358221 0.066580 0.248522 -0.966335 0.885406 0.981220 1 0 1.000000
  0 0.449827 0.829384 6.358353 0.135866 0.198031 -0.970734 0.932014 0.978559 1 0 1.000000
bgonesoda
  0 0.415345 0.795807 6.346891 0.121610 0.210334 -0.970036 0.927952 0.971773 1 0 1.000000
  0 0.214085 0.861924 6.346800 0.066596 0.248553 -0.966326 0.885406 0.974141 1 0 1.000000
  0 0.225249 0.903586 6.358221 0.066580 0.248522 -0.966335 0.885406 0.981220 1 0 1.000000
bgonesoda
  0 0.214085 0.861924 6.346800 0.066596 0.248553 -0.966326 0.885406 0.974141 1 0 1.000000
  0 -0.006343 0.951614 6.358353 -0.018680 0.239439 -0.970732 0.838798 0.978559 1 0 1.000000
  0 0.225249 0.903586 6.358221 0.066580 0.248522 -0.966335 0.885406 0.981220 1 0 1.000000
bgonesoda
  0 0.214085 0.861924 6.346800 0.066596 0.248553 -0.966326 0.885406 0.974141 1 0 1.000000
  0 0.006731 0.905295 6.346891 -0.000165 0.242943 -0.970041 0.842861 0.971773 1 0 1.000000
  0 -0.006343 0.951614 6.358353 -0.018680 0.239439 -0.970732 0.838798 0.978559 1 0 1.000000
bgonesoda
  0 0.006731 0.905295 6.346891 -0.000165 0.242943 -0.970041 0.842861 0.971773 1 0 1.000000
  0 -0.183576 0.900918 6.359276 -0.068468 0.229603 -0.970873 0.807581 0.959930 1 0 1.000000
  0 -0.006343 0.951614 6.358353 -0.018680 0.239439 -0.970732 0.838798 0.978559 1 0 1.000000
bgonesoda
  0 0.006731 0.905295 6.346891 -0.000165 0.242943 -0.970041 0.842861 0.971773 1 0 1.000000
  0 -0.151795 0.862452 6.347527 -0.068468 0.229578 -0.970879 0.814291 0.955196 1 0 1.000000
  0 -0.183576 0.900918 6.359276 -0.068468 0.229603 -0.970873 0.807581 0.959930 1 0 1.000000
bgonesoda
  0 0.493012 0.665763 6.361003 -0.236691 -0.243439 -0.940593 0.949812 0.950549 1 0 1.000000
  0 0.415345 0.795807 6.346891 -0.187076 -0.288858 -0.938916 0.927952 0.971773 1 0 1.000000
  0 0.531211 0.679441 6.347527 -0.236673 -0.243429 -0.940600 0.956521 0.955195 1 0 1.000000
bgonesoda
  0 0.493012 0.665763 6.361003 -0.236691 -0.243439 -0.940593 0.949812 0.950549 1 0 1.000000
  0 0.387216 0.768867 6.360615 -0.167819 -0.305906 -0.937154 0.923889 0.965074 1 0 1.000000
  0 0.415345 0.795807 6.346891 -0.187076 -0.288858 -0.938916 0.927952 0.971773 1 0 1.000000
bgonesoda
  0 0.387216 0.768867 6.360615 -0.167819 -0.305906 -0.937154 0.923889 0.965074 1 0 1.000000
  0 0.214085 0.861924 6.346800 -0.095587 -0.356726 -0.929306 0.885406 0.974141 1 0 1.000000
  0 0.415345 0.795807 6.346891 -0.187076 -0.288858 -0.938916 0.927952 0.971773 1 0 1.000000
bgonesoda
  0 0.387216 0.768867 6.360615 -0.167819 -0.305906 -0.937154 0.923889 0.965074 1 0 1.000000
  0 0.205089 0.828348 6.360559 -0.095564 -0.356677 -0.929327 0.885406 0.967149 1 0 1.000000
  0 0.214085 0.861924 6.346800 -0.095587 -0.356726 -0.929306 0.885406 0.974141 1 0 1.000000
bgonesoda
  0 0.205089 0.828348 6.360559 -0.095564 -0.356677 -0.929327 0.885406 0.967149 1 0 1.000000
  0 0.006731 0.905295 6.346891 0.017597 -0.343711 -0.938911 0.842861 0.971773 1 0 1.000000
  0 0.214085 0.861924 6.346800 -0.095587 -0.356726 -0.929306 0.885406 0.974141 1 0 1.000000
bgonesoda
  0 0.205089 0.828348 6.360559 -0.095564 -0.356677 -0.929327 0.885406 0.967149 1 0 1.000000
  0 0.017621 0.867900 6.360615 -0.007581 -0.348875 -0.937139 0.846923 0.965074 1 0 1.000000
  0 0.006731 0.905295 6.346891 0.017597 -0.343711 -0.938911 0.842861 0.971773 1 0 1.000000
bgonesoda
  0 0.017621 0.867900 6.360615 -0.007581 -0.348875 -0.937139 0.846923 0.965074 1 0 1.000000
  0 -0.151795 0.862452 6.347527 0.083248 -0.329140 -0.940604 0.814291 0.955196 1 0 1.000000
  0 0.006731 0.905295 6.346891 0.017597 -0.343711 -0.938911 0.842861 0.971773 1 0 1.000000
bgonesoda
  0 0.017621 0.867900 6.360615 -0.007581 -0.348875 -0.937139 0.846923 0.965074 1 0 1.000000
  0 -0.125553 0.831507 6.361003 0.083248 -0.329149 -0.940601 0.821000 0.950549 1 0 1.000000
  0 -0.151795 0.862452 6.347527 0.083248 -0.329140 -0.940604 0.814291 0.955196 1 0 1.000000
bgonesoda
  0 -0.087108 0.365521 6.350221 0.006009 0.023036 -0.999717 0.852729 0.862013 1 0 1.000000
  0 0.055083 0.266684 6.348798 0.006164 0.023023 -0.999716 0.885502 0.850213 1 0 1.000000
  0 -0.104626 0.310582 6.349100 0.006015 0.023049 -0.999716 0.852186 0.850427 1 0 1.000000
bgonesoda
  0 -0.087108 0.365521 6.350221 0.006009 0.023036 -0.999717 0.852729 0.862013 1 0 1.000000
  0 0.067354 0.314084 6.350219 0.006167 0.023029 -0.999716 0.885418 0.860061 1 0 1.000000
  0 0.055083 0.266684 6.348798 0.006164 0.023023 -0.999716 0.885502 0.850213 1 0 1.000000
bgonesoda
  0 0.067354 0.314084 6.350219 0.006167 0.023029 -0.999716 0.885418 0.860061 1 0 1.000000
  0 0.215708 0.224749 6.349100 0.006272 0.022947 -0.999717 0.918893 0.850427 1 0 1.000000
  0 0.055083 0.266684 6.348798 0.006164 0.023023 -0.999716 0.885502 0.850213 1 0 1.000000
bgonesoda
  0 0.067354 0.314084 6.350219 0.006167 0.023029 -0.999716 0.885418 0.860061 1 0 1.000000
  0 0.226873 0.281390 6.350221 0.006304 0.023000 -0.999716 0.918114 0.862013 1 0 1.000000
  0 0.215708 0.224749 6.349100 0.006272 0.022947 -0.999717 0.918893 0.850427 1 0 1.000000
bgonesoda
  0 0.965070 -0.979196 6.587100 -0.000001 0.000000 1.000000 0.043676 0.861308 1 0 1.000000
  0 0.519191 -1.147002 6.587100 0.000000 0.000000 1.000000 0.053952 0.823673 1 0 1.000000
  0 0.570243 -1.255657 6.587100 0.000000 0.000000 1.000000 0.044200 0.821768 1 0 1.000000
bgonesoda
  0 0.570243 -1.255657 6.587100 0.000000 0.000000 1.000000 0.044200 0.821768 1 0 1.000000
  0 0.519191 -1.147002 6.587100 0.000000 0.000000 1.000000 0.053952 0.823673 1 0 1.000000
  0 0.086061 -1.290671 6.587100 -0.000001 0.000000 1.000000 0.066147 0.787365 1 0 1.000000
bgonesoda
  0 0.570243 -1.255657 6.587100 0.000000 0.000000 1.000000 0.044200 0.821768 1 0 1.000000
  0 0.086061 -1.290671 6.587100 -0.000001 0.000000 1.000000 0.066147 0.787365 1 0 1.000000
  0 0.101518 -1.392175 6.587100 0.000000 0.000000 1.000000 0.058240 0.783164 1 0 1.000000
bgonesoda
  0 0.101518 -1.392175 6.587100 0.000000 0.000000 1.000000 0.058240 0.783164 1 0 1.000000
  0 0.086061 -1.290671 6.587100 -0.000001 0.000000 1.000000 0.066147 0.787365 1 0 1.000000
  0 -0.350990 -1.246967 6.587100 -0.000002 0.000000 1.000000 0.091421 0.759079 1 0 1.000000
bgonesoda
  0 0.101518 -1.392175 6.587100 0.000000 0.000000 1.000000 0.058240 0.783164 1 0 1.000000
  0 -0.350990 -1.246967 6.587100 -0.000002 0.000000 1.000000 0.091421 0.759079 1 0 1.000000
  0 -0.377751 -1.346837 6.587100 -0.000001 0.000000 1.000000 0.085698 0.751383 1 0 1.000000
bgonesoda
  0 -0.377751 -1.346837 6.587100 -0.000001 0.000000 1.000000 0.085698 0.751383 1 0 1.000000
  0 -0.350990 -1.246967 6.587100 -0.000002 0.000000 1.000000 0.091421 0.759079 1 0 1.000000
  0 -0.751340 -1.066290 6.587100 0.000000 0.000000 1.000000 0.125781 0.743026 1 0 1.000000
bgonesoda
  0 -0.377751 -1.346837 6.587100 -0.000001 0.000000 1.000000 0.085698 0.751383 1 0 1.000000
  0 -0.751340 -1.066290 6.587100 0.000000 0.000000 1.000000 0.125781 0.743026 1 0 1.000000
  0 -0.815478 -1.146467 6.587100 0.000000 0.000000 1.000000 0.124037 0.734245 1 0 1.000000
bgonesoda
  0 -0.815478 -1.146467 6.587100 0.000000 0.000000 1.000000 0.124037 0.734245 1 0 1.000000
  0 -0.751340 -1.066290 6.587100 0.000000 0.000000 1.000000 0.125781 0.743026 1 0 1.000000
  0 -1.054608 -0.725304 6.587100 0.000000 0.000000 1.000000 0.164059 0.741810 1 0 1.000000
bgonesoda
  0 -0.815478 -1.146467 6.587100 0.000000 0.000000 1.000000 0.124037 0.734245 1 0 1.000000
  0 -1.054608 -0.725304 6.587100 0.000000 0.000000 1.000000 0.164059 0.741810 1 0 1.000000
  0 -1.153147 -0.793876 6.587100 0.000001 0.000000 1.000000 0.165045 0.731923 1 0 1.000000
bgonesoda
  0 -1.153147 -0.793876 6.587100 0.000001 0.000000 1.000000 0.165045 0.731923 1 0 1.000000
  0 -1.054608 -0.725304 6.587100 0.000000 0.000000 1.000000 0.164059 0.741810 1 0 1.000000
  0 -1.240485 -0.325861 6.587100 0.000005 0.000000 1.000000 0.198873 0.751682 1 0 1.000000
bgonesoda
  0 -1.153147 -0.793876 6.587100 0.000001 0.000000 1.000000 0.165045 0.731923 1 0 1.000000
  0 -1.240485 -0.325861 6.587100 0.000005 0.000000 1.000000 0.198873 0.751682 1 0 1.000000
  0 -1.356846 -0.357040 6.587100 0.000004 0.000000 1.000000 0.203059 0.742815 1 0 1.000000
bgonesoda
  0 -1.356846 -0.357040 6.587100 0.000004 0.000000 1.000000 0.203059 0.742815 1 0 1.000000
  0 -1.240485 -0.325861 6.587100 0.000005 0.000000 1.000000 0.198873 0.751682 1 0 1.000000
  0 -1.278848 0.112621 6.587100 0.000001 0.000000 1.000000 0.228342 0.772038 1 0 1.000000
bgonesoda
  0 -1.356846 -0.357040 6.587100 0.000004 0.000000 1.000000 0.203059 0.742815 1 0 1.000000
  0 -1.278848 0.112621 6.587100 0.000001 0.000000 1.000000 0.228342 0.772038 1 0 1.000000
  0 -1.398855 0.123121 6.587100 0.000000 0.000000 1.000000 0.235103 0.765078 1 0 1.000000
bgonesoda
  0 -1.398855 0.123121 6.587100 0.000000 0.000000 1.000000 0.235103 0.765078 1 0 1.000000
  0 -1.278848 0.112621 6.587100 0.000001 0.000000 1.000000 0.228342 0.772038 1 0 1.000000
  0 -1.164926 0.537781 6.587100 0.000003 0.000000 1.000000 0.249541 0.800746 1 0 1.000000
bgonesoda
  0 -1.398855 0.123121 6.587100 0.000000 0.000000 1.000000 0.235103 0.765078 1 0 1.000000
  0 -1.164926 0.537781 6.587100 0.000003 0.000000 1.000000 0.249541 0.800746 1 0 1.000000
  0 -1.274105 0.588692 6.587100 0.000001 0.000000 1.000000 0.258184 0.796353 1 0 1.000000
bgonesoda
  0 -1.274105 0.588692 6.587100 0.000001 0.000000 1.000000 0.258184 0.796353 1 0 1.000000
  0 -1.164926 0.537781 6.587100 0.000003 0.000000 1.000000 0.249541 0.800746 1 0 1.000000
  0 -0.912463 0.898337 6.587100 0.000000 0.000000 1.000000 0.260283 0.834914 1 0 1.000000
bgonesoda
  0 -1.274105 0.588692 6.587100 0.000001 0.000000 1.000000 0.258184 0.796353 1 0 1.000000
  0 -0.912463 0.898337 6.587100 0.000000 0.000000 1.000000 0.260283 0.834914 1 0 1.000000
  0 -0.997645 0.983519 6.587100 -0.000001 0.000000 1.000000 0.269968 0.833560 1 0 1.000000
bgonesoda
  0 -0.997645 0.983519 6.587100 -0.000001 0.000000 1.000000 0.269968 0.833560 1 0 1.000000
  0 -0.912463 0.898337 6.587100 0.000000 0.000000 1.000000 0.260283 0.834914 1 0 1.000000
  0 -0.551907 1.150801 6.587100 0.000000 0.000000 1.000000 0.259193 0.871078 1 0 1.000000
bgonesoda
  0 -0.997645 0.983519 6.587100 -0.000001 0.000000 1.000000 0.269968 0.833560 1 0 1.000000
  0 -0.551907 1.150801 6.587100 0.000000 0.000000 1.000000 0.259193 0.871078 1 0 1.000000
  0 -0.602818 1.259980 6.587100 0.000000 0.000000 1.000000 0.268976 0.873039 1 0 1.000000
bgonesoda
  0 -0.602818 1.259980 6.587100 0.000000 0.000000 1.000000 0.268976 0.873039 1 0 1.000000
  0 -0.551907 1.150801 6.587100 0.000000 0.000000 1.000000 0.259193 0.871078 1 0 1.000000
  0 -0.126747 1.264722 6.587100 0.000001 0.000000 1.000000 0.245837 0.905325 1 0 1.000000
bgonesoda
  0 -0.602818 1.259980 6.587100 0.000000 0.000000 1.000000 0.268976 0.873039 1 0 1.000000
  0 -0.126747 1.264722 6.587100 0.000001 0.000000 1.000000 0.245837 0.905325 1 0 1.000000
  0 -0.137246 1.384729 6.587100 0.000001 0.000000 1.000000 0.254659 0.910739 1 0 1.000000
bgonesoda
  0 -0.137246 1.384729 6.587100 0.000001 0.000000 1.000000 0.254659 0.910739 1 0 1.000000
  0 -0.126747 1.264722 6.587100 0.000001 0.000000 1.000000 0.245837 0.905325 1 0 1.000000
  0 0.311736 1.226360 6.587100 -0.000001 0.000000 1.000000 0.220850 0.933187 1 0 1.000000
bgonesoda
  0 -0.137246 1.384729 6.587100 0.000001 0.000000 1.000000 0.254659 0.910739 1 0 1.000000
  0 0.311736 1.226360 6.587100 -0.000001 0.000000 1.000000 0.220850 0.933187 1 0 1.000000
  0 0.342914 1.342721 6.587100 -0.000001 0.000000 1.000000 0.227376 0.941966 1 0 1.000000
bgonesoda
  0 0.342914 1.342721 6.587100 -0.000001 0.000000 1.000000 0.227376 0.941966 1 0 1.000000
  0 0.311736 1.226360 6.587100 -0.000001 0.000000 1.000000 0.220850 0.933187 1 0 1.000000
  0 0.710654 1.040341 6.587100 0.000000 0.000000 1.000000 0.186972 0.949092 1 0 1.000000
bgonesoda
  0 0.342914 1.342721 6.587100 -0.000001 0.000000 1.000000 0.227376 0.941966 1 0 1.000000
  0 0.710654 1.040341 6.587100 0.000000 0.000000 1.000000 0.186972 0.949092 1 0 1.000000
  0 0.779750 1.139021 6.587100 0.000000 0.000000 1.000000 0.189611 0.959092 1 0 1.000000
bgonesoda
  0 0.779750 1.139021 6.587100 0.000000 0.000000 1.000000 0.189611 0.959092 1 0 1.000000
  0 0.710654 1.040341 6.587100 0.000000 0.000000 1.000000 0.186972 0.949092 1 0 1.000000
  0 1.021892 0.729103 6.587100 0.000005 0.000000 1.000000 0.150323 0.952016 1 0 1.000000
bgonesoda
  0 0.779750 1.139021 6.587100 0.000000 0.000000 1.000000 0.189611 0.959092 1 0 1.000000
  0 1.021892 0.729103 6.587100 0.000005 0.000000 1.000000 0.150323 0.952016 1 0 1.000000
  0 1.120572 0.798199 6.587100 0.000004 0.000000 1.000000 0.149384 0.961946 1 0 1.000000
bgonesoda
  0 1.120572 0.798199 6.587100 0.000004 0.000000 1.000000 0.149384 0.961946 1 0 1.000000
  0 1.021892 0.729103 6.587100 0.000005 0.000000 1.000000 0.150323 0.952016 1 0 1.000000
  0 1.207911 0.330185 6.587100 -0.000004 0.000000 1.000000 0.115380 0.942640 1 0 1.000000
bgonesoda
  0 1.120572 0.798199 6.587100 0.000004 0.000000 1.000000 0.149384 0.961946 1 0 1.000000
  0 1.207911 0.330185 6.587100 -0.000004 0.000000 1.000000 0.115380 0.942640 1 0 1.000000
  0 1.324272 0.361363 6.587100 -0.000003 0.000000 1.000000 0.111293 0.951525 1 0 1.000000
bgonesoda
  0 1.324272 0.361363 6.587100 -0.000003 0.000000 1.000000 0.111293 0.951525 1 0 1.000000
  0 1.207911 0.330185 6.587100 -0.000004 0.000000 1.000000 0.115380 0.942640 1 0 1.000000
  0 1.246273 -0.108298 6.587100 0.000003 0.000000 1.000000 0.085755 0.922510 1 0 1.000000
bgonesoda
  0 1.324272 0.361363 6.587100 -0.000003 0.000000 1.000000 0.111293 0.951525 1 0 1.000000
  0 1.246273 -0.108298 6.587100 0.000003 0.000000 1.000000 0.085755 0.922510 1 0 1.000000
  0 1.366280 -0.118797 6.587100 0.000004 0.000000 1.000000 0.079059 0.929524 1 0 1.000000
bgonesoda
  0 1.366280 -0.118797 6.587100 0.000004 0.000000 1.000000 0.079059 0.929524 1 0 1.000000
  0 1.246273 -0.108298 6.587100 0.000003 0.000000 1.000000 0.085755 0.922510 1 0 1.000000
  0 1.132352 -0.533458 6.587100 0.000000 0.000000 1.000000 0.064374 0.893938 1 0 1.000000
bgonesoda
  0 1.366280 -0.118797 6.587100 0.000004 0.000000 1.000000 0.079059 0.929524 1 0 1.000000
  0 1.132352 -0.533458 6.587100 0.000000 0.000000 1.000000 0.064374 0.893938 1 0 1.000000
  0 1.241531 -0.584369 6.587100 0.000000 0.000000 1.000000 0.055763 0.898409 1 0 1.000000
bgonesoda
  0 1.241531 -0.584369 6.587100 0.000000 0.000000 1.000000 0.055763 0.898409 1 0 1.000000
  0 1.132352 -0.533458 6.587100 0.000000 0.000000 1.000000 0.064374 0.893938 1 0 1.000000
  0 0.879888 -0.894014 6.587100 -0.000001 0.000000 1.000000 0.053373 0.859855 1 0 1.000000
bgonesoda
  0 1.241531 -0.584369 6.587100 0.000000 0.000000 1.000000 0.055763 0.898409 1 0 1.000000
  0 0.879888 -0.894014 6.587100 -0.000001 0.000000 1.000000 0.053373 0.859855 1 0 1.000000
  0 0.965070 -0.979196 6.587100 -0.000001 0.000000 1.000000 0.043676 0.861308 1 0 1.000000
bgonesoda
  0 0.965070 -0.979196 6.587100 -0.000001 0.000000 1.000000 0.043676 0.861308 1 0 1.000000
  0 0.879888 -0.894014 6.587100 -0.000001 0.000000 1.000000 0.053373 0.859855 1 0 1.000000
  0 0.519191 -1.147002 6.587100 0.000000 0.000000 1.000000 0.053952 0.823673 1 0 1.000000
bgonesoda
  0 -1.361520 0.629454 0.156378 -0.627838 0.292764 -0.721186 0.606188 0.912913 1 0 1.000000
  0 -1.073015 1.058889 0.166117 -0.547928 0.547930 -0.632098 0.624486 0.866073 1 0 1.000000
  0 -1.065846 1.051720 0.156378 -0.489840 0.489839 -0.721189 0.623140 0.865838 1 0 1.000000
bgonesoda
  0 -1.361520 0.629454 0.156378 -0.627838 0.292764 -0.721186 0.606188 0.912913 1 0 1.000000
  0 -1.370709 0.633738 0.166117 -0.702287 0.327482 -0.632098 0.607373 0.913590 1 0 1.000000
  0 -1.073015 1.058889 0.166117 -0.547928 0.547930 -0.632098 0.624486 0.866073 1 0 1.000000
bgonesoda
  0 -1.494939 0.131526 0.156378 -0.690098 0.060376 -0.721194 0.574275 0.951434 1 0 1.000000
  0 -1.370709 0.633738 0.166117 -0.702287 0.327482 -0.632098 0.607373 0.913590 1 0 1.000000
  0 -1.361520 0.629454 0.156378 -0.627838 0.292764 -0.721186 0.606188 0.912913 1 0 1.000000
bgonesoda
  0 -1.494939 0.131526 0.156378 -0.690098 0.060376 -0.721194 0.574275 0.951434 1 0 1.000000
  0 -1.505040 0.132410 0.166117 -0.771937 0.067536 -0.632101 0.575160 0.952473 1 0 1.000000
  0 -1.370709 0.633738 0.166117 -0.702287 0.327482 -0.632098 0.607373 0.913590 1 0 1.000000
bgonesoda
  0 -1.450011 -0.382004 0.156378 -0.669133 -0.179294 -0.721190 0.531166 0.976838 1 0 1.000000
  0 -1.505040 0.132410 0.166117 -0.771937 0.067536 -0.632101 0.575160 0.952473 1 0 1.000000
  0 -1.494939 0.131526 0.156378 -0.690098 0.060376 -0.721194 0.574275 0.951434 1 0 1.000000
bgonesoda
  0 -1.450011 -0.382004 0.156378 -0.669133 -0.179294 -0.721190 0.531166 0.976838 1 0 1.000000
  0 -1.459805 -0.384628 0.166117 -0.748484 -0.200555 -0.632099 0.531647 0.978116 1 0 1.000000
  0 -1.505040 0.132410 0.166117 -0.771937 0.067536 -0.632101 0.575160 0.952473 1 0 1.000000
bgonesoda
  0 -1.232155 -0.849199 0.156378 -0.567457 -0.397339 -0.721190 0.481947 0.986140 1 0 1.000000
  0 -1.459805 -0.384628 0.166117 -0.748484 -0.200555 -0.632099 0.531647 0.978116 1 0 1.000000
  0 -1.450011 -0.382004 0.156378 -0.669133 -0.179294 -0.721190 0.531166 0.976838 1 0 1.000000
bgonesoda
  0 -1.232155 -0.849199 0.156378 -0.567457 -0.397339 -0.721190 0.481947 0.986140 1 0 1.000000
  0 -1.240460 -0.855014 0.166117 -0.634751 -0.444457 -0.632099 0.481967 0.987509 1 0 1.000000
  0 -1.459805 -0.384628 0.166117 -0.748484 -0.200555 -0.632099 0.531647 0.978116 1 0 1.000000
bgonesoda
  0 -0.867647 -1.213707 0.156378 -0.397339 -0.567461 -0.721187 0.432268 0.978244 1 0 1.000000
  0 -1.240460 -0.855014 0.166117 -0.634751 -0.444457 -0.632099 0.481967 0.987509 1 0 1.000000
  0 -1.232155 -0.849199 0.156378 -0.567457 -0.397339 -0.721190 0.481947 0.986140 1 0 1.000000
bgonesoda
  0 -0.867647 -1.213707 0.156378 -0.397339 -0.567461 -0.721187 0.432268 0.978244 1 0 1.000000
  0 -0.873462 -1.222012 0.166117 -0.444458 -0.634752 -0.632097 0.431823 0.979552 1 0 1.000000
  0 -1.240460 -0.855014 0.166117 -0.634751 -0.444457 -0.632099 0.481967 0.987509 1 0 1.000000
bgonesoda
  0 -0.400453 -1.431563 0.156378 -0.179296 -0.669141 -0.721182 0.387579 0.953755 1 0 1.000000
  0 -0.873462 -1.222012 0.166117 -0.444458 -0.634752 -0.632097 0.431823 0.979552 1 0 1.000000
  0 -0.867647 -1.213707 0.156378 -0.397339 -0.567461 -0.721187 0.432268 0.978244 1 0 1.000000
bgonesoda
  0 -0.400453 -1.431563 0.156378 -0.179296 -0.669141 -0.721182 0.387579 0.953755 1 0 1.000000
  0 -0.403077 -1.441356 0.166117 -0.200558 -0.748488 -0.632093 0.386566 0.954978 1 0 1.000000
  0 -0.873462 -1.222012 0.166117 -0.444458 -0.634752 -0.632097 0.431823 0.979552 1 0 1.000000
bgonesoda
  0 0.113078 -1.476491 0.156378 0.060378 -0.690112 -0.721180 0.355214 0.914394 1 0 1.000000
  0 -0.403077 -1.441356 0.166117 -0.200558 -0.748488 -0.632093 0.386566 0.954978 1 0 1.000000
  0 -0.400453 -1.431563 0.156378 -0.179296 -0.669141 -0.721182 0.387579 0.953755 1 0 1.000000
bgonesoda
  0 0.113078 -1.476491 0.156378 0.060378 -0.690112 -0.721180 0.355214 0.914394 1 0 1.000000
  0 0.113962 -1.486591 0.166117 0.067536 -0.771942 -0.632095 0.354011 0.915074 1 0 1.000000
  0 -0.403077 -1.441356 0.166117 -0.200558 -0.748488 -0.632093 0.386566 0.954978 1 0 1.000000
bgonesoda
  0 0.611005 -1.343072 0.156378 0.292766 -0.627837 -0.721186 0.338226 0.867045 1 0 1.000000
  0 0.113962 -1.486591 0.166117 0.067536 -0.771942 -0.632095 0.354011 0.915074 1 0 1.000000
  0 0.113078 -1.476491 0.156378 0.060378 -0.690112 -0.721180 0.355214 0.914394 1 0 1.000000
bgonesoda
  0 0.611005 -1.343072 0.156378 0.292766 -0.627837 -0.721186 0.338226 0.867045 1 0 1.000000
  0 0.615290 -1.352261 0.166117 0.327483 -0.702290 -0.632095 0.336877 0.867280 1 0 1.000000
  0 0.113962 -1.486591 0.166117 0.067536 -0.771942 -0.632095 0.354011 0.915074 1 0 1.000000
bgonesoda
  0 1.328946 -0.625131 0.156378 0.627830 -0.292761 -0.721193 0.355175 0.769880 1 0 1.000000
  0 1.040441 -1.054567 0.166117 0.547927 -0.547929 -0.632100 0.336877 0.816721 1 0 1.000000
  0 1.033272 -1.047398 0.156378 0.489841 -0.489840 -0.721189 0.338223 0.816955 1 0 1.000000
bgonesoda
  0 1.328946 -0.625131 0.156378 0.627830 -0.292761 -0.721193 0.355175 0.769880 1 0 1.000000
  0 1.338135 -0.629416 0.166117 0.702285 -0.327482 -0.632101 0.353990 0.769204 1 0 1.000000
  0 1.040441 -1.054567 0.166117 0.547927 -0.547929 -0.632100 0.336877 0.816721 1 0 1.000000
bgonesoda
  0 1.462365 -0.127204 0.156378 0.690097 -0.060375 -0.721194 0.387088 0.731359 1 0 1.000000
  0 1.338135 -0.629416 0.166117 0.702285 -0.327482 -0.632101 0.353990 0.769204 1 0 1.000000
  0 1.328946 -0.625131 0.156378 0.627830 -0.292761 -0.721193 0.355175 0.769880 1 0 1.000000
bgonesoda
  0 1.462365 -0.127204 0.156378 0.690097 -0.060375 -0.721194 0.387088 0.731359 1 0 1.000000
  0 1.472465 -0.128088 0.166117 0.771937 -0.067536 -0.632101 0.386203 0.730321 1 0 1.000000
  0 1.338135 -0.629416 0.166117 0.702285 -0.327482 -0.632101 0.353990 0.769204 1 0 1.000000
bgonesoda
  0 1.417437 0.386326 0.156378 0.669127 0.179293 -0.721196 0.430197 0.705956 1 0 1.000000
  0 1.472465 -0.128088 0.166117 0.771937 -0.067536 -0.632101 0.386203 0.730321 1 0 1.000000
  0 1.462365 -0.127204 0.156378 0.690097 -0.060375 -0.721194 0.387088 0.731359 1 0 1.000000
bgonesoda
  0 1.417437 0.386326 0.156378 0.669127 0.179293 -0.721196 0.430197 0.705956 1 0 1.000000
  0 1.427230 0.388950 0.166117 0.748482 0.200554 -0.632102 0.429716 0.704677 1 0 1.000000
  0 1.472465 -0.128088 0.166117 0.771937 -0.067536 -0.632101 0.386203 0.730321 1 0 1.000000
bgonesoda
  0 1.199580 0.853521 0.156378 0.567448 0.397332 -0.721201 0.479416 0.696654 1 0 1.000000
  0 1.427230 0.388950 0.166117 0.748482 0.200554 -0.632102 0.429716 0.704677 1 0 1.000000
  0 1.417437 0.386326 0.156378 0.669127 0.179293 -0.721196 0.430197 0.705956 1 0 1.000000
bgonesoda
  0 1.199580 0.853521 0.156378 0.567448 0.397332 -0.721201 0.479416 0.696654 1 0 1.000000
  0 1.207886 0.859336 0.166117 0.634748 0.444454 -0.632104 0.479396 0.695285 1 0 1.000000
  0 1.427230 0.388950 0.166117 0.748482 0.200554 -0.632102 0.429716 0.704677 1 0 1.000000
bgonesoda
  0 0.835072 1.218029 0.156378 0.397336 0.567452 -0.721195 0.529095 0.704550 1 0 1.000000
  0 1.207886 0.859336 0.166117 0.634748 0.444454 -0.632104 0.479396 0.695285 1 0 1.000000
  0 1.199580 0.853521 0.156378 0.567448 0.397332 -0.721201 0.479416 0.696654 1 0 1.000000
bgonesoda
  0 0.835072 1.218029 0.156378 0.397336 0.567452 -0.721195 0.529095 0.704550 1 0 1.000000
  0 0.840888 1.226334 0.166117 0.444456 0.634748 -0.632102 0.529540 0.703241 1 0 1.000000
  0 1.207886 0.859336 0.166117 0.634748 0.444454 -0.632104 0.479396 0.695285 1 0 1.000000
bgonesoda
  0 0.367878 1.435885 0.156378 0.179291 0.669127 -0.721196 0.573784 0.729038 1 0 1.000000
  0 0.840888 1.226334 0.166117 0.444456 0.634748 -0.632102 0.529540 0.703241 1 0 1.000000
  0 0.835072 1.218029 0.156378 0.397336 0.567452 -0.721195 0.529095 0.704550 1 0 1.000000
bgonesoda
  0 0.367878 1.435885 0.156378 0.179291 0.669127 -0.721196 0.573784 0.729038 1 0 1.000000
  0 0.370502 1.445678 0.166117 0.200556 0.748482 -0.632102 0.574797 0.727816 1 0 1.000000
  0 0.840888 1.226334 0.166117 0.444456 0.634748 -0.632102 0.529540 0.703241 1 0 1.000000
bgonesoda
  0 -0.145653 1.480813 0.156378 -0.060376 0.690100 -0.721191 0.606149 0.768400 1 0 1.000000
  0 0.370502 1.445678 0.166117 0.200556 0.748482 -0.632102 0.574797 0.727816 1 0 1.000000
  0 0.367878 1.435885 0.156378 0.179291 0.669127 -0.721196 0.573784 0.729038 1 0 1.000000
bgonesoda
  0 -0.145653 1.480813 0.156378 -0.060376 0.690100 -0.721191 0.606149 0.768400 1 0 1.000000
  0 -0.146536 1.490913 0.166116 -0.067535 0.771941 -0.632096 0.607352 0.767719 1 0 1.000000
  0 0.370502 1.445678 0.166117 0.200556 0.748482 -0.632102 0.574797 0.727816 1 0 1.000000
bgonesoda
  0 -0.643580 1.347394 0.156378 -0.292762 0.627826 -0.721197 0.623137 0.815748 1 0 1.000000
  0 -0.146536 1.490913 0.166116 -0.067535 0.771941 -0.632096 0.607352 0.767719 1 0 1.000000
  0 -0.145653 1.480813 0.156378 -0.060376 0.690100 -0.721191 0.606149 0.768400 1 0 1.000000
bgonesoda
  0 -0.643580 1.347394 0.156378 -0.292762 0.627826 -0.721197 0.623137 0.815748 1 0 1.000000
  0 -0.647865 1.356583 0.166117 -0.327481 0.702284 -0.632102 0.624486 0.815513 1 0 1.000000
  0 -0.146536 1.490913 0.166116 -0.067535 0.771941 -0.632096 0.607352 0.767719 1 0 1.000000
bgonesoda
  0 -1.065846 1.051720 0.156378 -0.489840 0.489839 -0.721189 0.623140 0.865838 1 0 1.000000
  0 -0.647865 1.356583 0.166117 -0.327481 0.702284 -0.632102 0.624486 0.815513 1 0 1.000000
  0 -0.643580 1.347394 0.156378 -0.292762 0.627826 -0.721197 0.623137 0.815748 1 0 1.000000
bgonesoda
  0 -1.065846 1.051720 0.156378 -0.489840 0.489839 -0.721189 0.623140 0.865838 1 0 1.000000
  0 -1.073015 1.058889 0.166117 -0.547928 0.547930 -0.632098 0.624486 0.866073 1 0 1.000000
  0 -0.647865 1.356583 0.166117 -0.327481 0.702284 -0.632102 0.624486 0.815513 1 0 1.000000
bgonesoda
  0 -0.223625 -0.130444 6.375235 -0.107464 -0.160634 0.981146 0.158322 0.830017 1 0 1.000000
  0 -0.080989 -0.239309 6.371418 -0.048471 -0.180869 0.982312 0.146305 0.832922 1 0 1.000000
  0 -0.075807 -0.219967 6.375235 -0.048473 -0.180868 0.982312 0.147166 0.834079 1 0 1.000000
bgonesoda
  0 -0.075807 -0.219967 6.375235 -0.048473 -0.180868 0.982312 0.147166 0.834079 1 0 1.000000
  0 -0.080989 -0.239309 6.371418 -0.048471 -0.180869 0.982312 0.146305 0.832922 1 0 1.000000
  0 0.101130 -0.235494 6.371418 0.014435 -0.192476 0.981196 0.138817 0.842958 1 0 1.000000
bgonesoda
  0 -0.075807 -0.219967 6.375235 -0.048473 -0.180868 0.982312 0.147166 0.834079 1 0 1.000000
  0 0.101130 -0.235494 6.371418 0.014435 -0.192476 0.981196 0.138817 0.842958 1 0 1.000000
  0 0.096969 -0.216347 6.375235 0.012736 -0.192836 0.981148 0.140060 0.843595 1 0 1.000000
bgonesoda
  0 0.096969 -0.216347 6.375235 0.012736 -0.192836 0.981148 0.140060 0.843595 1 0 1.000000
  0 0.101130 -0.235494 6.371418 0.014435 -0.192476 0.981196 0.138817 0.842958 1 0 1.000000
  0 0.246040 -0.217984 6.371418 -0.057903 -0.184982 0.981035 0.133652 0.851564 1 0 1.000000
bgonesoda
  0 0.096969 -0.216347 6.375235 0.012736 -0.192836 0.981148 0.140060 0.843595 1 0 1.000000
  0 0.246040 -0.217984 6.371418 -0.057903 -0.184982 0.981035 0.133652 0.851564 1 0 1.000000
  0 0.247410 -0.198169 6.375235 -0.040707 -0.186289 0.981651 0.134707 0.852523 1 0 1.000000
bgonesoda
  0 0.247410 -0.198169 6.375235 -0.040707 -0.186289 0.981651 0.134707 0.852523 1 0 1.000000
  0 0.246040 -0.217984 6.371418 -0.057903 -0.184982 0.981035 0.133652 0.851564 1 0 1.000000
  0 0.318515 -0.268621 6.371418 -0.177393 -0.099340 0.979114 0.127839 0.853316 1 0 1.000000
bgonesoda
  0 0.247410 -0.198169 6.375235 -0.040707 -0.186289 0.981651 0.134707 0.852523 1 0 1.000000
  0 0.318515 -0.268621 6.371418 -0.177393 -0.099340 0.979114 0.127839 0.853316 1 0 1.000000
  0 0.334018 -0.258681 6.375235 -0.174568 -0.103762 0.979163 0.127745 0.854607 1 0 1.000000
bgonesoda
  0 0.334018 -0.258681 6.375235 -0.174568 -0.103762 0.979163 0.127745 0.854607 1 0 1.000000
  0 0.318515 -0.268621 6.371418 -0.177393 -0.099340 0.979114 0.127839 0.853316 1 0 1.000000
  0 0.332269 -0.411668 6.371418 -0.220876 0.016801 0.975157 0.119411 0.847918 1 0 1.000000
bgonesoda
  0 0.334018 -0.258681 6.375235 -0.174568 -0.103762 0.979163 0.127745 0.854607 1 0 1.000000
  0 0.332269 -0.411668 6.371418 -0.220876 0.016801 0.975157 0.119411 0.847918 1 0 1.000000
  0 0.348948 -0.413958 6.375235 -0.220518 0.019467 0.975189 0.118590 0.848739 1 0 1.000000
bgonesoda
  0 0.348948 -0.413958 6.375235 -0.220518 0.019467 0.975189 0.118590 0.848739 1 0 1.000000
  0 0.332269 -0.411668 6.371418 -0.220876 0.016801 0.975157 0.119411 0.847918 1 0 1.000000
  0 0.288249 -0.575954 6.371418 -0.201571 0.086461 0.975650 0.112262 0.838429 1 0 1.000000
bgonesoda
  0 0.348948 -0.413958 6.375235 -0.220518 0.019467 0.975189 0.118590 0.848739 1 0 1.000000
  0 0.288249 -0.575954 6.371418 -0.201571 0.086461 0.975650 0.112262 0.838429 1 0 1.000000
  0 0.303573 -0.583300 6.375235 -0.200909 0.087854 0.975662 0.111206 0.838947 1 0 1.000000
bgonesoda
  0 0.303573 -0.583300 6.375235 -0.200909 0.087854 0.975662 0.111206 0.838947 1 0 1.000000
  0 0.288249 -0.575954 6.371418 -0.201571 0.086461 0.975650 0.112262 0.838429 1 0 1.000000
  0 0.188929 -0.735592 6.371418 -0.166854 0.140783 0.975879 0.107725 0.826103 1 0 1.000000
bgonesoda
  0 0.303573 -0.583300 6.375235 -0.200909 0.087854 0.975662 0.111206 0.838947 1 0 1.000000
  0 0.188929 -0.735592 6.371418 -0.166854 0.140783 0.975879 0.107725 0.826103 1 0 1.000000
  0 0.201999 -0.746562 6.375235 -0.166918 0.140712 0.975878 0.106546 0.826322 1 0 1.000000
bgonesoda
  0 0.201999 -0.746562 6.375235 -0.166918 0.140712 0.975878 0.106546 0.826322 1 0 1.000000
  0 0.188929 -0.735592 6.371418 -0.166854 0.140783 0.975879 0.107725 0.826103 1 0 1.000000
  0 0.050565 -0.858444 6.371418 -0.110458 0.187820 0.975973 0.106873 0.813227 1 0 1.000000
bgonesoda
  0 0.201999 -0.746562 6.375235 -0.166918 0.140712 0.975878 0.106546 0.826322 1 0 1.000000
  0 0.050565 -0.858444 6.371418 -0.110458 0.187820 0.975973 0.106873 0.813227 1 0 1.000000
  0 0.059702 -0.872906 6.375235 -0.111711 0.187032 0.975981 0.105674 0.813068 1 0 1.000000
bgonesoda
  0 0.059702 -0.872906 6.375235 -0.111711 0.187032 0.975981 0.105674 0.813068 1 0 1.000000
  0 0.050565 -0.858444 6.371418 -0.110458 0.187820 0.975973 0.106873 0.813227 1 0 1.000000
  0 -0.101967 -0.913270 6.371418 -0.016876 0.214626 0.976551 0.110405 0.802472 1 0 1.000000
bgonesoda
  0 0.059702 -0.872906 6.375235 -0.111711 0.187032 0.975981 0.105674 0.813068 1 0 1.000000
  0 -0.101967 -0.913270 6.371418 -0.016876 0.214626 0.976551 0.110405 0.802472 1 0 1.000000
  0 -0.100620 -0.930532 6.375235 -0.016845 0.214629 0.976550 0.109380 0.801743 1 0 1.000000
bgonesoda
  0 -0.100620 -0.930532 6.375235 -0.016845 0.214629 0.976550 0.109380 0.801743 1 0 1.000000
  0 -0.101967 -0.913270 6.371418 -0.016876 0.214626 0.976551 0.110405 0.802472 1 0 1.000000
  0 -0.253819 -0.884317 6.371418 0.057511 0.214628 0.975001 0.118483 0.795512 1 0 1.000000
bgonesoda
  0 -0.100620 -0.930532 6.375235 -0.016845 0.214629 0.976550 0.109380 0.801743 1 0 1.000000
  0 -0.253819 -0.884317 6.371418 0.057511 0.214628 0.975001 0.118483 0.795512 1 0 1.000000
  0 -0.258154 -0.900495 6.375235 0.057511 0.214628 0.975001 0.117719 0.794508 1 0 1.000000
bgonesoda
  0 -0.258154 -0.900495 6.375235 0.057511 0.214628 0.975001 0.117719 0.794508 1 0 1.000000
  0 -0.253819 -0.884317 6.371418 0.057511 0.214628 0.975001 0.118483 0.795512 1 0 1.000000
  0 -0.399802 -0.833465 6.371418 0.121914 0.177438 0.976551 0.127490 0.789761 1 0 1.000000
bgonesoda
  0 -0.258154 -0.900495 6.375235 0.057511 0.214628 0.975001 0.117719 0.794508 1 0 1.000000
  0 -0.399802 -0.833465 6.371418 0.121914 0.177438 0.976551 0.127490 0.789761 1 0 1.000000
  0 -0.409600 -0.847741 6.375235 0.121886 0.177459 0.976551 0.127092 0.788563 1 0 1.000000
bgonesoda
  0 -0.409600 -0.847741 6.375235 0.121886 0.177459 0.976551 0.127092 0.788563 1 0 1.000000
  0 -0.399802 -0.833465 6.371418 0.121914 0.177438 0.976551 0.127490 0.789761 1 0 1.000000
  0 -0.504486 -0.709718 6.371418 0.189575 0.107430 0.975971 0.138806 0.789482 1 0 1.000000
bgonesoda
  0 -0.409600 -0.847741 6.375235 0.121886 0.177459 0.976551 0.127092 0.788563 1 0 1.000000
  0 -0.504486 -0.709718 6.371418 0.189575 0.107430 0.975971 0.138806 0.789482 1 0 1.000000
  0 -0.519630 -0.717675 6.375235 0.190264 0.106126 0.975980 0.139003 0.788285 1 0 1.000000
bgonesoda
  0 -0.519630 -0.717675 6.375235 0.190264 0.106126 0.975980 0.139003 0.788285 1 0 1.000000
  0 -0.504486 -0.709718 6.371418 0.189575 0.107430 0.975971 0.138806 0.789482 1 0 1.000000
  0 -0.562887 -0.534144 6.371418 0.214889 0.038497 0.975879 0.150896 0.794010 1 0 1.000000
bgonesoda
  0 -0.519630 -0.717675 6.375235 0.190264 0.106126 0.975980 0.139003 0.788285 1 0 1.000000
  0 -0.562887 -0.534144 6.371418 0.214889 0.038497 0.975879 0.150896 0.794010 1 0 1.000000
  0 -0.579690 -0.537109 6.375235 0.214907 0.038407 0.975879 0.151447 0.792943 1 0 1.000000
bgonesoda
  0 -0.579690 -0.537109 6.375235 0.214907 0.038407 0.975879 0.151447 0.792943 1 0 1.000000
  0 -0.562887 -0.534144 6.371418 0.214889 0.038497 0.975879 0.150896 0.794010 1 0 1.000000
  0 -0.569081 -0.346233 6.371418 0.217797 -0.025912 0.975650 0.161392 0.801910 1 0 1.000000
bgonesoda
  0 -0.579690 -0.537109 6.375235 0.214907 0.038407 0.975879 0.151447 0.792943 1 0 1.000000
  0 -0.569081 -0.346233 6.371418 0.217797 -0.025912 0.975650 0.161392 0.801910 1 0 1.000000
  0 -0.586025 -0.344933 6.375235 0.217919 -0.024372 0.975662 0.162193 0.801048 1 0 1.000000
bgonesoda
  0 -0.586025 -0.344933 6.375235 0.217919 -0.024372 0.975662 0.162193 0.801048 1 0 1.000000
  0 -0.569081 -0.346233 6.371418 0.217797 -0.025912 0.975650 0.161392 0.801910 1 0 1.000000
  0 -0.525061 -0.181947 6.371418 0.199630 -0.095885 0.975169 0.168417 0.811493 1 0 1.000000
bgonesoda
  0 -0.586025 -0.344933 6.375235 0.217919 -0.024372 0.975662 0.162193 0.801048 1 0 1.000000
  0 -0.525061 -0.181947 6.371418 0.199630 -0.095885 0.975169 0.168417 0.811493 1 0 1.000000
  0 -0.540650 -0.175590 6.375235 0.200660 -0.093394 0.975199 0.169440 0.810944 1 0 1.000000
bgonesoda
  0 -0.540650 -0.175590 6.375235 0.200660 -0.093394 0.975199 0.169440 0.810944 1 0 1.000000
  0 -0.525061 -0.181947 6.371418 0.199630 -0.095885 0.975169 0.168417 0.811493 1 0 1.000000
  0 -0.441626 -0.064942 6.371418 0.103962 -0.174721 0.979114 0.171154 0.821120 1 0 1.000000
bgonesoda
  0 -0.540650 -0.175590 6.375235 0.200660 -0.093394 0.975199 0.169440 0.810944 1 0 1.000000
  0 -0.441626 -0.064942 6.371418 0.103962 -0.174721 0.979114 0.171154 0.821120 1 0 1.000000
  0 -0.450082 -0.048582 6.375235 0.099310 -0.177138 0.979163 0.172417 0.821402 1 0 1.000000
bgonesoda
  0 -0.450082 -0.048582 6.375235 0.099310 -0.177138 0.979163 0.172417 0.821402 1 0 1.000000
  0 -0.441626 -0.064942 6.371418 0.103962 -0.174721 0.979114 0.171154 0.821120 1 0 1.000000
  0 -0.353542 -0.057326 6.371418 -0.042320 -0.189150 0.981036 0.167800 0.826179 1 0 1.000000
bgonesoda
  0 -0.450082 -0.048582 6.375235 0.099310 -0.177138 0.979163 0.172417 0.821402 1 0 1.000000
  0 -0.353542 -0.057326 6.371418 -0.042320 -0.189150 0.981036 0.167800 0.826179 1 0 1.000000
  0 -0.344821 -0.039481 6.375235 -0.057857 -0.181687 0.981653 0.168413 0.827466 1 0 1.000000
bgonesoda
  0 -0.344821 -0.039481 6.375235 -0.057857 -0.181687 0.981653 0.168413 0.827466 1 0 1.000000
  0 -0.353542 -0.057326 6.371418 -0.042320 -0.189150 0.981036 0.167800 0.826179 1 0 1.000000
  0 -0.236802 -0.144945 6.371418 -0.108752 -0.159472 0.981194 0.158071 0.828644 1 0 1.000000
bgonesoda
  0 -0.344821 -0.039481 6.375235 -0.057857 -0.181687 0.981653 0.168413 0.827466 1 0 1.000000
  0 -0.236802 -0.144945 6.371418 -0.108752 -0.159472 0.981194 0.158071 0.828644 1 0 1.000000
  0 -0.223625 -0.130444 6.375235 -0.107464 -0.160634 0.981146 0.158322 0.830017 1 0 1.000000
bgonesoda
  0 -0.223625 -0.130444 6.375235 -0.107464 -0.160634 0.981146 0.158322 0.830017 1 0 1.000000
  0 -0.236802 -0.144945 6.371418 -0.108752 -0.159472 0.981194 0.158071 0.828644 1 0 1.000000
  0 -0.080989 -0.239309 6.371418 -0.048471 -0.180869 0.982312 0.146305 0.832922 1 0 1.000000
bgonesoda
  0 -0.164589 0.500225 6.362780 0.212182 0.211007 -0.954178 0.830663 0.884151 1 0 1.000000
  0 -0.087108 0.365521 6.350221 0.160350 0.257925 -0.952766 0.852729 0.862013 1 0 1.000000
  0 -0.199534 0.474898 6.350019 0.212173 0.211004 -0.954180 0.825192 0.877411 1 0 1.000000
bgonesoda
  0 -0.164589 0.500225 6.362780 0.212182 0.211007 -0.954178 0.830663 0.884151 1 0 1.000000
  0 -0.064593 0.398675 6.363168 0.157418 0.260504 -0.952553 0.855378 0.869627 1 0 1.000000
  0 -0.087108 0.365521 6.350221 0.160350 0.257925 -0.952766 0.852729 0.862013 1 0 1.000000
bgonesoda
  0 -0.064593 0.398675 6.363168 0.157418 0.260504 -0.952553 0.855378 0.869627 1 0 1.000000
  0 0.067354 0.314084 6.350219 0.083675 0.312338 -0.946279 0.885418 0.860061 1 0 1.000000
  0 -0.087108 0.365521 6.350221 0.160350 0.257925 -0.952766 0.852729 0.862013 1 0 1.000000
bgonesoda
  0 -0.064593 0.398675 6.363168 0.157418 0.260504 -0.952553 0.855378 0.869627 1 0 1.000000
  0 0.076935 0.350073 6.363224 0.083714 0.312328 -0.946279 0.885406 0.867552 1 0 1.000000
  0 0.067354 0.314084 6.350219 0.083675 0.312338 -0.946279 0.885418 0.860061 1 0 1.000000
bgonesoda
  0 0.076935 0.350073 6.363224 0.083714 0.312328 -0.946279 0.885406 0.867552 1 0 1.000000
  0 0.226873 0.281390 6.350221 -0.010041 0.303263 -0.952854 0.918114 0.862013 1 0 1.000000
  0 0.067354 0.314084 6.350219 0.083675 0.312338 -0.946279 0.885418 0.860061 1 0 1.000000
bgonesoda
  0 0.076935 0.350073 6.363224 0.083714 0.312328 -0.946279 0.885406 0.867552 1 0 1.000000
  0 0.223803 0.321400 6.363168 -0.005945 0.304138 -0.952609 0.915434 0.869627 1 0 1.000000
  0 0.226873 0.281390 6.350221 -0.010041 0.303263 -0.952854 0.918114 0.862013 1 0 1.000000
bgonesoda
  0 0.223803 0.321400 6.363168 -0.005945 0.304138 -0.952609 0.915434 0.869627 1 0 1.000000
  0 0.378882 0.319912 6.350019 -0.078152 0.288364 -0.954326 0.945642 0.877411 1 0 1.000000
  0 0.226873 0.281390 6.350221 -0.010041 0.303263 -0.952854 0.918114 0.862013 1 0 1.000000
bgonesoda
  0 0.223803 0.321400 6.363168 -0.005945 0.304138 -0.952609 0.915434 0.869627 1 0 1.000000
  0 0.361177 0.359346 6.362780 -0.078152 0.288367 -0.954325 0.940149 0.884151 1 0 1.000000
  0 0.378882 0.319912 6.350019 -0.078152 0.288364 -0.954326 0.945642 0.877411 1 0 1.000000
bgonesoda
  0 0.223803 0.321400 6.363168 -0.038326 0.892860 -0.448700 0.915434 0.869627 1 0 1.000000
  0 0.081067 0.365492 6.395422 0.251315 0.937987 -0.238791 0.885406 0.870763 1 0 1.000000
  0 0.221743 0.337816 6.395426 -0.030733 0.968319 -0.247819 0.914179 0.872709 1 0 1.000000
bgonesoda
  0 0.223803 0.321400 6.363168 -0.038326 0.892860 -0.448700 0.915434 0.869627 1 0 1.000000
  0 0.076935 0.350073 6.363224 0.232228 0.866698 -0.441481 0.885406 0.867552 1 0 1.000000
  0 0.081067 0.365492 6.395422 0.251315 0.937987 -0.238791 0.885406 0.870763 1 0 1.000000
bgonesoda
  0 0.076935 0.350073 6.363224 0.232228 0.866698 -0.441481 0.885406 0.867552 1 0 1.000000
  0 -0.054600 0.411862 6.395426 0.510780 0.823217 -0.247824 0.856633 0.872709 1 0 1.000000
  0 0.081067 0.365492 6.395422 0.251315 0.937987 -0.238791 0.885406 0.870763 1 0 1.000000
bgonesoda
  0 0.076935 0.350073 6.363224 0.232228 0.866698 -0.441481 0.885406 0.867552 1 0 1.000000
  0 -0.064593 0.398675 6.363168 0.479638 0.754090 -0.448661 0.855378 0.869627 1 0 1.000000
  0 -0.054600 0.411862 6.395426 0.510780 0.823217 -0.247824 0.856633 0.872709 1 0 1.000000
bgonesoda
  0 -0.064593 0.398675 6.363168 0.479638 0.754090 -0.448661 0.855378 0.869627 1 0 1.000000
  0 -0.164589 0.500225 6.362780 0.638473 0.633012 -0.437776 0.830663 0.884151 1 0 1.000000
  0 -0.150551 0.507701 6.395446 0.687505 0.685063 -0.240885 0.833001 0.886335 1 0 1.000000
bgonesoda
  0 -0.064593 0.398675 6.363168 0.479638 0.754090 -0.448661 0.855378 0.869627 1 0 1.000000
  0 -0.150551 0.507701 6.395446 0.687505 0.685063 -0.240885 0.833001 0.886335 1 0 1.000000
  0 -0.054600 0.411862 6.395426 0.510780 0.823217 -0.247824 0.856633 0.872709 1 0 1.000000
bgonesoda
  0 -0.054600 0.411862 6.395426 0.510780 0.823217 -0.247824 0.856633 0.872709 1 0 1.000000
  0 -0.150551 0.507701 6.395446 0.687505 0.685063 -0.240885 0.833001 0.886335 1 0 1.000000
  0 -0.150332 0.508517 6.437801 0.706569 0.707432 -0.017350 0.833001 0.886505 1 0 1.000000
bgonesoda
  0 -0.054600 0.411862 6.395426 0.510780 0.823217 -0.247824 0.856633 0.872709 1 0 1.000000
  0 -0.150332 0.508517 6.437801 0.706569 0.707432 -0.017350 0.833001 0.886505 1 0 1.000000
  0 -0.054380 0.412686 6.437287 0.529554 0.848052 -0.019486 0.856633 0.872881 1 0 1.000000
bgonesoda
  0 0.081067 0.365492 6.395422 0.251315 0.937987 -0.238791 0.885406 0.870763 1 0 1.000000
  0 -0.054600 0.411862 6.395426 0.510780 0.823217 -0.247824 0.856633 0.872709 1 0 1.000000
  0 -0.054380 0.412686 6.437287 0.529554 0.848052 -0.019486 0.856633 0.872881 1 0 1.000000
bgonesoda
  0 0.081067 0.365492 6.395422 0.251315 0.937987 -0.238791 0.885406 0.870763 1 0 1.000000
  0 -0.054380 0.412686 6.437287 0.529554 0.848052 -0.019486 0.856633 0.872881 1 0 1.000000
  0 0.081288 0.366317 6.437213 0.258760 0.965726 -0.020420 0.885406 0.870935 1 0 1.000000
bgonesoda
  0 0.221743 0.337816 6.395426 -0.030733 0.968319 -0.247819 0.914179 0.872709 1 0 1.000000
  0 0.081067 0.365492 6.395422 0.251315 0.937987 -0.238791 0.885406 0.870763 1 0 1.000000
  0 0.081288 0.366317 6.437213 0.258760 0.965726 -0.020420 0.885406 0.870935 1 0 1.000000
bgonesoda
  0 0.221743 0.337816 6.395426 -0.030733 0.968319 -0.247819 0.914179 0.872709 1 0 1.000000
  0 0.081288 0.366317 6.437213 0.258760 0.965726 -0.020420 0.885406 0.870935 1 0 1.000000
  0 0.221964 0.338640 6.437287 -0.034613 0.999212 -0.019442 0.914179 0.872881 1 0 1.000000
bgonesoda
  0 0.352758 0.372840 6.395446 -0.539452 0.806471 -0.242064 0.937811 0.886335 1 0 1.000000
  0 0.221743 0.337816 6.395426 -0.030733 0.968319 -0.247819 0.914179 0.872709 1 0 1.000000
  0 0.221964 0.338640 6.437287 -0.034613 0.999212 -0.019442 0.914179 0.872881 1 0 1.000000
bgonesoda
  0 0.352758 0.372840 6.395446 -0.539452 0.806471 -0.242064 0.937811 0.886335 1 0 1.000000
  0 0.221964 0.338640 6.437287 -0.034613 0.999212 -0.019442 0.914179 0.872881 1 0 1.000000
  0 0.352977 0.373656 6.437801 -0.556751 0.830576 -0.013098 0.937811 0.886505 1 0 1.000000
bgonesoda
  0 0.455611 0.505576 6.395494 -0.897695 0.380350 -0.222435 0.950884 0.917479 1 0 1.000000
  0 0.352758 0.372840 6.395446 -0.539452 0.806471 -0.242064 0.937811 0.886335 1 0 1.000000
  0 0.352977 0.373656 6.437801 -0.556751 0.830576 -0.013098 0.937811 0.886505 1 0 1.000000
bgonesoda
  0 0.455611 0.505576 6.395494 -0.897695 0.380350 -0.222435 0.950884 0.917479 1 0 1.000000
  0 0.352977 0.373656 6.437801 -0.556751 0.830576 -0.013098 0.937811 0.886505 1 0 1.000000
  0 0.455825 0.506375 6.438980 -0.924064 0.382230 -0.002483 0.950884 0.917645 1 0 1.000000
bgonesoda
  0 0.476437 0.660290 6.395541 -0.916092 -0.317147 -0.245343 0.946876 0.948623 1 0 1.000000
  0 0.455611 0.505576 6.395494 -0.897695 0.380350 -0.222435 0.950884 0.917479 1 0 1.000000
  0 0.455825 0.506375 6.438980 -0.924064 0.382230 -0.002483 0.950884 0.917645 1 0 1.000000
bgonesoda
  0 0.476437 0.660290 6.395541 -0.916092 -0.317147 -0.245343 0.946876 0.948623 1 0 1.000000
  0 0.455825 0.506375 6.438980 -0.924064 0.382230 -0.002483 0.950884 0.917645 1 0 1.000000
  0 0.476647 0.661072 6.440158 -0.941957 -0.335577 0.010269 0.946876 0.948786 1 0 1.000000
bgonesoda
  0 0.375045 0.757587 6.395563 -0.496319 -0.843028 -0.207296 0.922111 0.962249 1 0 1.000000
  0 0.476437 0.660290 6.395541 -0.916092 -0.317147 -0.245343 0.946876 0.948623 1 0 1.000000
  0 0.476647 0.661072 6.440158 -0.941957 -0.335577 0.010269 0.946876 0.948786 1 0 1.000000
bgonesoda
  0 0.375045 0.757587 6.395563 -0.496319 -0.843028 -0.207296 0.922111 0.962249 1 0 1.000000
  0 0.476647 0.661072 6.440158 -0.941957 -0.335577 0.010269 0.946876 0.948786 1 0 1.000000
  0 0.375253 0.758361 6.440673 -0.512985 -0.858227 0.017089 0.922111 0.962410 1 0 1.000000
bgonesoda
  0 0.201288 0.814164 6.395565 -0.254083 -0.948474 -0.189312 0.885406 0.964195 1 0 1.000000
  0 0.375045 0.757587 6.395563 -0.496319 -0.843028 -0.207296 0.922111 0.962249 1 0 1.000000
  0 0.375253 0.758361 6.440673 -0.512985 -0.858227 0.017089 0.922111 0.962410 1 0 1.000000
bgonesoda
  0 0.201288 0.814164 6.395565 -0.254083 -0.948474 -0.189312 0.885406 0.964195 1 0 1.000000
  0 0.375253 0.758361 6.440673 -0.512985 -0.858227 0.017089 0.922111 0.962410 1 0 1.000000
  0 0.201495 0.814937 6.440747 -0.258778 -0.965774 0.017720 0.885406 0.964356 1 0 1.000000
bgonesoda
  0 -0.164589 0.500225 6.362780 0.907767 0.120843 -0.401692 0.830663 0.884151 1 0 1.000000
  0 -0.173256 0.674080 6.395494 0.967603 -0.119469 -0.222421 0.819928 0.917479 1 0 1.000000
  0 -0.150551 0.507701 6.395446 0.966884 0.130345 -0.219419 0.833001 0.886335 1 0 1.000000
bgonesoda
  0 -0.164589 0.500225 6.362780 0.907767 0.120843 -0.401692 0.830663 0.884151 1 0 1.000000
  0 -0.187983 0.677364 6.361891 0.900516 -0.122414 -0.417236 0.816895 0.917350 1 0 1.000000
  0 -0.173256 0.674080 6.395494 0.967603 -0.119469 -0.222421 0.819928 0.917479 1 0 1.000000
bgonesoda
  0 -0.187983 0.677364 6.361891 0.900516 -0.122414 -0.417236 0.816895 0.917350 1 0 1.000000
  0 -0.113935 0.818480 6.395541 0.634818 -0.732631 -0.245473 0.823936 0.948623 1 0 1.000000
  0 -0.173256 0.674080 6.395494 0.967603 -0.119469 -0.222421 0.819928 0.917479 1 0 1.000000
bgonesoda
  0 -0.187983 0.677364 6.361891 0.900516 -0.122414 -0.417236 0.816895 0.917350 1 0 1.000000
  0 -0.125553 0.831507 6.361003 0.584089 -0.672807 -0.454061 0.821000 0.950549 1 0 1.000000
  0 -0.113935 0.818480 6.395541 0.634818 -0.732631 -0.245473 0.823936 0.948623 1 0 1.000000
bgonesoda
  0 -0.125553 0.831507 6.361003 0.584089 -0.672807 -0.454061 0.821000 0.950549 1 0 1.000000
  0 0.022522 0.852045 6.395563 0.008338 -0.978233 -0.207341 0.848701 0.962249 1 0 1.000000
  0 -0.113935 0.818480 6.395541 0.634818 -0.732631 -0.245473 0.823936 0.948623 1 0 1.000000
bgonesoda
  0 -0.125553 0.831507 6.361003 0.584089 -0.672807 -0.454061 0.821000 0.950549 1 0 1.000000
  0 0.017621 0.867900 6.360615 0.031080 -0.910738 -0.411814 0.846923 0.965074 1 0 1.000000
  0 0.022522 0.852045 6.395563 0.008338 -0.978233 -0.207341 0.848701 0.962249 1 0 1.000000
bgonesoda
  0 0.017621 0.867900 6.360615 0.031080 -0.910738 -0.411814 0.846923 0.965074 1 0 1.000000
  0 0.201288 0.814164 6.395565 -0.254083 -0.948474 -0.189312 0.885406 0.964195 1 0 1.000000
  0 0.022522 0.852045 6.395563 0.008338 -0.978233 -0.207341 0.848701 0.962249 1 0 1.000000
bgonesoda
  0 0.017621 0.867900 6.360615 0.031080 -0.910738 -0.411814 0.846923 0.965074 1 0 1.000000
  0 0.205089 0.828348 6.360559 -0.238848 -0.891376 -0.385227 0.885406 0.967149 1 0 1.000000
  0 0.201288 0.814164 6.395565 -0.254083 -0.948474 -0.189312 0.885406 0.964195 1 0 1.000000
bgonesoda
  0 0.205089 0.828348 6.360559 -0.238848 -0.891376 -0.385227 0.885406 0.967149 1 0 1.000000
  0 0.375045 0.757587 6.395563 -0.496319 -0.843028 -0.207296 0.922111 0.962249 1 0 1.000000
  0 0.201288 0.814164 6.395565 -0.254083 -0.948474 -0.189312 0.885406 0.964195 1 0 1.000000
bgonesoda
  0 0.205089 0.828348 6.360559 -0.238848 -0.891376 -0.385227 0.885406 0.967149 1 0 1.000000
  0 0.387216 0.768867 6.360615 -0.482261 -0.773194 -0.411820 0.923889 0.965074 1 0 1.000000
  0 0.375045 0.757587 6.395563 -0.496319 -0.843028 -0.207296 0.922111 0.962249 1 0 1.000000
bgonesoda
  0 0.387216 0.768867 6.360615 -0.482261 -0.773194 -0.411820 0.923889 0.965074 1 0 1.000000
  0 0.476437 0.660290 6.395541 -0.916092 -0.317147 -0.245343 0.946876 0.948623 1 0 1.000000
  0 0.375045 0.757587 6.395563 -0.496319 -0.843028 -0.207296 0.922111 0.962249 1 0 1.000000
bgonesoda
  0 0.387216 0.768867 6.360615 -0.482261 -0.773194 -0.411820 0.923889 0.965074 1 0 1.000000
  0 0.493012 0.665763 6.361003 -0.842238 -0.290589 -0.454085 0.949812 0.950549 1 0 1.000000
  0 0.476437 0.660290 6.395541 -0.916092 -0.317147 -0.245343 0.946876 0.948623 1 0 1.000000
bgonesoda
  0 0.493012 0.665763 6.361003 -0.842238 -0.290589 -0.454085 0.949812 0.950549 1 0 1.000000
  0 0.455611 0.505576 6.395494 -0.897695 0.380350 -0.222435 0.950884 0.917479 1 0 1.000000
  0 0.476437 0.660290 6.395541 -0.916092 -0.317147 -0.245343 0.946876 0.948623 1 0 1.000000
bgonesoda
  0 0.493012 0.665763 6.361003 -0.842238 -0.290589 -0.454085 0.949812 0.950549 1 0 1.000000
  0 0.470007 0.501056 6.361891 -0.841059 0.344252 -0.417266 0.953917 0.917350 1 0 1.000000
  0 0.455611 0.505576 6.395494 -0.897695 0.380350 -0.222435 0.950884 0.917479 1 0 1.000000
bgonesoda
  0 0.470007 0.501056 6.361891 -0.841059 0.344252 -0.417266 0.953917 0.917350 1 0 1.000000
  0 0.352758 0.372840 6.395446 -0.539452 0.806471 -0.242064 0.937811 0.886335 1 0 1.000000
  0 0.455611 0.505576 6.395494 -0.897695 0.380350 -0.222435 0.950884 0.917479 1 0 1.000000
bgonesoda
  0 0.470007 0.501056 6.361891 -0.841059 0.344252 -0.417266 0.953917 0.917350 1 0 1.000000
  0 0.361177 0.359346 6.362780 -0.500660 0.746225 -0.438735 0.940149 0.884151 1 0 1.000000
  0 0.352758 0.372840 6.395446 -0.539452 0.806471 -0.242064 0.937811 0.886335 1 0 1.000000
bgonesoda
  0 0.361177 0.359346 6.362780 -0.500660 0.746225 -0.438735 0.940149 0.884151 1 0 1.000000
  0 0.221743 0.337816 6.395426 -0.030733 0.968319 -0.247819 0.914179 0.872709 1 0 1.000000
  0 0.352758 0.372840 6.395446 -0.539452 0.806471 -0.242064 0.937811 0.886335 1 0 1.000000
bgonesoda
  0 0.361177 0.359346 6.362780 -0.500660 0.746225 -0.438735 0.940149 0.884151 1 0 1.000000
  0 0.223803 0.321400 6.363168 -0.038326 0.892860 -0.448700 0.915434 0.869627 1 0 1.000000
  0 0.221743 0.337816 6.395426 -0.030733 0.968319 -0.247819 0.914179 0.872709 1 0 1.000000
bgonesoda
  0 0.022522 0.852045 6.395563 0.008338 -0.978233 -0.207341 0.848701 0.962249 1 0 1.000000
  0 0.201288 0.814164 6.395565 -0.254083 -0.948474 -0.189312 0.885406 0.964195 1 0 1.000000
  0 0.201495 0.814937 6.440747 -0.258778 -0.965774 0.017720 0.885406 0.964356 1 0 1.000000
bgonesoda
  0 0.022522 0.852045 6.395563 0.008338 -0.978233 -0.207341 0.848701 0.962249 1 0 1.000000
  0 0.201495 0.814937 6.440747 -0.258778 -0.965774 0.017720 0.885406 0.964356 1 0 1.000000
  0 0.022729 0.852820 6.440673 0.015170 -0.999738 0.017128 0.848701 0.962410 1 0 1.000000
bgonesoda
  0 -0.113935 0.818480 6.395541 0.634818 -0.732631 -0.245473 0.823936 0.948623 1 0 1.000000
  0 0.022522 0.852045 6.395563 0.008338 -0.978233 -0.207341 0.848701 0.962249 1 0 1.000000
  0 0.022729 0.852820 6.440673 0.015170 -0.999738 0.017128 0.848701 0.962410 1 0 1.000000
bgonesoda
  0 -0.113935 0.818480 6.395541 0.634818 -0.732631 -0.245473 0.823936 0.948623 1 0 1.000000
  0 0.022729 0.852820 6.440673 0.015170 -0.999738 0.017128 0.848701 0.962410 1 0 1.000000
  0 -0.113726 0.819262 6.440158 0.647926 -0.761633 0.010317 0.823936 0.948786 1 0 1.000000
bgonesoda
  0 -0.173256 0.674080 6.395494 0.967603 -0.119469 -0.222421 0.819928 0.917479 1 0 1.000000
  0 -0.113935 0.818480 6.395541 0.634818 -0.732631 -0.245473 0.823936 0.948623 1 0 1.000000
  0 -0.113726 0.819262 6.440158 0.647926 -0.761633 0.010317 0.823936 0.948786 1 0 1.000000
bgonesoda
  0 -0.173256 0.674080 6.395494 0.967603 -0.119469 -0.222421 0.819928 0.917479 1 0 1.000000
  0 -0.113726 0.819262 6.440158 0.647926 -0.761633 0.010317 0.823936 0.948786 1 0 1.000000
  0 -0.173042 0.674879 6.438980 0.648668 -0.091464 0.755556 0.819928 0.917645 1 0 1.000000
bgonesoda
  0 -0.150551 0.507701 6.395446 0.966884 0.130345 -0.219419 0.833001 0.886335 1 0 1.000000
  0 -0.173256 0.674080 6.395494 0.967603 -0.119469 -0.222421 0.819928 0.917479 1 0 1.000000
  0 -0.173042 0.674879 6.438980 0.648668 -0.091464 0.755556 0.819928 0.917645 1 0 1.000000
bgonesoda
  0 -0.150551 0.507701 6.395446 0.966884 0.130345 -0.219419 0.833001 0.886335 1 0 1.000000
  0 -0.173042 0.674879 6.438980 0.648668 -0.091464 0.755556 0.819928 0.917645 1 0 1.000000
  0 -0.150332 0.508517 6.437801 0.407923 0.057903 0.911178 0.833001 0.886505 1 0 1.000000
bgonesoda
  0 -0.150332 0.508517 6.437801 0.407923 0.057903 0.911178 0.833001 0.886505 1 0 1.000000
  0 -0.173042 0.674879 6.438980 0.648668 -0.091464 0.755556 0.819928 0.917645 1 0 1.000000
  0 -0.222320 0.685714 6.440938 0.035254 -0.013238 0.999291 0.809789 0.917185 1 0 1.000000
bgonesoda
  0 -0.150332 0.508517 6.437801 0.407923 0.057903 0.911178 0.833001 0.886505 1 0 1.000000
  0 -0.222320 0.685714 6.440938 0.035254 -0.013238 0.999291 0.809789 0.917185 1 0 1.000000
  0 -0.201655 0.477982 6.439388 0.028229 0.007491 0.999573 0.824619 0.877900 1 0 1.000000
bgonesoda
  0 -0.054380 0.412686 6.437287 0.015501 0.022459 0.999628 0.856633 0.872881 1 0 1.000000
  0 -0.150332 0.508517 6.437801 0.407923 0.057903 0.911178 0.833001 0.886505 1 0 1.000000
  0 -0.201655 0.477982 6.439388 0.028229 0.007491 0.999573 0.824619 0.877900 1 0 1.000000
bgonesoda
  0 -0.054380 0.412686 6.437287 0.015501 0.022459 0.999628 0.856633 0.872881 1 0 1.000000
  0 -0.201655 0.477982 6.439388 0.028229 0.007491 0.999573 0.824619 0.877900 1 0 1.000000
  0 -0.088080 0.369474 6.438789 0.016483 0.022040 0.999621 0.852335 0.862731 1 0 1.000000
bgonesoda
  0 0.081288 0.366317 6.437213 0.007583 0.028471 0.999566 0.885406 0.870935 1 0 1.000000
  0 -0.054380 0.412686 6.437287 0.015501 0.022459 0.999628 0.856633 0.872881 1 0 1.000000
  0 -0.088080 0.369474 6.438789 0.016483 0.022040 0.999621 0.852335 0.862731 1 0 1.000000
bgonesoda
  0 0.081288 0.366317 6.437213 0.007583 0.028471 0.999566 0.885406 0.870935 1 0 1.000000
  0 -0.088080 0.369474 6.438789 0.016483 0.022040 0.999621 0.852335 0.862731 1 0 1.000000
  0 0.068287 0.317798 6.438715 0.007588 0.028461 0.999566 0.885406 0.860831 1 0 1.000000
bgonesoda
  0 0.221964 0.338640 6.437287 -0.002275 0.027459 0.999620 0.914179 0.872881 1 0 1.000000
  0 0.081288 0.366317 6.437213 0.007583 0.028471 0.999566 0.885406 0.870935 1 0 1.000000
  0 0.068287 0.317798 6.438715 0.007588 0.028461 0.999566 0.885406 0.860831 1 0 1.000000
bgonesoda
  0 0.221964 0.338640 6.437287 -0.002275 0.027459 0.999620 0.914179 0.872881 1 0 1.000000
  0 0.068287 0.317798 6.438715 0.007588 0.028461 0.999566 0.885406 0.860831 1 0 1.000000
  0 0.229543 0.284367 6.438789 -0.003342 0.027003 0.999630 0.918477 0.862731 1 0 1.000000
bgonesoda
  0 0.352977 0.373656 6.437801 -0.021924 0.020109 0.999557 0.937811 0.886505 1 0 1.000000
  0 0.221964 0.338640 6.437287 -0.002275 0.027459 0.999620 0.914179 0.872881 1 0 1.000000
  0 0.229543 0.284367 6.438789 -0.003342 0.027003 0.999630 0.918477 0.862731 1 0 1.000000
bgonesoda
  0 0.352977 0.373656 6.437801 -0.021924 0.020109 0.999557 0.937811 0.886505 1 0 1.000000
  0 0.229543 0.284367 6.438789 -0.003342 0.027003 0.999630 0.918477 0.862731 1 0 1.000000
  0 0.382156 0.321550 6.439388 -0.020676 0.020630 0.999573 0.946193 0.877900 1 0 1.000000
bgonesoda
  0 0.455825 0.506375 6.438980 -0.036751 0.007057 0.999300 0.950884 0.917645 1 0 1.000000
  0 0.352977 0.373656 6.437801 -0.021924 0.020109 0.999557 0.937811 0.886505 1 0 1.000000
  0 0.382156 0.321550 6.439388 -0.020676 0.020630 0.999573 0.946193 0.877900 1 0 1.000000
bgonesoda
  0 0.455825 0.506375 6.438980 -0.036751 0.007057 0.999300 0.950884 0.917645 1 0 1.000000
  0 0.382156 0.321550 6.439388 -0.020676 0.020630 0.999573 0.946193 0.877900 1 0 1.000000
  0 0.503918 0.491119 6.440938 -0.037130 0.006113 0.999292 0.961023 0.917185 1 0 1.000000
bgonesoda
  0 0.476647 0.661072 6.440158 -0.034680 -0.017881 0.999239 0.946876 0.948786 1 0 1.000000
  0 0.455825 0.506375 6.438980 -0.036751 0.007057 0.999300 0.950884 0.917645 1 0 1.000000
  0 0.503918 0.491119 6.440938 -0.037130 0.006113 0.999292 0.961023 0.917185 1 0 1.000000
bgonesoda
  0 0.476647 0.661072 6.440158 -0.034680 -0.017881 0.999239 0.946876 0.948786 1 0 1.000000
  0 0.503918 0.491119 6.440938 -0.037130 0.006113 0.999292 0.961023 0.917185 1 0 1.000000
  0 0.531647 0.681068 6.442451 -0.034568 -0.018798 0.999226 0.956521 0.955534 1 0 1.000000
bgonesoda
  0 0.375253 0.758361 6.440673 -0.020445 -0.041220 0.998941 0.922111 0.962410 1 0 1.000000
  0 0.476647 0.661072 6.440158 -0.034680 -0.017881 0.999239 0.946876 0.948786 1 0 1.000000
  0 0.531647 0.681068 6.442451 -0.034568 -0.018798 0.999226 0.956521 0.955534 1 0 1.000000
bgonesoda
  0 0.375253 0.758361 6.440673 -0.020445 -0.041220 0.998941 0.922111 0.962410 1 0 1.000000
  0 0.531647 0.681068 6.442451 -0.034568 -0.018798 0.999226 0.956521 0.955534 1 0 1.000000
  0 0.415776 0.797415 6.443104 -0.022834 -0.039306 0.998966 0.927952 0.972107 1 0 1.000000
bgonesoda
  0 0.201495 0.814937 6.440747 -0.012640 -0.047021 0.998814 0.885406 0.964356 1 0 1.000000
  0 0.375253 0.758361 6.440673 -0.020445 -0.041220 0.998941 0.922111 0.962410 1 0 1.000000
  0 0.415776 0.797415 6.443104 -0.022834 -0.039306 0.998966 0.927952 0.972107 1 0 1.000000
bgonesoda
  0 0.201495 0.814937 6.440747 -0.012640 -0.047021 0.998814 0.885406 0.964356 1 0 1.000000
  0 0.415776 0.797415 6.443104 -0.022834 -0.039306 0.998966 0.927952 0.972107 1 0 1.000000
  0 0.214515 0.863528 6.443198 -0.012636 -0.047023 0.998814 0.885406 0.974475 1 0 1.000000
bgonesoda
  0 0.022729 0.852820 6.440673 -0.002880 -0.046020 0.998936 0.848701 0.962410 1 0 1.000000
  0 0.201495 0.814937 6.440747 -0.012640 -0.047021 0.998814 0.885406 0.964356 1 0 1.000000
  0 0.214515 0.863528 6.443198 -0.012636 -0.047023 0.998814 0.885406 0.974475 1 0 1.000000
bgonesoda
  0 0.022729 0.852820 6.440673 -0.002880 -0.046020 0.998936 0.848701 0.962410 1 0 1.000000
  0 0.214515 0.863528 6.443198 -0.012636 -0.047023 0.998814 0.885406 0.974475 1 0 1.000000
  0 0.007161 0.906903 6.443104 -0.000060 -0.045171 0.998979 0.842861 0.972107 1 0 1.000000
bgonesoda
  0 -0.113726 0.819262 6.440158 0.021093 -0.033155 0.999228 0.823936 0.948786 1 0 1.000000
  0 0.022729 0.852820 6.440673 -0.002880 -0.046020 0.998936 0.848701 0.962410 1 0 1.000000
  0 0.007161 0.906903 6.443104 -0.000060 -0.045171 0.998979 0.842861 0.972107 1 0 1.000000
bgonesoda
  0 -0.113726 0.819262 6.440158 0.021093 -0.033155 0.999228 0.823936 0.948786 1 0 1.000000
  0 0.007161 0.906903 6.443104 -0.000060 -0.045171 0.998979 0.842861 0.972107 1 0 1.000000
  0 -0.151359 0.864079 6.442451 0.020647 -0.033382 0.999229 0.814291 0.955534 1 0 1.000000
bgonesoda
  0 -0.173042 0.674879 6.438980 0.648668 -0.091464 0.755556 0.819928 0.917645 1 0 1.000000
  0 -0.113726 0.819262 6.440158 0.021093 -0.033155 0.999228 0.823936 0.948786 1 0 1.000000
  0 -0.151359 0.864079 6.442451 0.020647 -0.033382 0.999229 0.814291 0.955534 1 0 1.000000
bgonesoda
  0 -0.173042 0.674879 6.438980 0.648668 -0.091464 0.755556 0.819928 0.917645 1 0 1.000000
  0 -0.151359 0.864079 6.442451 0.020647 -0.033382 0.999229 0.814291 0.955534 1 0 1.000000
  0 -0.222320 0.685714 6.440938 0.035254 -0.013238 0.999291 0.809789 0.917185 1 0 1.000000
bgonesoda
  0 0.098951 -0.204671 6.365665 -0.049015 0.638107 0.768386 0.140814 0.844365 1 0 1.000000
  0 0.247410 -0.198169 6.375235 -0.077312 0.639823 0.764624 0.134707 0.852523 1 0 1.000000
  0 0.254047 -0.185930 6.365665 -0.077311 0.639823 0.764623 0.135252 0.853597 1 0 1.000000
bgonesoda
  0 0.098951 -0.204671 6.365665 -0.049015 0.638107 0.768386 0.140814 0.844365 1 0 1.000000
  0 0.096969 -0.216347 6.375235 -0.041475 0.637562 0.769282 0.140060 0.843595 1 0 1.000000
  0 0.247410 -0.198169 6.375235 -0.077312 0.639823 0.764624 0.134707 0.852523 1 0 1.000000
bgonesoda
  0 -0.072671 -0.208267 6.365665 0.160442 0.598805 0.784660 0.147817 0.834954 1 0 1.000000
  0 0.096969 -0.216347 6.375235 -0.041475 0.637562 0.769282 0.140060 0.843595 1 0 1.000000
  0 0.098951 -0.204671 6.365665 -0.049015 0.638107 0.768386 0.140814 0.844365 1 0 1.000000
bgonesoda
  0 -0.072671 -0.208267 6.365665 0.160442 0.598805 0.784660 0.147817 0.834954 1 0 1.000000
  0 -0.075807 -0.219967 6.375235 0.160438 0.598806 0.784660 0.147166 0.834079 1 0 1.000000
  0 0.096969 -0.216347 6.375235 -0.041475 0.637562 0.769282 0.140060 0.843595 1 0 1.000000
bgonesoda
  0 -0.219503 -0.119342 6.365665 0.361516 0.528105 0.768382 0.158841 0.830961 1 0 1.000000
  0 -0.075807 -0.219967 6.375235 0.160438 0.598806 0.784660 0.147166 0.834079 1 0 1.000000
  0 -0.072671 -0.208267 6.365665 0.160442 0.598805 0.784660 0.147817 0.834954 1 0 1.000000
bgonesoda
  0 -0.219503 -0.119342 6.365665 0.361516 0.528105 0.768382 0.158841 0.830961 1 0 1.000000
  0 -0.223625 -0.130444 6.375235 0.354719 0.531402 0.769276 0.158322 0.830017 1 0 1.000000
  0 -0.075807 -0.219967 6.375235 0.160438 0.598806 0.784660 0.147166 0.834079 1 0 1.000000
bgonesoda
  0 -0.344450 -0.025563 6.365665 0.386844 0.515451 0.764632 0.169283 0.828297 1 0 1.000000
  0 -0.223625 -0.130444 6.375235 0.354719 0.531402 0.769276 0.158322 0.830017 1 0 1.000000
  0 -0.219503 -0.119342 6.365665 0.361516 0.528105 0.768382 0.158841 0.830961 1 0 1.000000
bgonesoda
  0 -0.344450 -0.025563 6.365665 0.386844 0.515451 0.764632 0.169283 0.828297 1 0 1.000000
  0 -0.344821 -0.039481 6.375235 0.386842 0.515452 0.764632 0.168413 0.827466 1 0 1.000000
  0 -0.223625 -0.130444 6.375235 0.354719 0.531402 0.769276 0.158322 0.830017 1 0 1.000000
bgonesoda
  0 0.615290 -1.352261 0.166117 0.327483 -0.702290 -0.632095 0.608883 0.663702 1 0 1.000000
  0 0.115759 -1.507129 0.197669 0.080385 -0.918819 -0.386407 0.554385 0.659722 1 0 1.000000
  0 0.113962 -1.486591 0.166117 0.067536 -0.771942 -0.632095 0.554385 0.663702 1 0 1.000000
bgonesoda
  0 0.615290 -1.352261 0.166117 0.327483 -0.702290 -0.632095 0.608883 0.663702 1 0 1.000000
  0 0.624003 -1.370946 0.197670 0.389790 -0.835915 -0.386407 0.608883 0.659722 1 0 1.000000
  0 0.115759 -1.507129 0.197669 0.080385 -0.918819 -0.386407 0.554385 0.659722 1 0 1.000000
bgonesoda
  0 1.040441 -1.054567 0.166117 0.547927 -0.547929 -0.632100 0.663071 0.663702 1 0 1.000000
  0 0.624003 -1.370946 0.197670 0.389790 -0.835915 -0.386407 0.608883 0.659722 1 0 1.000000
  0 0.615290 -1.352261 0.166117 0.327483 -0.702290 -0.632095 0.608883 0.663702 1 0 1.000000
bgonesoda
  0 1.040441 -1.054567 0.166117 0.547927 -0.547929 -0.632100 0.663071 0.663702 1 0 1.000000
  0 1.055019 -1.069145 0.197669 0.652184 -0.652187 -0.386405 0.663071 0.659722 1 0 1.000000
  0 0.624003 -1.370946 0.197670 0.389790 -0.835915 -0.386407 0.608883 0.659722 1 0 1.000000
bgonesoda
  0 1.338135 -0.629416 0.166117 0.702285 -0.327482 -0.632101 0.717259 0.663702 1 0 1.000000
  0 1.055019 -1.069145 0.197669 0.652184 -0.652187 -0.386405 0.663071 0.659722 1 0 1.000000
  0 1.040441 -1.054567 0.166117 0.547927 -0.547929 -0.632100 0.663071 0.663702 1 0 1.000000
bgonesoda
  0 1.338135 -0.629416 0.166117 0.702285 -0.327482 -0.632101 0.717259 0.663702 1 0 1.000000
  0 1.356819 -0.638129 0.197669 0.835913 -0.389795 -0.386405 0.717259 0.659722 1 0 1.000000
  0 1.055019 -1.069145 0.197669 0.652184 -0.652187 -0.386405 0.663071 0.659722 1 0 1.000000
bgonesoda
  0 1.472465 -0.128088 0.166117 0.771937 -0.067536 -0.632101 0.771447 0.663702 1 0 1.000000
  0 1.356819 -0.638129 0.197669 0.835913 -0.389795 -0.386405 0.717259 0.659722 1 0 1.000000
  0 1.338135 -0.629416 0.166117 0.702285 -0.327482 -0.632101 0.717259 0.663702 1 0 1.000000
bgonesoda
  0 1.472465 -0.128088 0.166117 0.771937 -0.067536 -0.632101 0.771447 0.663702 1 0 1.000000
  0 1.493003 -0.129885 0.197669 0.918818 -0.080389 -0.386407 0.771447 0.659722 1 0 1.000000
  0 1.356819 -0.638129 0.197669 0.835913 -0.389795 -0.386405 0.717259 0.659722 1 0 1.000000
bgonesoda
  0 1.427230 0.388950 0.166117 0.748482 0.200554 -0.632102 0.825635 0.663702 1 0 1.000000
  0 1.493003 -0.129885 0.197669 0.918818 -0.080389 -0.386407 0.771447 0.659722 1 0 1.000000
  0 1.472465 -0.128088 0.166117 0.771937 -0.067536 -0.632101 0.771447 0.663702 1 0 1.000000
bgonesoda
  0 1.427230 0.388950 0.166117 0.748482 0.200554 -0.632102 0.825635 0.663702 1 0 1.000000
  0 1.447144 0.394286 0.197669 0.890901 0.238714 -0.386409 0.825635 0.659722 1 0 1.000000
  0 1.493003 -0.129885 0.197669 0.918818 -0.080389 -0.386407 0.771447 0.659722 1 0 1.000000
bgonesoda
  0 1.207886 0.859336 0.166117 0.634748 0.444454 -0.632104 0.879823 0.663702 1 0 1.000000
  0 1.447144 0.394286 0.197669 0.890901 0.238714 -0.386409 0.825635 0.659722 1 0 1.000000
  0 1.427230 0.388950 0.166117 0.748482 0.200554 -0.632102 0.825635 0.663702 1 0 1.000000
bgonesoda
  0 1.207886 0.859336 0.166117 0.634748 0.444454 -0.632104 0.879823 0.663702 1 0 1.000000
  0 1.224774 0.871161 0.197669 0.755529 0.529025 -0.386405 0.879823 0.659722 1 0 1.000000
  0 1.447144 0.394286 0.197669 0.890901 0.238714 -0.386409 0.825635 0.659722 1 0 1.000000
bgonesoda
  0 0.840888 1.226334 0.166117 0.444456 0.634748 -0.632102 0.934011 0.663702 1 0 1.000000
  0 1.224774 0.871161 0.197669 0.755529 0.529025 -0.386405 0.879823 0.659722 1 0 1.000000
  0 1.207886 0.859336 0.166117 0.634748 0.444454 -0.632104 0.879823 0.663702 1 0 1.000000
bgonesoda
  0 0.840888 1.226334 0.166117 0.444456 0.634748 -0.632102 0.934011 0.663702 1 0 1.000000
  0 0.852713 1.243222 0.197669 0.529028 0.755526 -0.386406 0.934011 0.659722 1 0 1.000000
  0 1.224774 0.871161 0.197669 0.755529 0.529025 -0.386405 0.879823 0.659722 1 0 1.000000
bgonesoda
  0 0.370502 1.445678 0.166117 0.200556 0.748482 -0.632102 0.988199 0.663702 1 0 1.000000
  0 0.852713 1.243222 0.197669 0.529028 0.755526 -0.386406 0.934011 0.659722 1 0 1.000000
  0 0.840888 1.226334 0.166117 0.444456 0.634748 -0.632102 0.934011 0.663702 1 0 1.000000
bgonesoda
  0 0.370502 1.445678 0.166117 0.200556 0.748482 -0.632102 0.988199 0.663702 1 0 1.000000
  0 0.375838 1.465592 0.197669 0.238718 0.890902 -0.386404 0.988199 0.659722 1 0 1.000000
  0 0.852713 1.243222 0.197669 0.529028 0.755526 -0.386406 0.934011 0.659722 1 0 1.000000
bgonesoda
  0 -0.408413 -1.461270 0.197669 -0.238719 -0.890901 -0.386404 0.500219 0.659722 1 0 1.000000
  0 -0.890186 -1.245895 0.234235 -0.558547 -0.797686 -0.227426 0.446053 0.655757 1 0 1.000000
  0 -0.885288 -1.238900 0.197669 -0.529028 -0.755525 -0.386407 0.446053 0.659722 1 0 1.000000
bgonesoda
  0 -0.408413 -1.461270 0.197669 -0.238719 -0.890901 -0.386404 0.500219 0.659722 1 0 1.000000
  0 -0.410623 -1.469519 0.234235 -0.252038 -0.940615 -0.227420 0.500219 0.655757 1 0 1.000000
  0 -0.890186 -1.245895 0.234235 -0.558547 -0.797686 -0.227426 0.446053 0.655757 1 0 1.000000
bgonesoda
  0 0.115759 -1.507129 0.197669 0.080385 -0.918819 -0.386407 0.554385 0.659722 1 0 1.000000
  0 -0.410623 -1.469519 0.234235 -0.252038 -0.940615 -0.227420 0.500219 0.655757 1 0 1.000000
  0 -0.408413 -1.461270 0.197669 -0.238719 -0.890901 -0.386404 0.500219 0.659722 1 0 1.000000
bgonesoda
  0 0.115759 -1.507129 0.197669 0.080385 -0.918819 -0.386407 0.554385 0.659722 1 0 1.000000
  0 0.116503 -1.515636 0.234235 0.084872 -0.970091 -0.227422 0.554385 0.655757 1 0 1.000000
  0 -0.410623 -1.469519 0.234235 -0.252038 -0.940615 -0.227420 0.500219 0.655757 1 0 1.000000
bgonesoda
  0 0.624003 -1.370946 0.197670 0.389790 -0.835915 -0.386407 0.608883 0.659722 1 0 1.000000
  0 0.116503 -1.515636 0.234235 0.084872 -0.970091 -0.227422 0.554385 0.655757 1 0 1.000000
  0 0.115759 -1.507129 0.197669 0.080385 -0.918819 -0.386407 0.554385 0.659722 1 0 1.000000
bgonesoda
  0 0.624003 -1.370946 0.197670 0.389790 -0.835915 -0.386407 0.608883 0.659722 1 0 1.000000
  0 0.627612 -1.378685 0.234235 0.411543 -0.882558 -0.227428 0.608883 0.655757 1 0 1.000000
  0 0.116503 -1.515636 0.234235 0.084872 -0.970091 -0.227422 0.554385 0.655757 1 0 1.000000
bgonesoda
  0 1.055019 -1.069145 0.197669 0.652184 -0.652187 -0.386405 0.663071 0.659722 1 0 1.000000
  0 0.627612 -1.378685 0.234235 0.411543 -0.882558 -0.227428 0.608883 0.655757 1 0 1.000000
  0 0.624003 -1.370946 0.197670 0.389790 -0.835915 -0.386407 0.608883 0.659722 1 0 1.000000
bgonesoda
  0 1.055019 -1.069145 0.197669 0.652184 -0.652187 -0.386405 0.663071 0.659722 1 0 1.000000
  0 1.061057 -1.075183 0.234235 0.688578 -0.688579 -0.227418 0.663071 0.655757 1 0 1.000000
  0 0.627612 -1.378685 0.234235 0.411543 -0.882558 -0.227428 0.608883 0.655757 1 0 1.000000
bgonesoda
  0 1.356819 -0.638129 0.197669 0.835913 -0.389795 -0.386405 0.717259 0.659722 1 0 1.000000
  0 1.061057 -1.075183 0.234235 0.688578 -0.688579 -0.227418 0.663071 0.655757 1 0 1.000000
  0 1.055019 -1.069145 0.197669 0.652184 -0.652187 -0.386405 0.663071 0.659722 1 0 1.000000
bgonesoda
  0 1.356819 -0.638129 0.197669 0.835913 -0.389795 -0.386405 0.717259 0.659722 1 0 1.000000
  0 1.364559 -0.641738 0.234235 0.882559 -0.411545 -0.227421 0.717259 0.655757 1 0 1.000000
  0 1.061057 -1.075183 0.234235 0.688578 -0.688579 -0.227418 0.663071 0.655757 1 0 1.000000
bgonesoda
  0 1.493003 -0.129885 0.197669 0.918818 -0.080389 -0.386407 0.771447 0.659722 1 0 1.000000
  0 1.364559 -0.641738 0.234235 0.882559 -0.411545 -0.227421 0.717259 0.655757 1 0 1.000000
  0 1.356819 -0.638129 0.197669 0.835913 -0.389795 -0.386405 0.717259 0.659722 1 0 1.000000
bgonesoda
  0 1.493003 -0.129885 0.197669 0.918818 -0.080389 -0.386407 0.771447 0.659722 1 0 1.000000
  0 1.501510 -0.130629 0.234235 0.970090 -0.084873 -0.227426 0.771447 0.655757 1 0 1.000000
  0 1.364559 -0.641738 0.234235 0.882559 -0.411545 -0.227421 0.717259 0.655757 1 0 1.000000
bgonesoda
  0 1.447144 0.394286 0.197669 0.890901 0.238714 -0.386409 0.825635 0.659722 1 0 1.000000
  0 1.501510 -0.130629 0.234235 0.970090 -0.084873 -0.227426 0.771447 0.655757 1 0 1.000000
  0 1.493003 -0.129885 0.197669 0.918818 -0.080389 -0.386407 0.771447 0.659722 1 0 1.000000
bgonesoda
  0 1.447144 0.394286 0.197669 0.890901 0.238714 -0.386409 0.825635 0.659722 1 0 1.000000
  0 1.455393 0.396497 0.234234 0.940614 0.252036 -0.227428 0.825635 0.655757 1 0 1.000000
  0 1.501510 -0.130629 0.234235 0.970090 -0.084873 -0.227426 0.771447 0.655757 1 0 1.000000
bgonesoda
  0 1.224774 0.871161 0.197669 0.755529 0.529025 -0.386405 0.879823 0.659722 1 0 1.000000
  0 1.455393 0.396497 0.234234 0.940614 0.252036 -0.227428 0.825635 0.655757 1 0 1.000000
  0 1.447144 0.394286 0.197669 0.890901 0.238714 -0.386409 0.825635 0.659722 1 0 1.000000
bgonesoda
  0 1.224774 0.871161 0.197669 0.755529 0.529025 -0.386405 0.879823 0.659722 1 0 1.000000
  0 1.231769 0.876059 0.234234 0.797688 0.558546 -0.227422 0.879823 0.655757 1 0 1.000000
  0 1.455393 0.396497 0.234234 0.940614 0.252036 -0.227428 0.825635 0.655757 1 0 1.000000
bgonesoda
  0 0.852713 1.243222 0.197669 0.529028 0.755526 -0.386406 0.934011 0.659722 1 0 1.000000
  0 1.231769 0.876059 0.234234 0.797688 0.558546 -0.227422 0.879823 0.655757 1 0 1.000000
  0 1.224774 0.871161 0.197669 0.755529 0.529025 -0.386405 0.879823 0.659722 1 0 1.000000
bgonesoda
  0 0.852713 1.243222 0.197669 0.529028 0.755526 -0.386406 0.934011 0.659722 1 0 1.000000
  0 0.857611 1.250217 0.234234 0.558547 0.797687 -0.227420 0.934011 0.655757 1 0 1.000000
  0 1.231769 0.876059 0.234234 0.797688 0.558546 -0.227422 0.879823 0.655757 1 0 1.000000
bgonesoda
  0 0.375838 1.465592 0.197669 0.238718 0.890902 -0.386404 0.988199 0.659722 1 0 1.000000
  0 0.857611 1.250217 0.234234 0.558547 0.797687 -0.227420 0.934011 0.655757 1 0 1.000000
  0 0.852713 1.243222 0.197669 0.529028 0.755526 -0.386406 0.934011 0.659722 1 0 1.000000
bgonesoda
  0 0.375838 1.465592 0.197669 0.238718 0.890902 -0.386404 0.988199 0.659722 1 0 1.000000
  0 0.378048 1.473841 0.234234 0.252037 0.940615 -0.227421 0.988199 0.655757 1 0 1.000000
  0 0.857611 1.250217 0.234234 0.558547 0.797687 -0.227420 0.934011 0.655757 1 0 1.000000
bgonesoda
  0 -0.647865 1.356583 0.166117 -0.327481 0.702284 -0.632102 0.120615 0.663702 1 0 1.000000
  0 -0.148333 1.511451 0.197669 -0.080384 0.918818 -0.386408 0.066427 0.659722 1 0 1.000000
  0 -0.146536 1.490913 0.166116 -0.067535 0.771941 -0.632096 0.066427 0.663702 1 0 1.000000
bgonesoda
  0 -0.647865 1.356583 0.166117 -0.327481 0.702284 -0.632102 0.120615 0.663702 1 0 1.000000
  0 -0.656578 1.375268 0.197669 -0.389790 0.835914 -0.386409 0.120615 0.659722 1 0 1.000000
  0 -0.148333 1.511451 0.197669 -0.080384 0.918818 -0.386408 0.066427 0.659722 1 0 1.000000
bgonesoda
  0 -1.073015 1.058889 0.166117 -0.547928 0.547930 -0.632098 0.174803 0.663702 1 0 1.000000
  0 -0.656578 1.375268 0.197669 -0.389790 0.835914 -0.386409 0.120615 0.659722 1 0 1.000000
  0 -0.647865 1.356583 0.166117 -0.327481 0.702284 -0.632102 0.120615 0.663702 1 0 1.000000
bgonesoda
  0 -1.073015 1.058889 0.166117 -0.547928 0.547930 -0.632098 0.174803 0.663702 1 0 1.000000
  0 -1.087593 1.073467 0.197669 -0.652183 0.652187 -0.386406 0.174803 0.659722 1 0 1.000000
  0 -0.656578 1.375268 0.197669 -0.389790 0.835914 -0.386409 0.120615 0.659722 1 0 1.000000
bgonesoda
  0 -1.370709 0.633738 0.166117 -0.702287 0.327482 -0.632098 0.228991 0.663702 1 0 1.000000
  0 -1.087593 1.073467 0.197669 -0.652183 0.652187 -0.386406 0.174803 0.659722 1 0 1.000000
  0 -1.073015 1.058889 0.166117 -0.547928 0.547930 -0.632098 0.174803 0.663702 1 0 1.000000
bgonesoda
  0 -1.370709 0.633738 0.166117 -0.702287 0.327482 -0.632098 0.228991 0.663702 1 0 1.000000
  0 -1.389394 0.642451 0.197669 -0.835913 0.389795 -0.386407 0.228991 0.659722 1 0 1.000000
  0 -1.087593 1.073467 0.197669 -0.652183 0.652187 -0.386406 0.174803 0.659722 1 0 1.000000
bgonesoda
  0 -1.505040 0.132410 0.166117 -0.771937 0.067536 -0.632101 0.283179 0.663702 1 0 1.000000
  0 -1.389394 0.642451 0.197669 -0.835913 0.389795 -0.386407 0.228991 0.659722 1 0 1.000000
  0 -1.370709 0.633738 0.166117 -0.702287 0.327482 -0.632098 0.228991 0.663702 1 0 1.000000
bgonesoda
  0 -1.505040 0.132410 0.166117 -0.771937 0.067536 -0.632101 0.283179 0.663702 1 0 1.000000
  0 -1.525578 0.134207 0.197669 -0.918818 0.080389 -0.386407 0.283179 0.659722 1 0 1.000000
  0 -1.389394 0.642451 0.197669 -0.835913 0.389795 -0.386407 0.228991 0.659722 1 0 1.000000
bgonesoda
  0 -1.459805 -0.384628 0.166117 -0.748484 -0.200555 -0.632099 0.337366 0.663702 1 0 1.000000
  0 -1.525578 0.134207 0.197669 -0.918818 0.080389 -0.386407 0.283179 0.659722 1 0 1.000000
  0 -1.505040 0.132410 0.166117 -0.771937 0.067536 -0.632101 0.283179 0.663702 1 0 1.000000
bgonesoda
  0 -1.459805 -0.384628 0.166117 -0.748484 -0.200555 -0.632099 0.337366 0.663702 1 0 1.000000
  0 -1.479719 -0.389964 0.197669 -0.890901 -0.238714 -0.386408 0.337366 0.659722 1 0 1.000000
  0 -1.525578 0.134207 0.197669 -0.918818 0.080389 -0.386407 0.283179 0.659722 1 0 1.000000
bgonesoda
  0 -1.240460 -0.855014 0.166117 -0.634751 -0.444457 -0.632099 0.391554 0.663702 1 0 1.000000
  0 -1.479719 -0.389964 0.197669 -0.890901 -0.238714 -0.386408 0.337366 0.659722 1 0 1.000000
  0 -1.459805 -0.384628 0.166117 -0.748484 -0.200555 -0.632099 0.337366 0.663702 1 0 1.000000
bgonesoda
  0 -1.240460 -0.855014 0.166117 -0.634751 -0.444457 -0.632099 0.391554 0.663702 1 0 1.000000
  0 -1.257348 -0.866839 0.197669 -0.755528 -0.529024 -0.386407 0.391554 0.659722 1 0 1.000000
  0 -1.479719 -0.389964 0.197669 -0.890901 -0.238714 -0.386408 0.337366 0.659722 1 0 1.000000
bgonesoda
  0 -0.873462 -1.222012 0.166117 -0.444458 -0.634752 -0.632097 0.446053 0.663702 1 0 1.000000
  0 -1.257348 -0.866839 0.197669 -0.755528 -0.529024 -0.386407 0.391554 0.659722 1 0 1.000000
  0 -1.240460 -0.855014 0.166117 -0.634751 -0.444457 -0.632099 0.391554 0.663702 1 0 1.000000
bgonesoda
  0 -0.873462 -1.222012 0.166117 -0.444458 -0.634752 -0.632097 0.446053 0.663702 1 0 1.000000
  0 -0.885288 -1.238900 0.197669 -0.529028 -0.755525 -0.386407 0.446053 0.659722 1 0 1.000000
  0 -1.257348 -0.866839 0.197669 -0.755528 -0.529024 -0.386407 0.391554 0.659722 1 0 1.000000
bgonesoda
  0 -0.403077 -1.441356 0.166117 -0.200558 -0.748488 -0.632093 0.500219 0.663702 1 0 1.000000
  0 -0.885288 -1.238900 0.197669 -0.529028 -0.755525 -0.386407 0.446053 0.659722 1 0 1.000000
  0 -0.873462 -1.222012 0.166117 -0.444458 -0.634752 -0.632097 0.446053 0.663702 1 0 1.000000
bgonesoda
  0 -0.403077 -1.441356 0.166117 -0.200558 -0.748488 -0.632093 0.500219 0.663702 1 0 1.000000
  0 -0.408413 -1.461270 0.197669 -0.238719 -0.890901 -0.386404 0.500219 0.659722 1 0 1.000000
  0 -0.885288 -1.238900 0.197669 -0.529028 -0.755525 -0.386407 0.446053 0.659722 1 0 1.000000
bgonesoda
  0 0.113962 -1.486591 0.166117 0.067536 -0.771942 -0.632095 0.554385 0.663702 1 0 1.000000
  0 -0.408413 -1.461270 0.197669 -0.238719 -0.890901 -0.386404 0.500219 0.659722 1 0 1.000000
  0 -0.403077 -1.441356 0.166117 -0.200558 -0.748488 -0.632093 0.500219 0.663702 1 0 1.000000
bgonesoda
  0 0.113962 -1.486591 0.166117 0.067536 -0.771942 -0.632095 0.554385 0.663702 1 0 1.000000
  0 0.115759 -1.507129 0.197669 0.080385 -0.918819 -0.386407 0.554385 0.659722 1 0 1.000000
  0 -0.408413 -1.461270 0.197669 -0.238719 -0.890901 -0.386404 0.500219 0.659722 1 0 1.000000
bgonesoda
  0 -0.146536 1.490913 0.166116 -0.067535 0.771941 -0.632096 0.066427 0.663702 1 0 1.000000
  0 0.375838 1.465592 0.197669 0.238718 0.890902 -0.386404 0.012239 0.659722 1 0 1.000000
  0 0.370502 1.445678 0.166117 0.200556 0.748482 -0.632102 0.012239 0.663702 1 0 1.000000
bgonesoda
  0 -0.146536 1.490913 0.166116 -0.067535 0.771941 -0.632096 0.066427 0.663702 1 0 1.000000
  0 -0.148333 1.511451 0.197669 -0.080384 0.918818 -0.386408 0.066427 0.659722 1 0 1.000000
  0 0.375838 1.465592 0.197669 0.238718 0.890902 -0.386404 0.012239 0.659722 1 0 1.000000
bgonesoda
  0 -0.148333 1.511451 0.197669 -0.080384 0.918818 -0.386408 0.066427 0.659722 1 0 1.000000
  0 0.378048 1.473841 0.234234 0.252037 0.940615 -0.227421 0.012239 0.655757 1 0 1.000000
  0 0.375838 1.465592 0.197669 0.238718 0.890902 -0.386404 0.012239 0.659722 1 0 1.000000
bgonesoda
  0 -0.148333 1.511451 0.197669 -0.080384 0.918818 -0.386408 0.066427 0.659722 1 0 1.000000
  0 -0.149077 1.519959 0.234234 -0.084871 0.970088 -0.227433 0.066427 0.655757 1 0 1.000000
  0 0.378048 1.473841 0.234234 0.252037 0.940615 -0.227421 0.012239 0.655757 1 0 1.000000
bgonesoda
  0 -0.656578 1.375268 0.197669 -0.389790 0.835914 -0.386409 0.120615 0.659722 1 0 1.000000
  0 -0.149077 1.519959 0.234234 -0.084871 0.970088 -0.227433 0.066427 0.655757 1 0 1.000000
  0 -0.148333 1.511451 0.197669 -0.080384 0.918818 -0.386408 0.066427 0.659722 1 0 1.000000
bgonesoda
  0 -0.656578 1.375268 0.197669 -0.389790 0.835914 -0.386409 0.120615 0.659722 1 0 1.000000
  0 -0.660187 1.383007 0.234234 -0.411543 0.882558 -0.227428 0.120615 0.655757 1 0 1.000000
  0 -0.149077 1.519959 0.234234 -0.084871 0.970088 -0.227433 0.066427 0.655757 1 0 1.000000
bgonesoda
  0 -1.087593 1.073467 0.197669 -0.652183 0.652187 -0.386406 0.174803 0.659722 1 0 1.000000
  0 -0.660187 1.383007 0.234234 -0.411543 0.882558 -0.227428 0.120615 0.655757 1 0 1.000000
  0 -0.656578 1.375268 0.197669 -0.389790 0.835914 -0.386409 0.120615 0.659722 1 0 1.000000
bgonesoda
  0 -1.087593 1.073467 0.197669 -0.652183 0.652187 -0.386406 0.174803 0.659722 1 0 1.000000
  0 -1.093632 1.079506 0.234234 -0.688578 0.688578 -0.227422 0.174803 0.655757 1 0 1.000000
  0 -0.660187 1.383007 0.234234 -0.411543 0.882558 -0.227428 0.120615 0.655757 1 0 1.000000
bgonesoda
  0 -1.389394 0.642451 0.197669 -0.835913 0.389795 -0.386407 0.228991 0.659722 1 0 1.000000
  0 -1.093632 1.079506 0.234234 -0.688578 0.688578 -0.227422 0.174803 0.655757 1 0 1.000000
  0 -1.087593 1.073467 0.197669 -0.652183 0.652187 -0.386406 0.174803 0.659722 1 0 1.000000
bgonesoda
  0 -1.389394 0.642451 0.197669 -0.835913 0.389795 -0.386407 0.228991 0.659722 1 0 1.000000
  0 -1.397133 0.646060 0.234234 -0.882559 0.411545 -0.227421 0.228991 0.655757 1 0 1.000000
  0 -1.093632 1.079506 0.234234 -0.688578 0.688578 -0.227422 0.174803 0.655757 1 0 1.000000
bgonesoda
  0 -1.525578 0.134207 0.197669 -0.918818 0.080389 -0.386407 0.283179 0.659722 1 0 1.000000
  0 -1.397133 0.646060 0.234234 -0.882559 0.411545 -0.227421 0.228991 0.655757 1 0 1.000000
  0 -1.389394 0.642451 0.197669 -0.835913 0.389795 -0.386407 0.228991 0.659722 1 0 1.000000
bgonesoda
  0 -1.525578 0.134207 0.197669 -0.918818 0.080389 -0.386407 0.283179 0.659722 1 0 1.000000
  0 -1.534085 0.134951 0.234235 -0.970090 0.084873 -0.227425 0.283179 0.655757 1 0 1.000000
  0 -1.397133 0.646060 0.234234 -0.882559 0.411545 -0.227421 0.228991 0.655757 1 0 1.000000
bgonesoda
  0 -1.479719 -0.389964 0.197669 -0.890901 -0.238714 -0.386408 0.337366 0.659722 1 0 1.000000
  0 -1.534085 0.134951 0.234235 -0.970090 0.084873 -0.227425 0.283179 0.655757 1 0 1.000000
  0 -1.525578 0.134207 0.197669 -0.918818 0.080389 -0.386407 0.283179 0.659722 1 0 1.000000
bgonesoda
  0 -1.479719 -0.389964 0.197669 -0.890901 -0.238714 -0.386408 0.337366 0.659722 1 0 1.000000
  0 -1.487967 -0.392174 0.234235 -0.940614 -0.252036 -0.227426 0.337366 0.655757 1 0 1.000000
  0 -1.534085 0.134951 0.234235 -0.970090 0.084873 -0.227425 0.283179 0.655757 1 0 1.000000
bgonesoda
  0 -1.257348 -0.866839 0.197669 -0.755528 -0.529024 -0.386407 0.391554 0.659722 1 0 1.000000
  0 -1.487967 -0.392174 0.234235 -0.940614 -0.252036 -0.227426 0.337366 0.655757 1 0 1.000000
  0 -1.479719 -0.389964 0.197669 -0.890901 -0.238714 -0.386408 0.337366 0.659722 1 0 1.000000
bgonesoda
  0 -1.257348 -0.866839 0.197669 -0.755528 -0.529024 -0.386407 0.391554 0.659722 1 0 1.000000
  0 -1.264344 -0.871737 0.234235 -0.797687 -0.558546 -0.227423 0.391554 0.655757 1 0 1.000000
  0 -1.487967 -0.392174 0.234235 -0.940614 -0.252036 -0.227426 0.337366 0.655757 1 0 1.000000
bgonesoda
  0 -0.885288 -1.238900 0.197669 -0.529028 -0.755525 -0.386407 0.446053 0.659722 1 0 1.000000
  0 -1.264344 -0.871737 0.234235 -0.797687 -0.558546 -0.227423 0.391554 0.655757 1 0 1.000000
  0 -1.257348 -0.866839 0.197669 -0.755528 -0.529024 -0.386407 0.391554 0.659722 1 0 1.000000
bgonesoda
  0 -0.885288 -1.238900 0.197669 -0.529028 -0.755525 -0.386407 0.446053 0.659722 1 0 1.000000
  0 -0.890186 -1.245895 0.234235 -0.558547 -0.797686 -0.227426 0.446053 0.655757 1 0 1.000000
  0 -1.264344 -0.871737 0.234235 -0.797687 -0.558546 -0.227423 0.391554 0.655757 1 0 1.000000
bgonesoda
  0 -0.072671 -0.208267 6.365665 0.000004 0.000000 1.000000 0.147844 0.834989 1 0 1.000000
  0 -0.126747 1.264722 6.365665 0.000000 0.000000 1.000000 0.231517 0.896366 1 0 1.000000
  0 -0.219503 -0.119342 6.365665 0.000004 0.000000 1.000000 0.158886 0.830986 1 0 1.000000
bgonesoda
  0 -0.219503 -0.119342 6.365665 0.000004 0.000000 1.000000 0.158886 0.830986 1 0 1.000000
  0 -0.126747 1.264722 6.365665 0.000000 0.000000 1.000000 0.231517 0.896366 1 0 1.000000
  0 -0.551907 1.150801 6.365665 -0.000001 0.000000 1.000000 0.243026 0.867694 1 0 1.000000
bgonesoda
  0 -0.219503 -0.119342 6.365665 0.000004 0.000000 1.000000 0.158886 0.830986 1 0 1.000000
  0 -0.551907 1.150801 6.365665 -0.000001 0.000000 1.000000 0.243026 0.867694 1 0 1.000000
  0 -0.344450 -0.025563 6.365665 -0.000005 0.000000 1.000000 0.169309 0.828342 1 0 1.000000
bgonesoda
  0 -0.344450 -0.025563 6.365665 -0.000005 0.000000 1.000000 0.169309 0.828342 1 0 1.000000
  0 -0.551907 1.150801 6.365665 -0.000001 0.000000 1.000000 0.243026 0.867694 1 0 1.000000
  0 -0.912463 0.898337 6.365665 0.000000 0.000000 1.000000 0.244149 0.837087 1 0 1.000000
bgonesoda
  0 -0.344450 -0.025563 6.365665 -0.000005 0.000000 1.000000 0.169309 0.828342 1 0 1.000000
  0 -0.912463 0.898337 6.365665 0.000000 0.000000 1.000000 0.244149 0.837087 1 0 1.000000
  0 -0.458481 -0.035422 6.365665 0.000003 0.000000 1.000000 0.173669 0.821600 1 0 1.000000
bgonesoda
  0 -0.458481 -0.035422 6.365665 0.000003 0.000000 1.000000 0.173669 0.821600 1 0 1.000000
  0 -0.912463 0.898337 6.365665 0.000000 0.000000 1.000000 0.244149 0.837087 1 0 1.000000
  0 -1.164926 0.537781 6.365665 0.000000 0.000000 1.000000 0.235113 0.808050 1 0 1.000000
bgonesoda
  0 -0.458481 -0.035422 6.365665 0.000003 0.000000 1.000000 0.173669 0.821600 1 0 1.000000
  0 -1.164926 0.537781 6.365665 0.000000 0.000000 1.000000 0.235113 0.808050 1 0 1.000000
  0 -0.553427 -0.168571 6.365665 0.000004 0.000000 1.000000 0.170507 0.810528 1 0 1.000000
bgonesoda
  0 -0.553427 -0.168571 6.365665 0.000004 0.000000 1.000000 0.170507 0.810528 1 0 1.000000
  0 -1.164926 0.537781 6.365665 0.000000 0.000000 1.000000 0.235113 0.808050 1 0 1.000000
  0 -1.278848 0.112621 6.365665 -0.000002 0.000000 1.000000 0.217083 0.783671 1 0 1.000000
bgonesoda
  0 -0.553427 -0.168571 6.365665 0.000004 0.000000 1.000000 0.170507 0.810528 1 0 1.000000
  0 -1.278848 0.112621 6.365665 -0.000002 0.000000 1.000000 0.217083 0.783671 1 0 1.000000
  0 -0.600077 -0.342671 6.365665 0.000001 0.000000 1.000000 0.163015 0.800272 1 0 1.000000
bgonesoda
  0 -0.600077 -0.342671 6.365665 0.000001 0.000000 1.000000 0.163015 0.800272 1 0 1.000000
  0 -1.278848 0.112621 6.365665 -0.000002 0.000000 1.000000 0.217083 0.783671 1 0 1.000000
  0 -1.240485 -0.325861 6.365665 0.000000 0.000000 1.000000 0.191956 0.766500 1 0 1.000000
bgonesoda
  0 -0.600077 -0.342671 6.365665 0.000001 0.000000 1.000000 0.163015 0.800272 1 0 1.000000
  0 -1.240485 -0.325861 6.365665 0.000000 0.000000 1.000000 0.191956 0.766500 1 0 1.000000
  0 -0.593584 -0.539635 6.365665 0.000000 0.000000 1.000000 0.151939 0.791886 1 0 1.000000
bgonesoda
  0 -0.593584 -0.539635 6.365665 0.000000 0.000000 1.000000 0.151939 0.791886 1 0 1.000000
  0 -1.240485 -0.325861 6.365665 0.000000 0.000000 1.000000 0.191956 0.766500 1 0 1.000000
  0 -1.055174 -0.727417 6.365665 0.000002 0.000000 1.000000 0.162040 0.758393 1 0 1.000000
bgonesoda
  0 -0.593584 -0.539635 6.365665 0.000000 0.000000 1.000000 0.151939 0.791886 1 0 1.000000
  0 -1.055174 -0.727417 6.365665 0.000002 0.000000 1.000000 0.162040 0.758393 1 0 1.000000
  0 -0.531892 -0.725107 6.365665 -0.000001 0.000000 1.000000 0.139088 0.787086 1 0 1.000000
bgonesoda
  0 -0.531892 -0.725107 6.365665 -0.000001 0.000000 1.000000 0.139088 0.787086 1 0 1.000000
  0 -1.055174 -0.727417 6.365665 0.000002 0.000000 1.000000 0.162040 0.758393 1 0 1.000000
  0 -0.754644 -1.078622 6.365665 0.000001 0.000000 1.000000 0.129554 0.759345 1 0 1.000000
bgonesoda
  0 -0.531892 -0.725107 6.365665 -0.000001 0.000000 1.000000 0.139088 0.787086 1 0 1.000000
  0 -0.754644 -1.078622 6.365665 0.000001 0.000000 1.000000 0.129554 0.759345 1 0 1.000000
  0 -0.417917 -0.859835 6.365665 -0.000001 0.000000 1.000000 0.126647 0.787343 1 0 1.000000
bgonesoda
  0 -0.417917 -0.859835 6.365665 -0.000001 0.000000 1.000000 0.126647 0.787343 1 0 1.000000
  0 -0.754644 -1.078622 6.365665 0.000001 0.000000 1.000000 0.129554 0.759345 1 0 1.000000
  0 -0.353956 -1.258034 6.365665 -0.000001 0.000000 1.000000 0.101805 0.773043 1 0 1.000000
bgonesoda
  0 -0.417917 -0.859835 6.365665 -0.000001 0.000000 1.000000 0.126647 0.787343 1 0 1.000000
  0 -0.353956 -1.258034 6.365665 -0.000001 0.000000 1.000000 0.101805 0.773043 1 0 1.000000
  0 -0.261828 -0.914207 6.365665 0.000000 0.000000 1.000000 0.116960 0.793401 1 0 1.000000
bgonesoda
  0 -0.261828 -0.914207 6.365665 0.000000 0.000000 1.000000 0.116960 0.793401 1 0 1.000000
  0 -0.353956 -1.258034 6.365665 -0.000001 0.000000 1.000000 0.101805 0.773043 1 0 1.000000
  0 0.082757 -1.303003 6.365665 0.000000 0.000000 1.000000 0.080689 0.795681 1 0 1.000000
bgonesoda
  0 -0.261828 -0.914207 6.365665 0.000000 0.000000 1.000000 0.116960 0.793401 1 0 1.000000
  0 0.082757 -1.303003 6.365665 0.000000 0.000000 1.000000 0.080689 0.795681 1 0 1.000000
  0 -0.099464 -0.945164 6.365665 0.000000 0.000000 1.000000 0.108350 0.800965 1 0 1.000000
bgonesoda
  0 -0.099464 -0.945164 6.365665 0.000000 0.000000 1.000000 0.108350 0.800965 1 0 1.000000
  0 0.082757 -1.303003 6.365665 0.000000 0.000000 1.000000 0.080689 0.795681 1 0 1.000000
  0 0.518625 -1.149115 6.365665 0.000000 0.000000 1.000000 0.070413 0.826518 1 0 1.000000
bgonesoda
  0 -0.099464 -0.945164 6.365665 0.000000 0.000000 1.000000 0.108350 0.800965 1 0 1.000000
  0 0.518625 -1.149115 6.365665 0.000000 0.000000 1.000000 0.070413 0.826518 1 0 1.000000
  0 0.066605 -0.885473 6.365665 0.000000 0.000000 1.000000 0.104508 0.812812 1 0 1.000000
bgonesoda
  0 0.066605 -0.885473 6.365665 0.000000 0.000000 1.000000 0.104508 0.812812 1 0 1.000000
  0 0.518625 -1.149115 6.365665 0.000000 0.000000 1.000000 0.070413 0.826518 1 0 1.000000
  0 0.879888 -0.894014 6.365665 0.000001 0.000000 1.000000 0.069555 0.857501 1 0 1.000000
bgonesoda
  0 0.066605 -0.885473 6.365665 0.000000 0.000000 1.000000 0.104508 0.812812 1 0 1.000000
  0 0.879888 -0.894014 6.365665 0.000001 0.000000 1.000000 0.069555 0.857501 1 0 1.000000
  0 0.212768 -0.755697 6.365665 0.000000 0.000000 1.000000 0.105396 0.826502 1 0 1.000000
bgonesoda
  0 0.212768 -0.755697 6.365665 0.000000 0.000000 1.000000 0.105396 0.826502 1 0 1.000000
  0 0.879888 -0.894014 6.365665 0.000001 0.000000 1.000000 0.069555 0.857501 1 0 1.000000
  0 1.132352 -0.533458 6.365665 0.000000 0.000000 1.000000 0.078756 0.886510 1 0 1.000000
bgonesoda
  0 0.212768 -0.755697 6.365665 0.000000 0.000000 1.000000 0.105396 0.826502 1 0 1.000000
  0 1.132352 -0.533458 6.365665 0.000000 0.000000 1.000000 0.078756 0.886510 1 0 1.000000
  0 0.316873 -0.588367 6.365665 0.000000 0.000000 1.000000 0.110232 0.839523 1 0 1.000000
bgonesoda
  0 0.316873 -0.588367 6.365665 0.000000 0.000000 1.000000 0.110232 0.839523 1 0 1.000000
  0 1.132352 -0.533458 6.365665 0.000000 0.000000 1.000000 0.078756 0.886510 1 0 1.000000
  0 1.246273 -0.108298 6.365665 0.000000 0.000000 1.000000 0.096906 0.910798 1 0 1.000000
bgonesoda
  0 0.316873 -0.588367 6.365665 0.000000 0.000000 1.000000 0.110232 0.839523 1 0 1.000000
  0 1.246273 -0.108298 6.365665 0.000000 0.000000 1.000000 0.096906 0.910798 1 0 1.000000
  0 0.363523 -0.414267 6.365665 -0.000001 0.000000 1.000000 0.117893 0.849649 1 0 1.000000
bgonesoda
  0 0.363523 -0.414267 6.365665 -0.000001 0.000000 1.000000 0.117893 0.849649 1 0 1.000000
  0 1.246273 -0.108298 6.365665 0.000000 0.000000 1.000000 0.096906 0.910798 1 0 1.000000
  0 1.207911 0.330184 6.365665 0.000000 0.000000 1.000000 0.122108 0.927816 1 0 1.000000
bgonesoda
  0 0.363523 -0.414267 6.365665 -0.000001 0.000000 1.000000 0.117893 0.849649 1 0 1.000000
  0 1.207911 0.330184 6.365665 0.000000 0.000000 1.000000 0.122108 0.927816 1 0 1.000000
  0 0.347872 -0.251483 6.365665 -0.000003 0.000000 1.000000 0.127583 0.855865 1 0 1.000000
bgonesoda
  0 0.347872 -0.251483 6.365665 -0.000003 0.000000 1.000000 0.127583 0.855865 1 0 1.000000
  0 1.207911 0.330184 6.365665 0.000000 0.000000 1.000000 0.122108 0.927816 1 0 1.000000
  0 1.021892 0.729103 6.365665 0.000001 0.000000 1.000000 0.151742 0.935559 1 0 1.000000
bgonesoda
  0 0.347872 -0.251483 6.365665 -0.000003 0.000000 1.000000 0.127583 0.855865 1 0 1.000000
  0 1.021892 0.729103 6.365665 0.000001 0.000000 1.000000 0.151742 0.935559 1 0 1.000000
  0 0.254047 -0.185930 6.365665 0.000000 0.000000 1.000000 0.135295 0.853629 1 0 1.000000
bgonesoda
  0 0.254047 -0.185930 6.365665 0.000000 0.000000 1.000000 0.135295 0.853629 1 0 1.000000
  0 1.021892 0.729103 6.365665 0.000001 0.000000 1.000000 0.151742 0.935559 1 0 1.000000
  0 0.710654 1.040341 6.365665 0.000001 0.000000 1.000000 0.182517 0.932796 1 0 1.000000
bgonesoda
  0 0.254047 -0.185930 6.365665 0.000000 0.000000 1.000000 0.135295 0.853629 1 0 1.000000
  0 0.710654 1.040341 6.365665 0.000001 0.000000 1.000000 0.182517 0.932796 1 0 1.000000
  0 0.098951 -0.204671 6.365665 0.000000 0.000000 1.000000 0.140830 0.844408 1 0 1.000000
bgonesoda
  0 0.098951 -0.204671 6.365665 0.000000 0.000000 1.000000 0.140830 0.844408 1 0 1.000000
  0 0.710654 1.040341 6.365665 0.000001 0.000000 1.000000 0.182517 0.932796 1 0 1.000000
  0 0.311736 1.226360 6.365665 0.000000 0.000000 1.000000 0.210515 0.919287 1 0 1.000000
bgonesoda
  0 0.098951 -0.204671 6.365665 0.000000 0.000000 1.000000 0.140830 0.844408 1 0 1.000000
  0 0.311736 1.226360 6.365665 0.000000 0.000000 1.000000 0.210515 0.919287 1 0 1.000000
  0 -0.072671 -0.208267 6.365665 0.000004 0.000000 1.000000 0.147844 0.834989 1 0 1.000000
bgonesoda
  0 -0.072671 -0.208267 6.365665 0.000004 0.000000 1.000000 0.147844 0.834989 1 0 1.000000
  0 0.311736 1.226360 6.365665 0.000000 0.000000 1.000000 0.210515 0.919287 1 0 1.000000
  0 -0.126747 1.264722 6.365665 0.000000 0.000000 1.000000 0.231517 0.896366 1 0 1.000000
bgonesoda
  0 1.132352 -0.533458 6.587100 -0.906309 0.422616 0.000000 0.064374 0.893938 1 0 1.000000
  0 1.132352 -0.533458 6.365665 -0.906307 0.422620 0.000000 0.078756 0.886510 1 0 1.000000
  0 0.879888 -0.894014 6.365665 -0.707971 0.706240 -0.001545 0.069555 0.857501 1 0 1.000000
bgonesoda
  0 1.246273 -0.108298 6.587100 -0.996195 0.087153 0.000000 0.085755 0.922510 1 0 1.000000
  0 1.132352 -0.533458 6.365665 -0.906307 0.422620 0.000000 0.078756 0.886510 1 0 1.000000
  0 1.132352 -0.533458 6.587100 -0.906309 0.422616 0.000000 0.064374 0.893938 1 0 1.000000
bgonesoda
  0 1.246273 -0.108298 6.587100 -0.996195 0.087153 0.000000 0.085755 0.922510 1 0 1.000000
  0 1.246273 -0.108298 6.365665 -0.996195 0.087158 0.000000 0.096906 0.910798 1 0 1.000000
  0 1.132352 -0.533458 6.365665 -0.906307 0.422620 0.000000 0.078756 0.886510 1 0 1.000000
bgonesoda
  0 1.207911 0.330185 6.587100 -0.965925 -0.258821 0.000000 0.115380 0.942640 1 0 1.000000
  0 1.246273 -0.108298 6.365665 -0.996195 0.087158 0.000000 0.096906 0.910798 1 0 1.000000
  0 1.246273 -0.108298 6.587100 -0.996195 0.087153 0.000000 0.085755 0.922510 1 0 1.000000
bgonesoda
  0 1.207911 0.330185 6.587100 -0.965925 -0.258821 0.000000 0.115380 0.942640 1 0 1.000000
  0 1.207911 0.330184 6.365665 -0.965927 -0.258816 0.000000 0.122108 0.927816 1 0 1.000000
  0 1.246273 -0.108298 6.365665 -0.996195 0.087158 0.000000 0.096906 0.910798 1 0 1.000000
bgonesoda
  0 1.021892 0.729103 6.587100 -0.819151 -0.573578 0.000000 0.150323 0.952016 1 0 1.000000
  0 1.207911 0.330184 6.365665 -0.965927 -0.258816 0.000000 0.122108 0.927816 1 0 1.000000
  0 1.207911 0.330185 6.587100 -0.965925 -0.258821 0.000000 0.115380 0.942640 1 0 1.000000
bgonesoda
  0 1.021892 0.729103 6.587100 -0.819151 -0.573578 0.000000 0.150323 0.952016 1 0 1.000000
  0 1.021892 0.729103 6.365665 -0.819154 -0.573574 0.000000 0.151742 0.935559 1 0 1.000000
  0 1.207911 0.330184 6.365665 -0.965927 -0.258816 0.000000 0.122108 0.927816 1 0 1.000000
bgonesoda
  0 0.710654 1.040341 6.587100 -0.573574 -0.819154 0.000000 0.186972 0.949092 1 0 1.000000
  0 1.021892 0.729103 6.365665 -0.819154 -0.573574 0.000000 0.151742 0.935559 1 0 1.000000
  0 1.021892 0.729103 6.587100 -0.819151 -0.573578 0.000000 0.150323 0.952016 1 0 1.000000
bgonesoda
  0 0.710654 1.040341 6.587100 -0.573574 -0.819154 0.000000 0.186972 0.949092 1 0 1.000000
  0 0.710654 1.040341 6.365665 -0.573578 -0.819151 0.000000 0.182517 0.932796 1 0 1.000000
  0 1.021892 0.729103 6.365665 -0.819154 -0.573574 0.000000 0.151742 0.935559 1 0 1.000000
bgonesoda
  0 0.311736 1.226360 6.587100 -0.258816 -0.965927 0.000000 0.220850 0.933187 1 0 1.000000
  0 0.710654 1.040341 6.365665 -0.573578 -0.819151 0.000000 0.182517 0.932796 1 0 1.000000
  0 0.710654 1.040341 6.587100 -0.573574 -0.819154 0.000000 0.186972 0.949092 1 0 1.000000
bgonesoda
  0 0.311736 1.226360 6.587100 -0.258816 -0.965927 0.000000 0.220850 0.933187 1 0 1.000000
  0 0.311736 1.226360 6.365665 -0.258821 -0.965925 0.000000 0.210515 0.919287 1 0 1.000000
  0 0.710654 1.040341 6.365665 -0.573578 -0.819151 0.000000 0.182517 0.932796 1 0 1.000000
bgonesoda
  0 -0.126747 1.264722 6.587100 0.087158 -0.996194 0.000000 0.245837 0.905325 1 0 1.000000
  0 0.311736 1.226360 6.365665 -0.258821 -0.965925 0.000000 0.210515 0.919287 1 0 1.000000
  0 0.311736 1.226360 6.587100 -0.258816 -0.965927 0.000000 0.220850 0.933187 1 0 1.000000
bgonesoda
  0 -0.126747 1.264722 6.587100 0.087158 -0.996194 0.000000 0.245837 0.905325 1 0 1.000000
  0 -0.126747 1.264722 6.365665 0.087153 -0.996195 0.000000 0.231517 0.896366 1 0 1.000000
  0 0.311736 1.226360 6.365665 -0.258821 -0.965925 0.000000 0.210515 0.919287 1 0 1.000000
bgonesoda
  0 -0.551907 1.150801 6.587100 0.422621 -0.906306 0.000000 0.259193 0.871078 1 0 1.000000
  0 -0.126747 1.264722 6.365665 0.087153 -0.996195 0.000000 0.231517 0.896366 1 0 1.000000
  0 -0.126747 1.264722 6.587100 0.087158 -0.996194 0.000000 0.245837 0.905325 1 0 1.000000
bgonesoda
  0 -0.551907 1.150801 6.587100 0.422621 -0.906306 0.000000 0.259193 0.871078 1 0 1.000000
  0 -0.551907 1.150801 6.365665 0.422616 -0.906309 0.000000 0.243026 0.867694 1 0 1.000000
  0 -0.126747 1.264722 6.365665 0.087153 -0.996195 0.000000 0.231517 0.896366 1 0 1.000000
bgonesoda
  0 -0.912463 0.898337 6.587100 0.707109 -0.707105 0.000000 0.260283 0.834914 1 0 1.000000
  0 -0.551907 1.150801 6.365665 0.422616 -0.906309 0.000000 0.243026 0.867694 1 0 1.000000
  0 -0.551907 1.150801 6.587100 0.422621 -0.906306 0.000000 0.259193 0.871078 1 0 1.000000
bgonesoda
  0 -0.912463 0.898337 6.587100 0.707109 -0.707105 0.000000 0.260283 0.834914 1 0 1.000000
  0 -0.912463 0.898337 6.365665 0.707105 -0.707109 0.000000 0.244149 0.837087 1 0 1.000000
  0 -0.551907 1.150801 6.365665 0.422616 -0.906309 0.000000 0.243026 0.867694 1 0 1.000000
bgonesoda
  0 -1.164926 0.537781 6.587100 0.906309 -0.422616 0.000000 0.249541 0.800746 1 0 1.000000
  0 -0.912463 0.898337 6.365665 0.707105 -0.707109 0.000000 0.244149 0.837087 1 0 1.000000
  0 -0.912463 0.898337 6.587100 0.707109 -0.707105 0.000000 0.260283 0.834914 1 0 1.000000
bgonesoda
  0 -1.164926 0.537781 6.587100 0.906309 -0.422616 0.000000 0.249541 0.800746 1 0 1.000000
  0 -1.164926 0.537781 6.365665 0.906306 -0.422622 0.000000 0.235113 0.808050 1 0 1.000000
  0 -0.912463 0.898337 6.365665 0.707105 -0.707109 0.000000 0.244149 0.837087 1 0 1.000000
bgonesoda
  0 -1.278848 0.112621 6.587100 0.996195 -0.087153 0.000000 0.228342 0.772038 1 0 1.000000
  0 -1.164926 0.537781 6.365665 0.906306 -0.422622 0.000000 0.235113 0.808050 1 0 1.000000
  0 -1.164926 0.537781 6.587100 0.906309 -0.422616 0.000000 0.249541 0.800746 1 0 1.000000
bgonesoda
  0 -1.278848 0.112621 6.587100 0.996195 -0.087153 0.000000 0.228342 0.772038 1 0 1.000000
  0 -1.278848 0.112621 6.365665 0.996195 -0.087158 0.000000 0.217083 0.783671 1 0 1.000000
  0 -1.164926 0.537781 6.365665 0.906306 -0.422622 0.000000 0.235113 0.808050 1 0 1.000000
bgonesoda
  0 -1.240485 -0.325861 6.587100 0.966229 0.257680 -0.001579 0.198873 0.751682 1 0 1.000000
  0 -1.278848 0.112621 6.365665 0.996195 -0.087158 0.000000 0.217083 0.783671 1 0 1.000000
  0 -1.278848 0.112621 6.587100 0.996195 -0.087153 0.000000 0.228342 0.772038 1 0 1.000000
bgonesoda
  0 -1.240485 -0.325861 6.587100 0.966229 0.257680 -0.001579 0.198873 0.751682 1 0 1.000000
  0 -1.240485 -0.325861 6.365665 0.966220 0.257714 -0.001506 0.191956 0.766500 1 0 1.000000
  0 -1.278848 0.112621 6.365665 0.996195 -0.087158 0.000000 0.217083 0.783671 1 0 1.000000
bgonesoda
  0 -1.054608 -0.725304 6.587100 0.839079 0.543784 -0.015672 0.164059 0.741810 1 0 1.000000
  0 -1.240485 -0.325861 6.365665 0.966220 0.257714 -0.001506 0.191956 0.766500 1 0 1.000000
  0 -1.240485 -0.325861 6.587100 0.966229 0.257680 -0.001579 0.198873 0.751682 1 0 1.000000
bgonesoda
  0 -1.054608 -0.725304 6.587100 0.839079 0.543784 -0.015672 0.164059 0.741810 1 0 1.000000
  0 -1.055174 -0.727417 6.365665 0.838438 0.544767 -0.015803 0.162040 0.758393 1 0 1.000000
  0 -1.240485 -0.325861 6.365665 0.966220 0.257714 -0.001506 0.191956 0.766500 1 0 1.000000
bgonesoda
  0 -0.751340 -1.066290 6.587100 0.597422 0.800838 -0.041780 0.125781 0.743026 1 0 1.000000
  0 -1.055174 -0.727417 6.365665 0.838438 0.544767 -0.015803 0.162040 0.758393 1 0 1.000000
  0 -1.054608 -0.725304 6.587100 0.839079 0.543784 -0.015672 0.164059 0.741810 1 0 1.000000
bgonesoda
  0 -0.751340 -1.066290 6.587100 0.597422 0.800838 -0.041780 0.125781 0.743026 1 0 1.000000
  0 -0.754644 -1.078622 6.365665 0.592791 0.804255 -0.042117 0.129554 0.759345 1 0 1.000000
  0 -1.055174 -0.727417 6.365665 0.838438 0.544767 -0.015803 0.162040 0.758393 1 0 1.000000
bgonesoda
  0 -0.350990 -1.246967 6.587100 0.258427 0.964486 -0.054603 0.091421 0.759079 1 0 1.000000
  0 -0.754644 -1.078622 6.365665 0.592791 0.804255 -0.042117 0.129554 0.759345 1 0 1.000000
  0 -0.751340 -1.066290 6.587100 0.597422 0.800838 -0.041780 0.125781 0.743026 1 0 1.000000
bgonesoda
  0 -0.350990 -1.246967 6.587100 0.258427 0.964486 -0.054603 0.091421 0.759079 1 0 1.000000
  0 -0.353956 -1.258034 6.365665 0.258397 0.964498 -0.054537 0.101805 0.773043 1 0 1.000000
  0 -0.754644 -1.078622 6.365665 0.592791 0.804255 -0.042117 0.129554 0.759345 1 0 1.000000
bgonesoda
  0 0.086061 -1.290671 6.587100 -0.116943 0.992259 -0.041792 0.066147 0.787365 1 0 1.000000
  0 -0.353956 -1.258034 6.365665 0.258397 0.964498 -0.054537 0.101805 0.773043 1 0 1.000000
  0 -0.350990 -1.246967 6.587100 0.258427 0.964486 -0.054603 0.091421 0.759079 1 0 1.000000
bgonesoda
  0 0.086061 -1.290671 6.587100 -0.116943 0.992259 -0.041792 0.066147 0.787365 1 0 1.000000
  0 0.082757 -1.303003 6.365665 -0.111236 0.992901 -0.042128 0.080689 0.795681 1 0 1.000000
  0 -0.353956 -1.258034 6.365665 0.258397 0.964498 -0.054537 0.101805 0.773043 1 0 1.000000
bgonesoda
  0 0.519191 -1.147002 6.587100 -0.454803 0.890455 -0.015647 0.053952 0.823673 1 0 1.000000
  0 0.082757 -1.303003 6.365665 -0.111236 0.992901 -0.042128 0.080689 0.795681 1 0 1.000000
  0 0.086061 -1.290671 6.587100 -0.116943 0.992259 -0.041792 0.066147 0.787365 1 0 1.000000
bgonesoda
  0 0.519191 -1.147002 6.587100 -0.454803 0.890455 -0.015647 0.053952 0.823673 1 0 1.000000
  0 0.518625 -1.149115 6.365665 -0.453724 0.891002 -0.015803 0.070413 0.826518 1 0 1.000000
  0 0.082757 -1.303003 6.365665 -0.111236 0.992901 -0.042128 0.080689 0.795681 1 0 1.000000
bgonesoda
  0 0.879888 -0.894014 6.587100 -0.707957 0.706254 -0.001583 0.053373 0.859855 1 0 1.000000
  0 0.518625 -1.149115 6.365665 -0.453724 0.891002 -0.015803 0.070413 0.826518 1 0 1.000000
  0 0.519191 -1.147002 6.587100 -0.454803 0.890455 -0.015647 0.053952 0.823673 1 0 1.000000
bgonesoda
  0 0.879888 -0.894014 6.587100 -0.707957 0.706254 -0.001583 0.053373 0.859855 1 0 1.000000
  0 0.879888 -0.894014 6.365665 -0.707971 0.706240 -0.001545 0.069555 0.857501 1 0 1.000000
  0 0.518625 -1.149115 6.365665 -0.453724 0.891002 -0.015803 0.070413 0.826518 1 0 1.000000
bgonesoda
  0 1.132352 -0.533458 6.587100 -0.906309 0.422616 0.000000 0.064374 0.893938 1 0 1.000000
  0 0.879888 -0.894014 6.365665 -0.707971 0.706240 -0.001545 0.069555 0.857501 1 0 1.000000
  0 0.879888 -0.894014 6.587100 -0.707957 0.706254 -0.001583 0.053373 0.859855 1 0 1.000000
bgonesoda
  0 -1.308358 0.604664 6.556760 -0.567364 0.264562 0.779811 0.261633 0.794601 1 0 1.000000
  0 -0.997645 0.983519 6.587100 -0.442659 0.442657 0.779813 0.269968 0.833560 1 0 1.000000
  0 -1.024369 1.010243 6.556760 -0.442663 0.442654 0.779812 0.273839 0.833013 1 0 1.000000
bgonesoda
  0 -1.024369 1.010243 6.556760 -0.442663 0.442654 0.779812 0.273839 0.833013 1 0 1.000000
  0 -0.997645 0.983519 6.587100 -0.442659 0.442657 0.779813 0.269968 0.833560 1 0 1.000000
  0 -0.602818 1.259980 6.587100 -0.264564 0.567359 0.779814 0.268976 0.873039 1 0 1.000000
bgonesoda
  0 -1.024369 1.010243 6.556760 -0.442663 0.442654 0.779812 0.273839 0.833013 1 0 1.000000
  0 -0.602818 1.259980 6.587100 -0.264564 0.567359 0.779814 0.268976 0.873039 1 0 1.000000
  0 -0.618790 1.294232 6.556760 -0.264567 0.567358 0.779814 0.272912 0.873821 1 0 1.000000
bgonesoda
  0 -0.618790 1.294232 6.556760 -0.264567 0.567358 0.779814 0.272912 0.873821 1 0 1.000000
  0 -0.602818 1.259980 6.587100 -0.264564 0.567359 0.779814 0.268976 0.873039 1 0 1.000000
  0 -0.137246 1.384729 6.587100 -0.054564 0.623627 0.779815 0.254659 0.910739 1 0 1.000000
bgonesoda
  0 -0.618790 1.294232 6.556760 -0.264567 0.567358 0.779814 0.272912 0.873821 1 0 1.000000
  0 -0.137246 1.384729 6.587100 -0.054564 0.623627 0.779815 0.254659 0.910739 1 0 1.000000
  0 -0.140540 1.422379 6.556760 -0.054567 0.623627 0.779815 0.258269 0.912978 1 0 1.000000
bgonesoda
  0 -0.140540 1.422379 6.556760 -0.054567 0.623627 0.779815 0.258269 0.912978 1 0 1.000000
  0 -0.137246 1.384729 6.587100 -0.054564 0.623627 0.779815 0.254659 0.910739 1 0 1.000000
  0 0.342914 1.342721 6.587100 0.162023 0.604681 0.779814 0.227376 0.941966 1 0 1.000000
bgonesoda
  0 -0.140540 1.422379 6.556760 -0.054567 0.623627 0.779815 0.258269 0.912978 1 0 1.000000
  0 0.342914 1.342721 6.587100 0.162023 0.604681 0.779814 0.227376 0.941966 1 0 1.000000
  0 0.352696 1.379227 6.556760 0.162019 0.604682 0.779814 0.230273 0.945865 1 0 1.000000
bgonesoda
  0 0.352696 1.379227 6.556760 0.162019 0.604682 0.779814 0.230273 0.945865 1 0 1.000000
  0 0.342914 1.342721 6.587100 0.162023 0.604681 0.779814 0.227376 0.941966 1 0 1.000000
  0 0.779750 1.139021 6.587100 0.359062 0.512797 0.779817 0.189611 0.959092 1 0 1.000000
bgonesoda
  0 0.352696 1.379227 6.556760 0.162019 0.604682 0.779814 0.230273 0.945865 1 0 1.000000
  0 0.779750 1.139021 6.587100 0.359062 0.512797 0.779817 0.189611 0.959092 1 0 1.000000
  0 0.801428 1.169980 6.556760 0.359059 0.512799 0.779816 0.190713 0.963195 1 0 1.000000
bgonesoda
  0 0.801428 1.169980 6.556760 0.359059 0.512799 0.779816 0.190713 0.963195 1 0 1.000000
  0 0.779750 1.139021 6.587100 0.359062 0.512797 0.779817 0.189611 0.959092 1 0 1.000000
  0 1.120572 0.798199 6.587100 0.512792 0.359065 0.779818 0.149384 0.961946 1 0 1.000000
bgonesoda
  0 0.801428 1.169980 6.556760 0.359059 0.512799 0.779816 0.190713 0.963195 1 0 1.000000
  0 1.120572 0.798199 6.587100 0.512792 0.359065 0.779818 0.149384 0.961946 1 0 1.000000
  0 1.151531 0.819877 6.556760 0.512792 0.359068 0.779817 0.148998 0.965939 1 0 1.000000
bgonesoda
  0 1.151531 0.819877 6.556760 0.512792 0.359068 0.779817 0.148998 0.965939 1 0 1.000000
  0 1.120572 0.798199 6.587100 0.512792 0.359065 0.779818 0.149384 0.961946 1 0 1.000000
  0 1.324272 0.361363 6.587100 0.604685 0.162022 0.779811 0.111293 0.951525 1 0 1.000000
bgonesoda
  0 1.151531 0.819877 6.556760 0.512792 0.359068 0.779817 0.148998 0.965939 1 0 1.000000
  0 1.324272 0.361363 6.587100 0.604685 0.162022 0.779811 0.111293 0.951525 1 0 1.000000
  0 1.360777 0.371145 6.556760 0.604685 0.162025 0.779810 0.109654 0.955073 1 0 1.000000
bgonesoda
  0 1.360777 0.371145 6.556760 0.604685 0.162025 0.779810 0.109654 0.955073 1 0 1.000000
  0 1.324272 0.361363 6.587100 0.604685 0.162022 0.779811 0.111293 0.951525 1 0 1.000000
  0 1.366280 -0.118797 6.587100 0.623623 -0.054562 0.779819 0.079059 0.929524 1 0 1.000000
bgonesoda
  0 1.360777 0.371145 6.556760 0.604685 0.162025 0.779810 0.109654 0.955073 1 0 1.000000
  0 1.366280 -0.118797 6.587100 0.623623 -0.054562 0.779819 0.079059 0.929524 1 0 1.000000
  0 1.403930 -0.122091 6.556760 0.623624 -0.054558 0.779818 0.076387 0.932321 1 0 1.000000
bgonesoda
  0 1.403930 -0.122091 6.556760 0.623624 -0.054558 0.779818 0.076387 0.932321 1 0 1.000000
  0 1.366280 -0.118797 6.587100 0.623623 -0.054562 0.779819 0.079059 0.929524 1 0 1.000000
  0 1.241531 -0.584369 6.587100 0.567357 -0.264565 0.779815 0.055763 0.898409 1 0 1.000000
bgonesoda
  0 1.403930 -0.122091 6.556760 0.623624 -0.054558 0.779818 0.076387 0.932321 1 0 1.000000
  0 1.241531 -0.584369 6.587100 0.567357 -0.264565 0.779815 0.055763 0.898409 1 0 1.000000
  0 1.275784 -0.600341 6.556760 0.567360 -0.264562 0.779814 0.052328 0.900198 1 0 1.000000
bgonesoda
  0 1.275784 -0.600341 6.556760 0.567360 -0.264562 0.779814 0.052328 0.900198 1 0 1.000000
  0 1.241531 -0.584369 6.587100 0.567357 -0.264565 0.779815 0.055763 0.898409 1 0 1.000000
  0 0.965070 -0.979196 6.587100 0.442665 -0.442657 0.779809 0.043676 0.861308 1 0 1.000000
bgonesoda
  0 1.275784 -0.600341 6.556760 0.567360 -0.264562 0.779814 0.052328 0.900198 1 0 1.000000
  0 0.965070 -0.979196 6.587100 0.442665 -0.442657 0.779809 0.043676 0.861308 1 0 1.000000
  0 0.991794 -1.005920 6.556760 0.442668 -0.442654 0.779809 0.039798 0.861896 1 0 1.000000
bgonesoda
  0 0.991794 -1.005920 6.556760 0.442668 -0.442654 0.779809 0.039798 0.861896 1 0 1.000000
  0 0.965070 -0.979196 6.587100 0.442665 -0.442657 0.779809 0.043676 0.861308 1 0 1.000000
  0 0.570243 -1.255657 6.587100 0.272602 -0.572402 0.773333 0.044200 0.821768 1 0 1.000000
bgonesoda
  0 0.991794 -1.005920 6.556760 0.442668 -0.442654 0.779809 0.039798 0.861896 1 0 1.000000
  0 0.570243 -1.255657 6.587100 0.272602 -0.572402 0.773333 0.044200 0.821768 1 0 1.000000
  0 0.586215 -1.289909 6.556760 0.271759 -0.572853 0.773296 0.040255 0.821011 1 0 1.000000
bgonesoda
  0 0.586215 -1.289909 6.556760 0.271759 -0.572853 0.773296 0.040255 0.821011 1 0 1.000000
  0 0.570243 -1.255657 6.587100 0.272602 -0.572402 0.773333 0.044200 0.821768 1 0 1.000000
  0 0.101518 -1.392175 6.587100 0.057484 -0.646020 0.761153 0.058240 0.783164 1 0 1.000000
bgonesoda
  0 0.586215 -1.289909 6.556760 0.271759 -0.572853 0.773296 0.040255 0.821011 1 0 1.000000
  0 0.101518 -1.392175 6.587100 0.057484 -0.646020 0.761153 0.058240 0.783164 1 0 1.000000
  0 0.105667 -1.426633 6.556760 0.060585 -0.645524 0.761334 0.054701 0.781083 1 0 1.000000
bgonesoda
  0 0.105667 -1.426633 6.556760 0.060585 -0.645524 0.761334 0.054701 0.781083 1 0 1.000000
  0 0.101518 -1.392175 6.587100 0.057484 -0.646020 0.761153 0.058240 0.783164 1 0 1.000000
  0 -0.377751 -1.346837 6.587100 -0.170356 -0.635780 0.752836 0.085698 0.751383 1 0 1.000000
bgonesoda
  0 0.105667 -1.426633 6.556760 0.060585 -0.645524 0.761334 0.054701 0.781083 1 0 1.000000
  0 -0.377751 -1.346837 6.587100 -0.170356 -0.635780 0.752836 0.085698 0.751383 1 0 1.000000
  0 -0.386808 -1.380642 6.556760 -0.170339 -0.635738 0.752876 0.082892 0.747609 1 0 1.000000
bgonesoda
  0 -0.386808 -1.380642 6.556760 -0.170339 -0.635738 0.752876 0.082892 0.747609 1 0 1.000000
  0 -0.377751 -1.346837 6.587100 -0.170356 -0.635780 0.752836 0.085698 0.751383 1 0 1.000000
  0 -0.815478 -1.146467 6.587100 -0.372790 -0.530733 0.761150 0.124037 0.734245 1 0 1.000000
bgonesoda
  0 -0.386808 -1.380642 6.556760 -0.170339 -0.635738 0.752876 0.082892 0.747609 1 0 1.000000
  0 -0.815478 -1.146467 6.587100 -0.372790 -0.530733 0.761150 0.124037 0.734245 1 0 1.000000
  0 -0.836301 -1.174234 6.556760 -0.375217 -0.528739 0.761346 0.123063 0.730258 1 0 1.000000
bgonesoda
  0 -0.836301 -1.174234 6.556760 -0.375217 -0.528739 0.761346 0.123063 0.730258 1 0 1.000000
  0 -0.815478 -1.146467 6.587100 -0.372790 -0.530733 0.761150 0.124037 0.734245 1 0 1.000000
  0 -1.153147 -0.793876 6.587100 -0.522289 -0.359406 0.773332 0.165045 0.731923 1 0 1.000000
bgonesoda
  0 -0.836301 -1.174234 6.556760 -0.375217 -0.528739 0.761346 0.123063 0.730258 1 0 1.000000
  0 -1.153147 -0.793876 6.587100 -0.522289 -0.359406 0.773332 0.165045 0.731923 1 0 1.000000
  0 -1.184105 -0.815553 6.556760 -0.521802 -0.360237 0.773274 0.165457 0.727928 1 0 1.000000
bgonesoda
  0 -1.184105 -0.815553 6.556760 -0.521802 -0.360237 0.773274 0.165457 0.727928 1 0 1.000000
  0 -1.153147 -0.793876 6.587100 -0.522289 -0.359406 0.773332 0.165045 0.731923 1 0 1.000000
  0 -1.356846 -0.357040 6.587100 -0.604684 -0.162022 0.779812 0.203059 0.742815 1 0 1.000000
bgonesoda
  0 -1.184105 -0.815553 6.556760 -0.521802 -0.360237 0.773274 0.165457 0.727928 1 0 1.000000
  0 -1.356846 -0.357040 6.587100 -0.604684 -0.162022 0.779812 0.203059 0.742815 1 0 1.000000
  0 -1.393352 -0.366822 6.556760 -0.604683 -0.162025 0.779812 0.204739 0.739272 1 0 1.000000
bgonesoda
  0 -1.393352 -0.366822 6.556760 -0.604683 -0.162025 0.779812 0.204739 0.739272 1 0 1.000000
  0 -1.356846 -0.357040 6.587100 -0.604684 -0.162022 0.779812 0.203059 0.742815 1 0 1.000000
  0 -1.398855 0.123121 6.587100 -0.623632 0.054563 0.779811 0.235103 0.765078 1 0 1.000000
bgonesoda
  0 -1.393352 -0.366822 6.556760 -0.604683 -0.162025 0.779812 0.204739 0.739272 1 0 1.000000
  0 -1.398855 0.123121 6.587100 -0.623632 0.054563 0.779811 0.235103 0.765078 1 0 1.000000
  0 -1.436505 0.126415 6.556760 -0.623634 0.054560 0.779810 0.237806 0.762305 1 0 1.000000
bgonesoda
  0 -1.436505 0.126415 6.556760 -0.623634 0.054560 0.779810 0.237806 0.762305 1 0 1.000000
  0 -1.398855 0.123121 6.587100 -0.623632 0.054563 0.779811 0.235103 0.765078 1 0 1.000000
  0 -1.274105 0.588692 6.587100 -0.567362 0.264566 0.779811 0.258184 0.796353 1 0 1.000000
bgonesoda
  0 -1.436505 0.126415 6.556760 -0.623634 0.054560 0.779810 0.237806 0.762305 1 0 1.000000
  0 -1.274105 0.588692 6.587100 -0.567362 0.264566 0.779811 0.258184 0.796353 1 0 1.000000
  0 -1.308358 0.604664 6.556760 -0.567364 0.264562 0.779811 0.261633 0.794601 1 0 1.000000
bgonesoda
  0 -1.308358 0.604664 6.556760 -0.567364 0.264562 0.779811 0.261633 0.794601 1 0 1.000000
  0 -1.274105 0.588692 6.587100 -0.567362 0.264566 0.779811 0.258184 0.796353 1 0 1.000000
  0 -0.997645 0.983519 6.587100 -0.442659 0.442657 0.779813 0.269968 0.833560 1 0 1.000000
bgonesoda
  0 0.115091 -1.499496 5.967108 0.086317 -0.940869 0.327589 0.554385 0.057963 1 0 1.000000
  0 -0.374988 -1.336529 6.282306 -0.254919 -0.951312 0.173270 0.500219 0.021717 1 0 1.000000
  0 -0.406429 -1.453869 5.967108 -0.245091 -0.914883 0.320810 0.500219 0.057963 1 0 1.000000
bgonesoda
  0 0.115091 -1.499496 5.967108 0.086317 -0.940869 0.327589 0.554385 0.057963 1 0 1.000000
  0 0.097273 -1.382613 6.282306 0.095620 -0.978245 0.184101 0.554385 0.021717 1 0 1.000000
  0 -0.374988 -1.336529 6.282306 -0.254919 -0.951312 0.173270 0.500219 0.021717 1 0 1.000000
bgonesoda
  0 0.620765 -1.364001 5.967108 0.401077 -0.850988 0.339054 0.608883 0.057963 1 0 1.000000
  0 0.097273 -1.382613 6.282306 0.095620 -0.978245 0.184101 0.554385 0.021717 1 0 1.000000
  0 0.115091 -1.499496 5.967108 0.086317 -0.940869 0.327589 0.554385 0.057963 1 0 1.000000
bgonesoda
  0 0.620765 -1.364001 5.967108 0.401077 -0.850988 0.339054 0.608883 0.057963 1 0 1.000000
  0 0.562118 -1.238233 6.282306 0.427186 -0.881528 0.201046 0.608883 0.021717 1 0 1.000000
  0 0.097273 -1.382613 6.282306 0.095620 -0.978245 0.184101 0.554385 0.021717 1 0 1.000000
bgonesoda
  0 1.049601 -1.063727 5.967108 0.663670 -0.663673 0.345082 0.663071 0.057963 1 0 1.000000
  0 0.562118 -1.238233 6.282306 0.427186 -0.881528 0.201046 0.608883 0.021717 1 0 1.000000
  0 0.620765 -1.364001 5.967108 0.401077 -0.850988 0.339054 0.608883 0.057963 1 0 1.000000
bgonesoda
  0 1.049601 -1.063727 5.967108 0.663670 -0.663673 0.345082 0.663071 0.057963 1 0 1.000000
  0 0.951476 -0.965602 6.282306 0.691247 -0.691243 0.210618 0.663071 0.021717 1 0 1.000000
  0 0.562118 -1.238233 6.282306 0.427186 -0.881528 0.201046 0.608883 0.021717 1 0 1.000000
bgonesoda
  0 1.349875 -0.634890 5.967108 0.850637 -0.396657 0.345081 0.717259 0.057963 1 0 1.000000
  0 0.951476 -0.965602 6.282306 0.691247 -0.691243 0.210618 0.663071 0.021717 1 0 1.000000
  0 1.049601 -1.063727 5.967108 0.663670 -0.663673 0.345082 0.663071 0.057963 1 0 1.000000
bgonesoda
  0 1.349875 -0.634890 5.967108 0.850637 -0.396657 0.345081 0.717259 0.057963 1 0 1.000000
  0 1.224107 -0.576244 6.282306 0.885979 -0.413136 0.210619 0.717259 0.021717 1 0 1.000000
  0 0.951476 -0.965602 6.282306 0.691247 -0.691243 0.210618 0.663071 0.021717 1 0 1.000000
bgonesoda
  0 1.485370 -0.129216 5.967108 0.935002 -0.081799 0.345080 0.771447 0.057963 1 0 1.000000
  0 1.224107 -0.576244 6.282306 0.885979 -0.413136 0.210619 0.717259 0.021717 1 0 1.000000
  0 1.349875 -0.634890 5.967108 0.850637 -0.396657 0.345081 0.717259 0.057963 1 0 1.000000
bgonesoda
  0 1.485370 -0.129216 5.967108 0.935002 -0.081799 0.345080 0.771447 0.057963 1 0 1.000000
  0 1.347129 -0.117122 6.282306 0.973849 -0.085201 0.210618 0.771447 0.021717 1 0 1.000000
  0 1.224107 -0.576244 6.282306 0.885979 -0.413136 0.210619 0.717259 0.021717 1 0 1.000000
bgonesoda
  0 1.439743 0.392304 5.967108 0.906591 0.242924 0.345082 0.825635 0.057963 1 0 1.000000
  0 1.347129 -0.117122 6.282306 0.973849 -0.085201 0.210618 0.771447 0.021717 1 0 1.000000
  0 1.485370 -0.129216 5.967108 0.935002 -0.081799 0.345080 0.771447 0.057963 1 0 1.000000
bgonesoda
  0 1.439743 0.392304 5.967108 0.906591 0.242924 0.345082 0.825635 0.057963 1 0 1.000000
  0 1.305702 0.356388 6.282306 0.944258 0.253014 0.210620 0.825635 0.021717 1 0 1.000000
  0 1.347129 -0.117122 6.282306 0.973849 -0.085201 0.210618 0.771447 0.021717 1 0 1.000000
bgonesoda
  0 1.218497 0.866767 5.967108 0.768836 0.538342 0.345079 0.879823 0.057963 1 0 1.000000
  0 1.305702 0.356388 6.282306 0.944258 0.253014 0.210620 0.825635 0.021717 1 0 1.000000
  0 1.439743 0.392304 5.967108 0.906591 0.242924 0.345082 0.825635 0.057963 1 0 1.000000
bgonesoda
  0 1.218497 0.866767 5.967108 0.768836 0.538342 0.345079 0.879823 0.057963 1 0 1.000000
  0 1.104824 0.787172 6.282306 0.800776 0.560711 0.210619 0.879823 0.021717 1 0 1.000000
  0 1.305702 0.356388 6.282306 0.944258 0.253014 0.210620 0.825635 0.021717 1 0 1.000000
bgonesoda
  0 0.848318 1.236946 5.967108 0.538344 0.768835 0.345077 0.934011 0.057963 1 0 1.000000
  0 1.104824 0.787172 6.282306 0.800776 0.560711 0.210619 0.879823 0.021717 1 0 1.000000
  0 1.218497 0.866767 5.967108 0.768836 0.538342 0.345079 0.879823 0.057963 1 0 1.000000
bgonesoda
  0 0.848318 1.236946 5.967108 0.538344 0.768835 0.345077 0.934011 0.057963 1 0 1.000000
  0 0.768723 1.123273 6.282306 0.560708 0.800779 0.210619 0.934011 0.021717 1 0 1.000000
  0 1.104824 0.787172 6.282306 0.800776 0.560711 0.210619 0.879823 0.021717 1 0 1.000000
bgonesoda
  0 0.373855 1.458192 5.967108 0.242921 0.906592 0.345080 0.988199 0.057963 1 0 1.000000
  0 0.768723 1.123273 6.282306 0.560708 0.800779 0.210619 0.934011 0.021717 1 0 1.000000
  0 0.848318 1.236946 5.967108 0.538344 0.768835 0.345077 0.934011 0.057963 1 0 1.000000
bgonesoda
  0 0.373855 1.458192 5.967108 0.242921 0.906592 0.345080 0.988199 0.057963 1 0 1.000000
  0 0.337939 1.324151 6.282306 0.253013 0.944259 0.210617 0.988199 0.021717 1 0 1.000000
  0 0.768723 1.123273 6.282306 0.560708 0.800779 0.210619 0.934011 0.021717 1 0 1.000000
bgonesoda
  0 -0.147665 1.503819 5.967108 -0.081802 0.935001 0.345082 0.066427 0.057963 1 0 1.000000
  0 0.337939 1.324151 6.282306 0.253013 0.944259 0.210617 0.012239 0.021717 1 0 1.000000
  0 0.373855 1.458192 5.967108 0.242921 0.906592 0.345080 0.012239 0.057963 1 0 1.000000
bgonesoda
  0 -0.147665 1.503819 5.967108 -0.081802 0.935001 0.345082 0.066427 0.057963 1 0 1.000000
  0 -0.135571 1.365577 6.282306 -0.085201 0.973848 0.210620 0.066427 0.021717 1 0 1.000000
  0 0.337939 1.324151 6.282306 0.253013 0.944259 0.210617 0.012239 0.021717 1 0 1.000000
bgonesoda
  0 -0.653339 1.368324 5.967108 -0.396659 0.850635 0.345083 0.120615 0.057963 1 0 1.000000
  0 -0.135571 1.365577 6.282306 -0.085201 0.973848 0.210620 0.066427 0.021717 1 0 1.000000
  0 -0.147665 1.503819 5.967108 -0.081802 0.935001 0.345082 0.066427 0.057963 1 0 1.000000
bgonesoda
  0 -0.653339 1.368324 5.967108 -0.396659 0.850635 0.345083 0.120615 0.057963 1 0 1.000000
  0 -0.594693 1.242556 6.282306 -0.413140 0.885977 0.210618 0.120615 0.021717 1 0 1.000000
  0 -0.135571 1.365577 6.282306 -0.085201 0.973848 0.210620 0.066427 0.021717 1 0 1.000000
bgonesoda
  0 -1.082175 1.068050 5.967108 -0.663672 0.663671 0.345081 0.174803 0.057963 1 0 1.000000
  0 -0.594693 1.242556 6.282306 -0.413140 0.885977 0.210618 0.120615 0.021717 1 0 1.000000
  0 -0.653339 1.368324 5.967108 -0.396659 0.850635 0.345083 0.120615 0.057963 1 0 1.000000
bgonesoda
  0 -1.082175 1.068050 5.967108 -0.663672 0.663671 0.345081 0.174803 0.057963 1 0 1.000000
  0 -0.984051 0.969925 6.282306 -0.691246 0.691245 0.210619 0.174803 0.021717 1 0 1.000000
  0 -0.594693 1.242556 6.282306 -0.413140 0.885977 0.210618 0.120615 0.021717 1 0 1.000000
bgonesoda
  0 -1.382450 0.639214 5.967108 -0.850637 0.396656 0.345080 0.228991 0.057963 1 0 1.000000
  0 -0.984051 0.969925 6.282306 -0.691246 0.691245 0.210619 0.174803 0.021717 1 0 1.000000
  0 -1.082175 1.068050 5.967108 -0.663672 0.663671 0.345081 0.174803 0.057963 1 0 1.000000
bgonesoda
  0 -1.382450 0.639214 5.967108 -0.850637 0.396656 0.345080 0.228991 0.057963 1 0 1.000000
  0 -1.256681 0.580567 6.282306 -0.885977 0.413139 0.210619 0.228991 0.021717 1 0 1.000000
  0 -0.984051 0.969925 6.282306 -0.691246 0.691245 0.210619 0.174803 0.021717 1 0 1.000000
bgonesoda
  0 -1.517945 0.133539 5.967108 -0.935001 0.081801 0.345081 0.283179 0.057963 1 0 1.000000
  0 -1.256681 0.580567 6.282306 -0.885977 0.413139 0.210619 0.228991 0.021717 1 0 1.000000
  0 -1.382450 0.639214 5.967108 -0.850637 0.396656 0.345080 0.228991 0.057963 1 0 1.000000
bgonesoda
  0 -1.517945 0.133539 5.967108 -0.935001 0.081801 0.345081 0.283179 0.057963 1 0 1.000000
  0 -1.379703 0.121445 6.282306 -0.973848 0.085200 0.210619 0.283179 0.021717 1 0 1.000000
  0 -1.256681 0.580567 6.282306 -0.885977 0.413139 0.210619 0.228991 0.021717 1 0 1.000000
bgonesoda
  0 -1.472318 -0.387981 5.967108 -0.906593 -0.242922 0.345077 0.337366 0.057963 1 0 1.000000
  0 -1.379703 0.121445 6.282306 -0.973848 0.085200 0.210619 0.283179 0.021717 1 0 1.000000
  0 -1.517945 0.133539 5.967108 -0.935001 0.081801 0.345081 0.283179 0.057963 1 0 1.000000
bgonesoda
  0 -1.472318 -0.387981 5.967108 -0.906593 -0.242922 0.345077 0.337366 0.057963 1 0 1.000000
  0 -1.338277 -0.352064 6.282306 -0.944258 -0.253013 0.210620 0.337366 0.021717 1 0 1.000000
  0 -1.379703 0.121445 6.282306 -0.973848 0.085200 0.210619 0.283179 0.021717 1 0 1.000000
bgonesoda
  0 -1.251072 -0.862444 5.967108 -0.772834 -0.536486 0.338985 0.391554 0.057963 1 0 1.000000
  0 -1.338277 -0.352064 6.282306 -0.944258 -0.253013 0.210620 0.337366 0.021717 1 0 1.000000
  0 -1.472318 -0.387981 5.967108 -0.906593 -0.242922 0.345077 0.337366 0.057963 1 0 1.000000
bgonesoda
  0 -1.251072 -0.862444 5.967108 -0.772834 -0.536486 0.338985 0.391554 0.057963 1 0 1.000000
  0 -1.137398 -0.782849 6.282306 -0.810714 -0.549833 0.201065 0.391554 0.021717 1 0 1.000000
  0 -1.338277 -0.352064 6.282306 -0.944258 -0.253013 0.210620 0.337366 0.021717 1 0 1.000000
bgonesoda
  0 -0.880893 -1.232623 5.967108 -0.545206 -0.771661 0.327551 0.446053 0.057963 1 0 1.000000
  0 -1.137398 -0.782849 6.282306 -0.810714 -0.549833 0.201065 0.391554 0.021717 1 0 1.000000
  0 -1.251072 -0.862444 5.967108 -0.772834 -0.536486 0.338985 0.391554 0.057963 1 0 1.000000
bgonesoda
  0 -0.880893 -1.232623 5.967108 -0.545206 -0.771661 0.327551 0.446053 0.057963 1 0 1.000000
  0 -0.807021 -1.140308 6.282306 -0.571942 -0.799360 0.184138 0.446053 0.021717 1 0 1.000000
  0 -1.137398 -0.782849 6.282306 -0.810714 -0.549833 0.201065 0.391554 0.021717 1 0 1.000000
bgonesoda
  0 -0.406429 -1.453869 5.967108 -0.245091 -0.914883 0.320810 0.500219 0.057963 1 0 1.000000
  0 -0.807021 -1.140308 6.282306 -0.571942 -0.799360 0.184138 0.446053 0.021717 1 0 1.000000
  0 -0.880893 -1.232623 5.967108 -0.545206 -0.771661 0.327551 0.446053 0.057963 1 0 1.000000
bgonesoda
  0 -0.406429 -1.453869 5.967108 -0.245091 -0.914883 0.320810 0.500219 0.057963 1 0 1.000000
  0 -0.374988 -1.336529 6.282306 -0.254919 -0.951312 0.173270 0.500219 0.021717 1 0 1.000000
  0 -0.807021 -1.140308 6.282306 -0.571942 -0.799360 0.184138 0.446053 0.021717 1 0 1.000000
bgonesoda
  0 0.991794 -1.005920 6.370393 0.707111 -0.707103 0.000000 0.024017 0.864339 1 0 1.000000
  0 0.586215 -1.289909 6.556760 0.431414 -0.902137 0.005525 0.040255 0.821011 1 0 1.000000
  0 0.586215 -1.289909 6.370393 0.431413 -0.902138 0.005521 0.024167 0.818131 1 0 1.000000
bgonesoda
  0 0.586215 -1.289909 6.370393 0.431413 -0.902138 0.005521 0.024167 0.818131 1 0 1.000000
  0 0.586215 -1.289909 6.556760 0.431414 -0.902137 0.005525 0.040255 0.821011 1 0 1.000000
  0 0.105667 -1.426633 6.556760 0.094585 -0.995367 0.017281 0.054701 0.781083 1 0 1.000000
bgonesoda
  0 0.586215 -1.289909 6.370393 0.431413 -0.902138 0.005521 0.024167 0.818131 1 0 1.000000
  0 0.105667 -1.426633 6.556760 0.094585 -0.995367 0.017281 0.054701 0.781083 1 0 1.000000
  0 0.104432 -1.431242 6.370393 0.092478 -0.995564 0.017340 0.039985 0.772354 1 0 1.000000
bgonesoda
  0 0.104432 -1.431242 6.370393 0.092478 -0.995564 0.017340 0.039985 0.772354 1 0 1.000000
  0 0.105667 -1.426633 6.556760 0.094585 -0.995367 0.017281 0.054701 0.781083 1 0 1.000000
  0 -0.386808 -1.380642 6.556760 -0.258777 -0.965657 0.023278 0.082892 0.747609 1 0 1.000000
bgonesoda
  0 0.104432 -1.431242 6.370393 0.092478 -0.995564 0.017340 0.039985 0.772354 1 0 1.000000
  0 -0.386808 -1.380642 6.556760 -0.258777 -0.965657 0.023278 0.082892 0.747609 1 0 1.000000
  0 -0.387827 -1.384444 6.370393 -0.258758 -0.965660 0.023330 0.072022 0.732988 1 0 1.000000
bgonesoda
  0 -0.387827 -1.384444 6.370393 -0.258758 -0.965660 0.023330 0.072022 0.732988 1 0 1.000000
  0 -0.386808 -1.380642 6.556760 -0.258777 -0.965657 0.023278 0.082892 0.747609 1 0 1.000000
  0 -0.836301 -1.174234 6.556760 -0.579584 -0.814729 0.017284 0.123063 0.730258 1 0 1.000000
bgonesoda
  0 -0.387827 -1.384444 6.370393 -0.258758 -0.965660 0.023330 0.072022 0.732988 1 0 1.000000
  0 -0.836301 -1.174234 6.556760 -0.579584 -0.814729 0.017284 0.123063 0.730258 1 0 1.000000
  0 -0.837535 -1.178842 6.370393 -0.577867 -0.815947 0.017332 0.118945 0.713652 1 0 1.000000
bgonesoda
  0 -0.837535 -1.178842 6.370393 -0.577867 -0.815947 0.017332 0.118945 0.713652 1 0 1.000000
  0 -0.836301 -1.174234 6.556760 -0.579584 -0.814729 0.017284 0.123063 0.730258 1 0 1.000000
  0 -1.184105 -0.815553 6.556760 -0.824695 -0.565550 0.005527 0.165457 0.727928 1 0 1.000000
bgonesoda
  0 -0.837535 -1.178842 6.370393 -0.577867 -0.815947 0.017332 0.118945 0.713652 1 0 1.000000
  0 -1.184105 -0.815553 6.556760 -0.824695 -0.565550 0.005527 0.165457 0.727928 1 0 1.000000
  0 -1.184105 -0.815553 6.370393 -0.824696 -0.565549 0.005525 0.167335 0.711693 1 0 1.000000
bgonesoda
  0 -1.184105 -0.815553 6.370393 -0.824696 -0.565549 0.005525 0.167335 0.711693 1 0 1.000000
  0 -1.184105 -0.815553 6.556760 -0.824695 -0.565550 0.005527 0.165457 0.727928 1 0 1.000000
  0 -1.393352 -0.366822 6.556760 -0.965927 -0.258815 0.000000 0.204739 0.739272 1 0 1.000000
bgonesoda
  0 -1.184105 -0.815553 6.370393 -0.824696 -0.565549 0.005525 0.167335 0.711693 1 0 1.000000
  0 -1.393352 -0.366822 6.556760 -0.965927 -0.258815 0.000000 0.204739 0.739272 1 0 1.000000
  0 -1.393352 -0.366822 6.370393 -0.965925 -0.258823 0.000000 0.211625 0.724865 1 0 1.000000
bgonesoda
  0 -1.393352 -0.366822 6.370393 -0.965925 -0.258823 0.000000 0.211625 0.724865 1 0 1.000000
  0 -1.393352 -0.366822 6.556760 -0.965927 -0.258815 0.000000 0.204739 0.739272 1 0 1.000000
  0 -1.436505 0.126415 6.556760 -0.996194 0.087161 0.000000 0.237806 0.762305 1 0 1.000000
bgonesoda
  0 -1.393352 -0.366822 6.370393 -0.965925 -0.258823 0.000000 0.211625 0.724865 1 0 1.000000
  0 -1.436505 0.126415 6.556760 -0.996194 0.087161 0.000000 0.237806 0.762305 1 0 1.000000
  0 -1.436505 0.126414 6.370393 -0.996195 0.087152 0.000000 0.248836 0.750985 1 0 1.000000
bgonesoda
  0 -1.436505 0.126414 6.370393 -0.996195 0.087152 0.000000 0.248836 0.750985 1 0 1.000000
  0 -1.436505 0.126415 6.556760 -0.996194 0.087161 0.000000 0.237806 0.762305 1 0 1.000000
  0 -1.308358 0.604664 6.556760 -0.906306 0.422623 0.000000 0.261633 0.794601 1 0 1.000000
bgonesoda
  0 -1.436505 0.126414 6.370393 -0.996195 0.087152 0.000000 0.248836 0.750985 1 0 1.000000
  0 -1.308358 0.604664 6.556760 -0.906306 0.422623 0.000000 0.261633 0.794601 1 0 1.000000
  0 -1.308358 0.604664 6.370393 -0.906309 0.422615 0.000000 0.275711 0.787419 1 0 1.000000
bgonesoda
  0 -1.308358 0.604664 6.370393 -0.906309 0.422615 0.000000 0.275711 0.787419 1 0 1.000000
  0 -1.308358 0.604664 6.556760 -0.906306 0.422623 0.000000 0.261633 0.794601 1 0 1.000000
  0 -1.024369 1.010243 6.556760 -0.707103 0.707110 0.000000 0.273839 0.833013 1 0 1.000000
bgonesoda
  0 -1.308358 0.604664 6.370393 -0.906309 0.422615 0.000000 0.275711 0.787419 1 0 1.000000
  0 -1.024369 1.010243 6.556760 -0.707103 0.707110 0.000000 0.273839 0.833013 1 0 1.000000
  0 -1.024369 1.010243 6.370393 -0.707110 0.707104 0.000000 0.289626 0.830733 1 0 1.000000
bgonesoda
  0 -1.024369 1.010243 6.370393 -0.707110 0.707104 0.000000 0.289626 0.830733 1 0 1.000000
  0 -1.024369 1.010243 6.556760 -0.707103 0.707110 0.000000 0.273839 0.833013 1 0 1.000000
  0 -0.618790 1.294232 6.556760 -0.422614 0.906310 0.000000 0.272912 0.873821 1 0 1.000000
bgonesoda
  0 -1.024369 1.010243 6.370393 -0.707110 0.707104 0.000000 0.289626 0.830733 1 0 1.000000
  0 -0.618790 1.294232 6.556760 -0.422614 0.906310 0.000000 0.272912 0.873821 1 0 1.000000
  0 -0.618790 1.294232 6.370393 -0.422622 0.906306 0.000000 0.288911 0.876884 1 0 1.000000
bgonesoda
  0 -0.618790 1.294232 6.370393 -0.422622 0.906306 0.000000 0.288911 0.876884 1 0 1.000000
  0 -0.618790 1.294232 6.556760 -0.422614 0.906310 0.000000 0.272912 0.873821 1 0 1.000000
  0 -0.140540 1.422379 6.556760 -0.087151 0.996195 0.000000 0.258269 0.912978 1 0 1.000000
bgonesoda
  0 -0.618790 1.294232 6.370393 -0.422622 0.906306 0.000000 0.288911 0.876884 1 0 1.000000
  0 -0.140540 1.422379 6.556760 -0.087151 0.996195 0.000000 0.258269 0.912978 1 0 1.000000
  0 -0.140540 1.422379 6.370393 -0.087160 0.996194 0.000000 0.272824 0.921593 1 0 1.000000
bgonesoda
  0 -0.140540 1.422379 6.370393 -0.087160 0.996194 0.000000 0.272824 0.921593 1 0 1.000000
  0 -0.140540 1.422379 6.556760 -0.087151 0.996195 0.000000 0.258269 0.912978 1 0 1.000000
  0 0.352696 1.379227 6.556760 0.258824 0.965925 0.000000 0.230273 0.945865 1 0 1.000000
bgonesoda
  0 -0.140540 1.422379 6.370393 -0.087160 0.996194 0.000000 0.272824 0.921593 1 0 1.000000
  0 0.352696 1.379227 6.556760 0.258824 0.965925 0.000000 0.230273 0.945865 1 0 1.000000
  0 0.352696 1.379227 6.370393 0.258815 0.965927 0.000000 0.241002 0.960298 1 0 1.000000
bgonesoda
  0 0.352696 1.379227 6.370393 0.258815 0.965927 0.000000 0.241002 0.960298 1 0 1.000000
  0 0.352696 1.379227 6.556760 0.258824 0.965925 0.000000 0.230273 0.945865 1 0 1.000000
  0 0.801428 1.169980 6.556760 0.573580 0.819150 0.000000 0.190713 0.963195 1 0 1.000000
bgonesoda
  0 0.352696 1.379227 6.370393 0.258815 0.965927 0.000000 0.241002 0.960298 1 0 1.000000
  0 0.801428 1.169980 6.556760 0.573580 0.819150 0.000000 0.190713 0.963195 1 0 1.000000
  0 0.801428 1.169980 6.370393 0.573572 0.819155 0.000000 0.194770 0.979615 1 0 1.000000
bgonesoda
  0 0.801428 1.169980 6.370393 0.573572 0.819155 0.000000 0.194770 0.979615 1 0 1.000000
  0 0.801428 1.169980 6.556760 0.573580 0.819150 0.000000 0.190713 0.963195 1 0 1.000000
  0 1.151531 0.819877 6.556760 0.819155 0.573572 0.000000 0.148998 0.965939 1 0 1.000000
bgonesoda
  0 0.801428 1.169980 6.370393 0.573572 0.819155 0.000000 0.194770 0.979615 1 0 1.000000
  0 1.151531 0.819877 6.556760 0.819155 0.573572 0.000000 0.148998 0.965939 1 0 1.000000
  0 1.151531 0.819877 6.370393 0.819150 0.573579 0.000000 0.147323 0.982142 1 0 1.000000
bgonesoda
  0 1.151531 0.819877 6.370393 0.819150 0.573579 0.000000 0.147323 0.982142 1 0 1.000000
  0 1.151531 0.819877 6.556760 0.819155 0.573572 0.000000 0.148998 0.965939 1 0 1.000000
  0 1.360777 0.371145 6.556760 0.965927 0.258814 0.000000 0.109654 0.955073 1 0 1.000000
bgonesoda
  0 1.151531 0.819877 6.370393 0.819150 0.573579 0.000000 0.147323 0.982142 1 0 1.000000
  0 1.360777 0.371145 6.556760 0.965927 0.258814 0.000000 0.109654 0.955073 1 0 1.000000
  0 1.360777 0.371145 6.370393 0.965925 0.258823 0.000000 0.102923 0.969534 1 0 1.000000
bgonesoda
  0 1.360777 0.371145 6.370393 0.965925 0.258823 0.000000 0.102923 0.969534 1 0 1.000000
  0 1.360777 0.371145 6.556760 0.965927 0.258814 0.000000 0.109654 0.955073 1 0 1.000000
  0 1.403930 -0.122091 6.556760 0.996194 -0.087160 0.000000 0.076387 0.932321 1 0 1.000000
bgonesoda
  0 1.360777 0.371145 6.370393 0.965925 0.258823 0.000000 0.102923 0.969534 1 0 1.000000
  0 1.403930 -0.122091 6.556760 0.996194 -0.087160 0.000000 0.076387 0.932321 1 0 1.000000
  0 1.403930 -0.122091 6.370393 0.996195 -0.087151 0.000000 0.065455 0.943732 1 0 1.000000
bgonesoda
  0 1.403930 -0.122091 6.370393 0.996195 -0.087151 0.000000 0.065455 0.943732 1 0 1.000000
  0 1.403930 -0.122091 6.556760 0.996194 -0.087160 0.000000 0.076387 0.932321 1 0 1.000000
  0 1.275784 -0.600341 6.556760 0.906306 -0.422623 0.000000 0.052328 0.900198 1 0 1.000000
bgonesoda
  0 1.403930 -0.122091 6.370393 0.996195 -0.087151 0.000000 0.065455 0.943732 1 0 1.000000
  0 1.275784 -0.600341 6.556760 0.906306 -0.422623 0.000000 0.052328 0.900198 1 0 1.000000
  0 1.275784 -0.600341 6.370393 0.906309 -0.422615 0.000000 0.038310 0.907499 1 0 1.000000
bgonesoda
  0 1.275784 -0.600341 6.370393 0.906309 -0.422615 0.000000 0.038310 0.907499 1 0 1.000000
  0 1.275784 -0.600341 6.556760 0.906306 -0.422623 0.000000 0.052328 0.900198 1 0 1.000000
  0 0.991794 -1.005920 6.556760 0.707104 -0.707110 0.000000 0.039798 0.861896 1 0 1.000000
bgonesoda
  0 1.275784 -0.600341 6.370393 0.906309 -0.422615 0.000000 0.038310 0.907499 1 0 1.000000
  0 0.991794 -1.005920 6.556760 0.707104 -0.707110 0.000000 0.039798 0.861896 1 0 1.000000
  0 0.991794 -1.005920 6.370393 0.707111 -0.707103 0.000000 0.024017 0.864339 1 0 1.000000
bgonesoda
  0 0.991794 -1.005920 6.370393 0.707111 -0.707103 0.000000 0.024017 0.864339 1 0 1.000000
  0 0.991794 -1.005920 6.556760 0.707104 -0.707110 0.000000 0.039798 0.861896 1 0 1.000000
  0 0.586215 -1.289909 6.556760 0.431414 -0.902137 0.005525 0.040255 0.821011 1 0 1.000000
bgonesoda
  0 -0.602638 1.259594 6.342221 -0.250763 0.537750 -0.804949 0.293240 0.877685 1 0 1.000000
  0 -0.140540 1.422379 6.370393 -0.051713 0.591084 -0.804951 0.272824 0.921593 1 0 1.000000
  0 -0.137209 1.384305 6.342221 -0.051716 0.591084 -0.804950 0.276781 0.923901 1 0 1.000000
bgonesoda
  0 -0.137209 1.384305 6.342221 -0.051716 0.591084 -0.804950 0.276781 0.923901 1 0 1.000000
  0 -0.140540 1.422379 6.370393 -0.051713 0.591084 -0.804951 0.272824 0.921593 1 0 1.000000
  0 0.352696 1.379227 6.370393 0.153566 0.573123 -0.804952 0.241002 0.960298 1 0 1.000000
bgonesoda
  0 -0.137209 1.384305 6.342221 -0.051716 0.591084 -0.804950 0.276781 0.923901 1 0 1.000000
  0 0.352696 1.379227 6.370393 0.153566 0.573123 -0.804952 0.241002 0.960298 1 0 1.000000
  0 0.342804 1.342310 6.342221 0.153563 0.573124 -0.804952 0.243726 0.963947 1 0 1.000000
bgonesoda
  0 0.342804 1.342310 6.342221 0.153563 0.573124 -0.804952 0.243726 0.963947 1 0 1.000000
  0 0.352696 1.379227 6.370393 0.153566 0.573123 -0.804952 0.241002 0.960298 1 0 1.000000
  0 0.801428 1.169980 6.370393 0.340326 0.486034 -0.804953 0.194770 0.979615 1 0 1.000000
bgonesoda
  0 0.342804 1.342310 6.342221 0.153563 0.573124 -0.804952 0.243726 0.963947 1 0 1.000000
  0 0.801428 1.169980 6.370393 0.340326 0.486034 -0.804953 0.194770 0.979615 1 0 1.000000
  0 0.779506 1.138672 6.342221 0.340324 0.486036 -0.804953 0.195854 0.984067 1 0 1.000000
bgonesoda
  0 0.779506 1.138672 6.342221 0.340324 0.486036 -0.804953 0.195854 0.984067 1 0 1.000000
  0 0.801428 1.169980 6.370393 0.340326 0.486034 -0.804953 0.194770 0.979615 1 0 1.000000
  0 1.151531 0.819877 6.370393 0.486032 0.340327 -0.804954 0.147323 0.982142 1 0 1.000000
bgonesoda
  0 0.779506 1.138672 6.342221 0.340324 0.486036 -0.804953 0.195854 0.984067 1 0 1.000000
  0 1.151531 0.819877 6.370393 0.486032 0.340327 -0.804954 0.147323 0.982142 1 0 1.000000
  0 1.120223 0.797955 6.342221 0.486030 0.340330 -0.804953 0.146856 0.986521 1 0 1.000000
bgonesoda
  0 1.120223 0.797955 6.342221 0.486030 0.340330 -0.804953 0.146856 0.986521 1 0 1.000000
  0 1.151531 0.819877 6.370393 0.486032 0.340327 -0.804954 0.147323 0.982142 1 0 1.000000
  0 1.360777 0.371145 6.370393 0.573123 0.153566 -0.804952 0.102923 0.969534 1 0 1.000000
bgonesoda
  0 1.120223 0.797955 6.342221 0.486030 0.340330 -0.804953 0.146856 0.986521 1 0 1.000000
  0 1.360777 0.371145 6.370393 0.573123 0.153566 -0.804952 0.102923 0.969534 1 0 1.000000
  0 1.323861 0.361253 6.342221 0.573123 0.153569 -0.804951 0.101102 0.973437 1 0 1.000000
bgonesoda
  0 1.323861 0.361253 6.342221 0.573123 0.153569 -0.804951 0.101102 0.973437 1 0 1.000000
  0 1.360777 0.371145 6.370393 0.573123 0.153566 -0.804952 0.102923 0.969534 1 0 1.000000
  0 1.403930 -0.122091 6.370393 0.591091 -0.051715 -0.804945 0.065455 0.943732 1 0 1.000000
bgonesoda
  0 1.323861 0.361253 6.342221 0.573123 0.153569 -0.804951 0.101102 0.973437 1 0 1.000000
  0 1.403930 -0.122091 6.370393 0.591091 -0.051715 -0.804945 0.065455 0.943732 1 0 1.000000
  0 1.365856 -0.118760 6.342221 0.591092 -0.051712 -0.804945 0.062506 0.946814 1 0 1.000000
bgonesoda
  0 1.365856 -0.118760 6.342221 0.591092 -0.051712 -0.804945 0.062506 0.946814 1 0 1.000000
  0 1.403930 -0.122091 6.370393 0.591091 -0.051715 -0.804945 0.065455 0.943732 1 0 1.000000
  0 1.275784 -0.600341 6.370393 0.537746 -0.250760 -0.804953 0.038310 0.907499 1 0 1.000000
bgonesoda
  0 1.365856 -0.118760 6.342221 0.591092 -0.051712 -0.804945 0.062506 0.946814 1 0 1.000000
  0 1.275784 -0.600341 6.370393 0.537746 -0.250760 -0.804953 0.038310 0.907499 1 0 1.000000
  0 1.241145 -0.584189 6.342221 0.537748 -0.250757 -0.804952 0.034532 0.909478 1 0 1.000000
bgonesoda
  0 1.241145 -0.584189 6.342221 0.537748 -0.250757 -0.804952 0.034532 0.909478 1 0 1.000000
  0 1.275784 -0.600341 6.370393 0.537746 -0.250760 -0.804953 0.038310 0.907499 1 0 1.000000
  0 0.991794 -1.005920 6.370393 0.419553 -0.419559 -0.804950 0.024017 0.864339 1 0 1.000000
bgonesoda
  0 1.241145 -0.584189 6.342221 0.537748 -0.250757 -0.804952 0.034532 0.909478 1 0 1.000000
  0 0.991794 -1.005920 6.370393 0.419553 -0.419559 -0.804950 0.024017 0.864339 1 0 1.000000
  0 0.964769 -0.978895 6.342221 0.419556 -0.419557 -0.804950 0.019763 0.865017 1 0 1.000000
bgonesoda
  0 0.964769 -0.978895 6.342221 0.419556 -0.419557 -0.804950 0.019763 0.865017 1 0 1.000000
  0 0.991794 -1.005920 6.370393 0.419553 -0.419559 -0.804950 0.024017 0.864339 1 0 1.000000
  0 0.586215 -1.289909 6.370393 0.262649 -0.549075 -0.793431 0.024167 0.818131 1 0 1.000000
bgonesoda
  0 0.964769 -0.978895 6.342221 0.419556 -0.419557 -0.804950 0.019763 0.865017 1 0 1.000000
  0 0.586215 -1.289909 6.370393 0.262649 -0.549075 -0.793431 0.024167 0.818131 1 0 1.000000
  0 0.570063 -1.255271 6.342221 0.263873 -0.548255 -0.793591 0.019810 0.817421 1 0 1.000000
bgonesoda
  0 0.570063 -1.255271 6.342221 0.263873 -0.548255 -0.793591 0.019810 0.817421 1 0 1.000000
  0 0.586215 -1.289909 6.370393 0.262649 -0.549075 -0.793431 0.024167 0.818131 1 0 1.000000
  0 0.104432 -1.431242 6.370393 0.062616 -0.634531 -0.770357 0.039985 0.772354 1 0 1.000000
bgonesoda
  0 0.570063 -1.255271 6.342221 0.263873 -0.548255 -0.793591 0.019810 0.817421 1 0 1.000000
  0 0.104432 -1.431242 6.370393 0.062616 -0.634531 -0.770357 0.039985 0.772354 1 0 1.000000
  0 0.099476 -1.399235 6.342221 0.056003 -0.636107 -0.769566 0.036462 0.770122 1 0 1.000000
bgonesoda
  0 0.099476 -1.399235 6.342221 0.056003 -0.636107 -0.769566 0.036462 0.770122 1 0 1.000000
  0 0.104432 -1.431242 6.370393 0.062616 -0.634531 -0.770357 0.039985 0.772354 1 0 1.000000
  0 -0.387827 -1.384444 6.370393 -0.170142 -0.634971 -0.753567 0.072022 0.732988 1 0 1.000000
bgonesoda
  0 0.099476 -1.399235 6.342221 0.056003 -0.636107 -0.769566 0.036462 0.770122 1 0 1.000000
  0 -0.387827 -1.384444 6.370393 -0.170142 -0.634971 -0.753567 0.072022 0.732988 1 0 1.000000
  0 -0.379349 -1.352802 6.342221 -0.170146 -0.634998 -0.753543 0.069506 0.729605 1 0 1.000000
bgonesoda
  0 -0.379349 -1.352802 6.342221 -0.170146 -0.634998 -0.753543 0.069506 0.729605 1 0 1.000000
  0 -0.387827 -1.384444 6.370393 -0.170142 -0.634971 -0.753567 0.072022 0.732988 1 0 1.000000
  0 -0.837535 -1.178842 6.370393 -0.371498 -0.518222 -0.770348 0.118945 0.713652 1 0 1.000000
bgonesoda
  0 -0.379349 -1.352802 6.342221 -0.170146 -0.634998 -0.753543 0.069506 0.729605 1 0 1.000000
  0 -0.837535 -1.178842 6.370393 -0.371498 -0.518222 -0.770348 0.118945 0.713652 1 0 1.000000
  0 -0.817239 -1.153602 6.342221 -0.366565 -0.522903 -0.769547 0.117822 0.709636 1 0 1.000000
bgonesoda
  0 -0.817239 -1.153602 6.342221 -0.366565 -0.522903 -0.769547 0.117822 0.709636 1 0 1.000000
  0 -0.837535 -1.178842 6.370393 -0.371498 -0.518222 -0.770348 0.118945 0.713652 1 0 1.000000
  0 -1.184105 -0.815553 6.370393 -0.501998 -0.344183 -0.793433 0.167335 0.711693 1 0 1.000000
bgonesoda
  0 -0.817239 -1.153602 6.342221 -0.366565 -0.522903 -0.769547 0.117822 0.709636 1 0 1.000000
  0 -1.184105 -0.815553 6.370393 -0.501998 -0.344183 -0.793433 0.167335 0.711693 1 0 1.000000
  0 -1.152798 -0.793632 6.342221 -0.502653 -0.342871 -0.793586 0.167905 0.707315 1 0 1.000000
bgonesoda
  0 -1.152798 -0.793632 6.342221 -0.502653 -0.342871 -0.793586 0.167905 0.707315 1 0 1.000000
  0 -1.184105 -0.815553 6.370393 -0.501998 -0.344183 -0.793433 0.167335 0.711693 1 0 1.000000
  0 -1.393352 -0.366822 6.370393 -0.573115 -0.153566 -0.804958 0.211625 0.724865 1 0 1.000000
bgonesoda
  0 -1.152798 -0.793632 6.342221 -0.502653 -0.342871 -0.793586 0.167905 0.707315 1 0 1.000000
  0 -1.393352 -0.366822 6.370393 -0.573115 -0.153566 -0.804958 0.211625 0.724865 1 0 1.000000
  0 -1.356435 -0.356930 6.342221 -0.573116 -0.153569 -0.804957 0.213489 0.720981 1 0 1.000000
bgonesoda
  0 -1.356435 -0.356930 6.342221 -0.573116 -0.153569 -0.804957 0.213489 0.720981 1 0 1.000000
  0 -1.393352 -0.366822 6.370393 -0.573115 -0.153566 -0.804958 0.211625 0.724865 1 0 1.000000
  0 -1.436505 0.126414 6.370393 -0.591097 0.051716 -0.804941 0.248836 0.750985 1 0 1.000000
bgonesoda
  0 -1.356435 -0.356930 6.342221 -0.573116 -0.153569 -0.804957 0.213489 0.720981 1 0 1.000000
  0 -1.436505 0.126414 6.370393 -0.591097 0.051716 -0.804941 0.248836 0.750985 1 0 1.000000
  0 -1.398431 0.123083 6.342221 -0.591098 0.051712 -0.804940 0.251810 0.747929 1 0 1.000000
bgonesoda
  0 -1.398431 0.123083 6.342221 -0.591098 0.051712 -0.804940 0.251810 0.747929 1 0 1.000000
  0 -1.436505 0.126414 6.370393 -0.591097 0.051716 -0.804941 0.248836 0.750985 1 0 1.000000
  0 -1.308358 0.604664 6.370393 -0.537747 0.250759 -0.804952 0.275711 0.787419 1 0 1.000000
bgonesoda
  0 -1.398431 0.123083 6.342221 -0.591098 0.051712 -0.804940 0.251810 0.747929 1 0 1.000000
  0 -1.308358 0.604664 6.370393 -0.537747 0.250759 -0.804952 0.275711 0.787419 1 0 1.000000
  0 -1.273720 0.588512 6.342221 -0.537748 0.250756 -0.804952 0.279505 0.785472 1 0 1.000000
bgonesoda
  0 -1.273720 0.588512 6.342221 -0.537748 0.250756 -0.804952 0.279505 0.785472 1 0 1.000000
  0 -1.308358 0.604664 6.370393 -0.537747 0.250759 -0.804952 0.275711 0.787419 1 0 1.000000
  0 -1.024369 1.010243 6.370393 -0.419554 0.419558 -0.804951 0.289626 0.830733 1 0 1.000000
bgonesoda
  0 -1.273720 0.588512 6.342221 -0.537748 0.250756 -0.804952 0.279505 0.785472 1 0 1.000000
  0 -1.024369 1.010243 6.370393 -0.419554 0.419558 -0.804951 0.289626 0.830733 1 0 1.000000
  0 -0.997344 0.983218 6.342221 -0.419557 0.419555 -0.804950 0.293885 0.830101 1 0 1.000000
bgonesoda
  0 -0.997344 0.983218 6.342221 -0.419557 0.419555 -0.804950 0.293885 0.830101 1 0 1.000000
  0 -1.024369 1.010243 6.370393 -0.419554 0.419558 -0.804951 0.289626 0.830733 1 0 1.000000
  0 -0.618790 1.294232 6.370393 -0.250760 0.537752 -0.804949 0.288911 0.876884 1 0 1.000000
bgonesoda
  0 -0.997344 0.983218 6.342221 -0.419557 0.419555 -0.804950 0.293885 0.830101 1 0 1.000000
  0 -0.618790 1.294232 6.370393 -0.250760 0.537752 -0.804949 0.288911 0.876884 1 0 1.000000
  0 -0.602638 1.259594 6.342221 -0.250763 0.537750 -0.804949 0.293240 0.877685 1 0 1.000000
bgonesoda
  0 -0.602638 1.259594 6.342221 -0.250763 0.537750 -0.804949 0.293240 0.877685 1 0 1.000000
  0 -0.618790 1.294232 6.370393 -0.250760 0.537752 -0.804949 0.288911 0.876884 1 0 1.000000
  0 -0.140540 1.422379 6.370393 -0.051713 0.591084 -0.804951 0.272824 0.921593 1 0 1.000000
bgonesoda
  0 0.096951 -1.383813 6.342221 0.000007 0.000000 -1.000000 0.035167 0.769264 1 0 1.000000
  0 -0.379349 -1.352802 6.342221 -0.000002 0.000000 -1.000000 0.069506 0.729605 1 0 1.000000
  0 -0.375269 -1.337575 6.342221 -0.000002 0.000000 -1.000000 0.068560 0.728332 1 0 1.000000
bgonesoda
  0 -0.375269 -1.337575 6.342221 -0.000002 0.000000 -1.000000 0.068560 0.728332 1 0 1.000000
  0 -0.379349 -1.352802 6.342221 -0.000002 0.000000 -1.000000 0.069506 0.729605 1 0 1.000000
  0 -0.817239 -1.153602 6.342221 -0.000004 0.000000 -1.000000 0.117822 0.709636 1 0 1.000000
bgonesoda
  0 -0.375269 -1.337575 6.342221 -0.000002 0.000000 -1.000000 0.068560 0.728332 1 0 1.000000
  0 -0.817239 -1.153602 6.342221 -0.000004 0.000000 -1.000000 0.117822 0.709636 1 0 1.000000
  0 -0.807342 -1.141508 6.342221 -0.000004 0.000000 -1.000000 0.117373 0.708149 1 0 1.000000
bgonesoda
  0 -0.807342 -1.141508 6.342221 -0.000004 0.000000 -1.000000 0.117373 0.708149 1 0 1.000000
  0 -0.817239 -1.153602 6.342221 -0.000004 0.000000 -1.000000 0.117822 0.709636 1 0 1.000000
  0 -1.152798 -0.793632 6.342221 0.000010 0.000000 -1.000000 0.167905 0.707315 1 0 1.000000
bgonesoda
  0 -0.807342 -1.141508 6.342221 -0.000004 0.000000 -1.000000 0.117373 0.708149 1 0 1.000000
  0 -1.152798 -0.793632 6.342221 0.000010 0.000000 -1.000000 0.167905 0.707315 1 0 1.000000
  0 -1.137398 -0.782849 6.342221 0.000010 0.000000 -1.000000 0.168148 0.705524 1 0 1.000000
bgonesoda
  0 -1.137398 -0.782849 6.342221 0.000010 0.000000 -1.000000 0.168148 0.705524 1 0 1.000000
  0 -1.152798 -0.793632 6.342221 0.000010 0.000000 -1.000000 0.167905 0.707315 1 0 1.000000
  0 -1.356435 -0.356930 6.342221 -0.000006 0.000000 -1.000000 0.213489 0.720981 1 0 1.000000
bgonesoda
  0 -1.137398 -0.782849 6.342221 0.000010 0.000000 -1.000000 0.168148 0.705524 1 0 1.000000
  0 -1.356435 -0.356930 6.342221 -0.000006 0.000000 -1.000000 0.213489 0.720981 1 0 1.000000
  0 -1.338276 -0.352064 6.342221 -0.000006 0.000000 -1.000000 0.214254 0.719395 1 0 1.000000
bgonesoda
  0 -1.338276 -0.352064 6.342221 -0.000006 0.000000 -1.000000 0.214254 0.719395 1 0 1.000000
  0 -1.356435 -0.356930 6.342221 -0.000006 0.000000 -1.000000 0.213489 0.720981 1 0 1.000000
  0 -1.398431 0.123083 6.342221 0.000009 0.000000 -1.000000 0.251810 0.747929 1 0 1.000000
bgonesoda
  0 -1.338276 -0.352064 6.342221 -0.000006 0.000000 -1.000000 0.214254 0.719395 1 0 1.000000
  0 -1.398431 0.123083 6.342221 0.000009 0.000000 -1.000000 0.251810 0.747929 1 0 1.000000
  0 -1.379703 0.121445 6.342221 0.000009 0.000000 -1.000000 0.253028 0.746681 1 0 1.000000
bgonesoda
  0 -1.379703 0.121445 6.342221 0.000009 0.000000 -1.000000 0.253028 0.746681 1 0 1.000000
  0 -1.398431 0.123083 6.342221 0.000009 0.000000 -1.000000 0.251810 0.747929 1 0 1.000000
  0 -1.273720 0.588512 6.342221 -0.000011 0.000000 -1.000000 0.279505 0.785472 1 0 1.000000
bgonesoda
  0 -1.379703 0.121445 6.342221 0.000009 0.000000 -1.000000 0.253028 0.746681 1 0 1.000000
  0 -1.273720 0.588512 6.342221 -0.000011 0.000000 -1.000000 0.279505 0.785472 1 0 1.000000
  0 -1.256681 0.580567 6.342221 -0.000012 0.000000 -1.000000 0.281058 0.784678 1 0 1.000000
bgonesoda
  0 -1.256681 0.580567 6.342221 -0.000012 0.000000 -1.000000 0.281058 0.784678 1 0 1.000000
  0 -1.273720 0.588512 6.342221 -0.000011 0.000000 -1.000000 0.279505 0.785472 1 0 1.000000
  0 -0.997344 0.983218 6.342221 -0.000003 0.000000 -1.000000 0.293885 0.830101 1 0 1.000000
bgonesoda
  0 -1.256681 0.580567 6.342221 -0.000012 0.000000 -1.000000 0.281058 0.784678 1 0 1.000000
  0 -0.997344 0.983218 6.342221 -0.000003 0.000000 -1.000000 0.293885 0.830101 1 0 1.000000
  0 -0.984051 0.969925 6.342221 -0.000004 0.000000 -1.000000 0.295627 0.829844 1 0 1.000000
bgonesoda
  0 -0.984051 0.969925 6.342221 -0.000004 0.000000 -1.000000 0.295627 0.829844 1 0 1.000000
  0 -0.997344 0.983218 6.342221 -0.000003 0.000000 -1.000000 0.293885 0.830101 1 0 1.000000
  0 -0.602638 1.259594 6.342221 -0.000006 0.000000 -1.000000 0.293240 0.877685 1 0 1.000000
bgonesoda
  0 -0.984051 0.969925 6.342221 -0.000004 0.000000 -1.000000 0.295627 0.829844 1 0 1.000000
  0 -0.602638 1.259594 6.342221 -0.000006 0.000000 -1.000000 0.293240 0.877685 1 0 1.000000
  0 -0.594693 1.242556 6.342221 -0.000006 0.000000 -1.000000 0.295010 0.878013 1 0 1.000000
bgonesoda
  0 -0.594693 1.242556 6.342221 -0.000006 0.000000 -1.000000 0.295010 0.878013 1 0 1.000000
  0 -0.602638 1.259594 6.342221 -0.000006 0.000000 -1.000000 0.293240 0.877685 1 0 1.000000
  0 -0.137209 1.384305 6.342221 -0.000001 0.000000 -1.000000 0.276781 0.923901 1 0 1.000000
bgonesoda
  0 -0.594693 1.242556 6.342221 -0.000006 0.000000 -1.000000 0.295010 0.878013 1 0 1.000000
  0 -0.137209 1.384305 6.342221 -0.000001 0.000000 -1.000000 0.276781 0.923901 1 0 1.000000
  0 -0.135571 1.365577 6.342221 -0.000001 0.000000 -1.000000 0.278401 0.924845 1 0 1.000000
bgonesoda
  0 -0.135571 1.365577 6.342221 -0.000001 0.000000 -1.000000 0.278401 0.924845 1 0 1.000000
  0 -0.137209 1.384305 6.342221 -0.000001 0.000000 -1.000000 0.276781 0.923901 1 0 1.000000
  0 0.342804 1.342310 6.342221 -0.000001 0.000000 -1.000000 0.243726 0.963947 1 0 1.000000
bgonesoda
  0 -0.135571 1.365577 6.342221 -0.000001 0.000000 -1.000000 0.278401 0.924845 1 0 1.000000
  0 0.342804 1.342310 6.342221 -0.000001 0.000000 -1.000000 0.243726 0.963947 1 0 1.000000
  0 0.337939 1.324151 6.342221 -0.000001 0.000000 -1.000000 0.244844 0.965451 1 0 1.000000
bgonesoda
  0 0.337939 1.324151 6.342221 -0.000001 0.000000 -1.000000 0.244844 0.965451 1 0 1.000000
  0 0.342804 1.342310 6.342221 -0.000001 0.000000 -1.000000 0.243726 0.963947 1 0 1.000000
  0 0.779506 1.138672 6.342221 0.000001 0.000000 -1.000000 0.195854 0.984067 1 0 1.000000
bgonesoda
  0 0.337939 1.324151 6.342221 -0.000001 0.000000 -1.000000 0.244844 0.965451 1 0 1.000000
  0 0.779506 1.138672 6.342221 0.000001 0.000000 -1.000000 0.195854 0.984067 1 0 1.000000
  0 0.768723 1.123273 6.342221 0.000001 0.000000 -1.000000 0.196292 0.985891 1 0 1.000000
bgonesoda
  0 0.768723 1.123273 6.342221 0.000001 0.000000 -1.000000 0.196292 0.985891 1 0 1.000000
  0 0.779506 1.138672 6.342221 0.000001 0.000000 -1.000000 0.195854 0.984067 1 0 1.000000
  0 1.120223 0.797955 6.342221 0.000021 0.000000 -1.000000 0.146856 0.986521 1 0 1.000000
bgonesoda
  0 0.768723 1.123273 6.342221 0.000001 0.000000 -1.000000 0.196292 0.985891 1 0 1.000000
  0 1.120223 0.797955 6.342221 0.000021 0.000000 -1.000000 0.146856 0.986521 1 0 1.000000
  0 1.104824 0.787172 6.342221 0.000021 0.000000 -1.000000 0.146661 0.988311 1 0 1.000000
bgonesoda
  0 1.104824 0.787172 6.342221 0.000021 0.000000 -1.000000 0.146661 0.988311 1 0 1.000000
  0 1.120223 0.797955 6.342221 0.000021 0.000000 -1.000000 0.146856 0.986521 1 0 1.000000
  0 1.323861 0.361253 6.342221 -0.000004 0.000000 -1.000000 0.101102 0.973437 1 0 1.000000
bgonesoda
  0 1.104824 0.787172 6.342221 0.000021 0.000000 -1.000000 0.146661 0.988311 1 0 1.000000
  0 1.323861 0.361253 6.342221 -0.000004 0.000000 -1.000000 0.101102 0.973437 1 0 1.000000
  0 1.305702 0.356388 6.342221 -0.000004 0.000000 -1.000000 0.100355 0.975031 1 0 1.000000
bgonesoda
  0 1.305702 0.356388 6.342221 -0.000004 0.000000 -1.000000 0.100355 0.975031 1 0 1.000000
  0 1.323861 0.361253 6.342221 -0.000004 0.000000 -1.000000 0.101102 0.973437 1 0 1.000000
  0 1.365856 -0.118760 6.342221 0.000008 0.000000 -1.000000 0.062506 0.946814 1 0 1.000000
bgonesoda
  0 1.305702 0.356388 6.342221 -0.000004 0.000000 -1.000000 0.100355 0.975031 1 0 1.000000
  0 1.365856 -0.118760 6.342221 0.000008 0.000000 -1.000000 0.062506 0.946814 1 0 1.000000
  0 1.347128 -0.117122 6.342221 0.000008 0.000000 -1.000000 0.061299 0.948071 1 0 1.000000
bgonesoda
  0 1.347128 -0.117122 6.342221 0.000008 0.000000 -1.000000 0.061299 0.948071 1 0 1.000000
  0 1.365856 -0.118760 6.342221 0.000008 0.000000 -1.000000 0.062506 0.946814 1 0 1.000000
  0 1.241145 -0.584189 6.342221 0.000007 0.000000 -1.000000 0.034532 0.909478 1 0 1.000000
bgonesoda
  0 1.347128 -0.117122 6.342221 0.000008 0.000000 -1.000000 0.061299 0.948071 1 0 1.000000
  0 1.241145 -0.584189 6.342221 0.000007 0.000000 -1.000000 0.034532 0.909478 1 0 1.000000
  0 1.224107 -0.576244 6.342221 0.000007 0.000000 -1.000000 0.032987 0.910285 1 0 1.000000
bgonesoda
  0 1.224107 -0.576244 6.342221 0.000007 0.000000 -1.000000 0.032987 0.910285 1 0 1.000000
  0 1.241145 -0.584189 6.342221 0.000007 0.000000 -1.000000 0.034532 0.909478 1 0 1.000000
  0 0.964769 -0.978895 6.342221 0.000010 0.000000 -1.000000 0.019763 0.865017 1 0 1.000000
bgonesoda
  0 1.224107 -0.576244 6.342221 0.000007 0.000000 -1.000000 0.032987 0.910285 1 0 1.000000
  0 0.964769 -0.978895 6.342221 0.000010 0.000000 -1.000000 0.019763 0.865017 1 0 1.000000
  0 0.951476 -0.965601 6.342221 0.000010 0.000000 -1.000000 0.018024 0.865293 1 0 1.000000
bgonesoda
  0 0.951476 -0.965601 6.342221 0.000010 0.000000 -1.000000 0.018024 0.865293 1 0 1.000000
  0 0.964769 -0.978895 6.342221 0.000010 0.000000 -1.000000 0.019763 0.865017 1 0 1.000000
  0 0.570063 -1.255271 6.342221 -0.000014 0.000000 -1.000000 0.019810 0.817421 1 0 1.000000
bgonesoda
  0 0.951476 -0.965601 6.342221 0.000010 0.000000 -1.000000 0.018024 0.865293 1 0 1.000000
  0 0.570063 -1.255271 6.342221 -0.000014 0.000000 -1.000000 0.019810 0.817421 1 0 1.000000
  0 0.562118 -1.238233 6.342221 -0.000014 0.000000 -1.000000 0.018024 0.817139 1 0 1.000000
bgonesoda
  0 0.562118 -1.238233 6.342221 -0.000014 0.000000 -1.000000 0.018024 0.817139 1 0 1.000000
  0 0.570063 -1.255271 6.342221 -0.000014 0.000000 -1.000000 0.019810 0.817421 1 0 1.000000
  0 0.099476 -1.399235 6.342221 0.000007 0.000000 -1.000000 0.036462 0.770122 1 0 1.000000
bgonesoda
  0 0.562118 -1.238233 6.342221 -0.000014 0.000000 -1.000000 0.018024 0.817139 1 0 1.000000
  0 0.099476 -1.399235 6.342221 0.000007 0.000000 -1.000000 0.036462 0.770122 1 0 1.000000
  0 0.096951 -1.383813 6.342221 0.000007 0.000000 -1.000000 0.035167 0.769264 1 0 1.000000
bgonesoda
  0 0.096951 -1.383813 6.342221 0.000007 0.000000 -1.000000 0.035167 0.769264 1 0 1.000000
  0 0.099476 -1.399235 6.342221 0.000007 0.000000 -1.000000 0.036462 0.770122 1 0 1.000000
  0 -0.379349 -1.352802 6.342221 -0.000002 0.000000 -1.000000 0.069506 0.729605 1 0 1.000000
bgonesoda
  0 1.271665 -0.598421 0.156378 0.000000 0.000000 -1.000000 0.360503 0.772922 1 0 1.000000
  0 1.033272 -1.047398 0.156378 0.000000 0.000000 -1.000000 0.338223 0.816955 1 0 1.000000
  0 0.988581 -1.002707 0.156378 0.000000 0.000000 -1.000000 0.344270 0.818011 1 0 1.000000
bgonesoda
  0 0.988581 -1.002707 0.156378 0.000000 0.000000 -1.000000 0.344270 0.818011 1 0 1.000000
  0 1.033272 -1.047398 0.156378 0.000000 0.000000 -1.000000 0.338223 0.816955 1 0 1.000000
  0 0.611005 -1.343072 0.156378 0.000000 0.000000 -1.000000 0.338226 0.867045 1 0 1.000000
bgonesoda
  0 0.988581 -1.002707 0.156378 0.000000 0.000000 -1.000000 0.344270 0.818011 1 0 1.000000
  0 0.611005 -1.343072 0.156378 0.000000 0.000000 -1.000000 0.338226 0.867045 1 0 1.000000
  0 0.584295 -1.285791 0.156378 0.000000 0.000000 -1.000000 0.344291 0.865989 1 0 1.000000
bgonesoda
  0 0.584295 -1.285791 0.156378 0.000000 0.000000 -1.000000 0.344291 0.865989 1 0 1.000000
  0 0.611005 -1.343072 0.156378 0.000000 0.000000 -1.000000 0.338226 0.867045 1 0 1.000000
  0 0.113078 -1.476491 0.156378 0.000000 0.000000 -1.000000 0.355214 0.914394 1 0 1.000000
bgonesoda
  0 0.584295 -1.285791 0.156378 0.000000 0.000000 -1.000000 0.344291 0.865989 1 0 1.000000
  0 0.113078 -1.476491 0.156378 0.000000 0.000000 -1.000000 0.355214 0.914394 1 0 1.000000
  0 0.107570 -1.413530 0.156378 0.000000 0.000000 -1.000000 0.360614 0.911325 1 0 1.000000
bgonesoda
  0 0.107570 -1.413530 0.156378 0.000000 0.000000 -1.000000 0.360614 0.911325 1 0 1.000000
  0 0.113078 -1.476491 0.156378 0.000000 0.000000 -1.000000 0.355214 0.914394 1 0 1.000000
  0 -0.400453 -1.431563 0.156378 0.000000 0.000000 -1.000000 0.387579 0.953755 1 0 1.000000
bgonesoda
  0 0.107570 -1.413530 0.156378 0.000000 0.000000 -1.000000 0.360614 0.911325 1 0 1.000000
  0 -0.400453 -1.431563 0.156378 0.000000 0.000000 -1.000000 0.387579 0.953755 1 0 1.000000
  0 -0.384095 -1.370515 0.156378 0.000000 0.000000 -1.000000 0.391686 0.948799 1 0 1.000000
bgonesoda
  0 -0.384095 -1.370515 0.156378 0.000000 0.000000 -1.000000 0.391686 0.948799 1 0 1.000000
  0 -0.400453 -1.431563 0.156378 0.000000 0.000000 -1.000000 0.387579 0.953755 1 0 1.000000
  0 -0.867647 -1.213707 0.156378 0.000000 0.000000 -1.000000 0.432268 0.978244 1 0 1.000000
bgonesoda
  0 -0.384095 -1.370515 0.156378 0.000000 0.000000 -1.000000 0.391686 0.948799 1 0 1.000000
  0 -0.867647 -1.213707 0.156378 0.000000 0.000000 -1.000000 0.432268 0.978244 1 0 1.000000
  0 -0.831396 -1.161934 0.156378 0.000000 0.000000 -1.000000 0.434280 0.972368 1 0 1.000000
bgonesoda
  0 -0.831396 -1.161934 0.156378 0.000000 0.000000 -1.000000 0.434280 0.972368 1 0 1.000000
  0 -0.867647 -1.213707 0.156378 0.000000 0.000000 -1.000000 0.432268 0.978244 1 0 1.000000
  0 -1.232155 -0.849199 0.156378 0.000000 0.000000 -1.000000 0.481947 0.986140 1 0 1.000000
bgonesoda
  0 -0.831396 -1.161934 0.156378 0.000000 0.000000 -1.000000 0.434280 0.972368 1 0 1.000000
  0 -1.232155 -0.849199 0.156378 0.000000 0.000000 -1.000000 0.481947 0.986140 1 0 1.000000
  0 -1.180383 -0.812947 0.156378 0.000000 0.000000 -1.000000 0.481859 0.979984 1 0 1.000000
bgonesoda
  0 -1.180383 -0.812947 0.156378 0.000000 0.000000 -1.000000 0.481859 0.979984 1 0 1.000000
  0 -1.232155 -0.849199 0.156378 0.000000 0.000000 -1.000000 0.481947 0.986140 1 0 1.000000
  0 -1.450011 -0.382004 0.156378 0.000000 0.000000 -1.000000 0.531166 0.976838 1 0 1.000000
bgonesoda
  0 -1.180383 -0.812947 0.156378 0.000000 0.000000 -1.000000 0.481859 0.979984 1 0 1.000000
  0 -1.450011 -0.382004 0.156378 0.000000 0.000000 -1.000000 0.531166 0.976838 1 0 1.000000
  0 -1.388963 -0.365646 0.156378 0.000000 0.000000 -1.000000 0.529006 0.971091 1 0 1.000000
bgonesoda
  0 -1.388963 -0.365646 0.156378 0.000000 0.000000 -1.000000 0.529006 0.971091 1 0 1.000000
  0 -1.450011 -0.382004 0.156378 0.000000 0.000000 -1.000000 0.531166 0.976838 1 0 1.000000
  0 -1.494939 0.131526 0.156378 0.000000 0.000000 -1.000000 0.574275 0.951434 1 0 1.000000
bgonesoda
  0 -1.388963 -0.365646 0.156378 0.000000 0.000000 -1.000000 0.529006 0.971091 1 0 1.000000
  0 -1.494939 0.131526 0.156378 0.000000 0.000000 -1.000000 0.574275 0.951434 1 0 1.000000
  0 -1.431978 0.126018 0.156378 0.000000 0.000000 -1.000000 0.570296 0.946765 1 0 1.000000
bgonesoda
  0 -1.431978 0.126018 0.156378 0.000000 0.000000 -1.000000 0.570296 0.946765 1 0 1.000000
  0 -1.494939 0.131526 0.156378 0.000000 0.000000 -1.000000 0.574275 0.951434 1 0 1.000000
  0 -1.361520 0.629454 0.156378 0.000000 0.000000 -1.000000 0.606188 0.912913 1 0 1.000000
bgonesoda
  0 -1.431978 0.126018 0.156378 0.000000 0.000000 -1.000000 0.570296 0.946765 1 0 1.000000
  0 -1.361520 0.629454 0.156378 0.000000 0.000000 -1.000000 0.606188 0.912913 1 0 1.000000
  0 -1.304240 0.602743 0.156378 0.000000 0.000000 -1.000000 0.600860 0.909872 1 0 1.000000
bgonesoda
  0 -1.304240 0.602743 0.156378 0.000000 0.000000 -1.000000 0.600860 0.909872 1 0 1.000000
  0 -1.361520 0.629454 0.156378 0.000000 0.000000 -1.000000 0.606188 0.912913 1 0 1.000000
  0 -1.065846 1.051720 0.156378 0.000000 0.000000 -1.000000 0.623140 0.865838 1 0 1.000000
bgonesoda
  0 -1.304240 0.602743 0.156378 0.000000 0.000000 -1.000000 0.600860 0.909872 1 0 1.000000
  0 -1.065846 1.051720 0.156378 0.000000 0.000000 -1.000000 0.623140 0.865838 1 0 1.000000
  0 -1.021156 1.007030 0.156378 0.000000 0.000000 -1.000000 0.617093 0.864783 1 0 1.000000
bgonesoda
  0 -1.021156 1.007030 0.156378 0.000000 0.000000 -1.000000 0.617093 0.864783 1 0 1.000000
  0 -1.065846 1.051720 0.156378 0.000000 0.000000 -1.000000 0.623140 0.865838 1 0 1.000000
  0 -0.643580 1.347394 0.156378 0.000000 0.000000 -1.000000 0.623137 0.815748 1 0 1.000000
bgonesoda
  0 -1.021156 1.007030 0.156378 0.000000 0.000000 -1.000000 0.617093 0.864783 1 0 1.000000
  0 -0.643580 1.347394 0.156378 0.000000 0.000000 -1.000000 0.623137 0.815748 1 0 1.000000
  0 -0.616870 1.290114 0.156378 0.000000 0.000000 -1.000000 0.617072 0.816805 1 0 1.000000
bgonesoda
  0 -0.616870 1.290114 0.156378 0.000000 0.000000 -1.000000 0.617072 0.816805 1 0 1.000000
  0 -0.643580 1.347394 0.156378 0.000000 0.000000 -1.000000 0.623137 0.815748 1 0 1.000000
  0 -0.145653 1.480813 0.156378 0.000000 0.000000 -1.000000 0.606149 0.768400 1 0 1.000000
bgonesoda
  0 -0.616870 1.290114 0.156378 0.000000 0.000000 -1.000000 0.617072 0.816805 1 0 1.000000
  0 -0.145653 1.480813 0.156378 0.000000 0.000000 -1.000000 0.606149 0.768400 1 0 1.000000
  0 -0.140144 1.417852 0.156378 0.000000 0.000000 -1.000000 0.600749 0.771468 1 0 1.000000
bgonesoda
  0 -0.140144 1.417852 0.156378 0.000000 0.000000 -1.000000 0.600749 0.771468 1 0 1.000000
  0 -0.145653 1.480813 0.156378 0.000000 0.000000 -1.000000 0.606149 0.768400 1 0 1.000000
  0 0.367878 1.435885 0.156378 0.000000 0.000000 -1.000000 0.573784 0.729038 1 0 1.000000
bgonesoda
  0 -0.140144 1.417852 0.156378 0.000000 0.000000 -1.000000 0.600749 0.771468 1 0 1.000000
  0 0.367878 1.435885 0.156378 0.000000 0.000000 -1.000000 0.573784 0.729038 1 0 1.000000
  0 0.351520 1.374837 0.156378 0.000000 0.000000 -1.000000 0.569677 0.733994 1 0 1.000000
bgonesoda
  0 0.351520 1.374837 0.156378 0.000000 0.000000 -1.000000 0.569677 0.733994 1 0 1.000000
  0 0.367878 1.435885 0.156378 0.000000 0.000000 -1.000000 0.573784 0.729038 1 0 1.000000
  0 0.835072 1.218029 0.156378 0.000000 0.000000 -1.000000 0.529095 0.704550 1 0 1.000000
bgonesoda
  0 0.351520 1.374837 0.156378 0.000000 0.000000 -1.000000 0.569677 0.733994 1 0 1.000000
  0 0.835072 1.218029 0.156378 0.000000 0.000000 -1.000000 0.529095 0.704550 1 0 1.000000
  0 0.798821 1.166257 0.156378 0.000000 0.000000 -1.000000 0.527083 0.710426 1 0 1.000000
bgonesoda
  0 0.798821 1.166257 0.156378 0.000000 0.000000 -1.000000 0.527083 0.710426 1 0 1.000000
  0 0.835072 1.218029 0.156378 0.000000 0.000000 -1.000000 0.529095 0.704550 1 0 1.000000
  0 1.199580 0.853521 0.156378 0.000000 0.000000 -1.000000 0.479416 0.696654 1 0 1.000000
bgonesoda
  0 0.798821 1.166257 0.156378 0.000000 0.000000 -1.000000 0.527083 0.710426 1 0 1.000000
  0 1.199580 0.853521 0.156378 0.000000 0.000000 -1.000000 0.479416 0.696654 1 0 1.000000
  0 1.147808 0.817270 0.156378 0.000000 0.000000 -1.000000 0.479504 0.702809 1 0 1.000000
bgonesoda
  0 1.147808 0.817270 0.156378 0.000000 0.000000 -1.000000 0.479504 0.702809 1 0 1.000000
  0 1.199580 0.853521 0.156378 0.000000 0.000000 -1.000000 0.479416 0.696654 1 0 1.000000
  0 1.417437 0.386326 0.156378 0.000000 0.000000 -1.000000 0.430197 0.705956 1 0 1.000000
bgonesoda
  0 1.147808 0.817270 0.156378 0.000000 0.000000 -1.000000 0.479504 0.702809 1 0 1.000000
  0 1.417437 0.386326 0.156378 0.000000 0.000000 -1.000000 0.430197 0.705956 1 0 1.000000
  0 1.356388 0.369969 0.156378 0.000000 0.000000 -1.000000 0.432357 0.711702 1 0 1.000000
bgonesoda
  0 1.356388 0.369969 0.156378 0.000000 0.000000 -1.000000 0.432357 0.711702 1 0 1.000000
  0 1.417437 0.386326 0.156378 0.000000 0.000000 -1.000000 0.430197 0.705956 1 0 1.000000
  0 1.462365 -0.127204 0.156378 0.000000 0.000000 -1.000000 0.387088 0.731359 1 0 1.000000
bgonesoda
  0 1.356388 0.369969 0.156378 0.000000 0.000000 -1.000000 0.432357 0.711702 1 0 1.000000
  0 1.462365 -0.127204 0.156378 0.000000 0.000000 -1.000000 0.387088 0.731359 1 0 1.000000
  0 1.399403 -0.121696 0.156378 0.000000 0.000000 -1.000000 0.391067 0.736029 1 0 1.000000
bgonesoda
  0 1.399403 -0.121696 0.156378 0.000000 0.000000 -1.000000 0.391067 0.736029 1 0 1.000000
  0 1.462365 -0.127204 0.156378 0.000000 0.000000 -1.000000 0.387088 0.731359 1 0 1.000000
  0 1.328946 -0.625131 0.156378 0.000000 0.000000 -1.000000 0.355175 0.769880 1 0 1.000000
bgonesoda
  0 1.399403 -0.121696 0.156378 0.000000 0.000000 -1.000000 0.391067 0.736029 1 0 1.000000
  0 1.328946 -0.625131 0.156378 0.000000 0.000000 -1.000000 0.355175 0.769880 1 0 1.000000
  0 1.271665 -0.598421 0.156378 0.000000 0.000000 -1.000000 0.360503 0.772922 1 0 1.000000
bgonesoda
  0 1.271665 -0.598421 0.156378 0.000000 0.000000 -1.000000 0.360503 0.772922 1 0 1.000000
  0 1.328946 -0.625131 0.156378 0.000000 0.000000 -1.000000 0.355175 0.769880 1 0 1.000000
  0 1.033272 -1.047398 0.156378 0.000000 0.000000 -1.000000 0.338223 0.816955 1 0 1.000000
bgonesoda
  0 0.097273 -1.382613 6.282306 0.095620 -0.978245 0.184101 0.554385 0.024647 1 0 1.000000
  0 -0.375269 -1.337575 6.342221 -0.258761 -0.965748 -0.019309 0.500219 0.018320 1 0 1.000000
  0 -0.374988 -1.336529 6.282306 -0.254919 -0.951312 0.173270 0.500219 0.024647 1 0 1.000000
bgonesoda
  0 0.097273 -1.382613 6.282306 0.095620 -0.978245 0.184101 0.554385 0.024647 1 0 1.000000
  0 0.096951 -1.383813 6.342221 0.101284 -0.994755 -0.014305 0.554385 0.018320 1 0 1.000000
  0 -0.375269 -1.337575 6.342221 -0.258761 -0.965748 -0.019309 0.500219 0.018320 1 0 1.000000
bgonesoda
  0 0.562118 -1.238233 6.282306 0.427186 -0.881528 0.201046 0.608883 0.024647 1 0 1.000000
  0 0.096951 -1.383813 6.342221 0.101284 -0.994755 -0.014305 0.554385 0.018320 1 0 1.000000
  0 0.097273 -1.382613 6.282306 0.095620 -0.978245 0.184101 0.554385 0.024647 1 0 1.000000
bgonesoda
  0 0.562118 -1.238233 6.282306 0.427186 -0.881528 0.201046 0.608883 0.024647 1 0 1.000000
  0 0.562118 -1.238233 6.342221 0.440857 -0.897567 -0.004388 0.608883 0.018320 1 0 1.000000
  0 0.096951 -1.383813 6.342221 0.101284 -0.994755 -0.014305 0.554385 0.018320 1 0 1.000000
bgonesoda
  0 0.951476 -0.965602 6.282306 0.691247 -0.691243 0.210618 0.663071 0.024647 1 0 1.000000
  0 0.562118 -1.238233 6.342221 0.440857 -0.897567 -0.004388 0.608883 0.018320 1 0 1.000000
  0 0.562118 -1.238233 6.282306 0.427186 -0.881528 0.201046 0.608883 0.024647 1 0 1.000000
bgonesoda
  0 0.951476 -0.965602 6.282306 0.691247 -0.691243 0.210618 0.663071 0.024647 1 0 1.000000
  0 0.951476 -0.965601 6.342221 0.707110 -0.707103 0.000002 0.663071 0.018320 1 0 1.000000
  0 0.562118 -1.238233 6.342221 0.440857 -0.897567 -0.004388 0.608883 0.018320 1 0 1.000000
bgonesoda
  0 1.224107 -0.576244 6.282306 0.885979 -0.413136 0.210619 0.717259 0.024647 1 0 1.000000
  0 0.951476 -0.965601 6.342221 0.707110 -0.707103 0.000002 0.663071 0.018320 1 0 1.000000
  0 0.951476 -0.965602 6.282306 0.691247 -0.691243 0.210618 0.663071 0.024647 1 0 1.000000
bgonesoda
  0 1.224107 -0.576244 6.282306 0.885979 -0.413136 0.210619 0.717259 0.024647 1 0 1.000000
  0 1.224107 -0.576244 6.342221 0.906309 -0.422616 0.000003 0.717259 0.018320 1 0 1.000000
  0 0.951476 -0.965601 6.342221 0.707110 -0.707103 0.000002 0.663071 0.018320 1 0 1.000000
bgonesoda
  0 1.347129 -0.117122 6.282306 0.973849 -0.085201 0.210618 0.771447 0.024647 1 0 1.000000
  0 1.224107 -0.576244 6.342221 0.906309 -0.422616 0.000003 0.717259 0.018320 1 0 1.000000
  0 1.224107 -0.576244 6.282306 0.885979 -0.413136 0.210619 0.717259 0.024647 1 0 1.000000
bgonesoda
  0 1.347129 -0.117122 6.282306 0.973849 -0.085201 0.210618 0.771447 0.024647 1 0 1.000000
  0 1.347128 -0.117122 6.342221 0.996195 -0.087157 0.000002 0.771447 0.018320 1 0 1.000000
  0 1.224107 -0.576244 6.342221 0.906309 -0.422616 0.000003 0.717259 0.018320 1 0 1.000000
bgonesoda
  0 1.305702 0.356388 6.282306 0.944258 0.253014 0.210620 0.825635 0.024647 1 0 1.000000
  0 1.347128 -0.117122 6.342221 0.996195 -0.087157 0.000002 0.771447 0.018320 1 0 1.000000
  0 1.347129 -0.117122 6.282306 0.973849 -0.085201 0.210618 0.771447 0.024647 1 0 1.000000
bgonesoda
  0 1.305702 0.356388 6.282306 0.944258 0.253014 0.210620 0.825635 0.024647 1 0 1.000000
  0 1.305702 0.356388 6.342221 0.965926 0.258819 0.000004 0.825635 0.018320 1 0 1.000000
  0 1.347128 -0.117122 6.342221 0.996195 -0.087157 0.000002 0.771447 0.018320 1 0 1.000000
bgonesoda
  0 1.104824 0.787172 6.282306 0.800776 0.560711 0.210619 0.879823 0.024647 1 0 1.000000
  0 1.305702 0.356388 6.342221 0.965926 0.258819 0.000004 0.825635 0.018320 1 0 1.000000
  0 1.305702 0.356388 6.282306 0.944258 0.253014 0.210620 0.825635 0.024647 1 0 1.000000
bgonesoda
  0 1.104824 0.787172 6.282306 0.800776 0.560711 0.210619 0.879823 0.024647 1 0 1.000000
  0 1.104824 0.787172 6.342221 0.819151 0.573577 0.000002 0.879823 0.018320 1 0 1.000000
  0 1.305702 0.356388 6.342221 0.965926 0.258819 0.000004 0.825635 0.018320 1 0 1.000000
bgonesoda
  0 0.768723 1.123273 6.282306 0.560708 0.800779 0.210619 0.934011 0.024647 1 0 1.000000
  0 1.104824 0.787172 6.342221 0.819151 0.573577 0.000002 0.879823 0.018320 1 0 1.000000
  0 1.104824 0.787172 6.282306 0.800776 0.560711 0.210619 0.879823 0.024647 1 0 1.000000
bgonesoda
  0 0.768723 1.123273 6.282306 0.560708 0.800779 0.210619 0.934011 0.024647 1 0 1.000000
  0 0.768723 1.123273 6.342221 0.573574 0.819154 0.000001 0.934011 0.018320 1 0 1.000000
  0 1.104824 0.787172 6.342221 0.819151 0.573577 0.000002 0.879823 0.018320 1 0 1.000000
bgonesoda
  0 0.337939 1.324151 6.282306 0.253013 0.944259 0.210617 0.988199 0.024647 1 0 1.000000
  0 0.768723 1.123273 6.342221 0.573574 0.819154 0.000001 0.934011 0.018320 1 0 1.000000
  0 0.768723 1.123273 6.282306 0.560708 0.800779 0.210619 0.934011 0.024647 1 0 1.000000
bgonesoda
  0 0.337939 1.324151 6.282306 0.253013 0.944259 0.210617 0.988199 0.024647 1 0 1.000000
  0 0.337939 1.324151 6.342221 0.258820 0.965926 0.000000 0.988199 0.018320 1 0 1.000000
  0 0.768723 1.123273 6.342221 0.573574 0.819154 0.000001 0.934011 0.018320 1 0 1.000000
bgonesoda
  0 -0.135571 1.365577 6.282306 -0.085201 0.973848 0.210620 0.066427 0.024647 1 0 1.000000
  0 0.337939 1.324151 6.342221 0.258820 0.965926 0.000000 0.012239 0.018320 1 0 1.000000
  0 0.337939 1.324151 6.282306 0.253013 0.944259 0.210617 0.012239 0.024647 1 0 1.000000
bgonesoda
  0 -0.135571 1.365577 6.282306 -0.085201 0.973848 0.210620 0.066427 0.024647 1 0 1.000000
  0 -0.135571 1.365577 6.342221 -0.087156 0.996195 0.000006 0.066427 0.018320 1 0 1.000000
  0 0.337939 1.324151 6.342221 0.258820 0.965926 0.000000 0.012239 0.018320 1 0 1.000000
bgonesoda
  0 -0.594693 1.242556 6.282306 -0.413140 0.885977 0.210618 0.120615 0.024647 1 0 1.000000
  0 -0.135571 1.365577 6.342221 -0.087156 0.996195 0.000006 0.066427 0.018320 1 0 1.000000
  0 -0.135571 1.365577 6.282306 -0.085201 0.973848 0.210620 0.066427 0.024647 1 0 1.000000
bgonesoda
  0 -0.594693 1.242556 6.282306 -0.413140 0.885977 0.210618 0.120615 0.024647 1 0 1.000000
  0 -0.594693 1.242556 6.342221 -0.422620 0.906307 0.000001 0.120615 0.018320 1 0 1.000000
  0 -0.135571 1.365577 6.342221 -0.087156 0.996195 0.000006 0.066427 0.018320 1 0 1.000000
bgonesoda
  0 -0.984051 0.969925 6.282306 -0.691246 0.691245 0.210619 0.174803 0.024647 1 0 1.000000
  0 -0.594693 1.242556 6.342221 -0.422620 0.906307 0.000001 0.120615 0.018320 1 0 1.000000
  0 -0.594693 1.242556 6.282306 -0.413140 0.885977 0.210618 0.120615 0.024647 1 0 1.000000
bgonesoda
  0 -0.984051 0.969925 6.282306 -0.691246 0.691245 0.210619 0.174803 0.024647 1 0 1.000000
  0 -0.984051 0.969925 6.342221 -0.707106 0.707107 0.000002 0.174803 0.018320 1 0 1.000000
  0 -0.594693 1.242556 6.342221 -0.422620 0.906307 0.000001 0.120615 0.018320 1 0 1.000000
bgonesoda
  0 -1.256681 0.580567 6.282306 -0.885977 0.413139 0.210619 0.228991 0.024647 1 0 1.000000
  0 -0.984051 0.969925 6.342221 -0.707106 0.707107 0.000002 0.174803 0.018320 1 0 1.000000
  0 -0.984051 0.969925 6.282306 -0.691246 0.691245 0.210619 0.174803 0.024647 1 0 1.000000
bgonesoda
  0 -1.256681 0.580567 6.282306 -0.885977 0.413139 0.210619 0.228991 0.024647 1 0 1.000000
  0 -1.256681 0.580567 6.342221 -0.906306 0.422621 0.000003 0.228991 0.018320 1 0 1.000000
  0 -0.984051 0.969925 6.342221 -0.707106 0.707107 0.000002 0.174803 0.018320 1 0 1.000000
bgonesoda
  0 -1.379703 0.121445 6.282306 -0.973848 0.085200 0.210619 0.283179 0.024647 1 0 1.000000
  0 -1.256681 0.580567 6.342221 -0.906306 0.422621 0.000003 0.228991 0.018320 1 0 1.000000
  0 -1.256681 0.580567 6.282306 -0.885977 0.413139 0.210619 0.228991 0.024647 1 0 1.000000
bgonesoda
  0 -1.379703 0.121445 6.282306 -0.973848 0.085200 0.210619 0.283179 0.024647 1 0 1.000000
  0 -1.379703 0.121445 6.342221 -0.996195 0.087155 0.000002 0.283179 0.018320 1 0 1.000000
  0 -1.256681 0.580567 6.342221 -0.906306 0.422621 0.000003 0.228991 0.018320 1 0 1.000000
bgonesoda
  0 -1.338277 -0.352064 6.282306 -0.944258 -0.253013 0.210620 0.337366 0.024647 1 0 1.000000
  0 -1.379703 0.121445 6.342221 -0.996195 0.087155 0.000002 0.283179 0.018320 1 0 1.000000
  0 -1.379703 0.121445 6.282306 -0.973848 0.085200 0.210619 0.283179 0.024647 1 0 1.000000
bgonesoda
  0 -1.338277 -0.352064 6.282306 -0.944258 -0.253013 0.210620 0.337366 0.024647 1 0 1.000000
  0 -1.338276 -0.352064 6.342221 -0.965926 -0.258818 0.000006 0.337366 0.018320 1 0 1.000000
  0 -1.379703 0.121445 6.342221 -0.996195 0.087155 0.000002 0.283179 0.018320 1 0 1.000000
bgonesoda
  0 -1.137398 -0.782849 6.282306 -0.810714 -0.549833 0.201065 0.391554 0.024647 1 0 1.000000
  0 -1.338276 -0.352064 6.342221 -0.965926 -0.258818 0.000006 0.337366 0.018320 1 0 1.000000
  0 -1.338277 -0.352064 6.282306 -0.944258 -0.253013 0.210620 0.337366 0.024647 1 0 1.000000
bgonesoda
  0 -1.137398 -0.782849 6.282306 -0.810714 -0.549833 0.201065 0.391554 0.024647 1 0 1.000000
  0 -1.137398 -0.782849 6.342221 -0.830570 -0.556896 -0.004419 0.391554 0.018320 1 0 1.000000
  0 -1.338276 -0.352064 6.342221 -0.965926 -0.258818 0.000006 0.337366 0.018320 1 0 1.000000
bgonesoda
  0 -0.807021 -1.140308 6.282306 -0.571942 -0.799360 0.184138 0.446053 0.024647 1 0 1.000000
  0 -1.137398 -0.782849 6.342221 -0.830570 -0.556896 -0.004419 0.391554 0.018320 1 0 1.000000
  0 -1.137398 -0.782849 6.282306 -0.810714 -0.549833 0.201065 0.391554 0.024647 1 0 1.000000
bgonesoda
  0 -0.807021 -1.140308 6.282306 -0.571942 -0.799360 0.184138 0.446053 0.024647 1 0 1.000000
  0 -0.807342 -1.141508 6.342221 -0.585105 -0.810831 -0.014309 0.446053 0.018320 1 0 1.000000
  0 -1.137398 -0.782849 6.342221 -0.830570 -0.556896 -0.004419 0.391554 0.018320 1 0 1.000000
bgonesoda
  0 -0.374988 -1.336529 6.282306 -0.254919 -0.951312 0.173270 0.500219 0.024647 1 0 1.000000
  0 -0.807342 -1.141508 6.342221 -0.585105 -0.810831 -0.014309 0.446053 0.018320 1 0 1.000000
  0 -0.807021 -1.140308 6.282306 -0.571942 -0.799360 0.184138 0.446053 0.024647 1 0 1.000000
bgonesoda
  0 -0.374988 -1.336529 6.282306 -0.254919 -0.951312 0.173270 0.500219 0.024647 1 0 1.000000
  0 -0.375269 -1.337575 6.342221 -0.258761 -0.965748 -0.019309 0.500219 0.018320 1 0 1.000000
  0 -0.807342 -1.141508 6.342221 -0.585105 -0.810831 -0.014309 0.446053 0.018320 1 0 1.000000
bgonesoda
  0 -1.180383 -0.812947 0.048531 -0.819151 -0.573579 0.000000 0.481728 0.970029 1 0 1.000000
  0 -1.388963 -0.365646 0.156378 -0.965927 -0.258816 0.000000 0.529006 0.971091 1 0 1.000000
  0 -1.388963 -0.365646 0.048531 -0.965925 -0.258821 0.000000 0.525516 0.961798 1 0 1.000000
bgonesoda
  0 -1.388963 -0.365646 0.048531 -0.965925 -0.258821 0.000000 0.525516 0.961798 1 0 1.000000
  0 -1.388963 -0.365646 0.156378 -0.965927 -0.258816 0.000000 0.529006 0.971091 1 0 1.000000
  0 -1.431978 0.126018 0.156378 -0.996194 0.087159 0.000000 0.570296 0.946765 1 0 1.000000
bgonesoda
  0 -1.388963 -0.365646 0.048531 -0.965925 -0.258821 0.000000 0.525516 0.961798 1 0 1.000000
  0 -1.431978 0.126018 0.156378 -0.996194 0.087159 0.000000 0.570296 0.946765 1 0 1.000000
  0 -1.431978 0.126018 0.048531 -0.996195 0.087153 0.000000 0.563863 0.939214 1 0 1.000000
bgonesoda
  0 -1.431978 0.126018 0.048531 -0.996195 0.087153 0.000000 0.563863 0.939214 1 0 1.000000
  0 -1.431978 0.126018 0.156378 -0.996194 0.087159 0.000000 0.570296 0.946765 1 0 1.000000
  0 -1.304240 0.602743 0.156378 -0.906307 0.422620 0.000000 0.600860 0.909872 1 0 1.000000
bgonesoda
  0 -1.431978 0.126018 0.048531 -0.996195 0.087153 0.000000 0.563863 0.939214 1 0 1.000000
  0 -1.304240 0.602743 0.156378 -0.906307 0.422620 0.000000 0.600860 0.909872 1 0 1.000000
  0 -1.304240 0.602743 0.048531 -0.906309 0.422616 0.000000 0.592246 0.904954 1 0 1.000000
bgonesoda
  0 -1.304240 0.602743 0.048531 -0.906309 0.422616 0.000000 0.592246 0.904954 1 0 1.000000
  0 -1.304240 0.602743 0.156378 -0.906307 0.422620 0.000000 0.600860 0.909872 1 0 1.000000
  0 -1.021156 1.007030 0.156378 -0.707105 0.707108 0.000000 0.617093 0.864783 1 0 1.000000
bgonesoda
  0 -1.304240 0.602743 0.048531 -0.906309 0.422616 0.000000 0.592246 0.904954 1 0 1.000000
  0 -1.021156 1.007030 0.156378 -0.707105 0.707108 0.000000 0.617093 0.864783 1 0 1.000000
  0 -1.021156 1.007030 0.048531 -0.707109 0.707105 0.000000 0.607313 0.863080 1 0 1.000000
bgonesoda
  0 -1.021156 1.007030 0.048531 -0.707109 0.707105 0.000000 0.607313 0.863080 1 0 1.000000
  0 -1.021156 1.007030 0.156378 -0.707105 0.707108 0.000000 0.617093 0.864783 1 0 1.000000
  0 -0.616870 1.290114 0.156378 -0.422616 0.906309 0.000000 0.617072 0.816805 1 0 1.000000
bgonesoda
  0 -1.021156 1.007030 0.048531 -0.707109 0.707105 0.000000 0.607313 0.863080 1 0 1.000000
  0 -0.616870 1.290114 0.156378 -0.422616 0.906309 0.000000 0.617072 0.816805 1 0 1.000000
  0 -0.616870 1.290114 0.048531 -0.422620 0.906307 0.000000 0.607265 0.818526 1 0 1.000000
bgonesoda
  0 -0.616870 1.290114 0.048531 -0.422620 0.906307 0.000000 0.607265 0.818526 1 0 1.000000
  0 -0.616870 1.290114 0.156378 -0.422616 0.906309 0.000000 0.617072 0.816805 1 0 1.000000
  0 -0.140144 1.417852 0.156378 -0.087153 0.996195 0.000000 0.600749 0.771468 1 0 1.000000
bgonesoda
  0 -0.616870 1.290114 0.048531 -0.422620 0.906307 0.000000 0.607265 0.818526 1 0 1.000000
  0 -0.140144 1.417852 0.156378 -0.087153 0.996195 0.000000 0.600749 0.771468 1 0 1.000000
  0 -0.140144 1.417852 0.048531 -0.087158 0.996194 0.000000 0.592040 0.776455 1 0 1.000000
bgonesoda
  0 -0.140144 1.417852 0.048531 -0.087158 0.996194 0.000000 0.592040 0.776455 1 0 1.000000
  0 -0.140144 1.417852 0.156378 -0.087153 0.996195 0.000000 0.600749 0.771468 1 0 1.000000
  0 0.351520 1.374837 0.156378 0.258821 0.965925 0.000000 0.569677 0.733994 1 0 1.000000
bgonesoda
  0 -0.140144 1.417852 0.048531 -0.087158 0.996194 0.000000 0.592040 0.776455 1 0 1.000000
  0 0.351520 1.374837 0.156378 0.258821 0.965925 0.000000 0.569677 0.733994 1 0 1.000000
  0 0.351520 1.374837 0.048531 0.258816 0.965927 0.000000 0.563156 0.741863 1 0 1.000000
bgonesoda
  0 0.351520 1.374837 0.048531 0.258816 0.965927 0.000000 0.563156 0.741863 1 0 1.000000
  0 0.351520 1.374837 0.156378 0.258821 0.965925 0.000000 0.569677 0.733994 1 0 1.000000
  0 0.798821 1.166257 0.156378 0.573578 0.819151 0.000000 0.527083 0.710426 1 0 1.000000
bgonesoda
  0 0.351520 1.374837 0.048531 0.258816 0.965927 0.000000 0.563156 0.741863 1 0 1.000000
  0 0.798821 1.166257 0.156378 0.573578 0.819151 0.000000 0.527083 0.710426 1 0 1.000000
  0 0.798821 1.166257 0.048531 0.573574 0.819154 0.000000 0.523801 0.719909 1 0 1.000000
bgonesoda
  0 0.798821 1.166257 0.048531 0.573574 0.819154 0.000000 0.523801 0.719909 1 0 1.000000
  0 0.798821 1.166257 0.156378 0.573578 0.819151 0.000000 0.527083 0.710426 1 0 1.000000
  0 1.147808 0.817270 0.156378 0.819154 0.573574 0.000000 0.479504 0.702809 1 0 1.000000
bgonesoda
  0 0.798821 1.166257 0.048531 0.573574 0.819154 0.000000 0.523801 0.719909 1 0 1.000000
  0 1.147808 0.817270 0.156378 0.819154 0.573574 0.000000 0.479504 0.702809 1 0 1.000000
  0 1.147808 0.817270 0.048531 0.819151 0.573578 0.000000 0.479635 0.712765 1 0 1.000000
bgonesoda
  0 1.147808 0.817270 0.048531 0.819151 0.573578 0.000000 0.479635 0.712765 1 0 1.000000
  0 1.147808 0.817270 0.156378 0.819154 0.573574 0.000000 0.479504 0.702809 1 0 1.000000
  0 1.356388 0.369969 0.156378 0.965927 0.258816 0.000000 0.432357 0.711702 1 0 1.000000
bgonesoda
  0 1.147808 0.817270 0.048531 0.819151 0.573578 0.000000 0.479635 0.712765 1 0 1.000000
  0 1.356388 0.369969 0.156378 0.965927 0.258816 0.000000 0.432357 0.711702 1 0 1.000000
  0 1.356388 0.369969 0.048531 0.965925 0.258822 0.000000 0.435847 0.720996 1 0 1.000000
bgonesoda
  0 1.356388 0.369969 0.048531 0.965925 0.258822 0.000000 0.435847 0.720996 1 0 1.000000
  0 1.356388 0.369969 0.156378 0.965927 0.258816 0.000000 0.432357 0.711702 1 0 1.000000
  0 1.399403 -0.121696 0.156378 0.996195 -0.087158 0.000000 0.391067 0.736029 1 0 1.000000
bgonesoda
  0 1.356388 0.369969 0.048531 0.965925 0.258822 0.000000 0.435847 0.720996 1 0 1.000000
  0 1.399403 -0.121696 0.156378 0.996195 -0.087158 0.000000 0.391067 0.736029 1 0 1.000000
  0 1.399403 -0.121696 0.048531 0.996195 -0.087153 0.000000 0.397500 0.743579 1 0 1.000000
bgonesoda
  0 1.399403 -0.121696 0.048531 0.996195 -0.087153 0.000000 0.397500 0.743579 1 0 1.000000
  0 1.399403 -0.121696 0.156378 0.996195 -0.087158 0.000000 0.391067 0.736029 1 0 1.000000
  0 1.271665 -0.598421 0.156378 0.906307 -0.422621 0.000000 0.360503 0.772922 1 0 1.000000
bgonesoda
  0 1.399403 -0.121696 0.048531 0.996195 -0.087153 0.000000 0.397500 0.743579 1 0 1.000000
  0 1.271665 -0.598421 0.156378 0.906307 -0.422621 0.000000 0.360503 0.772922 1 0 1.000000
  0 1.271665 -0.598421 0.048531 0.906309 -0.422616 0.000000 0.369117 0.777839 1 0 1.000000
bgonesoda
  0 1.271665 -0.598421 0.048531 0.906309 -0.422616 0.000000 0.369117 0.777839 1 0 1.000000
  0 1.271665 -0.598421 0.156378 0.906307 -0.422621 0.000000 0.360503 0.772922 1 0 1.000000
  0 0.988581 -1.002707 0.156378 0.707105 -0.707109 0.000000 0.344270 0.818011 1 0 1.000000
bgonesoda
  0 1.271665 -0.598421 0.048531 0.906309 -0.422616 0.000000 0.369117 0.777839 1 0 1.000000
  0 0.988581 -1.002707 0.156378 0.707105 -0.707109 0.000000 0.344270 0.818011 1 0 1.000000
  0 0.988581 -1.002707 0.048531 0.707108 -0.707105 0.000000 0.354050 0.819713 1 0 1.000000
bgonesoda
  0 0.988581 -1.002707 0.048531 0.707108 -0.707105 0.000000 0.354050 0.819713 1 0 1.000000
  0 0.988581 -1.002707 0.156378 0.707105 -0.707109 0.000000 0.344270 0.818011 1 0 1.000000
  0 0.584295 -1.285791 0.156378 0.422616 -0.906309 0.000000 0.344291 0.865989 1 0 1.000000
bgonesoda
  0 0.988581 -1.002707 0.048531 0.707108 -0.707105 0.000000 0.354050 0.819713 1 0 1.000000
  0 0.584295 -1.285791 0.156378 0.422616 -0.906309 0.000000 0.344291 0.865989 1 0 1.000000
  0 0.584295 -1.285791 0.048531 0.422621 -0.906307 0.000000 0.354098 0.864267 1 0 1.000000
bgonesoda
  0 0.584295 -1.285791 0.048531 0.422621 -0.906307 0.000000 0.354098 0.864267 1 0 1.000000
  0 0.584295 -1.285791 0.156378 0.422616 -0.906309 0.000000 0.344291 0.865989 1 0 1.000000
  0 0.107570 -1.413530 0.156378 0.087153 -0.996195 0.000000 0.360614 0.911325 1 0 1.000000
bgonesoda
  0 0.584295 -1.285791 0.048531 0.422621 -0.906307 0.000000 0.354098 0.864267 1 0 1.000000
  0 0.107570 -1.413530 0.156378 0.087153 -0.996195 0.000000 0.360614 0.911325 1 0 1.000000
  0 0.107570 -1.413530 0.048531 0.087158 -0.996194 0.000000 0.369323 0.906339 1 0 1.000000
bgonesoda
  0 0.107570 -1.413530 0.048531 0.087158 -0.996194 0.000000 0.369323 0.906339 1 0 1.000000
  0 0.107570 -1.413530 0.156378 0.087153 -0.996195 0.000000 0.360614 0.911325 1 0 1.000000
  0 -0.384095 -1.370515 0.156378 -0.258822 -0.965925 0.000000 0.391686 0.948799 1 0 1.000000
bgonesoda
  0 0.107570 -1.413530 0.048531 0.087158 -0.996194 0.000000 0.369323 0.906339 1 0 1.000000
  0 -0.384095 -1.370515 0.156378 -0.258822 -0.965925 0.000000 0.391686 0.948799 1 0 1.000000
  0 -0.384095 -1.370515 0.048531 -0.258817 -0.965926 0.000000 0.398207 0.940930 1 0 1.000000
bgonesoda
  0 -0.384095 -1.370515 0.048531 -0.258817 -0.965926 0.000000 0.398207 0.940930 1 0 1.000000
  0 -0.384095 -1.370515 0.156378 -0.258822 -0.965925 0.000000 0.391686 0.948799 1 0 1.000000
  0 -0.831396 -1.161934 0.156378 -0.573579 -0.819151 0.000000 0.434280 0.972368 1 0 1.000000
bgonesoda
  0 -0.384095 -1.370515 0.048531 -0.258817 -0.965926 0.000000 0.398207 0.940930 1 0 1.000000
  0 -0.831396 -1.161934 0.156378 -0.573579 -0.819151 0.000000 0.434280 0.972368 1 0 1.000000
  0 -0.831396 -1.161934 0.048531 -0.573574 -0.819154 0.000000 0.437562 0.962884 1 0 1.000000
bgonesoda
  0 -0.831396 -1.161934 0.048531 -0.573574 -0.819154 0.000000 0.437562 0.962884 1 0 1.000000
  0 -0.831396 -1.161934 0.156378 -0.573579 -0.819151 0.000000 0.434280 0.972368 1 0 1.000000
  0 -1.180383 -0.812947 0.156378 -0.819154 -0.573574 0.000000 0.481859 0.979984 1 0 1.000000
bgonesoda
  0 -0.831396 -1.161934 0.048531 -0.573574 -0.819154 0.000000 0.437562 0.962884 1 0 1.000000
  0 -1.180383 -0.812947 0.156378 -0.819154 -0.573574 0.000000 0.481859 0.979984 1 0 1.000000
  0 -1.180383 -0.812947 0.048531 -0.819151 -0.573579 0.000000 0.481728 0.970029 1 0 1.000000
bgonesoda
  0 -1.180383 -0.812947 0.048531 -0.819151 -0.573579 0.000000 0.481728 0.970029 1 0 1.000000
  0 -1.180383 -0.812947 0.156378 -0.819154 -0.573574 0.000000 0.481859 0.979984 1 0 1.000000
  0 -1.388963 -0.365646 0.156378 -0.965927 -0.258816 0.000000 0.529006 0.971091 1 0 1.000000
bgonesoda
  0 0.229543 0.284367 6.438789 -0.001288 -0.009007 0.999959 0.918477 0.862731 1 0 1.000000
  0 0.068287 0.317798 6.438715 -0.002121 -0.007921 0.999966 0.885406 0.860831 1 0 1.000000
  0 0.054743 0.267321 6.438287 -0.002927 -0.010928 0.999936 0.885402 0.850319 1 0 1.000000
bgonesoda
  0 0.068287 0.317798 6.438715 -0.002121 -0.007921 0.999966 0.885406 0.860831 1 0 1.000000
  0 -0.125700 0.315772 6.438285 -0.004445 -0.010637 0.999934 0.847821 0.850338 1 0 1.000000
  0 0.054743 0.267321 6.438287 -0.002927 -0.010928 0.999936 0.885402 0.850319 1 0 1.000000
bgonesoda
  0 0.068287 0.317798 6.438715 -0.002121 -0.007921 0.999966 0.885406 0.860831 1 0 1.000000
  0 -0.088080 0.369474 6.438789 -0.003400 -0.008301 0.999960 0.852335 0.862731 1 0 1.000000
  0 -0.125700 0.315772 6.438285 -0.004445 -0.010637 0.999934 0.847821 0.850338 1 0 1.000000
bgonesoda
  0 -0.088080 0.369474 6.438789 -0.003400 -0.008301 0.999960 0.852335 0.862731 1 0 1.000000
  0 -0.301721 0.365563 6.437736 -0.041275 -0.007427 0.999120 0.811029 0.850849 1 0 1.000000
  0 -0.125700 0.315772 6.438285 -0.004445 -0.010637 0.999934 0.847821 0.850338 1 0 1.000000
bgonesoda
  0 -0.088080 0.369474 6.438789 -0.003400 -0.008301 0.999960 0.852335 0.862731 1 0 1.000000
  0 -0.201655 0.477982 6.439388 -0.065491 0.006184 0.997834 0.824619 0.877900 1 0 1.000000
  0 -0.301721 0.365563 6.437736 -0.041275 -0.007427 0.999120 0.811029 0.850849 1 0 1.000000
bgonesoda
  0 -0.201655 0.477982 6.439388 -0.065491 0.006184 0.997834 0.824619 0.877900 1 0 1.000000
  0 -0.278162 0.690063 6.427792 -0.120634 0.017041 0.992551 0.798991 0.914984 1 0 1.000000
  0 -0.301721 0.365563 6.437736 -0.041275 -0.007427 0.999120 0.811029 0.850849 1 0 1.000000
bgonesoda
  0 -0.201655 0.477982 6.439388 -0.065491 0.006184 0.997834 0.824619 0.877900 1 0 1.000000
  0 -0.222320 0.685714 6.440938 -0.123047 0.017164 0.992252 0.809789 0.917185 1 0 1.000000
  0 -0.278162 0.690063 6.427792 -0.120634 0.017041 0.992551 0.798991 0.914984 1 0 1.000000
bgonesoda
  0 -0.222320 0.685714 6.440938 -0.123047 0.017164 0.992252 0.809789 0.917185 1 0 1.000000
  0 -0.189002 0.908860 6.441561 -0.071685 0.015515 0.997307 0.804646 0.962275 1 0 1.000000
  0 -0.278162 0.690063 6.427792 -0.120634 0.017041 0.992551 0.798991 0.914984 1 0 1.000000
bgonesoda
  0 -0.222320 0.685714 6.440938 -0.123047 0.017164 0.992252 0.809789 0.917185 1 0 1.000000
  0 -0.151359 0.864079 6.442451 -0.074535 0.015623 0.997096 0.814291 0.955534 1 0 1.000000
  0 -0.189002 0.908860 6.441561 -0.071685 0.015515 0.997307 0.804646 0.962275 1 0 1.000000
bgonesoda
  0 -0.151359 0.864079 6.442451 -0.074535 0.015623 0.997096 0.814291 0.955534 1 0 1.000000
  0 -0.008416 0.960951 6.442286 -0.003356 0.014200 0.999894 0.837020 0.981798 1 0 1.000000
  0 -0.189002 0.908860 6.441561 -0.071685 0.015515 0.997307 0.804646 0.962275 1 0 1.000000
bgonesoda
  0 -0.151359 0.864079 6.442451 -0.074535 0.015623 0.997096 0.814291 0.955534 1 0 1.000000
  0 0.007161 0.906903 6.443104 -0.001643 0.014640 0.999892 0.842861 0.972107 1 0 1.000000
  0 -0.008416 0.960951 6.442286 -0.003356 0.014200 0.999894 0.837020 0.981798 1 0 1.000000
bgonesoda
  0 0.007161 0.906903 6.443104 -0.001643 0.014640 0.999892 0.842861 0.972107 1 0 1.000000
  0 0.227526 0.912085 6.442390 0.004165 0.015514 0.999871 0.885406 0.984586 1 0 1.000000
  0 -0.008416 0.960951 6.442286 -0.003356 0.014200 0.999894 0.837020 0.981798 1 0 1.000000
bgonesoda
  0 0.007161 0.906903 6.443104 -0.001643 0.014640 0.999892 0.842861 0.972107 1 0 1.000000
  0 0.214515 0.863528 6.443198 0.004166 0.015514 0.999871 0.885406 0.974475 1 0 1.000000
  0 0.227526 0.912085 6.442390 0.004165 0.015514 0.999871 0.885406 0.984586 1 0 1.000000
bgonesoda
  0 0.214515 0.863528 6.443198 0.004166 0.015514 0.999871 0.885406 0.974475 1 0 1.000000
  0 0.456290 0.836433 6.442286 0.010004 0.010543 0.999894 0.933792 0.981798 1 0 1.000000
  0 0.227526 0.912085 6.442390 0.004165 0.015514 0.999871 0.885406 0.984586 1 0 1.000000
bgonesoda
  0 0.214515 0.863528 6.443198 0.004166 0.015514 0.999871 0.885406 0.974475 1 0 1.000000
  0 0.415776 0.797415 6.443104 0.008791 0.011862 0.999891 0.927952 0.972107 1 0 1.000000
  0 0.456290 0.836433 6.442286 0.010004 0.010543 0.999894 0.933792 0.981798 1 0 1.000000
bgonesoda
  0 0.415776 0.797415 6.443104 0.008791 0.011862 0.999891 0.927952 0.972107 1 0 1.000000
  0 0.586637 0.701028 6.441561 0.016203 -0.001169 0.999868 0.966166 0.962275 1 0 1.000000
  0 0.456290 0.836433 6.442286 0.010004 0.010543 0.999894 0.933792 0.981798 1 0 1.000000
bgonesoda
  0 0.415776 0.797415 6.443104 0.008791 0.011862 0.999891 0.927952 0.972107 1 0 1.000000
  0 0.531647 0.681068 6.442451 0.016595 -0.001477 0.999861 0.956521 0.955534 1 0 1.000000
  0 0.586637 0.701028 6.441561 0.016203 -0.001169 0.999868 0.966166 0.962275 1 0 1.000000
bgonesoda
  0 0.531647 0.681068 6.442451 0.016595 -0.001477 0.999861 0.956521 0.955534 1 0 1.000000
  0 0.552939 0.466655 6.439800 0.012992 -0.011597 0.999848 0.971821 0.914984 1 0 1.000000
  0 0.586637 0.701028 6.441561 0.016203 -0.001169 0.999868 0.966166 0.962275 1 0 1.000000
end
