version 1
nodes
0 "root" -1
end
skeleton
time 0
0 0 0 0 0 0 0
end
triangles
porchlight_metal
0  0.352616 0.851291 2.210374  0.382392 0.923176 -0.039012  0.190607 0.609075 0
0  0.651549 0.651551 7.212379  0.706567 0.706569 0.039012  0.159770 0.958967 0
0  0.651549 0.651550 2.210374  0.706568 0.706569 -0.039012  0.164802 0.608737 0
porchlight_metal
0  0.810188 0.335593 7.364072  0.369299 0.152970 0.916634  0.134772 0.968776 0
0  0.584461 0.584463 7.364072  0.464664 0.464671 0.753769  0.158418 0.973661 0
0  0.763635 0.316310 7.364072  0.607118 0.251477 0.753768  0.134618 0.972427 0
porchlight_metal
0  0.620091 -0.620089 7.364072  0.282651 -0.282652 0.916633  0.062348 0.970121 0
0  0.763635 -0.316306 7.364072  0.607128 -0.251475 0.753761  0.086742 0.972365 0
0  0.584461 -0.584459 7.364072  0.464669 -0.464670 0.753767  0.062650 0.973517 0
porchlight_metal
0  0.651549 0.651550 2.210374  0.706568 0.706569 -0.039012  0.164802 0.608737 0
0  0.851290 0.352618 7.212379  0.923176 0.382392 0.039012  0.135248 0.957444 0
0  0.851290 0.352616 2.210374  0.923176 0.382392 -0.039012  0.139055 0.608173 0
porchlight_metal
0  0.851290 -0.352615 2.210374  0.923177 -0.382391 -0.039012  0.087920 0.607686 0
0  0.651549 -0.651547 7.212379  0.706568 -0.706569 0.039012  0.061391 0.958589 0
0  0.651549 -0.651549 2.210374  0.706568 -0.706569 -0.039011  0.062098 0.607683 0
porchlight_metal
0  0.921430 0.000000 2.210374  0.999239 -0.000000 -0.039012  0.113525 0.607762 0
0  0.851290 -0.352614 7.212379  0.923176 -0.382393 0.039012  0.086193 0.957250 0
0  0.851290 -0.352615 2.210374  0.923177 -0.382391 -0.039012  0.087920 0.607686 0
porchlight_metal
0  0.651549 -0.651549 2.210374  0.706568 -0.706569 -0.039011  0.062098 0.607683 0
0  0.352616 -0.851288 7.212379  0.382392 -0.923176 0.039012  0.036086 0.961174 0
0  0.352616 -0.851289 2.210374  0.382392 -0.923176 -0.039012  0.036249 0.607493 0
porchlight_metal
0  0.352616 -0.851289 2.210374  0.382392 -0.923176 -0.039012  0.036249 0.607493 0
0  -0.000000 -0.921428 7.212379  0.000001 -0.999239 0.039013  0.009956 0.965960 0
0  -0.000000 -0.921429 2.210374  -0.000000 -0.999239 -0.039012  0.010408 0.606653 0
porchlight_metal
0  -0.851290 -0.352616 1.073863  0.000000 -0.000000 -1.000000  0.911514 0.307732 0
0  -0.352616 0.851290 1.073863  -0.000000 -0.000001 -1.000000  0.784354 0.360403 0
0  0.851290 0.352616 1.073863  -0.000000 -0.000000 -1.000000  0.837025 0.487562 0
porchlight_metal
0  0.814809 -0.337504 1.970275  0.369301 -0.152969 0.916634  0.087924 0.584043 0
0  0.847405 0.000000 1.970275  0.657141 -0.000001 0.753768  0.113587 0.586776 0
0  0.782900 -0.324287 1.970275  0.607120 -0.251477 0.753767  0.087879 0.586587 0
porchlight_metal
0  0.810188 -0.335589 7.364072  0.369301 -0.152970 0.916633  0.086605 0.968685 0
0  0.826552 0.000002 7.364072  0.657141 0.000001 0.753767  0.110736 0.971684 0
0  0.763635 -0.316306 7.364072  0.607128 -0.251475 0.753761  0.086742 0.972365 0
porchlight_metal
0  0.814809 0.337505 1.970275  0.369298 0.152969 0.916635  0.139281 0.584608 0
0  0.599206 0.599206 1.970274  0.464670 0.464669 0.753767  0.165049 0.587589 0
0  0.782900 0.324288 1.970275  0.607116 0.251478 0.753770  0.139266 0.587148 0
porchlight_metal
0  0.623628 0.623628 1.970274  0.282649 0.282652 0.916634  0.165099 0.584941 0
0  0.324288 0.782901 1.970274  0.251478 0.607121 0.753766  0.190635 0.587971 0
0  0.599206 0.599206 1.970274  0.464670 0.464669 0.753767  0.165049 0.587589 0
porchlight_metal
0  0.337505 0.814809 1.970274  0.152971 0.369301 0.916633  0.190734 0.585488 0
0  0.000000 0.847405 1.970274  -0.000000 0.657142 0.753767  0.215121 0.589112 0
0  0.324288 0.782901 1.970274  0.251478 0.607121 0.753766  0.190635 0.587971 0
porchlight_metal
0  0.000000 0.881943 1.970274  0.000000 0.399727 0.916634  0.220508 0.584625 0
0  -0.324288 0.782901 1.970274  -0.251477 0.607121 0.753766  0.245448 0.586265 0
0  0.000000 0.847405 1.970274  -0.000000 0.657142 0.753767  0.221043 0.586905 0
porchlight_metal
0  -0.337505 0.814809 1.970274  -0.152968 0.369301 0.916634  0.245404 0.583784 0
0  -0.599206 0.599206 1.970274  -0.464669 0.464670 0.753767  0.271107 0.586479 0
0  -0.324288 0.782901 1.970274  -0.251477 0.607121 0.753766  0.245448 0.586265 0
porchlight_metal
0  -0.623628 0.623628 1.970274  -0.282652 0.282651 0.916633  0.271115 0.583822 0
0  -0.782900 0.324288 1.970275  -0.607121 0.251477 0.753767  0.296981 0.586586 0
0  -0.599206 0.599206 1.970274  -0.464669 0.464670 0.753767  0.271107 0.586479 0
porchlight_metal
0  -0.814809 0.337505 1.970275  -0.369301 0.152970 0.916634  0.297026 0.584042 0
0  -0.847405 0.000001 1.970275  -0.657141 0.000000 0.753767  0.322689 0.586775 0
0  -0.782900 0.324288 1.970275  -0.607121 0.251477 0.753767  0.296981 0.586586 0
porchlight_metal
0  -0.881943 0.000001 1.970275  -0.399726 0.000000 0.916635  0.322718 0.584350 0
0  -0.782900 -0.324287 1.970275  -0.607116 -0.251478 0.753770  0.348368 0.587147 0
0  -0.847405 0.000001 1.970275  -0.657141 0.000000 0.753767  0.322689 0.586775 0
porchlight_metal
0  -0.814809 -0.337504 1.970275  -0.369298 -0.152969 0.916635  0.348382 0.584607 0
0  -0.599206 -0.599205 1.970275  -0.464671 -0.464668 0.753767  0.374151 0.587587 0
0  -0.782900 -0.324287 1.970275  -0.607116 -0.251478 0.753770  0.348368 0.587147 0
porchlight_metal
0  -0.623628 -0.623627 1.970275  -0.282651 -0.282652 0.916633  0.374200 0.584939 0
0  -0.324288 -0.782900 1.970275  -0.251477 -0.607118 0.753769  0.399737 0.587969 0
0  -0.599206 -0.599205 1.970275  -0.464671 -0.464668 0.753767  0.374151 0.587587 0
porchlight_metal
0  -0.337505 -0.814808 1.970275  -0.152970 -0.369299 0.916634  0.399836 0.585486 0
0  -0.000000 -0.847405 1.970275  0.000001 -0.657141 0.753768  0.424223 0.589110 0
0  -0.324288 -0.782900 1.970275  -0.251477 -0.607118 0.753769  0.399737 0.587969 0
porchlight_metal
0  -0.000000 -0.881942 1.970275  0.000001 -0.399729 0.916633  0.011405 0.584625 0
0  0.324288 -0.782900 1.970275  0.251476 -0.607118 0.753769  0.036345 0.586265 0
0  -0.000000 -0.847405 1.970275  0.000001 -0.657141 0.753768  0.011941 0.586905 0
porchlight_metal
0  0.337505 -0.814808 1.970275  0.152967 -0.369299 0.916635  0.036302 0.583784 0
0  0.599206 -0.599205 1.970275  0.464668 -0.464669 0.753768  0.062005 0.586479 0
0  0.324288 -0.782900 1.970275  0.251476 -0.607118 0.753769  0.036345 0.586265 0
porchlight_metal
0  0.851290 0.352616 1.226444  0.607119 0.251477 0.753767  0.140281 0.529964 0
0  0.921430 0.000000 1.835636  0.999239 0.000000 0.039012  0.113731 0.573672 0
0  0.921430 0.000000 1.226444  0.657141 0.000000 0.753767  0.114288 0.529627 0
porchlight_metal
0  -0.337505 -0.814808 2.075735  -0.152971 -0.369303 -0.916633  0.399734 0.598559 0
0  -0.599206 -0.599205 2.075735  -0.464670 -0.464669 -0.753767  0.374153 0.595434 0
0  -0.324288 -0.782900 2.075735  -0.251477 -0.607120 -0.753767  0.399734 0.596086 0
porchlight_metal
0  0.352616 0.851290 1.226444  0.251477 0.607120 0.753767  0.192555 0.531232 0
0  0.651549 0.651550 1.835635  0.706568 0.706569 0.039011  0.165285 0.574273 0
0  0.651549 0.651549 1.226444  0.464669 0.464669 0.753767  0.166399 0.530452 0
porchlight_metal
0  -0.810188 -0.335589 7.364072  -0.369295 -0.152972 0.916636  0.343877 0.968776 0
0  -0.584461 -0.584459 7.364072  -0.464674 -0.464667 0.753766  0.367523 0.973660 0
0  -0.763635 -0.316306 7.364072  -0.607124 -0.251476 0.753764  0.343723 0.972426 0
porchlight_metal
0  0.881943 0.000000 1.970275  0.399726 -0.000000 0.916635  0.113616 0.584351 0
0  0.782900 0.324288 1.970275  0.607116 0.251478 0.753770  0.139266 0.587148 0
0  0.847405 0.000000 1.970275  0.657141 -0.000001 0.753768  0.113587 0.586776 0
porchlight_metal
0  0.651549 0.651549 1.226444  0.464669 0.464669 0.753767  0.166399 0.530452 0
0  0.851290 0.352616 1.835636  0.923176 0.382392 0.039012  0.139424 0.573920 0
0  0.851290 0.352616 1.226444  0.607119 0.251477 0.753767  0.140281 0.529964 0
porchlight_metal
0  -0.876941 0.000002 7.364072  -0.399731 -0.000000 0.916633  0.319845 0.968323 0
0  -0.763635 -0.316306 7.364072  -0.607124 -0.251476 0.753764  0.343723 0.972426 0
0  -0.826552 0.000002 7.364072  -0.657141 -0.000001 0.753768  0.319840 0.971683 0
porchlight_metal
0  0.851290 -0.352616 1.226444  0.607119 -0.251477 0.753767  0.088253 0.529335 0
0  0.651549 -0.651549 1.835636  0.706568 -0.706569 0.039012  0.062038 0.573115 0
0  0.651549 -0.651549 1.226444  0.464669 -0.464669 0.753767  0.062029 0.529176 0
porchlight_metal
0  0.623628 -0.623627 1.970275  0.282652 -0.282651 0.916633  0.062014 0.583822 0
0  0.782900 -0.324287 1.970275  0.607120 -0.251477 0.753767  0.087879 0.586587 0
0  0.599206 -0.599205 1.970275  0.464668 -0.464669 0.753768  0.062005 0.586479 0
porchlight_metal
0  -0.810188 0.335593 7.364072  -0.369292 0.152971 0.916637  0.295710 0.968684 0
0  -0.826552 0.000002 7.364072  -0.657141 -0.000001 0.753768  0.319840 0.971683 0
0  -0.763635 0.316310 7.364072  -0.607114 0.251478 0.753771  0.295847 0.972364 0
porchlight_metal
0  0.651549 -0.651549 1.226444  0.464669 -0.464669 0.753767  0.062029 0.529176 0
0  0.352616 -0.851290 1.835636  0.382393 -0.923176 0.039012  0.036124 0.573237 0
0  0.352616 -0.851290 1.226444  0.251477 -0.607119 0.753767  0.035748 0.529298 0
porchlight_metal
0  -0.620091 0.620093 7.364072  -0.282664 0.282650 0.916630  0.271453 0.970120 0
0  -0.763635 0.316310 7.364072  -0.607114 0.251478 0.753771  0.295847 0.972364 0
0  -0.584461 0.584463 7.364072  -0.464678 0.464667 0.753764  0.271755 0.973516 0
porchlight_metal
0  0.352616 -0.851290 1.226444  0.251477 -0.607119 0.753767  0.035748 0.529298 0
0  -0.000000 -0.921429 1.835636  0.000000 -0.999239 0.039011  0.010459 0.574117 0
0  -0.000000 -0.921429 1.226444  0.000000 -0.657141 0.753767  0.009541 0.529738 0
porchlight_metal
0  -0.335591 0.810190 7.364072  -0.152968 0.369304 0.916632  0.246976 0.972836 0
0  -0.584461 0.584463 7.364072  -0.464678 0.464667 0.753764  0.271755 0.973516 0
0  -0.316308 0.763637 7.364072  -0.251474 0.607120 0.753767  0.247562 0.976532 0
porchlight_metal
0  -0.000000 -0.921429 1.226444  0.000000 -0.657141 0.753767  0.427620 0.532236 0
0  -0.352616 -0.851290 1.835636  -0.382392 -0.923176 0.039012  0.400200 0.574919 0
0  -0.352616 -0.851290 1.226444  -0.251477 -0.607119 0.753768  0.401656 0.531230 0
porchlight_metal
0  0.000000 0.876943 7.364072  0.000001 0.399728 0.916634  0.222128 0.978153 0
0  -0.316308 0.763637 7.364072  -0.251474 0.607120 0.753767  0.247562 0.976532 0
0  0.000000 0.826554 7.364072  -0.000001 0.657141 0.753767  0.223560 0.981468 0
porchlight_metal
0  -0.352616 -0.851290 1.226444  -0.251477 -0.607119 0.753768  0.401656 0.531230 0
0  -0.651549 -0.651549 1.835636  -0.706568 -0.706569 0.039012  0.374386 0.574271 0
0  -0.651549 -0.651549 1.226444  -0.464669 -0.464669 0.753767  0.375500 0.530450 0
porchlight_metal
0  0.782900 0.324288 1.970275  0.607116 0.251478 0.753770  0.139266 0.587148 0
0  0.847405 0.000000 2.075735  0.657141 -0.000001 -0.753767  0.113655 0.594688 0
0  0.847405 0.000000 1.970275  0.657141 -0.000001 0.753768  0.113587 0.586776 0
porchlight_metal
0  0.599206 0.599206 1.970274  0.464670 0.464669 0.753767  0.165049 0.587589 0
0  0.782900 0.324288 2.075735  0.607119 0.251477 -0.753768  0.139288 0.595014 0
0  0.782900 0.324288 1.970275  0.607116 0.251478 0.753770  0.139266 0.587148 0
porchlight_metal
0  0.324288 0.782901 1.970274  0.251478 0.607121 0.753766  0.190635 0.587971 0
0  0.599206 0.599206 2.075735  0.464669 0.464669 -0.753767  0.165051 0.595436 0
0  0.599206 0.599206 1.970274  0.464670 0.464669 0.753767  0.165049 0.587589 0
porchlight_metal
0  0.000000 0.847405 1.970274  -0.000000 0.657142 0.753767  0.215121 0.589112 0
0  0.324288 0.782901 2.075735  0.251477 0.607119 -0.753768  0.190632 0.596088 0
0  0.324288 0.782901 1.970274  0.251478 0.607121 0.753766  0.190635 0.587971 0
porchlight_metal
0  -0.324288 0.782901 1.970274  -0.251477 0.607121 0.753766  0.245448 0.586265 0
0  0.000000 0.847406 2.075735  0.000000 0.657141 -0.753768  0.220995 0.593694 0
0  0.000000 0.847405 1.970274  -0.000000 0.657142 0.753767  0.221043 0.586905 0
porchlight_metal
0  -0.599206 0.599206 1.970274  -0.464669 0.464670 0.753767  0.271107 0.586479 0
0  -0.324288 0.782901 2.075735  -0.251478 0.607119 -0.753767  0.245578 0.594401 0
0  -0.324288 0.782901 1.970274  -0.251477 0.607121 0.753766  0.245448 0.586265 0
porchlight_metal
0  -0.782900 0.324288 1.970275  -0.607121 0.251477 0.753767  0.296981 0.586586 0
0  -0.599206 0.599206 2.075735  -0.464670 0.464669 -0.753767  0.271230 0.594354 0
0  -0.599206 0.599206 1.970274  -0.464669 0.464670 0.753767  0.271107 0.586479 0
porchlight_metal
0  -0.847405 0.000001 1.970275  -0.657141 0.000000 0.753767  0.322689 0.586775 0
0  -0.782900 0.324288 2.075735  -0.607120 0.251477 -0.753767  0.297064 0.594460 0
0  -0.782900 0.324288 1.970275  -0.607121 0.251477 0.753767  0.296981 0.586586 0
porchlight_metal
0  -0.782900 -0.324287 1.970275  -0.607116 -0.251478 0.753770  0.348368 0.587147 0
0  -0.847405 0.000001 2.075735  -0.657141 0.000000 -0.753767  0.322757 0.594687 0
0  -0.847405 0.000001 1.970275  -0.657141 0.000000 0.753767  0.322689 0.586775 0
porchlight_metal
0  -0.599206 -0.599205 1.970275  -0.464671 -0.464668 0.753767  0.374151 0.587587 0
0  -0.782900 -0.324287 2.075735  -0.607119 -0.251478 -0.753768  0.348390 0.595013 0
0  -0.782900 -0.324287 1.970275  -0.607116 -0.251478 0.753770  0.348368 0.587147 0
porchlight_metal
0  -0.324288 -0.782900 1.970275  -0.251477 -0.607118 0.753769  0.399737 0.587969 0
0  -0.599206 -0.599205 2.075735  -0.464670 -0.464669 -0.753767  0.374153 0.595434 0
0  -0.599206 -0.599205 1.970275  -0.464671 -0.464668 0.753767  0.374151 0.587587 0
porchlight_metal
0  -0.000000 -0.847405 1.970275  0.000001 -0.657141 0.753768  0.424223 0.589110 0
0  -0.324288 -0.782900 2.075735  -0.251477 -0.607120 -0.753767  0.399734 0.596086 0
0  -0.324288 -0.782900 1.970275  -0.251477 -0.607118 0.753769  0.399737 0.587969 0
porchlight_metal
0  0.324288 -0.782900 1.970275  0.251476 -0.607118 0.753769  0.036345 0.586265 0
0  -0.000000 -0.847404 2.075735  0.000000 -0.657142 -0.753767  0.011892 0.593694 0
0  -0.000000 -0.847405 1.970275  0.000001 -0.657141 0.753768  0.011941 0.586905 0
porchlight_metal
0  0.599206 -0.599205 1.970275  0.464668 -0.464669 0.753768  0.062005 0.586479 0
0  0.324288 -0.782900 2.075735  0.251477 -0.607120 -0.753767  0.036476 0.594401 0
0  0.324288 -0.782900 1.970275  0.251476 -0.607118 0.753769  0.036345 0.586265 0
porchlight_metal
0  0.782900 -0.324287 1.970275  0.607120 -0.251477 0.753767  0.087879 0.586587 0
0  0.599206 -0.599205 2.075735  0.464671 -0.464669 -0.753766  0.062128 0.594354 0
0  0.599206 -0.599205 1.970275  0.464668 -0.464669 0.753768  0.062005 0.586479 0
porchlight_metal
0  0.847405 0.000000 1.970275  0.657141 -0.000001 0.753768  0.113587 0.586776 0
0  0.782900 -0.324287 2.075735  0.607120 -0.251478 -0.753767  0.087962 0.594461 0
0  0.782900 -0.324287 1.970275  0.607120 -0.251477 0.753767  0.087879 0.586587 0
porchlight_metal
0  0.000000 0.921430 1.226443  0.000000 0.657141 0.753767  0.218518 0.532239 0
0  0.352616 0.851290 1.835635  0.382393 0.923176 0.039011  0.191098 0.574922 0
0  0.352616 0.851290 1.226444  0.251477 0.607120 0.753767  0.192555 0.531232 0
porchlight_metal
0  -0.620091 -0.620089 7.364072  -0.282654 -0.282652 0.916632  0.367836 0.970318 0
0  -0.316308 -0.763633 7.364072  -0.251477 -0.607120 0.753767  0.391182 0.976871 0
0  -0.584461 -0.584459 7.364072  -0.464674 -0.464667 0.753766  0.367523 0.973660 0
porchlight_metal
0  -0.352616 0.851290 1.226444  -0.251477 0.607120 0.753767  0.244850 0.529299 0
0  0.000000 0.921430 1.835635  0.000000 0.999239 0.039012  0.219562 0.574118 0
0  0.000000 0.921430 1.226443  0.000000 0.657141 0.753767  0.218643 0.529738 0
porchlight_metal
0  -0.335591 -0.810186 7.364072  -0.152972 -0.369302 0.916633  0.391803 0.973262 0
0  -0.000000 -0.826551 7.364072  0.000001 -0.657141 0.753767  0.414555 0.982121 0
0  -0.316308 -0.763633 7.364072  -0.251477 -0.607120 0.753767  0.391182 0.976871 0
porchlight_metal
0  -0.651549 0.651550 1.226444  -0.464669 0.464669 0.753767  0.271130 0.529176 0
0  -0.352616 0.851290 1.835635  -0.382392 0.923176 0.039011  0.245226 0.573237 0
0  -0.352616 0.851290 1.226444  -0.251477 0.607120 0.753767  0.244850 0.529299 0
porchlight_metal
0  0.851290 0.352616 2.210374  0.923176 0.382392 -0.039012  0.139055 0.608173 0
0  0.921430 0.000002 7.212379  0.999239 -0.000000 0.039012  0.110775 0.956953 0
0  0.921430 0.000000 2.210374  0.999239 -0.000000 -0.039012  0.113525 0.607762 0
porchlight_metal
0  -0.000000 -0.876939 7.364072  0.000002 -0.399729 0.916633  0.013023 0.978154 0
0  0.316308 -0.763633 7.364072  0.251476 -0.607120 0.753767  0.038457 0.976533 0
0  -0.000000 -0.826551 7.364072  0.000001 -0.657141 0.753767  0.014455 0.981469 0
porchlight_metal
0  -0.851290 0.352616 1.226444  -0.607119 0.251477 0.753768  0.297354 0.529335 0
0  -0.651549 0.651550 1.835635  -0.706569 0.706568 0.039012  0.271140 0.573115 0
0  -0.651549 0.651550 1.226444  -0.464669 0.464669 0.753767  0.271130 0.529176 0
porchlight_metal
0  0.814809 0.337505 2.075735  0.369304 0.152970 -0.916632  0.139222 0.597549 0
0  0.847405 0.000000 2.075735  0.657141 -0.000001 -0.753767  0.113655 0.594688 0
0  0.782900 0.324288 2.075735  0.607119 0.251477 -0.753768  0.139288 0.595014 0
porchlight_metal
0  -0.921430 0.000000 1.226444  -0.657141 0.000000 0.753767  0.323388 0.529626 0
0  -0.851290 0.352616 1.835636  -0.923176 0.382393 0.039012  0.297109 0.573336 0
0  -0.851290 0.352616 1.226444  -0.607119 0.251477 0.753768  0.297354 0.529335 0
porchlight_metal
0  -0.851290 -0.352616 1.226444  -0.607119 -0.251477 0.753768  0.349382 0.529963 0
0  -0.921430 0.000000 1.835636  -0.999239 0.000000 0.039012  0.322833 0.573671 0
0  -0.921430 0.000000 1.226444  -0.657141 0.000000 0.753767  0.323388 0.529626 0
porchlight_metal
0  0.620091 0.620093 7.364072  0.282644 0.282654 0.916635  0.158732 0.970319 0
0  0.316308 0.763637 7.364072  0.251482 0.607118 0.753767  0.182077 0.976872 0
0  0.584461 0.584463 7.364072  0.464664 0.464671 0.753769  0.158418 0.973661 0
porchlight_metal
0  -0.651549 -0.651549 1.226444  -0.464669 -0.464669 0.753767  0.375500 0.530450 0
0  -0.851290 -0.352615 1.835636  -0.923176 -0.382392 0.039012  0.348525 0.573918 0
0  -0.851290 -0.352616 1.226444  -0.607119 -0.251477 0.753768  0.349382 0.529963 0
porchlight_metal
0  0.000000 0.921430 2.210374  0.000000 0.999239 -0.039011  0.216211 0.608750 0
0  0.352616 0.851292 7.212379  0.382391 0.923177 0.039012  0.184588 0.961834 0
0  0.352616 0.851291 2.210374  0.382392 0.923176 -0.039012  0.190607 0.609075 0
porchlight_metal
0  0.851290 -0.352616 1.073863  0.000000 -0.000000 -1.000000  0.911514 0.487562 0
0  1.109240 0.000000 1.073863  0.746202 -0.000000 -0.665719  0.874270 0.494971 0
0  1.024804 -0.424487 1.073863  0.689401 -0.285560 -0.665719  0.911514 0.487562 0
porchlight_metal
0  0.651549 0.651549 1.073863  -0.000000 0.000000 -1.000000  0.805451 0.466465 0
0  0.424488 1.024804 1.073863  0.285560 0.689401 -0.665719  0.784354 0.434891 0
0  0.784351 0.784351 1.073863  0.527644 0.527645 -0.665719  0.805451 0.466465 0
porchlight_metal
0  -0.352616 -0.851290 1.073863  -0.000000 -0.000001 -1.000000  0.964185 0.360403 0
0  -0.000000 -1.109239 1.073863  0.000000 -0.746203 -0.665719  0.971593 0.397647 0
0  -0.424488 -1.024803 1.073863  -0.285559 -0.689402 -0.665719  0.964185 0.360403 0
porchlight_metal
0  0.000000 1.109240 1.073863  -0.000000 0.746203 -0.665719  0.847966 0.550111 0
0  0.424488 1.024804 1.160521  0.378929 0.914815 0.139736  0.824322 0.602168 0
0  0.424488 1.024804 1.073863  0.285560 0.689401 -0.665719  0.814735 0.596343 0
porchlight_metal
0  -0.424488 1.024804 1.073863  -0.285560 0.689401 -0.665719  0.947962 0.600301 0
0  0.000000 1.109240 1.160521  0.000000 0.990189 0.139735  0.904237 0.556960 0
0  0.000000 1.109240 1.073863  -0.000000 0.746203 -0.665719  0.914391 0.550111 0
porchlight_metal
0  -0.851290 0.352616 1.073863  0.000000 0.000000 -1.000000  0.837025 0.307732 0
0  -1.109240 0.000000 1.073863  -0.746203 -0.000000 -0.665719  0.874270 0.300323 0
0  -1.024804 0.424488 1.073863  -0.689401 0.285560 -0.665719  0.837025 0.307732 0
porchlight_metal
0  -0.784351 0.784351 1.073863  -0.527645 0.527645 -0.665719  0.972529 0.654087 0
0  -0.424488 1.024804 1.160521  -0.378929 0.914815 0.139735  0.937573 0.606104 0
0  -0.424488 1.024804 1.073863  -0.285560 0.689401 -0.665719  0.947962 0.600301 0
porchlight_metal
0  0.352616 0.851290 1.073863  0.000000 -0.000000 -1.000000  0.784354 0.434891 0
0  0.000000 1.109240 1.073863  -0.000000 0.746203 -0.665719  0.776946 0.397647 0
0  0.424488 1.024804 1.073863  0.285560 0.689401 -0.665719  0.784354 0.434891 0
porchlight_metal
0  -1.024804 0.424488 1.073863  -0.689401 0.285560 -0.665719  0.987034 0.711220 0
0  -0.784351 0.784351 1.160521  -0.700169 0.700169 0.139734  0.961443 0.657956 0
0  -0.784351 0.784351 1.073863  -0.527645 0.527645 -0.665719  0.972529 0.654087 0
porchlight_metal
0  -0.000000 -0.921429 1.073863  0.000000 -0.000001 -1.000000  0.971593 0.397647 0
0  0.424488 -1.024803 1.073863  0.285559 -0.689402 -0.665719  0.964185 0.434891 0
0  -0.000000 -1.109239 1.073863  0.000000 -0.746203 -0.665719  0.971593 0.397647 0
porchlight_metal
0  -1.109240 0.000000 1.073863  -0.746203 -0.000000 -0.665719  0.991160 0.768876 0
0  -1.024804 0.424488 1.160521  -0.914815 0.378929 0.139735  0.975570 0.713069 0
0  -1.024804 0.424488 1.073863  -0.689401 0.285560 -0.665719  0.987034 0.711220 0
porchlight_metal
0  -0.921430 0.000000 1.073863  -0.000000 -0.000000 -1.000000  0.874270 0.300323 0
0  -1.024804 -0.424487 1.073863  -0.689401 -0.285559 -0.665719  0.911514 0.307732 0
0  -1.109240 0.000000 1.073863  -0.746203 -0.000000 -0.665719  0.874270 0.300323 0
porchlight_metal
0  -1.024804 -0.424487 1.073863  -0.689401 -0.285559 -0.665719  0.985055 0.825225 0
0  -1.109240 0.000000 1.160521  -0.990189 0.000000 0.139735  0.979773 0.768666 0
0  -1.109240 0.000000 1.073863  -0.746203 -0.000000 -0.665719  0.991160 0.768876 0
porchlight_metal
0  0.000000 0.921430 1.073863  -0.000000 -0.000000 -1.000000  0.776946 0.397647 0
0  -0.424488 1.024804 1.073863  -0.285560 0.689401 -0.665719  0.784354 0.360403 0
0  0.000000 1.109240 1.073863  -0.000000 0.746203 -0.665719  0.776946 0.397647 0
porchlight_metal
0  0.352616 -0.851290 1.073863  -0.000000 -0.000001 -1.000000  0.964185 0.434891 0
0  0.784351 -0.784351 1.073863  0.527645 -0.527645 -0.665719  0.943088 0.466465 0
0  0.424488 -1.024803 1.073863  0.285559 -0.689402 -0.665719  0.964185 0.434891 0
porchlight_metal
0  -0.784351 -0.784351 1.073863  -0.527645 -0.527645 -0.665719  0.969459 0.879610 0
0  -1.024804 -0.424487 1.160521  -0.914815 -0.378929 0.139735  0.974003 0.823027 0
0  -1.024804 -0.424487 1.073863  -0.689401 -0.285559 -0.665719  0.985055 0.825225 0
porchlight_metal
0  0.921430 0.000000 1.226444  0.657141 0.000000 0.753767  0.810550 0.758169 0
0  1.006941 -0.417089 1.226444  0.594303 -0.246168 0.765640  0.792500 0.811957 0
0  1.089906 0.000000 1.226444  0.643269 0.000000 0.765640  0.788248 0.757984 0
porchlight_metal
0  0.851290 -0.352616 1.226444  0.607119 -0.251477 0.753767  0.815066 0.808079 0
0  0.770680 -0.770679 1.226444  0.454861 -0.454860 0.765640  0.806313 0.865501 0
0  1.006941 -0.417089 1.226444  0.594303 -0.246168 0.765640  0.792500 0.811957 0
porchlight_metal
0  0.651549 -0.651549 1.226444  0.464669 -0.464669 0.753767  0.828782 0.857601 0
0  0.417089 -1.006941 1.226444  0.246168 -0.594303 0.765641  0.829497 0.915947 0
0  0.770680 -0.770679 1.226444  0.454861 -0.454860 0.765640  0.806313 0.865501 0
porchlight_metal
0  0.352616 -0.851290 1.226444  0.251477 -0.607119 0.753767  0.849024 0.904687 0
0  -0.000000 -1.089905 1.226444  0.000000 -0.643268 0.765641  0.862660 0.963589 0
0  0.417089 -1.006941 1.226444  0.246168 -0.594303 0.765641  0.829497 0.915947 0
porchlight_metal
0  -0.000000 -0.921429 1.226444  0.000000 -0.657141 0.753767  0.879568 0.947053 0
0  -0.417089 -1.006941 1.226444  -0.246169 -0.594303 0.765640  0.927097 0.919880 0
0  -0.000000 -1.089905 1.226444  0.000000 -0.643268 0.765641  0.894580 0.963905 0
porchlight_metal
0  -0.352616 -0.851290 1.226444  -0.251477 -0.607119 0.753768  0.908587 0.908616 0
0  -0.770680 -0.770679 1.226444  -0.454860 -0.454860 0.765640  0.950689 0.872357 0
0  -0.417089 -1.006941 1.226444  -0.246169 -0.594303 0.765640  0.927097 0.919880 0
porchlight_metal
0  -0.851290 -0.352616 1.226444  -0.607119 -0.251477 0.753768  0.944186 0.817198 0
0  -1.089906 0.000000 1.226444  -0.643269 0.000000 0.765640  0.970800 0.768624 0
0  -1.006941 -0.417089 1.226444  -0.594303 -0.246168 0.765641  0.965263 0.821380 0
porchlight_metal
0  -0.921430 0.000000 1.226444  -0.657141 0.000000 0.753767  0.948497 0.768438 0
0  -1.006941 0.417089 1.226444  -0.594303 0.246169 0.765640  0.966548 0.714651 0
0  -1.089906 0.000000 1.226444  -0.643269 0.000000 0.765640  0.970800 0.768624 0
porchlight_metal
0  -0.851290 0.352616 1.226444  -0.607119 0.251477 0.753768  0.943982 0.718529 0
0  -0.770680 0.770680 1.226444  -0.454860 0.454860 0.765639  0.952734 0.661106 0
0  -1.006941 0.417089 1.226444  -0.594303 0.246169 0.765640  0.966548 0.714651 0
porchlight_metal
0  -0.651549 0.651550 1.226444  -0.464669 0.464669 0.753767  0.930265 0.669006 0
0  -0.417089 1.006942 1.226443  -0.246169 0.594303 0.765640  0.929551 0.610660 0
0  -0.770680 0.770680 1.226444  -0.454860 0.454860 0.765639  0.952734 0.661106 0
porchlight_metal
0  -0.352616 0.851290 1.226444  -0.251477 0.607120 0.753767  0.910024 0.621920 0
0  0.000000 1.089906 1.226443  0.000000 0.643270 0.765640  0.896387 0.563018 0
0  -0.417089 1.006942 1.226443  -0.246169 0.594303 0.765640  0.929551 0.610660 0
porchlight_metal
0  0.000000 0.921430 1.226443  0.000000 0.657141 0.753767  0.879480 0.579554 0
0  0.417089 1.006942 1.226443  0.246168 0.594303 0.765641  0.831951 0.606727 0
0  0.000000 1.089906 1.226443  0.000000 0.643270 0.765640  0.864467 0.562702 0
porchlight_metal
0  0.424488 1.024804 1.073863  0.285560 0.689401 -0.665719  0.814735 0.596343 0
0  0.784351 0.784351 1.160521  0.700169 0.700170 0.139734  0.800064 0.651100 0
0  0.784351 0.784351 1.073863  0.527644 0.527645 -0.665719  0.789589 0.646997 0
porchlight_metal
0  0.352616 0.851290 1.226444  0.251477 0.607120 0.753767  0.850460 0.617992 0
0  0.770680 0.770680 1.226444  0.454860 0.454861 0.765639  0.808358 0.654250 0
0  0.417089 1.006942 1.226443  0.246168 0.594303 0.765641  0.831951 0.606727 0
porchlight_metal
0  0.651549 0.651549 1.226444  0.464669 0.464669 0.753767  0.829595 0.662514 0
0  1.006941 0.417089 1.226444  0.594303 0.246168 0.765640  0.793785 0.705227 0
0  0.770680 0.770680 1.226444  0.454860 0.454861 0.765639  0.808358 0.654250 0
porchlight_metal
0  0.851290 0.352616 1.226444  0.607119 0.251477 0.753767  0.814861 0.709409 0
0  1.089906 0.000000 1.226444  0.643269 0.000000 0.765640  0.788248 0.757984 0
0  1.006941 0.417089 1.226444  0.594303 0.246168 0.765640  0.793785 0.705227 0
porchlight_metal
0  0.784351 0.784351 1.073863  0.527644 0.527645 -0.665719  0.789589 0.646997 0
0  1.024804 0.424488 1.160521  0.914815 0.378928 0.139735  0.785044 0.703580 0
0  1.024804 0.424488 1.073863  0.689402 0.285559 -0.665719  0.773992 0.701383 0
porchlight_metal
0  0.784351 -0.784351 1.073863  0.527645 -0.527645 -0.665719  0.786518 0.872520 0
0  0.424488 -1.024803 1.160521  0.378929 -0.914815 0.139736  0.821474 0.920503 0
0  0.424488 -1.024803 1.073863  0.285559 -0.689402 -0.665719  0.811086 0.926307 0
porchlight_metal
0  -0.651549 0.651549 1.073863  -0.000000 0.000000 -1.000000  0.805451 0.328829 0
0  -1.024804 0.424488 1.073863  -0.689401 0.285560 -0.665719  0.837025 0.307732 0
0  -0.784351 0.784351 1.073863  -0.527645 0.527645 -0.665719  0.805451 0.328829 0
porchlight_metal
0  1.024804 0.424488 1.073863  0.689402 0.285559 -0.665719  0.773992 0.701383 0
0  1.109240 0.000000 1.160521  0.990189 0.000000 0.139735  0.779274 0.757941 0
0  1.109240 0.000000 1.073863  0.746202 -0.000000 -0.665719  0.767888 0.757732 0
porchlight_metal
0  1.109240 0.000000 1.073863  0.746202 -0.000000 -0.665719  0.767888 0.757732 0
0  1.024804 -0.424487 1.160521  0.914815 -0.378929 0.139735  0.783478 0.813538 0
0  1.024804 -0.424487 1.073863  0.689401 -0.285560 -0.665719  0.772013 0.815387 0
porchlight_metal
0  -0.651549 -0.651549 1.073863  0.000000 -0.000000 -1.000000  0.943088 0.328829 0
0  -0.424488 -1.024803 1.073863  -0.285559 -0.689402 -0.665719  0.964185 0.360403 0
0  -0.784351 -0.784351 1.073863  -0.527645 -0.527645 -0.665719  0.943088 0.328829 0
porchlight_metal
0  0.851290 0.352616 1.073863  -0.000000 -0.000000 -1.000000  0.837025 0.487562 0
0  0.784351 0.784351 1.073863  0.527644 0.527645 -0.665719  0.805451 0.466465 0
0  1.024804 0.424488 1.073863  0.689402 0.285559 -0.665719  0.837025 0.487562 0
porchlight_metal
0  0.424488 -1.024803 1.073863  0.285559 -0.689402 -0.665719  0.811086 0.926307 0
0  -0.000000 -1.109239 1.160521  0.000000 -0.990189 0.139736  0.854811 0.969647 0
0  -0.000000 -1.109239 1.073863  0.000000 -0.746203 -0.665719  0.844657 0.976497 0
porchlight_metal
0  0.651549 -0.651549 1.073863  -0.000001 0.000000 -1.000000  0.943088 0.466465 0
0  1.024804 -0.424487 1.073863  0.689401 -0.285560 -0.665719  0.911514 0.487562 0
0  0.784351 -0.784351 1.073863  0.527645 -0.527645 -0.665719  0.943088 0.466465 0
porchlight_metal
0  -0.000000 -1.109239 1.073863  0.000000 -0.746203 -0.665719  0.911082 0.976497 0
0  -0.424488 -1.024803 1.160521  -0.378929 -0.914815 0.139735  0.934726 0.924439 0
0  -0.424488 -1.024803 1.073863  -0.285559 -0.689402 -0.665719  0.944312 0.930265 0
porchlight_metal
0  -0.352616 0.851290 1.073863  -0.000000 -0.000001 -1.000000  0.784354 0.360403 0
0  -0.784351 0.784351 1.073863  -0.527645 0.527645 -0.665719  0.805451 0.328829 0
0  -0.424488 1.024804 1.073863  -0.285560 0.689401 -0.665719  0.784354 0.360403 0
porchlight_metal
0  -0.424488 -1.024803 1.073863  -0.285559 -0.689402 -0.665719  0.944312 0.930265 0
0  -0.784351 -0.784351 1.160521  -0.700169 -0.700170 0.139735  0.958984 0.875508 0
0  -0.784351 -0.784351 1.073863  -0.527645 -0.527645 -0.665719  0.969459 0.879610 0
porchlight_metal
0  -0.851290 -0.352616 1.073863  0.000000 -0.000000 -1.000000  0.911514 0.307732 0
0  -0.784351 -0.784351 1.073863  -0.527645 -0.527645 -0.665719  0.943088 0.328829 0
0  -1.024804 -0.424487 1.073863  -0.689401 -0.285559 -0.665719  0.911514 0.307732 0
porchlight_metal
0  0.921430 0.000000 1.073863  -0.000000 -0.000000 -1.000000  0.874270 0.494971 0
0  1.024804 0.424488 1.073863  0.689402 0.285559 -0.665719  0.837025 0.487562 0
0  1.109240 0.000000 1.073863  0.746202 -0.000000 -0.665719  0.874270 0.494971 0
porchlight_metal
0  -0.651549 -0.651549 1.226444  -0.464669 -0.464669 0.753767  0.929453 0.864093 0
0  -1.006941 -0.417089 1.226444  -0.594303 -0.246168 0.765641  0.965263 0.821380 0
0  -0.770680 -0.770679 1.226444  -0.454860 -0.454860 0.765640  0.950689 0.872357 0
porchlight_metal
0  0.366905 -0.308857 4.277216  1.000000 -0.000000 0.000000  0.447317 0.235825 0
0  0.338976 -1.042668 4.136808  0.923879 -0.000000 -0.382684  0.420067 0.453828 0
0  0.338976 -0.308858 4.136808  0.923881 -0.000000 -0.382681  0.420067 0.235825 0
porchlight_metal
0  0.338976 -0.308858 4.136808  0.923881 -0.000000 -0.382681  0.420067 0.235825 0
0  0.259441 -1.042668 4.017775  0.707107 -0.000000 -0.707107  0.392816 0.453828 0
0  0.259441 -0.308858 4.017775  0.707108 -0.000000 -0.707105  0.392816 0.235825 0
porchlight_metal
0  0.259441 -0.308858 4.017775  0.707108 -0.000000 -0.707105  0.392816 0.235825 0
0  0.140408 -1.042668 3.938240  0.382682 -0.000000 -0.923880  0.365566 0.453828 0
0  0.140409 -0.308858 3.938240  0.382682 -0.000000 -0.923880  0.365566 0.235825 0
porchlight_metal
0  0.140409 -0.308858 3.938240  0.382682 -0.000000 -0.923880  0.365566 0.235825 0
0  -0.000000 -1.042668 3.910311  0.000000 -0.000000 -1.000000  0.338316 0.453828 0
0  -0.000000 -0.308858 3.910311  0.000000 -0.000000 -1.000000  0.338316 0.235825 0
porchlight_metal
0  -0.000000 -0.308858 3.910311  0.000000 -0.000000 -1.000000  0.338316 0.235825 0
0  -0.140409 -1.042668 3.938240  -0.382682 0.000000 -0.923880  0.311065 0.453828 0
0  -0.140409 -0.308858 3.938240  -0.382682 0.000000 -0.923880  0.311065 0.235825 0
porchlight_metal
0  -0.140409 -0.308858 3.938240  -0.382682 0.000000 -0.923880  0.311065 0.235825 0
0  -0.259441 -1.042668 4.017775  -0.707108 0.000000 -0.707105  0.283815 0.453828 0
0  -0.259441 -0.308858 4.017775  -0.707107 0.000000 -0.707107  0.283815 0.235825 0
porchlight_metal
0  -0.259441 -0.308858 4.017775  -0.707107 0.000000 -0.707107  0.283815 0.235825 0
0  -0.338976 -1.042668 4.136808  -0.923880 0.000000 -0.382681  0.256564 0.453828 0
0  -0.338976 -0.308857 4.136808  -0.923880 0.000000 -0.382683  0.256564 0.235825 0
porchlight_metal
0  -0.338976 -0.308857 4.136808  -0.923880 0.000000 -0.382683  0.256564 0.235825 0
0  -0.366905 -1.042668 4.277216  -1.000000 0.000000 -0.000000  0.229314 0.453828 0
0  -0.366905 -0.308857 4.277216  -1.000000 0.000000 -0.000000  0.229314 0.235825 0
porchlight_metal
0  -0.366905 -0.308857 4.277216  -1.000000 0.000000 -0.000000  0.229314 0.235825 0
0  -0.338976 -1.042668 4.417624  -0.923879 0.000000 0.382684  0.202063 0.453828 0
0  -0.338976 -0.308857 4.417624  -0.923880 0.000000 0.382683  0.202063 0.235825 0
porchlight_metal
0  -0.338976 -0.308857 4.417624  -0.923880 0.000000 0.382683  0.202063 0.235825 0
0  -0.259441 -1.042668 4.536657  -0.707107 0.000000 0.707106  0.174813 0.453828 0
0  -0.259441 -0.308857 4.536657  -0.707108 0.000000 0.707106  0.174813 0.235825 0
porchlight_metal
0  -0.259441 -0.308857 4.536657  -0.707108 0.000000 0.707106  0.174813 0.235825 0
0  -0.140409 -1.042668 4.616192  -0.382683 0.000000 0.923880  0.147563 0.453828 0
0  -0.140409 -0.308857 4.616192  -0.382686 0.000000 0.923879  0.147563 0.235825 0
porchlight_metal
0  -0.140409 -0.308857 4.616192  -0.382686 0.000000 0.923879  0.147563 0.235825 0
0  -0.000000 -1.042668 4.644121  0.000002 0.000000 1.000000  0.120312 0.453828 0
0  -0.000000 -0.308857 4.644121  -0.000002 0.000000 1.000000  0.120312 0.235825 0
porchlight_metal
0  -0.000000 -0.308857 4.644121  -0.000002 0.000000 1.000000  0.120312 0.235825 0
0  0.140408 -1.042668 4.616192  0.382685 -0.000000 0.923879  0.093062 0.453828 0
0  0.140409 -0.308857 4.616192  0.382684 -0.000000 0.923879  0.093062 0.235825 0
porchlight_metal
0  0.140409 -0.308857 4.616192  0.382684 -0.000000 0.923879  0.093062 0.235825 0
0  0.259441 -1.042668 4.536657  0.707108 -0.000000 0.707106  0.065811 0.453828 0
0  0.259441 -0.308857 4.536657  0.707107 -0.000000 0.707107  0.065811 0.235825 0
porchlight_metal
0  0.259441 -1.042668 4.017775  0.000000 -1.000000 0.000001  0.194305 0.181130 0
0  0.259441 -1.042668 4.536657  0.000000 -1.000000 0.000000  0.046319 0.181130 0
0  -0.259441 -1.042668 4.536657  -0.000000 -1.000000 0.000001  0.046319 0.033144 0
porchlight_metal
0  0.259441 -0.308857 4.536657  0.707107 -0.000000 0.707107  0.065811 0.235825 0
0  0.338976 -1.042668 4.417624  0.923880 -0.000000 0.382683  0.038561 0.453828 0
0  0.338976 -0.308857 4.417624  0.923879 -0.000000 0.382685  0.038561 0.235825 0
porchlight_metal
0  0.338976 -0.308857 4.417624  0.923879 -0.000000 0.382685  0.038561 0.235825 0
0  0.366905 -1.042668 4.277216  1.000000 -0.000000 -0.000001  0.011311 0.453828 0
0  0.366905 -0.308857 4.277216  1.000000 -0.000000 0.000000  0.011311 0.235825 0
porchlight_metal
0  0.881943 0.000000 2.075735  0.399733 -0.000000 -0.916631  0.113626 0.597109 0
0  0.782900 -0.324287 2.075735  0.607120 -0.251478 -0.753767  0.087962 0.594461 0
0  0.847405 0.000000 2.075735  0.657141 -0.000001 -0.753767  0.113655 0.594688 0
porchlight_metal
0  0.623628 0.623628 2.075735  0.282655 0.282654 -0.916631  0.165000 0.598082 0
0  0.782900 0.324288 2.075735  0.607119 0.251477 -0.753768  0.139288 0.595014 0
0  0.599206 0.599206 2.075735  0.464669 0.464669 -0.753767  0.165051 0.595436 0
porchlight_metal
0  0.337505 0.814809 2.075735  0.152969 0.369303 -0.916633  0.190631 0.598561 0
0  0.599206 0.599206 2.075735  0.464669 0.464669 -0.753767  0.165051 0.595436 0
0  0.324288 0.782901 2.075735  0.251477 0.607119 -0.753768  0.190632 0.596088 0
porchlight_metal
0  0.000000 0.881943 2.075735  0.000001 0.399731 -0.916632  0.215451 0.598154 0
0  0.324288 0.782901 2.075735  0.251477 0.607119 -0.753768  0.190632 0.596088 0
0  0.000000 0.847406 2.075735  0.000000 0.657141 -0.753768  0.214952 0.595872 0
porchlight_metal
0  0.335591 0.810190 7.364072  0.152974 0.369302 0.916632  0.182698 0.973263 0
0  0.000000 0.826554 7.364072  -0.000001 0.657141 0.753767  0.205450 0.982123 0
0  0.316308 0.763637 7.364072  0.251482 0.607118 0.753767  0.182077 0.976872 0
porchlight_metal
0  -0.337505 0.814809 2.075735  -0.152971 0.369301 -0.916633  0.245523 0.596893 0
0  0.000000 0.847406 2.075735  0.000000 0.657141 -0.753768  0.220995 0.593694 0
0  -0.324288 0.782901 2.075735  -0.251478 0.607119 -0.753767  0.245578 0.594401 0
porchlight_metal
0  -0.623628 0.623628 2.075735  -0.282652 0.282654 -0.916632  0.271223 0.597009 0
0  -0.324288 0.782901 2.075735  -0.251478 0.607119 -0.753767  0.245578 0.594401 0
0  -0.599206 0.599206 2.075735  -0.464670 0.464669 -0.753767  0.271230 0.594354 0
porchlight_metal
0  -0.814809 0.337505 2.075735  -0.369305 0.152970 -0.916632  0.297071 0.597002 0
0  -0.599206 0.599206 2.075735  -0.464670 0.464669 -0.753767  0.271230 0.594354 0
0  -0.782900 0.324288 2.075735  -0.607120 0.251477 -0.753767  0.297064 0.594460 0
porchlight_metal
0  -0.881943 0.000001 2.075735  -0.399733 0.000000 -0.916632  0.322728 0.597108 0
0  -0.782900 0.324288 2.075735  -0.607120 0.251477 -0.753767  0.297064 0.594460 0
0  -0.847405 0.000001 2.075735  -0.657141 0.000000 -0.753767  0.322757 0.594687 0
porchlight_metal
0  -0.814809 -0.337504 2.075735  -0.369298 -0.152972 -0.916634  0.348324 0.597548 0
0  -0.847405 0.000001 2.075735  -0.657141 0.000000 -0.753767  0.322757 0.594687 0
0  -0.782900 -0.324287 2.075735  -0.607119 -0.251478 -0.753768  0.348390 0.595013 0
porchlight_metal
0  -0.623628 -0.623627 2.075735  -0.282659 -0.282652 -0.916631  0.374102 0.598080 0
0  -0.782900 -0.324287 2.075735  -0.607119 -0.251478 -0.753768  0.348390 0.595013 0
0  -0.599206 -0.599205 2.075735  -0.464670 -0.464669 -0.753767  0.374153 0.595434 0
porchlight_metal
0  -0.000000 -0.881942 2.075735  0.000000 -0.399730 -0.916633  0.424553 0.598152 0
0  -0.324288 -0.782900 2.075735  -0.251477 -0.607120 -0.753767  0.399734 0.596086 0
0  -0.000000 -0.847404 2.075735  0.000000 -0.657142 -0.753767  0.424054 0.595869 0
porchlight_metal
0  0.337505 -0.814808 2.075735  0.152969 -0.369303 -0.916633  0.036421 0.596893 0
0  -0.000000 -0.847404 2.075735  0.000000 -0.657142 -0.753767  0.011892 0.593694 0
0  0.324288 -0.782900 2.075735  0.251477 -0.607120 -0.753767  0.036476 0.594401 0
porchlight_metal
0  0.623628 -0.623627 2.075735  0.282650 -0.282654 -0.916633  0.062121 0.597009 0
0  0.324288 -0.782900 2.075735  0.251477 -0.607120 -0.753767  0.036476 0.594401 0
0  0.599206 -0.599205 2.075735  0.464671 -0.464669 -0.753766  0.062128 0.594354 0
porchlight_metal
0  0.814809 -0.337504 2.075735  0.369307 -0.152970 -0.916631  0.087969 0.597003 0
0  0.599206 -0.599205 2.075735  0.464671 -0.464669 -0.753766  0.062128 0.594354 0
0  0.782900 -0.324287 2.075735  0.607120 -0.251478 -0.753767  0.087962 0.594461 0
porchlight_metal
0  0.335591 -0.810186 7.364072  0.152971 -0.369302 0.916633  0.037871 0.972837 0
0  0.584461 -0.584459 7.364072  0.464669 -0.464670 0.753767  0.062650 0.973517 0
0  0.316308 -0.763633 7.364072  0.251476 -0.607120 0.753767  0.038457 0.976533 0
porchlight_metal
0  0.826552 0.000002 7.364072  0.657141 0.000001 0.753767  0.110736 0.971684 0
0  0.763635 -0.316306 7.480569  0.923880 -0.382682 0.000000  0.087137 0.980769 0
0  0.763635 -0.316306 7.364072  0.607128 -0.251475 0.753761  0.086742 0.972365 0
porchlight_metal
0  0.763635 -0.316306 7.364072  0.607128 -0.251475 0.753761  0.086742 0.972365 0
0  0.584461 -0.584459 7.480569  0.707107 -0.707107 0.000000  0.063522 0.982013 0
0  0.584461 -0.584459 7.364072  0.464669 -0.464670 0.753767  0.062650 0.973517 0
porchlight_metal
0  0.584461 -0.584459 7.364072  0.464669 -0.464670 0.753767  0.062650 0.973517 0
0  0.316308 -0.763633 7.480569  0.382683 -0.923880 0.000000  0.039960 0.985198 0
0  0.316308 -0.763633 7.364072  0.251476 -0.607120 0.753767  0.038457 0.976533 0
porchlight_metal
0  0.316308 -0.763633 7.364072  0.251476 -0.607120 0.753767  0.038457 0.976533 0
0  -0.000000 -0.826551 7.480569  -0.000001 -1.000000 0.000000  0.016207 0.990049 0
0  -0.000000 -0.826551 7.364072  0.000001 -0.657141 0.753767  0.014455 0.981469 0
porchlight_metal
0  -0.000000 -0.826551 7.364072  0.000001 -0.657141 0.753767  0.414555 0.982121 0
0  -0.316308 -0.763633 7.480569  -0.382683 -0.923880 0.000000  0.389828 0.985146 0
0  -0.316308 -0.763633 7.364072  -0.251477 -0.607120 0.753767  0.391182 0.976871 0
porchlight_metal
0  -0.316308 -0.763633 7.364072  -0.251477 -0.607120 0.753767  0.391182 0.976871 0
0  -0.584461 -0.584459 7.480569  -0.707109 -0.707105 0.000000  0.366809 0.982017 0
0  -0.584461 -0.584459 7.364072  -0.464674 -0.464667 0.753766  0.367523 0.973660 0
porchlight_metal
0  -0.584461 -0.584459 7.364072  -0.464674 -0.464667 0.753766  0.367523 0.973660 0
0  -0.763635 -0.316306 7.480569  -0.923880 -0.382682 0.000000  0.343443 0.980766 0
0  -0.763635 -0.316306 7.364072  -0.607124 -0.251476 0.753764  0.343723 0.972426 0
porchlight_metal
0  -0.763635 -0.316306 7.364072  -0.607124 -0.251476 0.753764  0.343723 0.972426 0
0  -0.826552 0.000002 7.480569  -1.000000 -0.000002 -0.000000  0.319910 0.980127 0
0  -0.826552 0.000002 7.364072  -0.657141 -0.000001 0.753768  0.319840 0.971683 0
porchlight_metal
0  -0.826552 0.000002 7.364072  -0.657141 -0.000001 0.753768  0.319840 0.971683 0
0  -0.763635 0.316310 7.480569  -0.923880 0.382682 -0.000000  0.296242 0.980768 0
0  -0.763635 0.316310 7.364072  -0.607114 0.251478 0.753771  0.295847 0.972364 0
porchlight_metal
0  -0.763635 0.316310 7.364072  -0.607114 0.251478 0.753771  0.295847 0.972364 0
0  -0.584461 0.584463 7.480569  -0.707108 0.707105 0.000000  0.272627 0.982012 0
0  -0.584461 0.584463 7.364072  -0.464678 0.464667 0.753764  0.271755 0.973516 0
porchlight_metal
0  -0.584461 0.584463 7.364072  -0.464678 0.464667 0.753764  0.271755 0.973516 0
0  -0.316308 0.763637 7.480569  -0.382682 0.923880 0.000000  0.249065 0.985197 0
0  -0.316308 0.763637 7.364072  -0.251474 0.607120 0.753767  0.247562 0.976532 0
porchlight_metal
0  -0.316308 0.763637 7.364072  -0.251474 0.607120 0.753767  0.247562 0.976532 0
0  0.000000 0.826554 7.480569  0.000001 1.000000 0.000000  0.225313 0.990048 0
0  0.000000 0.826554 7.364072  -0.000001 0.657141 0.753767  0.223560 0.981468 0
porchlight_metal
0  0.000000 0.826554 7.364072  -0.000001 0.657141 0.753767  0.205450 0.982123 0
0  0.316308 0.763637 7.480569  0.382685 0.923879 0.000000  0.180723 0.985147 0
0  0.316308 0.763637 7.364072  0.251482 0.607118 0.753767  0.182077 0.976872 0
porchlight_metal
0  0.316308 0.763637 7.364072  0.251482 0.607118 0.753767  0.182077 0.976872 0
0  0.584461 0.584463 7.480569  0.707106 0.707107 0.000000  0.157704 0.982018 0
0  0.584461 0.584463 7.364072  0.464664 0.464671 0.753769  0.158418 0.973661 0
porchlight_metal
0  0.584461 0.584463 7.364072  0.464664 0.464671 0.753769  0.158418 0.973661 0
0  0.763635 0.316310 7.480569  0.923880 0.382683 0.000000  0.134338 0.980767 0
0  0.763635 0.316310 7.364072  0.607118 0.251477 0.753768  0.134618 0.972427 0
porchlight_metal
0  0.763635 0.316310 7.364072  0.607118 0.251477 0.753768  0.134618 0.972427 0
0  0.826552 0.000002 7.480569  1.000000 0.000001 0.000000  0.110805 0.980128 0
0  0.826552 0.000002 7.364072  0.657141 0.000001 0.753767  0.110736 0.971684 0
porchlight_metal
0  -0.352616 0.851291 2.210374  -0.382392 0.923176 -0.039012  0.245352 0.607492 0
0  0.000000 0.921431 7.212379  -0.000000 0.999239 0.039012  0.219061 0.965959 0
0  0.000000 0.921430 2.210374  0.000000 0.999239 -0.039011  0.219510 0.606653 0
porchlight_metal
0  -0.651549 0.651550 2.210374  -0.706569 0.706568 -0.039012  0.271200 0.607682 0
0  -0.352616 0.851292 7.212379  -0.382393 0.923176 0.039012  0.245191 0.961173 0
0  -0.352616 0.851291 2.210374  -0.382392 0.923176 -0.039012  0.245352 0.607492 0
porchlight_metal
0  -0.851290 0.352616 2.210374  -0.923176 0.382393 -0.039012  0.297022 0.607685 0
0  -0.651549 0.651551 7.212379  -0.706569 0.706568 0.039012  0.270496 0.958588 0
0  -0.651549 0.651550 2.210374  -0.706569 0.706568 -0.039012  0.271200 0.607682 0
porchlight_metal
0  -0.921430 0.000001 2.210374  -0.999239 0.000000 -0.039012  0.322627 0.607761 0
0  -0.851290 0.352618 7.212379  -0.923176 0.382394 0.039012  0.295298 0.957250 0
0  -0.851290 0.352616 2.210374  -0.923176 0.382393 -0.039012  0.297022 0.607685 0
porchlight_metal
0  -0.851290 -0.352615 2.210374  -0.923176 -0.382392 -0.039012  0.348158 0.608172 0
0  -0.921430 0.000002 7.212379  -0.999239 0.000000 0.039012  0.319880 0.956952 0
0  -0.921430 0.000001 2.210374  -0.999239 0.000000 -0.039012  0.322627 0.607761 0
porchlight_metal
0  -0.651549 -0.651549 2.210374  -0.706569 -0.706568 -0.039011  0.373905 0.608736 0
0  -0.851290 -0.352614 7.212379  -0.923177 -0.382391 0.039012  0.344353 0.957443 0
0  -0.851290 -0.352615 2.210374  -0.923176 -0.382392 -0.039012  0.348158 0.608172 0
porchlight_metal
0  -0.352616 -0.851289 2.210374  -0.382393 -0.923176 -0.039011  0.399709 0.609073 0
0  -0.651549 -0.651547 7.212379  -0.706568 -0.706569 0.039012  0.368875 0.958966 0
0  -0.651549 -0.651549 2.210374  -0.706569 -0.706568 -0.039011  0.373905 0.608736 0
porchlight_metal
0  -0.000000 -0.921429 2.210374  -0.000000 -0.999239 -0.039012  0.425314 0.608748 0
0  -0.352616 -0.851288 7.212379  -0.382392 -0.923176 0.039013  0.393693 0.961832 0
0  -0.352616 -0.851289 2.210374  -0.382393 -0.923176 -0.039011  0.399709 0.609073 0
porchlight_metal
0  -1.360844 1.360844 0.204963  0.000000 1.000000 -0.000000  0.776019 0.132988 0
0  1.360844 1.360844 1.126393  0.000000 1.000000 -0.000000  0.944991 0.190193 0
0  1.360844 1.360844 0.204963  0.000000 1.000000 -0.000000  0.944991 0.132988 0
porchlight_metal
0  1.360844 1.360844 0.204963  1.000000 -0.000000 0.000000  0.776019 0.132988 0
0  1.360844 -1.360844 1.126394  1.000000 -0.000000 0.000000  0.944991 0.190193 0
0  1.360844 -1.360844 0.204964  1.000000 -0.000000 0.000000  0.944991 0.132988 0
porchlight_metal
0  1.360844 -1.360844 0.204964  -0.000000 -1.000000 0.000000  0.944991 0.132988 0
0  -1.360844 -1.360844 1.126394  -0.000000 -1.000000 0.000000  0.776019 0.190193 0
0  -1.360844 -1.360844 0.204964  -0.000000 -1.000000 0.000000  0.776019 0.132988 0
porchlight_metal
0  -1.360844 -1.360844 0.204964  -1.000000 0.000000 -0.000000  0.944991 0.132988 0
0  -1.360844 1.360844 1.126393  -1.000000 0.000000 -0.000000  0.776019 0.190193 0
0  -1.360844 1.360844 0.204963  -1.000000 0.000000 -0.000000  0.776019 0.132988 0
porchlight_metal
0  1.360844 -1.360844 1.126394  -0.000000 0.000000 1.000000  0.944991 0.227672 0
0  -1.360844 1.360844 1.126393  -0.000000 0.000000 1.000000  0.776019 0.058701 0
0  -1.360844 -1.360844 1.126394  -0.000000 0.000000 1.000000  0.944991 0.058701 0
porchlight_metal
0  -1.360844 -1.360844 0.204964  -0.000000 0.000000 1.000000  0.944991 0.058701 0
0  -2.181267 2.181267 0.204963  0.000000 0.000000 1.000000  0.725084 0.007766 0
0  -2.181267 -2.181267 0.204964  -0.000000 0.000000 1.000000  0.995925 0.007766 0
porchlight_metal
0  1.360844 1.360844 0.204963  -0.000000 0.000000 1.000000  0.776019 0.227672 0
0  2.181267 -2.181267 0.204964  -0.000000 0.000000 1.000000  0.995925 0.278607 0
0  2.181267 2.181267 0.204963  0.000000 0.000000 1.000000  0.725084 0.278607 0
porchlight_metal
0  -2.181267 -2.181267 0.050155  -1.000000 -0.000000 0.000000  0.995925 0.123377 0
0  -2.181267 2.181267 0.204963  -1.000000 -0.000000 0.000000  0.725084 0.132988 0
0  -2.181267 2.181267 0.050154  -1.000000 0.000000 0.000000  0.725084 0.123377 0
porchlight_metal
0  2.181267 -2.181267 0.050155  0.000000 -1.000000 0.000000  0.995925 0.123377 0
0  -2.181267 -2.181267 0.204964  0.000000 -1.000000 0.000000  0.725084 0.132988 0
0  -2.181267 -2.181267 0.050155  0.000000 -1.000000 0.000000  0.725084 0.123377 0
porchlight_metal
0  2.181267 2.181267 0.050154  1.000000 -0.000000 0.000000  0.725084 0.123377 0
0  2.181267 -2.181267 0.204964  1.000000 0.000000 0.000000  0.995925 0.132988 0
0  2.181267 -2.181267 0.050155  1.000000 0.000000 0.000000  0.995925 0.123377 0
porchlight_metal
0  -2.181267 2.181267 0.050154  0.000000 1.000000 0.000000  0.725084 0.123377 0
0  2.181267 2.181267 0.204963  0.000000 1.000000 0.000000  0.995925 0.132988 0
0  2.181267 2.181267 0.050154  0.000000 1.000000 0.000000  0.995925 0.123377 0
porchlight_metal
0  -1.360844 1.360844 0.204963  0.000000 0.000000 1.000000  0.776019 0.058701 0
0  2.181267 2.181267 0.204963  0.000000 0.000000 1.000000  0.725084 0.278607 0
0  -2.181267 2.181267 0.204963  0.000000 0.000000 1.000000  0.725084 0.007766 0
porchlight_metal
0  1.360844 -1.360844 0.204964  -0.000000 0.000000 1.000000  0.944991 0.227672 0
0  -2.181267 -2.181267 0.204964  -0.000000 0.000000 1.000000  0.995925 0.007766 0
0  2.181267 -2.181267 0.204964  -0.000000 0.000000 1.000000  0.995925 0.278607 0
porchlight_metal
0  -2.181267 2.181267 0.050154  0.000000 -0.000000 -1.000000  0.725084 0.007766 0
0  2.181267 -2.181267 0.050155  0.000000 -0.000000 -1.000000  0.995925 0.278607 0
0  -2.181267 -2.181267 0.050155  0.000000 -0.000000 -1.000000  0.995925 0.007766 0
porchlight_metal
0  -0.000000 0.000002 7.480568  -0.000000 -0.000000 1.000000  0.621429 0.595480 0
0  0.763635 -0.316306 7.480569  -0.000001 0.000001 1.000000  0.719205 0.554980 0
0  0.826552 0.000002 7.480569  -0.000002 0.000000 1.000000  0.728640 0.602412 0
porchlight_metal
0  -0.000000 0.000002 7.480568  -0.000000 -0.000000 1.000000  0.617503 0.589604 0
0  0.584461 -0.584459 7.480569  -0.000000 0.000001 1.000000  0.692338 0.514770 0
0  0.763635 -0.316306 7.480569  -0.000001 0.000001 1.000000  0.719205 0.554980 0
porchlight_metal
0  -0.000000 0.000002 7.480568  -0.000000 -0.000000 1.000000  0.611627 0.585678 0
0  0.316308 -0.763633 7.480569  -0.000001 0.000002 1.000000  0.652127 0.487902 0
0  0.584461 -0.584459 7.480569  -0.000000 0.000001 1.000000  0.692338 0.514770 0
porchlight_metal
0  -0.000000 0.000002 7.480568  -0.000000 -0.000000 1.000000  0.604696 0.584300 0
0  -0.000000 -0.826551 7.480569  0.000000 0.000002 1.000000  0.604696 0.478467 0
0  0.316308 -0.763633 7.480569  -0.000001 0.000002 1.000000  0.652127 0.487902 0
porchlight_metal
0  -0.000000 0.000002 7.480568  -0.000000 -0.000000 1.000000  0.610210 0.892292 0
0  -0.316308 -0.763633 7.480569  0.000001 0.000002 1.000000  0.650710 0.990068 0
0  -0.000000 -0.826551 7.480569  0.000000 0.000002 1.000000  0.603279 0.999503 0
porchlight_metal
0  -0.000000 0.000002 7.480568  -0.000000 -0.000000 1.000000  0.616086 0.888366 0
0  -0.584461 -0.584459 7.480569  0.000000 0.000001 1.000000  0.690921 0.963200 0
0  -0.316308 -0.763633 7.480569  0.000001 0.000002 1.000000  0.650710 0.990068 0
porchlight_metal
0  -0.000000 0.000002 7.480568  -0.000000 -0.000000 1.000000  0.620012 0.882490 0
0  -0.763635 -0.316306 7.480569  0.000001 0.000001 1.000000  0.717789 0.922990 0
0  -0.584461 -0.584459 7.480569  0.000000 0.000001 1.000000  0.690921 0.963200 0
porchlight_metal
0  -0.000000 0.000002 7.480568  -0.000000 -0.000000 1.000000  0.621391 0.875558 0
0  -0.826552 0.000002 7.480569  0.000002 -0.000000 1.000000  0.727223 0.875558 0
0  -0.763635 -0.316306 7.480569  0.000001 0.000001 1.000000  0.717789 0.922990 0
porchlight_metal
0  -0.000000 0.000002 7.480568  -0.000000 -0.000000 1.000000  0.620012 0.868627 0
0  -0.763635 0.316310 7.480569  0.000001 -0.000001 1.000000  0.717789 0.828127 0
0  -0.826552 0.000002 7.480569  0.000002 -0.000000 1.000000  0.727223 0.875558 0
porchlight_metal
0  -0.000000 0.000002 7.480568  -0.000000 -0.000000 1.000000  0.616086 0.862751 0
0  -0.584461 0.584463 7.480569  0.000000 -0.000001 1.000000  0.690921 0.787917 0
0  -0.763635 0.316310 7.480569  0.000001 -0.000001 1.000000  0.717789 0.828127 0
porchlight_metal
0  -0.000000 0.000002 7.480568  -0.000000 -0.000000 1.000000  0.610210 0.858825 0
0  -0.316308 0.763637 7.480569  0.000001 -0.000002 1.000000  0.650710 0.761049 0
0  -0.584461 0.584463 7.480569  0.000000 -0.000001 1.000000  0.690921 0.787917 0
porchlight_metal
0  -0.000000 0.000002 7.480568  -0.000000 -0.000000 1.000000  0.603279 0.857446 0
0  0.000000 0.826554 7.480569  0.000000 -0.000002 1.000000  0.603279 0.751614 0
0  -0.316308 0.763637 7.480569  0.000001 -0.000002 1.000000  0.650710 0.761049 0
porchlight_metal
0  -0.000000 0.000002 7.480568  -0.000000 -0.000000 1.000000  0.611627 0.619145 0
0  0.316308 0.763637 7.480569  -0.000001 -0.000002 1.000000  0.652127 0.716921 0
0  0.000000 0.826554 7.480569  0.000000 -0.000002 1.000000  0.604696 0.726356 0
porchlight_metal
0  -0.000000 0.000002 7.480568  -0.000000 -0.000000 1.000000  0.617503 0.615219 0
0  0.584461 0.584463 7.480569  -0.000000 -0.000001 1.000000  0.692338 0.690053 0
0  0.316308 0.763637 7.480569  -0.000001 -0.000002 1.000000  0.652127 0.716921 0
porchlight_metal
0  -0.000000 0.000002 7.480568  -0.000000 -0.000000 1.000000  0.621429 0.609343 0
0  0.763635 0.316310 7.480569  -0.000001 -0.000001 1.000000  0.719205 0.649843 0
0  0.584461 0.584463 7.480569  -0.000000 -0.000001 1.000000  0.692338 0.690053 0
porchlight_metal
0  -0.000000 0.000002 7.480568  -0.000000 -0.000000 1.000000  0.622808 0.602412 0
0  0.826552 0.000002 7.480569  -0.000002 0.000000 1.000000  0.728640 0.602412 0
0  0.763635 0.316310 7.480569  -0.000001 -0.000001 1.000000  0.719205 0.649843 0
porchlight_metal
0  1.089906 0.000000 1.226444  0.643269 0.000000 0.765640  0.788248 0.757984 0
0  1.024804 -0.424487 1.160521  0.914815 -0.378929 0.139735  0.783478 0.813538 0
0  1.109240 0.000000 1.160521  0.990189 0.000000 0.139735  0.779274 0.757941 0
porchlight_metal
0  1.006941 -0.417089 1.226444  0.594303 -0.246168 0.765640  0.792500 0.811957 0
0  0.784351 -0.784351 1.160521  0.700170 -0.700169 0.139735  0.797604 0.868651 0
0  1.024804 -0.424487 1.160521  0.914815 -0.378929 0.139735  0.783478 0.813538 0
porchlight_metal
0  0.770680 -0.770679 1.226444  0.454861 -0.454860 0.765640  0.806313 0.865501 0
0  0.424488 -1.024803 1.160521  0.378929 -0.914815 0.139736  0.821474 0.920503 0
0  0.784351 -0.784351 1.160521  0.700170 -0.700169 0.139735  0.797604 0.868651 0
porchlight_metal
0  0.417089 -1.006941 1.226444  0.246168 -0.594303 0.765641  0.829497 0.915947 0
0  -0.000000 -1.109239 1.160521  0.000000 -0.990189 0.139736  0.854811 0.969647 0
0  0.424488 -1.024803 1.160521  0.378929 -0.914815 0.139736  0.821474 0.920503 0
porchlight_metal
0  -0.000000 -1.089905 1.226444  0.000000 -0.643268 0.765641  0.894580 0.963905 0
0  -0.424488 -1.024803 1.160521  -0.378929 -0.914815 0.139735  0.934726 0.924439 0
0  -0.000000 -1.109239 1.160521  0.000000 -0.990189 0.139736  0.901825 0.969843 0
porchlight_metal
0  -0.417089 -1.006941 1.226444  -0.246169 -0.594303 0.765640  0.927097 0.919880 0
0  -0.784351 -0.784351 1.160521  -0.700169 -0.700170 0.139735  0.958984 0.875508 0
0  -0.424488 -1.024803 1.160521  -0.378929 -0.914815 0.139735  0.934726 0.924439 0
porchlight_metal
0  -0.770680 -0.770679 1.226444  -0.454860 -0.454860 0.765640  0.950689 0.872357 0
0  -1.024804 -0.424487 1.160521  -0.914815 -0.378929 0.139735  0.974003 0.823027 0
0  -0.784351 -0.784351 1.160521  -0.700169 -0.700170 0.139735  0.958984 0.875508 0
porchlight_metal
0  -1.006941 -0.417089 1.226444  -0.594303 -0.246168 0.765641  0.965263 0.821380 0
0  -1.109240 0.000000 1.160521  -0.990189 0.000000 0.139735  0.979773 0.768666 0
0  -1.024804 -0.424487 1.160521  -0.914815 -0.378929 0.139735  0.974003 0.823027 0
porchlight_metal
0  -1.089906 0.000000 1.226444  -0.643269 0.000000 0.765640  0.970800 0.768624 0
0  -1.024804 0.424488 1.160521  -0.914815 0.378929 0.139735  0.975570 0.713069 0
0  -1.109240 0.000000 1.160521  -0.990189 0.000000 0.139735  0.979773 0.768666 0
porchlight_metal
0  -1.006941 0.417089 1.226444  -0.594303 0.246169 0.765640  0.966548 0.714651 0
0  -0.784351 0.784351 1.160521  -0.700169 0.700169 0.139734  0.961443 0.657956 0
0  -1.024804 0.424488 1.160521  -0.914815 0.378929 0.139735  0.975570 0.713069 0
porchlight_metal
0  -0.770680 0.770680 1.226444  -0.454860 0.454860 0.765639  0.952734 0.661106 0
0  -0.424488 1.024804 1.160521  -0.378929 0.914815 0.139735  0.937573 0.606104 0
0  -0.784351 0.784351 1.160521  -0.700169 0.700169 0.139734  0.961443 0.657956 0
porchlight_metal
0  -0.417089 1.006942 1.226443  -0.246169 0.594303 0.765640  0.929551 0.610660 0
0  0.000000 1.109240 1.160521  0.000000 0.990189 0.139735  0.904237 0.556960 0
0  -0.424488 1.024804 1.160521  -0.378929 0.914815 0.139735  0.937573 0.606104 0
porchlight_metal
0  0.000000 1.089906 1.226443  0.000000 0.643270 0.765640  0.864467 0.562702 0
0  0.424488 1.024804 1.160521  0.378929 0.914815 0.139736  0.824322 0.602168 0
0  0.000000 1.109240 1.160521  0.000000 0.990189 0.139735  0.857222 0.556764 0
porchlight_metal
0  0.417089 1.006942 1.226443  0.246168 0.594303 0.765641  0.831951 0.606727 0
0  0.784351 0.784351 1.160521  0.700169 0.700170 0.139734  0.800064 0.651100 0
0  0.424488 1.024804 1.160521  0.378929 0.914815 0.139736  0.824322 0.602168 0
porchlight_metal
0  0.770680 0.770680 1.226444  0.454860 0.454861 0.765639  0.808358 0.654250 0
0  1.024804 0.424488 1.160521  0.914815 0.378928 0.139735  0.785044 0.703580 0
0  0.784351 0.784351 1.160521  0.700169 0.700170 0.139734  0.800064 0.651100 0
porchlight_metal
0  1.006941 0.417089 1.226444  0.594303 0.246168 0.765640  0.793785 0.705227 0
0  1.109240 0.000000 1.160521  0.990189 0.000000 0.139735  0.779274 0.757941 0
0  1.024804 0.424488 1.160521  0.914815 0.378928 0.139735  0.785044 0.703580 0
porchlight_metal
0  1.024804 -0.424487 1.073863  0.689401 -0.285560 -0.665719  0.772013 0.815387 0
0  0.784351 -0.784351 1.160521  0.700170 -0.700169 0.139735  0.797604 0.868651 0
0  0.784351 -0.784351 1.073863  0.527645 -0.527645 -0.665719  0.786518 0.872520 0
porchlight_metal
0  0.814809 0.337505 1.970275  0.369298 0.152969 0.916635  0.139281 0.584608 0
0  0.901686 0.000000 1.952237  0.857259 -0.000000 0.514886  0.113646 0.582351 0
0  0.833049 0.345061 1.952237  0.792004 0.328059 0.514885  0.139315 0.582608 0
porchlight_metal
0  0.833049 0.345061 1.952237  0.792004 0.328059 0.514885  0.139315 0.582608 0
0  0.916139 0.000000 1.902955  0.983920 0.000000 0.178610  0.113681 0.578558 0
0  0.846403 0.350592 1.902955  0.909023 0.376530 0.178611  0.139361 0.578812 0
porchlight_metal
0  0.846403 0.350592 1.902955  0.909023 0.376530 0.178611  0.139361 0.578812 0
0  0.921430 0.000000 1.835636  0.999239 0.000000 0.039012  0.113731 0.573672 0
0  0.851290 0.352616 1.835636  0.923176 0.382392 0.039012  0.139424 0.573920 0
porchlight_metal
0  0.623628 0.623628 1.970274  0.282649 0.282652 0.916634  0.165099 0.584941 0
0  0.833049 0.345061 1.952237  0.792004 0.328059 0.514885  0.139315 0.582608 0
0  0.637588 0.637589 1.952236  0.606171 0.606175 0.514887  0.165133 0.582960 0
porchlight_metal
0  0.637588 0.637589 1.952236  0.606171 0.606175 0.514887  0.165133 0.582960 0
0  0.846403 0.350592 1.902955  0.909023 0.376530 0.178611  0.139361 0.578812 0
0  0.647808 0.647809 1.902955  0.695736 0.695736 0.178612  0.165196 0.579166 0
porchlight_metal
0  0.647808 0.647809 1.902955  0.695736 0.695736 0.178612  0.165196 0.579166 0
0  0.851290 0.352616 1.835636  0.923176 0.382392 0.039012  0.139424 0.573920 0
0  0.651549 0.651550 1.835635  0.706568 0.706569 0.039011  0.165285 0.574273 0
porchlight_metal
0  0.337505 0.814809 1.970274  0.152971 0.369301 0.916633  0.190734 0.585488 0
0  0.637588 0.637589 1.952236  0.606171 0.606175 0.514887  0.165133 0.582960 0
0  0.345060 0.833050 1.952236  0.328060 0.792003 0.514886  0.190803 0.583528 0
porchlight_metal
0  0.345060 0.833050 1.952236  0.328060 0.792003 0.514886  0.190803 0.583528 0
0  0.647808 0.647809 1.902955  0.695736 0.695736 0.178612  0.165196 0.579166 0
0  0.350591 0.846403 1.902955  0.376530 0.909023 0.178611  0.190928 0.579782 0
porchlight_metal
0  0.350591 0.846403 1.902955  0.376530 0.909023 0.178611  0.190928 0.579782 0
0  0.651549 0.651550 1.835635  0.706568 0.706569 0.039011  0.165285 0.574273 0
0  0.352616 0.851290 1.835635  0.382393 0.923176 0.039011  0.191098 0.574922 0
porchlight_metal
0  0.000000 0.881943 1.970274  0.000000 0.399727 0.916634  0.215692 0.586836 0
0  0.345060 0.833050 1.952236  0.328060 0.792003 0.514886  0.190803 0.583528 0
0  0.000000 0.901687 1.952236  0.000000 0.857259 0.514886  0.216077 0.584898 0
porchlight_metal
0  0.000000 0.901687 1.952236  0.000000 0.857259 0.514886  0.216077 0.584898 0
0  0.350591 0.846403 1.902955  0.376530 0.909023 0.178611  0.190928 0.579782 0
0  0.000000 0.916140 1.902955  0.000001 0.983920 0.178611  0.216486 0.581130 0
porchlight_metal
0  0.000000 0.916140 1.902955  0.000001 0.983920 0.178611  0.216486 0.581130 0
0  0.352616 0.851290 1.835635  0.382393 0.923176 0.039011  0.191098 0.574922 0
0  0.000000 0.921430 1.835635  0.000000 0.999239 0.039012  0.216812 0.576232 0
porchlight_metal
0  -0.337505 0.814809 1.970274  -0.152968 0.369301 0.916634  0.245404 0.583784 0
0  0.000000 0.901687 1.952236  0.000000 0.857259 0.514886  0.220153 0.582684 0
0  -0.345060 0.833050 1.952236  -0.328058 0.792004 0.514886  0.245374 0.581825 0
porchlight_metal
0  -0.345060 0.833050 1.952236  -0.328058 0.792004 0.514886  0.245374 0.581825 0
0  0.000000 0.916140 1.902955  0.000001 0.983920 0.178611  0.219810 0.578977 0
0  -0.350591 0.846403 1.902955  -0.376530 0.909023 0.178610  0.245321 0.578086 0
porchlight_metal
0  -0.350591 0.846403 1.902955  -0.376530 0.909023 0.178610  0.245321 0.578086 0
0  0.000000 0.921430 1.835635  0.000000 0.999239 0.039012  0.219562 0.574118 0
0  -0.352616 0.851290 1.835635  -0.382392 0.923176 0.039011  0.245226 0.573237 0
porchlight_metal
0  -0.623628 0.623628 1.970274  -0.282652 0.282651 0.916633  0.271115 0.583822 0
0  -0.345060 0.833050 1.952236  -0.328058 0.792004 0.514886  0.245374 0.581825 0
0  -0.637588 0.637589 1.952236  -0.606174 0.606173 0.514886  0.271131 0.581814 0
porchlight_metal
0  -0.637588 0.637589 1.952236  -0.606174 0.606173 0.514886  0.271131 0.581814 0
0  -0.350591 0.846403 1.902955  -0.376530 0.909023 0.178610  0.245321 0.578086 0
0  -0.647808 0.647809 1.902955  -0.695736 0.695736 0.178612  0.271140 0.578024 0
porchlight_metal
0  -0.647808 0.647809 1.902955  -0.695736 0.695736 0.178612  0.271140 0.578024 0
0  -0.352616 0.851290 1.835635  -0.382392 0.923176 0.039011  0.245226 0.573237 0
0  -0.651549 0.651550 1.835635  -0.706569 0.706568 0.039012  0.271140 0.573115 0
porchlight_metal
0  -0.814809 0.337505 1.970275  -0.369301 0.152970 0.916634  0.297026 0.584042 0
0  -0.637588 0.637589 1.952236  -0.606174 0.606173 0.514886  0.271131 0.581814 0
0  -0.833049 0.345061 1.952237  -0.792004 0.328059 0.514886  0.297051 0.582038 0
porchlight_metal
0  -0.833049 0.345061 1.952237  -0.792004 0.328059 0.514886  0.297051 0.582038 0
0  -0.647808 0.647809 1.902955  -0.695736 0.695736 0.178612  0.271140 0.578024 0
0  -0.846403 0.350592 1.902955  -0.909023 0.376530 0.178611  0.297074 0.578237 0
porchlight_metal
0  -0.846403 0.350592 1.902955  -0.909023 0.376530 0.178611  0.297074 0.578237 0
0  -0.651549 0.651550 1.835635  -0.706569 0.706568 0.039012  0.271140 0.573115 0
0  -0.851290 0.352616 1.835636  -0.923176 0.382393 0.039012  0.297109 0.573336 0
porchlight_metal
0  -0.881943 0.000001 1.970275  -0.399726 0.000000 0.916635  0.322718 0.584350 0
0  -0.833049 0.345061 1.952237  -0.792004 0.328059 0.514886  0.297051 0.582038 0
0  -0.901686 0.000001 1.952237  -0.857258 -0.000000 0.514887  0.322748 0.582350 0
porchlight_metal
0  -0.901686 0.000001 1.952237  -0.857258 -0.000000 0.514887  0.322748 0.582350 0
0  -0.846403 0.350592 1.902955  -0.909023 0.376530 0.178611  0.297074 0.578237 0
0  -0.916139 0.000000 1.902955  -0.983920 -0.000000 0.178611  0.322783 0.578557 0
porchlight_metal
0  -0.916139 0.000000 1.902955  -0.983920 -0.000000 0.178611  0.322783 0.578557 0
0  -0.851290 0.352616 1.835636  -0.923176 0.382393 0.039012  0.297109 0.573336 0
0  -0.921430 0.000000 1.835636  -0.999239 0.000000 0.039012  0.322833 0.573671 0
porchlight_metal
0  -0.814809 -0.337504 1.970275  -0.369298 -0.152969 0.916635  0.348382 0.584607 0
0  -0.901686 0.000001 1.952237  -0.857258 -0.000000 0.514887  0.322748 0.582350 0
0  -0.833049 -0.345060 1.952237  -0.792005 -0.328058 0.514885  0.348417 0.582607 0
porchlight_metal
0  -0.833049 -0.345060 1.952237  -0.792005 -0.328058 0.514885  0.348417 0.582607 0
0  -0.916139 0.000000 1.902955  -0.983920 -0.000000 0.178611  0.322783 0.578557 0
0  -0.846403 -0.350591 1.902955  -0.909024 -0.376529 0.178611  0.348463 0.578810 0
porchlight_metal
0  -0.846403 -0.350591 1.902955  -0.909024 -0.376529 0.178611  0.348463 0.578810 0
0  -0.921430 0.000000 1.835636  -0.999239 0.000000 0.039012  0.322833 0.573671 0
0  -0.851290 -0.352615 1.835636  -0.923176 -0.382392 0.039012  0.348525 0.573918 0
porchlight_metal
0  -0.623628 -0.623627 1.970275  -0.282651 -0.282652 0.916633  0.374200 0.584939 0
0  -0.833049 -0.345060 1.952237  -0.792005 -0.328058 0.514885  0.348417 0.582607 0
0  -0.637588 -0.637588 1.952237  -0.606172 -0.606175 0.514886  0.374235 0.582959 0
porchlight_metal
0  -0.637588 -0.637588 1.952237  -0.606172 -0.606175 0.514886  0.374235 0.582959 0
0  -0.846403 -0.350591 1.902955  -0.909024 -0.376529 0.178611  0.348463 0.578810 0
0  -0.647808 -0.647808 1.902955  -0.695736 -0.695737 0.178612  0.374298 0.579164 0
porchlight_metal
0  -0.647808 -0.647808 1.902955  -0.695736 -0.695737 0.178612  0.374298 0.579164 0
0  -0.851290 -0.352615 1.835636  -0.923176 -0.382392 0.039012  0.348525 0.573918 0
0  -0.651549 -0.651549 1.835636  -0.706568 -0.706569 0.039012  0.374386 0.574271 0
porchlight_metal
0  -0.337505 -0.814808 1.970275  -0.152970 -0.369299 0.916634  0.399836 0.585486 0
0  -0.637588 -0.637588 1.952237  -0.606172 -0.606175 0.514886  0.374235 0.582959 0
0  -0.345060 -0.833049 1.952237  -0.328059 -0.792003 0.514887  0.399905 0.583526 0
porchlight_metal
0  -0.345060 -0.833049 1.952237  -0.328059 -0.792003 0.514887  0.399905 0.583526 0
0  -0.647808 -0.647808 1.902955  -0.695736 -0.695737 0.178612  0.374298 0.579164 0
0  -0.350591 -0.846402 1.902956  -0.376530 -0.909023 0.178612  0.400030 0.579780 0
porchlight_metal
0  -0.350591 -0.846402 1.902956  -0.376530 -0.909023 0.178612  0.400030 0.579780 0
0  -0.651549 -0.651549 1.835636  -0.706568 -0.706569 0.039012  0.374386 0.574271 0
0  -0.352616 -0.851290 1.835636  -0.382392 -0.923176 0.039012  0.400200 0.574919 0
porchlight_metal
0  -0.000000 -0.881942 1.970275  0.000001 -0.399729 0.916633  0.424794 0.586834 0
0  -0.345060 -0.833049 1.952237  -0.328059 -0.792003 0.514887  0.399905 0.583526 0
0  -0.000000 -0.901686 1.952237  0.000001 -0.857259 0.514886  0.425180 0.584895 0
porchlight_metal
0  -0.000000 -0.901686 1.952237  0.000001 -0.857259 0.514886  0.425180 0.584895 0
0  -0.350591 -0.846402 1.902956  -0.376530 -0.909023 0.178612  0.400030 0.579780 0
0  -0.000000 -0.916139 1.902956  0.000001 -0.983920 0.178611  0.425589 0.581127 0
porchlight_metal
0  -0.000000 -0.916139 1.902956  0.000001 -0.983920 0.178611  0.425589 0.581127 0
0  -0.352616 -0.851290 1.835636  -0.382392 -0.923176 0.039012  0.400200 0.574919 0
0  -0.000000 -0.921429 1.835636  0.000000 -0.999239 0.039011  0.425914 0.576229 0
porchlight_metal
0  0.337505 -0.814808 1.970275  0.152967 -0.369299 0.916635  0.036302 0.583784 0
0  -0.000000 -0.901686 1.952237  0.000001 -0.857259 0.514886  0.011051 0.582684 0
0  0.345060 -0.833049 1.952237  0.328057 -0.792004 0.514886  0.036272 0.581825 0
porchlight_metal
0  0.345060 -0.833049 1.952237  0.328057 -0.792004 0.514886  0.036272 0.581825 0
0  -0.000000 -0.916139 1.902956  0.000001 -0.983920 0.178611  0.010707 0.578976 0
0  0.350591 -0.846402 1.902956  0.376530 -0.909023 0.178611  0.036219 0.578086 0
porchlight_metal
0  0.350591 -0.846402 1.902956  0.376530 -0.909023 0.178611  0.036219 0.578086 0
0  -0.000000 -0.921429 1.835636  0.000000 -0.999239 0.039011  0.010459 0.574117 0
0  0.352616 -0.851290 1.835636  0.382393 -0.923176 0.039012  0.036124 0.573237 0
porchlight_metal
0  0.623628 -0.623627 1.970275  0.282652 -0.282651 0.916633  0.062014 0.583822 0
0  0.345060 -0.833049 1.952237  0.328057 -0.792004 0.514886  0.036272 0.581825 0
0  0.637588 -0.637588 1.952237  0.606175 -0.606173 0.514885  0.062029 0.581814 0
porchlight_metal
0  0.637588 -0.637588 1.952237  0.606175 -0.606173 0.514885  0.062029 0.581814 0
0  0.350591 -0.846402 1.902956  0.376530 -0.909023 0.178611  0.036219 0.578086 0
0  0.647808 -0.647808 1.902955  0.695737 -0.695736 0.178611  0.062038 0.578024 0
porchlight_metal
0  0.647808 -0.647808 1.902955  0.695737 -0.695736 0.178611  0.062038 0.578024 0
0  0.352616 -0.851290 1.835636  0.382393 -0.923176 0.039012  0.036124 0.573237 0
0  0.651549 -0.651549 1.835636  0.706568 -0.706569 0.039012  0.062038 0.573115 0
porchlight_metal
0  0.814809 -0.337504 1.970275  0.369301 -0.152969 0.916634  0.087924 0.584043 0
0  0.637588 -0.637588 1.952237  0.606175 -0.606173 0.514885  0.062029 0.581814 0
0  0.833049 -0.345060 1.952237  0.792003 -0.328059 0.514887  0.087949 0.582039 0
porchlight_metal
0  0.833049 -0.345060 1.952237  0.792003 -0.328059 0.514887  0.087949 0.582039 0
0  0.647808 -0.647808 1.902955  0.695737 -0.695736 0.178611  0.062038 0.578024 0
0  0.846403 -0.350591 1.902955  0.909023 -0.376531 0.178611  0.087972 0.578237 0
porchlight_metal
0  0.846403 -0.350591 1.902955  0.909023 -0.376531 0.178611  0.087972 0.578237 0
0  0.651549 -0.651549 1.835636  0.706568 -0.706569 0.039012  0.062038 0.573115 0
0  0.851290 -0.352615 1.835636  0.923176 -0.382393 0.039012  0.088007 0.573336 0
porchlight_metal
0  0.881943 0.000000 1.970275  0.399726 -0.000000 0.916635  0.113616 0.584351 0
0  0.833049 -0.345060 1.952237  0.792003 -0.328059 0.514887  0.087949 0.582039 0
0  0.901686 0.000000 1.952237  0.857259 -0.000000 0.514886  0.113646 0.582351 0
porchlight_metal
0  0.901686 0.000000 1.952237  0.857259 -0.000000 0.514886  0.113646 0.582351 0
0  0.846403 -0.350591 1.902955  0.909023 -0.376531 0.178611  0.087972 0.578237 0
0  0.916139 0.000000 1.902955  0.983920 0.000000 0.178610  0.113681 0.578558 0
porchlight_metal
0  0.916139 0.000000 1.902955  0.983920 0.000000 0.178610  0.113681 0.578558 0
0  0.851290 -0.352615 1.835636  0.923176 -0.382393 0.039012  0.088007 0.573336 0
0  0.921430 0.000000 1.835636  0.999239 0.000000 0.039012  0.113731 0.573672 0
porchlight_metal
0  0.851290 0.352616 2.210374  0.923176 0.382392 -0.039012  0.139055 0.608173 0
0  0.916139 0.000000 2.143054  0.983920 0.000000 -0.178610  0.113570 0.602902 0
0  0.846403 0.350592 2.143054  0.909024 0.376529 -0.178611  0.139132 0.603306 0
porchlight_metal
0  0.846403 0.350592 2.143054  0.909024 0.376529 -0.178611  0.139132 0.603306 0
0  0.901686 0.000000 2.093773  0.857262 0.000000 -0.514881  0.113603 0.599123 0
0  0.833049 0.345061 2.093773  0.792006 0.328059 -0.514882  0.139186 0.599523 0
porchlight_metal
0  0.833049 0.345061 2.093773  0.792006 0.328059 -0.514882  0.139186 0.599523 0
0  0.881943 0.000000 2.075735  0.399733 -0.000000 -0.916631  0.113626 0.597109 0
0  0.814809 0.337505 2.075735  0.369304 0.152970 -0.916632  0.139222 0.597549 0
porchlight_metal
0  0.651549 0.651550 2.210374  0.706568 0.706569 -0.039012  0.164802 0.608737 0
0  0.846403 0.350592 2.143054  0.909024 0.376529 -0.178611  0.139132 0.603306 0
0  0.647808 0.647809 2.143054  0.695736 0.695737 -0.178612  0.164889 0.603867 0
porchlight_metal
0  0.647808 0.647809 2.143054  0.695736 0.695737 -0.178612  0.164889 0.603867 0
0  0.833049 0.345061 2.093773  0.792006 0.328059 -0.514882  0.139186 0.599523 0
0  0.637588 0.637589 2.093773  0.606176 0.606175 -0.514881  0.164951 0.600080 0
porchlight_metal
0  0.637588 0.637589 2.093773  0.606176 0.606175 -0.514881  0.164951 0.600080 0
0  0.814809 0.337505 2.075735  0.369304 0.152970 -0.916632  0.139222 0.597549 0
0  0.623628 0.623628 2.075735  0.282655 0.282654 -0.916631  0.165000 0.598082 0
porchlight_metal
0  0.352616 0.851291 2.210374  0.382392 0.923176 -0.039012  0.190607 0.609075 0
0  0.647808 0.647809 2.143054  0.695736 0.695737 -0.178612  0.164889 0.603867 0
0  0.350591 0.846403 2.143054  0.376529 0.909023 -0.178611  0.190621 0.604231 0
porchlight_metal
0  0.350591 0.846403 2.143054  0.376529 0.909023 -0.178611  0.190621 0.604231 0
0  0.637588 0.637589 2.093773  0.606176 0.606175 -0.514881  0.164951 0.600080 0
0  0.345060 0.833050 2.093773  0.328058 0.792005 -0.514884  0.190625 0.600515 0
porchlight_metal
0  0.345060 0.833050 2.093773  0.328058 0.792005 -0.514884  0.190625 0.600515 0
0  0.623628 0.623628 2.075735  0.282655 0.282654 -0.916631  0.165000 0.598082 0
0  0.337505 0.814809 2.075735  0.152969 0.369303 -0.916633  0.190631 0.598561 0
porchlight_metal
0  0.000000 0.921430 2.210374  0.000000 0.999239 -0.039011  0.216211 0.608750 0
0  0.350591 0.846403 2.143054  0.376529 0.909023 -0.178611  0.190621 0.604231 0
0  0.000000 0.916140 2.143054  -0.000000 0.983920 -0.178611  0.216056 0.603860 0
porchlight_metal
0  0.000000 0.916140 2.143054  -0.000000 0.983920 -0.178611  0.216056 0.603860 0
0  0.345060 0.833050 2.093773  0.328058 0.792005 -0.514884  0.190625 0.600515 0
0  0.000000 0.901687 2.093773  -0.000000 0.857260 -0.514884  0.215775 0.600097 0
porchlight_metal
0  0.000000 0.901687 2.093773  -0.000000 0.857260 -0.514884  0.215775 0.600097 0
0  0.337505 0.814809 2.075735  0.152969 0.369303 -0.916633  0.190631 0.598561 0
0  0.000000 0.881943 2.075735  0.000001 0.399731 -0.916632  0.215451 0.598154 0
porchlight_metal
0  -0.352616 0.851291 2.210374  -0.382392 0.923176 -0.039012  0.245352 0.607492 0
0  0.000000 0.916140 2.143054  -0.000000 0.983920 -0.178611  0.219752 0.601727 0
0  -0.350591 0.846403 2.143054  -0.376530 0.909023 -0.178611  0.245434 0.602617 0
porchlight_metal
0  -0.350591 0.846403 2.143054  -0.376530 0.909023 -0.178611  0.245434 0.602617 0
0  0.000000 0.901687 2.093773  -0.000000 0.857260 -0.514884  0.220100 0.597938 0
0  -0.345060 0.833050 2.093773  -0.328060 0.792004 -0.514884  0.245491 0.598860 0
porchlight_metal
0  -0.345060 0.833050 2.093773  -0.328060 0.792004 -0.514884  0.245491 0.598860 0
0  0.000000 0.881943 2.075735  0.000001 0.399731 -0.916632  0.220457 0.595987 0
0  -0.337505 0.814809 2.075735  -0.152971 0.369301 -0.916633  0.245523 0.596893 0
porchlight_metal
0  -0.651549 0.651550 2.210374  -0.706569 0.706568 -0.039012  0.271200 0.607682 0
0  -0.350591 0.846403 2.143054  -0.376530 0.909023 -0.178611  0.245434 0.602617 0
0  -0.647808 0.647809 2.143054  -0.695736 0.695736 -0.178612  0.271217 0.602796 0
porchlight_metal
0  -0.647808 0.647809 2.143054  -0.695736 0.695736 -0.178612  0.271217 0.602796 0
0  -0.345060 0.833050 2.093773  -0.328060 0.792004 -0.514884  0.245491 0.598860 0
0  -0.637588 0.637589 2.093773  -0.606173 0.606176 -0.514883  0.271220 0.598994 0
porchlight_metal
0  -0.637588 0.637589 2.093773  -0.606173 0.606176 -0.514883  0.271220 0.598994 0
0  -0.337505 0.814809 2.075735  -0.152971 0.369301 -0.916633  0.245523 0.596893 0
0  -0.623628 0.623628 2.075735  -0.282652 0.282654 -0.916632  0.271223 0.597009 0
porchlight_metal
0  -0.851290 0.352616 2.210374  -0.923176 0.382393 -0.039012  0.297022 0.607685 0
0  -0.647808 0.647809 2.143054  -0.695736 0.695736 -0.178612  0.271217 0.602796 0
0  -0.846403 0.350592 2.143054  -0.909023 0.376531 -0.178611  0.297044 0.602794 0
porchlight_metal
0  -0.846403 0.350592 2.143054  -0.909023 0.376531 -0.178611  0.297044 0.602794 0
0  -0.637588 0.637589 2.093773  -0.606173 0.606176 -0.514883  0.271220 0.598994 0
0  -0.833049 0.345061 2.093773  -0.792006 0.328060 -0.514882  0.297054 0.599002 0
porchlight_metal
0  -0.833049 0.345061 2.093773  -0.792006 0.328060 -0.514882  0.297054 0.599002 0
0  -0.623628 0.623628 2.075735  -0.282652 0.282654 -0.916632  0.271223 0.597009 0
0  -0.814809 0.337505 2.075735  -0.369305 0.152970 -0.916632  0.297071 0.597002 0
porchlight_metal
0  -0.921430 0.000001 2.210374  -0.999239 0.000000 -0.039012  0.322627 0.607761 0
0  -0.846403 0.350592 2.143054  -0.909023 0.376531 -0.178611  0.297044 0.602794 0
0  -0.916139 0.000001 2.143054  -0.983920 0.000000 -0.178611  0.322672 0.602901 0
porchlight_metal
0  -0.916139 0.000001 2.143054  -0.983920 0.000000 -0.178611  0.322672 0.602901 0
0  -0.833049 0.345061 2.093773  -0.792006 0.328060 -0.514882  0.297054 0.599002 0
0  -0.901686 0.000001 2.093773  -0.857261 0.000000 -0.514881  0.322705 0.599122 0
porchlight_metal
0  -0.901686 0.000001 2.093773  -0.857261 0.000000 -0.514881  0.322705 0.599122 0
0  -0.814809 0.337505 2.075735  -0.369305 0.152970 -0.916632  0.297071 0.597002 0
0  -0.881943 0.000001 2.075735  -0.399733 0.000000 -0.916632  0.322728 0.597108 0
porchlight_metal
0  -0.851290 -0.352615 2.210374  -0.923176 -0.382392 -0.039012  0.348158 0.608172 0
0  -0.916139 0.000001 2.143054  -0.983920 0.000000 -0.178611  0.322672 0.602901 0
0  -0.846403 -0.350591 2.143054  -0.909023 -0.376531 -0.178611  0.348234 0.603304 0
porchlight_metal
0  -0.846403 -0.350591 2.143054  -0.909023 -0.376531 -0.178611  0.348234 0.603304 0
0  -0.901686 0.000001 2.093773  -0.857261 0.000000 -0.514881  0.322705 0.599122 0
0  -0.833049 -0.345060 2.093773  -0.792002 -0.328062 -0.514886  0.348288 0.599522 0
porchlight_metal
0  -0.833049 -0.345060 2.093773  -0.792002 -0.328062 -0.514886  0.348288 0.599522 0
0  -0.881943 0.000001 2.075735  -0.399733 0.000000 -0.916632  0.322728 0.597108 0
0  -0.814809 -0.337504 2.075735  -0.369298 -0.152972 -0.916634  0.348324 0.597548 0
porchlight_metal
0  -0.651549 -0.651549 2.210374  -0.706569 -0.706568 -0.039011  0.373905 0.608736 0
0  -0.846403 -0.350591 2.143054  -0.909023 -0.376531 -0.178611  0.348234 0.603304 0
0  -0.647808 -0.647808 2.143055  -0.695737 -0.695736 -0.178610  0.373991 0.603866 0
porchlight_metal
0  -0.647808 -0.647808 2.143055  -0.695737 -0.695736 -0.178610  0.373991 0.603866 0
0  -0.833049 -0.345060 2.093773  -0.792002 -0.328062 -0.514886  0.348288 0.599522 0
0  -0.637588 -0.637588 2.093773  -0.606179 -0.606173 -0.514880  0.374053 0.600078 0
porchlight_metal
0  -0.637588 -0.637588 2.093773  -0.606179 -0.606173 -0.514880  0.374053 0.600078 0
0  -0.814809 -0.337504 2.075735  -0.369298 -0.152972 -0.916634  0.348324 0.597548 0
0  -0.623628 -0.623627 2.075735  -0.282659 -0.282652 -0.916631  0.374102 0.598080 0
porchlight_metal
0  -0.352616 -0.851289 2.210374  -0.382393 -0.923176 -0.039011  0.399709 0.609073 0
0  -0.647808 -0.647808 2.143055  -0.695737 -0.695736 -0.178610  0.373991 0.603866 0
0  -0.350591 -0.846402 2.143055  -0.376531 -0.909023 -0.178610  0.399723 0.604229 0
porchlight_metal
0  -0.350591 -0.846402 2.143055  -0.376531 -0.909023 -0.178610  0.399723 0.604229 0
0  -0.637588 -0.637588 2.093773  -0.606179 -0.606173 -0.514880  0.374053 0.600078 0
0  -0.345060 -0.833049 2.093773  -0.328060 -0.792005 -0.514883  0.399727 0.600513 0
porchlight_metal
0  -0.345060 -0.833049 2.093773  -0.328060 -0.792005 -0.514883  0.399727 0.600513 0
0  -0.623628 -0.623627 2.075735  -0.282659 -0.282652 -0.916631  0.374102 0.598080 0
0  -0.337505 -0.814808 2.075735  -0.152971 -0.369303 -0.916633  0.399734 0.598559 0
porchlight_metal
0  -0.000000 -0.921429 2.210374  -0.000000 -0.999239 -0.039012  0.425314 0.608748 0
0  -0.350591 -0.846402 2.143055  -0.376531 -0.909023 -0.178610  0.399723 0.604229 0
0  -0.000000 -0.916139 2.143055  -0.000000 -0.983920 -0.178611  0.425159 0.603858 0
porchlight_metal
0  -0.000000 -0.916139 2.143055  -0.000000 -0.983920 -0.178611  0.425159 0.603858 0
0  -0.345060 -0.833049 2.093773  -0.328060 -0.792005 -0.514883  0.399727 0.600513 0
0  -0.000000 -0.901686 2.093773  0.000000 -0.857260 -0.514883  0.424878 0.600095 0
porchlight_metal
0  -0.000000 -0.901686 2.093773  0.000000 -0.857260 -0.514883  0.424878 0.600095 0
0  -0.337505 -0.814808 2.075735  -0.152971 -0.369303 -0.916633  0.399734 0.598559 0
0  -0.000000 -0.881942 2.075735  0.000000 -0.399730 -0.916633  0.424553 0.598152 0
porchlight_metal
0  0.352616 -0.851289 2.210374  0.382392 -0.923176 -0.039012  0.036249 0.607493 0
0  -0.000000 -0.916139 2.143055  -0.000000 -0.983920 -0.178611  0.010650 0.601728 0
0  0.350591 -0.846402 2.143055  0.376529 -0.909024 -0.178610  0.036331 0.602617 0
porchlight_metal
0  0.350591 -0.846402 2.143055  0.376529 -0.909024 -0.178610  0.036331 0.602617 0
0  -0.000000 -0.901686 2.093773  0.000000 -0.857260 -0.514883  0.010997 0.597938 0
0  0.345060 -0.833049 2.093773  0.328059 -0.792006 -0.514883  0.036389 0.598860 0
porchlight_metal
0  0.345060 -0.833049 2.093773  0.328059 -0.792006 -0.514883  0.036389 0.598860 0
0  -0.000000 -0.881942 2.075735  0.000000 -0.399730 -0.916633  0.011355 0.595987 0
0  0.337505 -0.814808 2.075735  0.152969 -0.369303 -0.916633  0.036421 0.596893 0
porchlight_metal
0  0.651549 -0.651549 2.210374  0.706568 -0.706569 -0.039011  0.062098 0.607683 0
0  0.350591 -0.846402 2.143055  0.376529 -0.909024 -0.178610  0.036331 0.602617 0
0  0.647808 -0.647808 2.143055  0.695735 -0.695737 -0.178611  0.062115 0.602796 0
porchlight_metal
0  0.647808 -0.647808 2.143055  0.695735 -0.695737 -0.178611  0.062115 0.602796 0
0  0.345060 -0.833049 2.093773  0.328059 -0.792006 -0.514883  0.036389 0.598860 0
0  0.637588 -0.637588 2.093773  0.606171 -0.606177 -0.514885  0.062118 0.598995 0
porchlight_metal
0  0.637588 -0.637588 2.093773  0.606171 -0.606177 -0.514885  0.062118 0.598995 0
0  0.337505 -0.814808 2.075735  0.152969 -0.369303 -0.916633  0.036421 0.596893 0
0  0.623628 -0.623627 2.075735  0.282650 -0.282654 -0.916633  0.062121 0.597009 0
porchlight_metal
0  0.851290 -0.352615 2.210374  0.923177 -0.382391 -0.039012  0.087920 0.607686 0
0  0.647808 -0.647808 2.143055  0.695735 -0.695737 -0.178611  0.062115 0.602796 0
0  0.846403 -0.350591 2.143054  0.909024 -0.376528 -0.178610  0.087942 0.602795 0
porchlight_metal
0  0.846403 -0.350591 2.143054  0.909024 -0.376528 -0.178610  0.087942 0.602795 0
0  0.637588 -0.637588 2.093773  0.606171 -0.606177 -0.514885  0.062118 0.598995 0
0  0.833049 -0.345060 2.093773  0.792008 -0.328058 -0.514880  0.087952 0.599003 0
porchlight_metal
0  0.833049 -0.345060 2.093773  0.792008 -0.328058 -0.514880  0.087952 0.599003 0
0  0.623628 -0.623627 2.075735  0.282650 -0.282654 -0.916633  0.062121 0.597009 0
0  0.814809 -0.337504 2.075735  0.369307 -0.152970 -0.916631  0.087969 0.597003 0
porchlight_metal
0  0.921430 0.000000 2.210374  0.999239 -0.000000 -0.039012  0.113525 0.607762 0
0  0.846403 -0.350591 2.143054  0.909024 -0.376528 -0.178610  0.087942 0.602795 0
0  0.916139 0.000000 2.143054  0.983920 0.000000 -0.178610  0.113570 0.602902 0
porchlight_metal
0  0.916139 0.000000 2.143054  0.983920 0.000000 -0.178610  0.113570 0.602902 0
0  0.833049 -0.345060 2.093773  0.792008 -0.328058 -0.514880  0.087952 0.599003 0
0  0.901686 0.000000 2.093773  0.857262 0.000000 -0.514881  0.113603 0.599123 0
porchlight_metal
0  0.901686 0.000000 2.093773  0.857262 0.000000 -0.514881  0.113603 0.599123 0
0  0.814809 -0.337504 2.075735  0.369307 -0.152970 -0.916631  0.087969 0.597003 0
0  0.881943 0.000000 2.075735  0.399733 -0.000000 -0.916631  0.113626 0.597109 0
porchlight_metal
0  0.921430 0.000000 1.226444  0.657141 0.000000 0.753767  0.114288 0.529627 0
0  0.851290 -0.352615 1.835636  0.923176 -0.382393 0.039012  0.088007 0.573336 0
0  0.851290 -0.352616 1.226444  0.607119 -0.251477 0.753767  0.088253 0.529335 0
porchlight_metal
0  0.810188 0.335593 7.364072  0.369299 0.152970 0.916634  0.134772 0.968776 0
0  0.899186 0.000002 7.343749  0.857263 0.000001 0.514879  0.110750 0.966200 0
0  0.830739 0.344105 7.343749  0.792004 0.328059 0.514885  0.134865 0.966662 0
porchlight_metal
0  0.830739 0.344105 7.343749  0.792004 0.328059 0.514885  0.134865 0.966662 0
0  0.915469 0.000002 7.288226  0.983920 -0.000001 0.178610  0.110747 0.962170 0
0  0.845783 0.350337 7.288226  0.909024 0.376529 0.178611  0.135033 0.962626 0
porchlight_metal
0  0.845783 0.350337 7.288226  0.909024 0.376529 0.178611  0.135033 0.962626 0
0  0.921430 0.000002 7.212379  0.999239 -0.000000 0.039012  0.110775 0.956953 0
0  0.851290 0.352618 7.212379  0.923176 0.382392 0.039012  0.135248 0.957444 0
porchlight_metal
0  0.620091 0.620093 7.364072  0.282644 0.282654 0.916635  0.158732 0.970319 0
0  0.830739 0.344105 7.343749  0.792004 0.328059 0.514885  0.134865 0.966662 0
0  0.635820 0.635822 7.343749  0.606170 0.606178 0.514885  0.158927 0.968222 0
porchlight_metal
0  0.635820 0.635822 7.343749  0.606170 0.606178 0.514885  0.158927 0.968222 0
0  0.845783 0.350337 7.288226  0.909024 0.376529 0.178611  0.135033 0.962626 0
0  0.647335 0.647336 7.288226  0.695735 0.695738 0.178611  0.159295 0.964217 0
porchlight_metal
0  0.647335 0.647336 7.288226  0.695735 0.695738 0.178611  0.159295 0.964217 0
0  0.851290 0.352618 7.212379  0.923176 0.382392 0.039012  0.135248 0.957444 0
0  0.651549 0.651551 7.212379  0.706567 0.706569 0.039012  0.159770 0.958967 0
porchlight_metal
0  0.335591 0.810190 7.364072  0.152974 0.369302 0.916632  0.182698 0.973263 0
0  0.635820 0.635822 7.343749  0.606170 0.606178 0.514885  0.158927 0.968222 0
0  0.344103 0.830741 7.343749  0.328061 0.792004 0.514884  0.183062 0.971150 0
porchlight_metal
0  0.344103 0.830741 7.343749  0.328061 0.792004 0.514884  0.183062 0.971150 0
0  0.647335 0.647336 7.288226  0.695735 0.695738 0.178611  0.159295 0.964217 0
0  0.350335 0.845785 7.288226  0.376530 0.909023 0.178611  0.183742 0.967107 0
porchlight_metal
0  0.350335 0.845785 7.288226  0.376530 0.909023 0.178611  0.183742 0.967107 0
0  0.651549 0.651551 7.212379  0.706567 0.706569 0.039012  0.159770 0.958967 0
0  0.352616 0.851292 7.212379  0.382391 0.923177 0.039012  0.184588 0.961834 0
porchlight_metal
0  0.000000 0.876943 7.364072  0.000001 0.399728 0.916634  0.206925 0.978909 0
0  0.344103 0.830741 7.343749  0.328061 0.792004 0.514884  0.183062 0.971150 0
0  0.000000 0.899187 7.343749  0.000001 0.857260 0.514884  0.207757 0.976798 0
porchlight_metal
0  0.000000 0.899187 7.343749  0.000001 0.857260 0.514884  0.207757 0.976798 0
0  0.350335 0.845785 7.288226  0.376530 0.909023 0.178611  0.183742 0.967107 0
0  0.000000 0.915471 7.288226  -0.000001 0.983920 0.178610  0.208944 0.972619 0
porchlight_metal
0  0.000000 0.915471 7.288226  -0.000001 0.983920 0.178610  0.208944 0.972619 0
0  0.352616 0.851292 7.212379  0.382391 0.923177 0.039012  0.184588 0.961834 0
0  0.000000 0.921431 7.212379  -0.000000 0.999239 0.039012  0.210246 0.967004 0
porchlight_metal
0  -0.335591 0.810190 7.364072  -0.152968 0.369304 0.916632  0.246976 0.972836 0
0  0.000000 0.899187 7.343749  0.000001 0.857260 0.514884  0.221319 0.975979 0
0  -0.344103 0.830741 7.343749  -0.328057 0.792007 0.514882  0.246635 0.970677 0
porchlight_metal
0  -0.344103 0.830741 7.343749  -0.328057 0.792007 0.514882  0.246635 0.970677 0
0  0.000000 0.915471 7.288226  -0.000001 0.983920 0.178610  0.220205 0.971684 0
0  -0.350335 0.845785 7.288226  -0.376530 0.909023 0.178610  0.245990 0.966586 0
porchlight_metal
0  -0.350335 0.845785 7.288226  -0.376530 0.909023 0.178610  0.245990 0.966586 0
0  0.000000 0.921431 7.212379  -0.000000 0.999239 0.039012  0.219061 0.965959 0
0  -0.352616 0.851292 7.212379  -0.382393 0.923176 0.039012  0.245191 0.961173 0
porchlight_metal
0  -0.620091 0.620093 7.364072  -0.282664 0.282650 0.916630  0.271453 0.970120 0
0  -0.344103 0.830741 7.343749  -0.328057 0.792007 0.514882  0.246635 0.970677 0
0  -0.635820 0.635822 7.343749  -0.606177 0.606174 0.514881  0.271276 0.967969 0
porchlight_metal
0  -0.635820 0.635822 7.343749  -0.606177 0.606174 0.514881  0.271276 0.967969 0
0  -0.350335 0.845785 7.288226  -0.376530 0.909023 0.178610  0.245990 0.966586 0
0  -0.647335 0.647336 7.288226  -0.695736 0.695737 0.178612  0.270921 0.963881 0
porchlight_metal
0  -0.647335 0.647336 7.288226  -0.695736 0.695737 0.178612  0.270921 0.963881 0
0  -0.352616 0.851292 7.212379  -0.382393 0.923176 0.039012  0.245191 0.961173 0
0  -0.651549 0.651551 7.212379  -0.706569 0.706568 0.039012  0.270496 0.958588 0
porchlight_metal
0  -0.810188 0.335593 7.364072  -0.369292 0.152971 0.916637  0.295710 0.968684 0
0  -0.635820 0.635822 7.343749  -0.606177 0.606174 0.514881  0.271276 0.967969 0
0  -0.830739 0.344105 7.343749  -0.792001 0.328061 0.514888  0.295637 0.966553 0
porchlight_metal
0  -0.830739 0.344105 7.343749  -0.792001 0.328061 0.514888  0.295637 0.966553 0
0  -0.647335 0.647336 7.288226  -0.695736 0.695737 0.178612  0.270921 0.963881 0
0  -0.845783 0.350337 7.288226  -0.909023 0.376531 0.178611  0.295480 0.962511 0
porchlight_metal
0  -0.845783 0.350337 7.288226  -0.909023 0.376531 0.178611  0.295480 0.962511 0
0  -0.651549 0.651551 7.212379  -0.706569 0.706568 0.039012  0.270496 0.958588 0
0  -0.851290 0.352618 7.212379  -0.923176 0.382394 0.039012  0.295298 0.957250 0
porchlight_metal
0  -0.876941 0.000002 7.364072  -0.399731 -0.000000 0.916633  0.319845 0.968323 0
0  -0.830739 0.344105 7.343749  -0.792001 0.328061 0.514888  0.295637 0.966553 0
0  -0.899186 0.000002 7.343749  -0.857261 -0.000001 0.514881  0.319855 0.966200 0
porchlight_metal
0  -0.899186 0.000002 7.343749  -0.857261 -0.000001 0.514881  0.319855 0.966200 0
0  -0.845783 0.350337 7.288226  -0.909023 0.376531 0.178611  0.295480 0.962511 0
0  -0.915469 0.000002 7.288226  -0.983920 -0.000001 0.178609  0.319852 0.962169 0
porchlight_metal
0  -0.915469 0.000002 7.288226  -0.983920 -0.000001 0.178609  0.319852 0.962169 0
0  -0.851290 0.352618 7.212379  -0.923176 0.382394 0.039012  0.295298 0.957250 0
0  -0.921430 0.000002 7.212379  -0.999239 0.000000 0.039012  0.319880 0.956952 0
porchlight_metal
0  -0.810188 -0.335589 7.364072  -0.369295 -0.152972 0.916636  0.343877 0.968776 0
0  -0.899186 0.000002 7.343749  -0.857261 -0.000001 0.514881  0.319855 0.966200 0
0  -0.830739 -0.344102 7.343749  -0.791997 -0.328064 0.514892  0.343970 0.966661 0
porchlight_metal
0  -0.830739 -0.344102 7.343749  -0.791997 -0.328064 0.514892  0.343970 0.966661 0
0  -0.915469 0.000002 7.288226  -0.983920 -0.000001 0.178609  0.319852 0.962169 0
0  -0.845783 -0.350333 7.288226  -0.909023 -0.376530 0.178612  0.344138 0.962625 0
porchlight_metal
0  -0.845783 -0.350333 7.288226  -0.909023 -0.376530 0.178612  0.344138 0.962625 0
0  -0.921430 0.000002 7.212379  -0.999239 0.000000 0.039012  0.319880 0.956952 0
0  -0.851290 -0.352614 7.212379  -0.923177 -0.382391 0.039012  0.344353 0.957443 0
porchlight_metal
0  -0.620091 -0.620089 7.364072  -0.282654 -0.282652 0.916632  0.367836 0.970318 0
0  -0.830739 -0.344102 7.343749  -0.791997 -0.328064 0.514892  0.343970 0.966661 0
0  -0.635820 -0.635818 7.343749  -0.606174 -0.606175 0.514885  0.368032 0.968221 0
porchlight_metal
0  -0.635820 -0.635818 7.343749  -0.606174 -0.606175 0.514885  0.368032 0.968221 0
0  -0.845783 -0.350333 7.288226  -0.909023 -0.376530 0.178612  0.344138 0.962625 0
0  -0.647335 -0.647333 7.288226  -0.695736 -0.695737 0.178611  0.368400 0.964216 0
porchlight_metal
0  -0.647335 -0.647333 7.288226  -0.695736 -0.695737 0.178611  0.368400 0.964216 0
0  -0.851290 -0.352614 7.212379  -0.923177 -0.382391 0.039012  0.344353 0.957443 0
0  -0.651549 -0.651547 7.212379  -0.706568 -0.706569 0.039012  0.368875 0.958966 0
porchlight_metal
0  -0.335591 -0.810186 7.364072  -0.152972 -0.369302 0.916633  0.391803 0.973262 0
0  -0.635820 -0.635818 7.343749  -0.606174 -0.606175 0.514885  0.368032 0.968221 0
0  -0.344103 -0.830737 7.343749  -0.328060 -0.792005 0.514883  0.392167 0.971149 0
porchlight_metal
0  -0.344103 -0.830737 7.343749  -0.328060 -0.792005 0.514883  0.392167 0.971149 0
0  -0.647335 -0.647333 7.288226  -0.695736 -0.695737 0.178611  0.368400 0.964216 0
0  -0.350335 -0.845782 7.288226  -0.376530 -0.909023 0.178611  0.392847 0.967106 0
porchlight_metal
0  -0.350335 -0.845782 7.288226  -0.376530 -0.909023 0.178611  0.392847 0.967106 0
0  -0.651549 -0.651547 7.212379  -0.706568 -0.706569 0.039012  0.368875 0.958966 0
0  -0.352616 -0.851288 7.212379  -0.382392 -0.923176 0.039013  0.393693 0.961832 0
porchlight_metal
0  -0.000000 -0.876939 7.364072  0.000002 -0.399729 0.916633  0.416030 0.978907 0
0  -0.344103 -0.830737 7.343749  -0.328060 -0.792005 0.514883  0.392167 0.971149 0
0  -0.000000 -0.899184 7.343749  0.000002 -0.857260 0.514883  0.416862 0.976797 0
porchlight_metal
0  -0.000000 -0.899184 7.343749  0.000002 -0.857260 0.514883  0.416862 0.976797 0
0  -0.350335 -0.845782 7.288226  -0.376530 -0.909023 0.178611  0.392847 0.967106 0
0  -0.000000 -0.915468 7.288226  0.000001 -0.983920 0.178610  0.418049 0.972618 0
porchlight_metal
0  -0.000000 -0.915468 7.288226  0.000001 -0.983920 0.178610  0.418049 0.972618 0
0  -0.352616 -0.851288 7.212379  -0.382392 -0.923176 0.039013  0.393693 0.961832 0
0  -0.000000 -0.921428 7.212379  0.000001 -0.999239 0.039013  0.419352 0.967003 0
porchlight_metal
0  0.335591 -0.810186 7.364072  0.152971 -0.369302 0.916633  0.037871 0.972837 0
0  -0.000000 -0.899184 7.343749  0.000002 -0.857260 0.514883  0.012214 0.975980 0
0  0.344103 -0.830737 7.343749  0.328061 -0.792006 0.514882  0.037530 0.970678 0
porchlight_metal
0  0.344103 -0.830737 7.343749  0.328061 -0.792006 0.514882  0.037530 0.970678 0
0  -0.000000 -0.915468 7.288226  0.000001 -0.983920 0.178610  0.011100 0.971685 0
0  0.350335 -0.845782 7.288226  0.376531 -0.909023 0.178610  0.036885 0.966587 0
porchlight_metal
0  0.350335 -0.845782 7.288226  0.376531 -0.909023 0.178610  0.036885 0.966587 0
0  -0.000000 -0.921428 7.212379  0.000001 -0.999239 0.039013  0.009956 0.965960 0
0  0.352616 -0.851288 7.212379  0.382392 -0.923176 0.039012  0.036086 0.961174 0
porchlight_metal
0  0.620091 -0.620089 7.364072  0.282651 -0.282652 0.916633  0.062348 0.970121 0
0  0.344103 -0.830737 7.343749  0.328061 -0.792006 0.514882  0.037530 0.970678 0
0  0.635820 -0.635818 7.343749  0.606170 -0.606176 0.514886  0.062171 0.967970 0
porchlight_metal
0  0.635820 -0.635818 7.343749  0.606170 -0.606176 0.514886  0.062171 0.967970 0
0  0.350335 -0.845782 7.288226  0.376531 -0.909023 0.178610  0.036885 0.966587 0
0  0.647335 -0.647333 7.288226  0.695734 -0.695738 0.178613  0.061816 0.963882 0
porchlight_metal
0  0.647335 -0.647333 7.288226  0.695734 -0.695738 0.178613  0.061816 0.963882 0
0  0.352616 -0.851288 7.212379  0.382392 -0.923176 0.039012  0.036086 0.961174 0
0  0.651549 -0.651547 7.212379  0.706568 -0.706569 0.039012  0.061391 0.958589 0
porchlight_metal
0  0.810188 -0.335589 7.364072  0.369301 -0.152970 0.916633  0.086605 0.968685 0
0  0.635820 -0.635818 7.343749  0.606170 -0.606176 0.514886  0.062171 0.967970 0
0  0.830739 -0.344102 7.343749  0.792002 -0.328060 0.514888  0.086532 0.966554 0
porchlight_metal
0  0.830739 -0.344102 7.343749  0.792002 -0.328060 0.514888  0.086532 0.966554 0
0  0.647335 -0.647333 7.288226  0.695734 -0.695738 0.178613  0.061816 0.963882 0
0  0.845783 -0.350333 7.288226  0.909023 -0.376530 0.178611  0.086375 0.962512 0
porchlight_metal
0  0.845783 -0.350333 7.288226  0.909023 -0.376530 0.178611  0.086375 0.962512 0
0  0.651549 -0.651547 7.212379  0.706568 -0.706569 0.039012  0.061391 0.958589 0
0  0.851290 -0.352614 7.212379  0.923176 -0.382393 0.039012  0.086193 0.957250 0
porchlight_metal
0  0.876941 0.000002 7.364072  0.399732 0.000002 0.916632  0.110741 0.968324 0
0  0.830739 -0.344102 7.343749  0.792002 -0.328060 0.514888  0.086532 0.966554 0
0  0.899186 0.000002 7.343749  0.857263 0.000001 0.514879  0.110750 0.966200 0
porchlight_metal
0  0.899186 0.000002 7.343749  0.857263 0.000001 0.514879  0.110750 0.966200 0
0  0.845783 -0.350333 7.288226  0.909023 -0.376530 0.178611  0.086375 0.962512 0
0  0.915469 0.000002 7.288226  0.983920 -0.000001 0.178610  0.110747 0.962170 0
porchlight_metal
0  0.915469 0.000002 7.288226  0.983920 -0.000001 0.178610  0.110747 0.962170 0
0  0.851290 -0.352614 7.212379  0.923176 -0.382393 0.039012  0.086193 0.957250 0
0  0.921430 0.000002 7.212379  0.999239 -0.000000 0.039012  0.110775 0.956953 0
porchlight_metal
0  0.876941 0.000002 7.364072  0.399732 0.000002 0.916632  0.110741 0.968324 0
0  0.763635 0.316310 7.364072  0.607118 0.251477 0.753768  0.134618 0.972427 0
0  0.826552 0.000002 7.364072  0.657141 0.000001 0.753767  0.110736 0.971684 0
porchlight_coiloff
0  -0.637943 0.000892 9.128167  0.000000 1.000000 -0.000000  0.290099 0.000000 0
0  -0.668550 0.000893 11.205579  0.000000 1.000000 -0.000000  0.709901 1.000000 0
0  -0.487948 0.000892 9.141290  0.000000 1.000000 -0.000000  0.709901 0.000000 0
porchlight_coiloff
0  -0.487948 0.000892 9.141290  0.996195 0.000000 0.087156  0.507298 0.000000 0
0  -0.668550 -0.000888 11.205579  0.996195 0.000000 0.087156  0.492702 1.000000 0
0  -0.487948 -0.000888 9.141290  0.996195 0.000000 0.087156  0.492702 0.000000 0
porchlight_coiloff
0  -0.487948 -0.000888 9.141290  -0.000000 -1.000000 0.000000  0.709901 0.000000 0
0  -0.818545 -0.000888 11.192455  -0.000000 -1.000000 0.000000  0.290099 1.000000 0
0  -0.637943 -0.000888 9.128167  -0.000000 -1.000000 0.000000  0.290099 0.000000 0
porchlight_coiloff
0  -0.637943 -0.000888 9.128167  -0.996195 0.000000 -0.087156  0.492702 0.000000 0
0  -0.818545 0.000893 11.192455  -0.996195 0.000000 -0.087156  0.507298 1.000000 0
0  -0.637943 0.000892 9.128167  -0.996195 0.000000 -0.087156  0.507298 0.000000 0
porchlight_coiloff
0  -0.487948 0.000892 9.141290  0.087163 0.000000 -0.996194  0.590827 0.507298 0
0  -0.637943 -0.000888 9.128167  0.087142 0.000000 -0.996196  0.409173 0.492702 0
0  -0.637943 0.000892 9.128167  0.087142 0.000000 -0.996196  0.409173 0.507298 0
porchlight_coiloff
0  -0.668550 -0.000888 11.205579  -0.087172 0.000000 0.996193  0.590827 0.492702 0
0  -0.818545 0.000893 11.192455  -0.087155 0.000000 0.996195  0.409173 0.507298 0
0  -0.818545 -0.000888 11.192455  -0.087155 0.000000 0.996195  0.409173 0.492702 0
porchlight_coiloff
0  -0.556601 0.000892 9.141290  -0.000000 1.000000 -0.000000  0.290099 0.000000 0
0  -0.226004 0.000893 11.192455  -0.000000 1.000000 -0.000000  0.709901 1.000000 0
0  -0.406606 0.000892 9.128167  -0.000000 1.000000 -0.000000  0.709901 0.000000 0
porchlight_coiloff
0  -0.406606 0.000892 9.128167  0.996195 0.000000 -0.087156  0.507298 0.000000 0
0  -0.226004 -0.000888 11.192455  0.996195 0.000000 -0.087156  0.492702 1.000000 0
0  -0.406606 -0.000888 9.128167  0.996195 0.000000 -0.087156  0.492702 0.000000 0
porchlight_coiloff
0  -0.406606 -0.000888 9.128167  0.000000 -1.000000 0.000000  0.709901 0.000000 0
0  -0.375999 -0.000888 11.205579  0.000000 -1.000000 0.000000  0.290099 1.000000 0
0  -0.556601 -0.000888 9.141290  0.000000 -1.000000 0.000000  0.290099 0.000000 0
porchlight_coiloff
0  -0.556601 -0.000888 9.141290  -0.996195 0.000000 0.087156  0.492702 0.000000 0
0  -0.375999 0.000893 11.205579  -0.996195 0.000000 0.087156  0.507298 1.000000 0
0  -0.556601 0.000892 9.141290  -0.996195 0.000000 0.087156  0.507298 0.000000 0
porchlight_coiloff
0  -0.406606 0.000892 9.128167  -0.087165 0.000000 -0.996194  0.590827 0.507298 0
0  -0.556601 -0.000888 9.141290  -0.087155 0.000000 -0.996195  0.409173 0.492702 0
0  -0.556601 0.000892 9.141290  -0.087155 0.000000 -0.996195  0.409173 0.507298 0
porchlight_coiloff
0  -0.226004 -0.000888 11.192455  0.087168 0.000000 0.996194  0.590827 0.492702 0
0  -0.375999 0.000893 11.205579  0.087169 0.000000 0.996194  0.409173 0.507298 0
0  -0.375999 -0.000888 11.205579  0.087169 0.000000 0.996194  0.409173 0.492702 0
porchlight_coiloff
0  -0.116125 0.000892 9.128167  0.000000 1.000000 -0.000000  0.290099 0.000000 0
0  -0.146733 0.000893 11.205579  0.000000 1.000000 -0.000000  0.709901 1.000000 0
0  0.033869 0.000892 9.141290  0.000000 1.000000 -0.000000  0.709901 0.000000 0
porchlight_coiloff
0  0.033869 0.000892 9.141290  0.996195 0.000000 0.087156  0.507298 0.000000 0
0  -0.146733 -0.000888 11.205579  0.996195 0.000000 0.087156  0.492702 1.000000 0
0  0.033869 -0.000888 9.141290  0.996195 0.000000 0.087156  0.492702 0.000000 0
porchlight_coiloff
0  0.033869 -0.000888 9.141290  -0.000000 -1.000000 0.000000  0.709901 0.000000 0
0  -0.296727 -0.000888 11.192455  -0.000000 -1.000000 0.000000  0.290099 1.000000 0
0  -0.116125 -0.000888 9.128167  -0.000000 -1.000000 0.000000  0.290099 0.000000 0
porchlight_coiloff
0  -0.116125 -0.000888 9.128167  -0.996195 0.000000 -0.087156  0.492702 0.000000 0
0  -0.296727 0.000893 11.192455  -0.996195 0.000000 -0.087156  0.507298 1.000000 0
0  -0.116125 0.000892 9.128167  -0.996195 0.000000 -0.087156  0.507298 0.000000 0
porchlight_coiloff
0  0.033869 0.000892 9.141290  0.087163 0.000000 -0.996194  0.590827 0.507298 0
0  -0.116125 -0.000888 9.128167  0.087142 0.000000 -0.996196  0.409173 0.492702 0
0  -0.116125 0.000892 9.128167  0.087142 0.000000 -0.996196  0.409173 0.507298 0
porchlight_coiloff
0  -0.146733 -0.000888 11.205579  -0.087172 0.000000 0.996193  0.590827 0.492702 0
0  -0.296727 0.000893 11.192455  -0.087155 0.000000 0.996195  0.409173 0.507298 0
0  -0.296727 -0.000888 11.192455  -0.087155 0.000000 0.996195  0.409173 0.492702 0
porchlight_coiloff
0  -0.034783 0.000892 9.141290  -0.000000 1.000000 -0.000000  0.290099 0.000000 0
0  0.295814 0.000893 11.192455  -0.000000 1.000000 -0.000000  0.709901 1.000000 0
0  0.115212 0.000892 9.128167  -0.000000 1.000000 -0.000000  0.709901 0.000000 0
porchlight_coiloff
0  0.115212 0.000892 9.128167  0.996195 0.000000 -0.087156  0.507298 0.000000 0
0  0.295814 -0.000888 11.192455  0.996195 0.000000 -0.087156  0.492702 1.000000 0
0  0.115212 -0.000888 9.128167  0.996195 0.000000 -0.087156  0.492702 0.000000 0
porchlight_coiloff
0  0.115212 -0.000888 9.128167  0.000000 -1.000000 0.000000  0.709901 0.000000 0
0  0.145819 -0.000888 11.205579  0.000000 -1.000000 0.000000  0.290099 1.000000 0
0  -0.034783 -0.000888 9.141290  0.000000 -1.000000 0.000000  0.290099 0.000000 0
porchlight_coiloff
0  -0.034783 -0.000888 9.141290  -0.996195 0.000000 0.087156  0.492702 0.000000 0
0  0.145819 0.000893 11.205579  -0.996195 0.000000 0.087156  0.507298 1.000000 0
0  -0.034783 0.000892 9.141290  -0.996195 0.000000 0.087156  0.507298 0.000000 0
porchlight_coiloff
0  0.115212 0.000892 9.128167  -0.087165 0.000000 -0.996194  0.590827 0.507298 0
0  -0.034783 -0.000888 9.141290  -0.087155 0.000000 -0.996195  0.409173 0.492702 0
0  -0.034783 0.000892 9.141290  -0.087155 0.000000 -0.996195  0.409173 0.507298 0
porchlight_coiloff
0  0.295814 -0.000888 11.192455  0.087168 0.000000 0.996194  0.590827 0.492702 0
0  0.145819 0.000893 11.205579  0.087169 0.000000 0.996194  0.409173 0.507298 0
0  0.145819 -0.000888 11.205579  0.087169 0.000000 0.996194  0.409173 0.492702 0
porchlight_coiloff
0  0.412057 0.000892 9.128167  0.000000 1.000000 -0.000000  0.290099 0.000000 0
0  0.381450 0.000893 11.205579  0.000000 1.000000 -0.000000  0.709901 1.000000 0
0  0.562052 0.000892 9.141290  0.000000 1.000000 -0.000000  0.709901 0.000000 0
porchlight_coiloff
0  0.562052 0.000892 9.141290  0.996195 0.000000 0.087156  0.507298 0.000000 0
0  0.381450 -0.000888 11.205579  0.996195 0.000000 0.087156  0.492702 1.000000 0
0  0.562052 -0.000888 9.141290  0.996195 0.000000 0.087156  0.492702 0.000000 0
porchlight_coiloff
0  0.562052 -0.000888 9.141290  -0.000000 -1.000000 0.000000  0.709901 0.000000 0
0  0.231455 -0.000888 11.192455  -0.000000 -1.000000 0.000000  0.290099 1.000000 0
0  0.412057 -0.000888 9.128167  -0.000000 -1.000000 0.000000  0.290099 0.000000 0
porchlight_coiloff
0  0.412057 -0.000888 9.128167  -0.996195 0.000000 -0.087156  0.492702 0.000000 0
0  0.231455 0.000893 11.192455  -0.996195 0.000000 -0.087156  0.507298 1.000000 0
0  0.412057 0.000892 9.128167  -0.996195 0.000000 -0.087156  0.507298 0.000000 0
porchlight_coiloff
0  0.562052 0.000892 9.141290  0.087163 0.000000 -0.996194  0.590827 0.507298 0
0  0.412057 -0.000888 9.128167  0.087142 0.000000 -0.996196  0.409173 0.492702 0
0  0.412057 0.000892 9.128167  0.087142 0.000000 -0.996196  0.409173 0.507298 0
porchlight_coiloff
0  0.381450 -0.000888 11.205579  -0.087172 0.000000 0.996193  0.590827 0.492702 0
0  0.231455 0.000893 11.192455  -0.087155 0.000000 0.996195  0.409173 0.507298 0
0  0.231455 -0.000888 11.192455  -0.087155 0.000000 0.996195  0.409173 0.492702 0
porchlight_coiloff
0  0.493399 0.000892 9.141290  -0.000000 1.000000 -0.000000  0.290099 0.000000 0
0  0.823996 0.000893 11.192455  -0.000000 1.000000 -0.000000  0.709901 1.000000 0
0  0.643394 0.000892 9.128167  -0.000000 1.000000 -0.000000  0.709901 0.000000 0
porchlight_coiloff
0  0.643394 0.000892 9.128167  0.996195 0.000000 -0.087156  0.507298 0.000000 0
0  0.823996 -0.000888 11.192455  0.996195 0.000000 -0.087156  0.492702 1.000000 0
0  0.643394 -0.000888 9.128167  0.996195 0.000000 -0.087156  0.492702 0.000000 0
porchlight_coiloff
0  0.643394 -0.000888 9.128167  0.000000 -1.000000 0.000000  0.709901 0.000000 0
0  0.674001 -0.000888 11.205579  0.000000 -1.000000 0.000000  0.290099 1.000000 0
0  0.493399 -0.000888 9.141290  0.000000 -1.000000 0.000000  0.290099 0.000000 0
porchlight_coiloff
0  0.493399 -0.000888 9.141290  -0.996195 0.000000 0.087156  0.492702 0.000000 0
0  0.674001 0.000893 11.205579  -0.996195 0.000000 0.087156  0.507298 1.000000 0
0  0.493399 0.000892 9.141290  -0.996195 0.000000 0.087156  0.507298 0.000000 0
porchlight_coiloff
0  0.643394 0.000892 9.128167  -0.087165 0.000000 -0.996194  0.590827 0.507298 0
0  0.493399 -0.000888 9.141290  -0.087155 0.000000 -0.996195  0.409173 0.492702 0
0  0.493399 0.000892 9.141290  -0.087155 0.000000 -0.996195  0.409173 0.507298 0
porchlight_coiloff
0  0.823996 -0.000888 11.192455  0.087168 0.000000 0.996194  0.590827 0.492702 0
0  0.674001 0.000893 11.205579  0.087169 0.000000 0.996194  0.409173 0.507298 0
0  0.674001 -0.000888 11.205579  0.087169 0.000000 0.996194  0.409173 0.492702 0
porchlight_metal
0  0.947368 0.050841 9.142564  -1.000000 0.000000 0.000000  0.862500 0.350391 0
0  0.947368 -0.052618 9.088657  -1.000000 0.000000 0.000000  0.887500 0.375391 0
0  0.947368 -0.052619 9.142564  -1.000000 0.000000 0.000000  0.862500 0.375391 0
porchlight_metal
0  0.947368 -0.052619 9.142564  0.000000 1.000000 0.000003  0.862500 0.375391 0
0  -0.948284 -0.052618 9.088657  0.000000 1.000000 0.000002  0.887500 0.400391 0
0  -0.948284 -0.052619 9.142564  0.000000 1.000000 0.000002  0.862500 0.400391 0
porchlight_metal
0  -0.948284 -0.052619 9.142564  1.000000 0.000000 0.000000  0.862500 0.400391 0
0  -0.948284 0.050841 9.088657  1.000000 0.000000 0.000000  0.887500 0.425391 0
0  -0.948284 0.050841 9.142564  1.000000 0.000000 0.000000  0.862500 0.425391 0
porchlight_metal
0  -0.948284 0.050841 9.142564  0.000000 -1.000000 0.000000  0.862500 0.425391 0
0  0.947368 0.050841 9.088657  0.000000 -1.000000 0.000000  0.887500 0.450391 0
0  0.947368 0.050841 9.142564  0.000000 -1.000000 0.000000  0.862500 0.450391 0
porchlight_metal
0  0.947368 -0.052619 9.142564  0.000000 0.000000 -1.000000  0.837500 0.400391 0
0  -0.948284 0.050841 9.142564  0.000000 0.000000 -1.000000  0.862500 0.425391 0
0  0.947368 0.050841 9.142564  0.000000 0.000000 -1.000000  0.837500 0.425391 0
porchlight_metal
0  -0.948284 -0.052618 9.088657  0.000000 0.000000 1.000000  0.887500 0.400391 0
0  0.947368 0.050841 9.088657  0.000000 0.000000 1.000000  0.912500 0.425391 0
0  -0.948284 0.050841 9.088657  0.000000 0.000000 1.000000  0.887500 0.425391 0
porchlight_metal
0  0.947368 0.066606 11.369819  -1.000000 0.000000 0.000000  0.862500 0.350391 0
0  0.947368 -0.068383 11.191925  -1.000000 0.000000 0.000000  0.887500 0.375391 0
0  0.947368 -0.068384 11.369819  -1.000000 0.000000 0.000000  0.862500 0.375391 0
porchlight_metal
0  0.947368 -0.068384 11.369819  0.000000 1.000000 0.000001  0.862500 0.375391 0
0  -0.948284 -0.068383 11.191925  0.000000 1.000000 0.000001  0.887500 0.400391 0
0  -0.948284 -0.068384 11.369819  0.000000 1.000000 0.000001  0.862500 0.400391 0
porchlight_metal
0  -0.948284 -0.068384 11.369819  1.000000 0.000000 0.000000  0.862500 0.400391 0
0  -0.948284 0.066606 11.191925  1.000000 0.000000 0.000000  0.887500 0.425391 0
0  -0.948284 0.066606 11.369819  1.000000 0.000000 0.000000  0.862500 0.425391 0
porchlight_metal
0  -0.948284 0.066606 11.369819  0.000000 -1.000000 0.000000  0.862500 0.425391 0
0  0.947368 0.066606 11.191925  0.000000 -1.000000 0.000000  0.887500 0.450391 0
0  0.947368 0.066606 11.369819  0.000000 -1.000000 0.000000  0.862500 0.450391 0
porchlight_metal
0  0.947368 -0.068384 11.369819  0.000000 0.000000 -1.000000  0.837500 0.400391 0
0  -0.948284 0.066606 11.369819  0.000000 0.000000 -1.000000  0.862500 0.425391 0
0  0.947368 0.066606 11.369819  0.000000 0.000000 -1.000000  0.837500 0.425391 0
porchlight_metal
0  -0.948284 -0.068383 11.191925  0.000000 0.000000 1.000000  0.887500 0.400391 0
0  0.947368 0.066606 11.191925  0.000000 0.000000 1.000000  0.912500 0.425391 0
0  -0.948284 0.066606 11.191925  0.000000 0.000000 1.000000  0.887500 0.425391 0
porchlight_metal
0  -0.915086 0.024976 11.222109  0.000000 1.000000 -0.000000  0.862500 0.425391 0
0  -0.861179 0.024976 9.138983  0.000000 1.000000 -0.000000  0.887500 0.450391 0
0  -0.915086 0.024976 9.138983  0.000000 1.000000 -0.000000  0.862500 0.450391 0
porchlight_metal
0  0.914170 -0.026754 9.138983  0.000001 1.000000 -0.000000  0.862500 0.375391 0
0  0.860263 -0.026754 11.222109  0.000001 1.000000 -0.000000  0.887500 0.400391 0
0  0.914170 -0.026754 11.222109  0.000001 1.000000 -0.000000  0.862500 0.400391 0
porchlight_metal
0  -0.915086 -0.026754 9.138983  0.000001 -1.000000 0.000000  0.862500 0.375391 0
0  -0.861179 -0.026754 11.222109  0.000001 -1.000000 0.000000  0.887500 0.400391 0
0  -0.915086 -0.026754 11.222109  0.000001 -1.000000 0.000000  0.862500 0.400391 0
porchlight_metal
0  0.914170 0.024976 11.222109  0.000000 -1.000000 0.000000  0.862500 0.425391 0
0  0.860263 0.024976 9.138983  0.000000 -1.000000 0.000000  0.887500 0.450391 0
0  0.914170 0.024976 9.138983  0.000000 -1.000000 0.000000  0.862500 0.450391 0
porchlight_metal
0  0.914170 -0.026754 9.138983  -1.000000 0.000000 -0.000000  0.837500 0.400391 0
0  0.914170 0.024976 11.222109  -1.000000 0.000000 -0.000000  0.862500 0.425391 0
0  0.914170 0.024976 9.138983  -1.000000 0.000000 -0.000000  0.837500 0.425391 0
porchlight_metal
0  0.860263 -0.026754 11.222109  1.000000 0.000000 0.000000  0.887500 0.400391 0
0  0.860263 0.024976 9.138983  1.000000 0.000000 0.000000  0.912500 0.425391 0
0  0.860263 0.024976 11.222109  1.000000 0.000000 0.000000  0.887500 0.425391 0
porchlight_metal
0  -0.915086 -0.026754 9.138983  -1.000000 0.000000 0.000000  0.837500 0.400391 0
0  -0.915086 0.024976 11.222109  -1.000000 0.000007 0.000000  0.862500 0.425391 0
0  -0.915086 0.024976 9.138983  -1.000000 0.000000 0.000000  0.837500 0.425391 0
porchlight_metal
0  -0.861179 -0.026754 11.222109  1.000000 -0.000000 -0.000000  0.887500 0.400391 0
0  -0.861179 0.024976 9.138983  1.000000 -0.000004 -0.000000  0.912500 0.425391 0
0  -0.861179 0.024976 11.222109  1.000000 0.000000 -0.000000  0.887500 0.425391 0
porchlight_metal
0  0.480144 -0.026754 7.038983  0.000001 1.000000 -0.000000  0.862500 0.375391 0
0  0.426237 -0.026754 9.122108  0.000001 1.000000 -0.000000  0.887500 0.400391 0
0  0.480144 -0.026754 9.122108  0.000001 1.000000 -0.000000  0.862500 0.400391 0
porchlight_metal
0  0.480144 0.024976 9.122108  0.000000 -1.000000 0.000000  0.862500 0.425391 0
0  0.426237 0.024976 7.038983  0.000000 -1.000000 0.000000  0.887500 0.450391 0
0  0.480144 0.024976 7.038983  0.000000 -1.000000 0.000000  0.862500 0.450391 0
porchlight_metal
0  0.480144 -0.026754 7.038983  -1.000000 -0.000002 -0.000000  0.837500 0.400391 0
0  0.480144 0.024976 9.122108  -1.000000 -0.000002 -0.000000  0.862500 0.425391 0
0  0.480144 0.024976 7.038983  -1.000000 -0.000002 -0.000000  0.837500 0.425391 0
porchlight_metal
0  0.426237 -0.026754 9.122108  1.000000 0.000002 0.000000  0.887500 0.400391 0
0  0.426237 0.024976 7.038983  1.000000 0.000002 0.000000  0.912500 0.425391 0
0  0.426237 0.024976 9.122108  1.000000 0.000002 0.000000  0.887500 0.425391 0
porchlight_metal
0  -0.419856 -0.026754 7.038983  0.000001 1.000000 -0.000000  0.862500 0.375391 0
0  -0.473763 -0.026754 9.122108  0.000001 1.000000 -0.000000  0.887500 0.400391 0
0  -0.419856 -0.026754 9.122108  0.000001 1.000000 -0.000000  0.862500 0.400391 0
porchlight_metal
0  -0.419856 0.024976 9.122108  0.000000 -1.000000 0.000000  0.862500 0.425391 0
0  -0.473763 0.024976 7.038983  0.000000 -1.000000 0.000000  0.887500 0.450391 0
0  -0.419856 0.024976 7.038983  0.000000 -1.000000 0.000000  0.862500 0.450391 0
porchlight_metal
0  -0.419856 -0.026754 7.038983  -1.000000 -0.000000 -0.000000  0.837500 0.400391 0
0  -0.419856 0.024976 9.122108  -1.000000 -0.000002 -0.000000  0.862500 0.425391 0
0  -0.419856 0.024976 7.038983  -1.000000 0.000000 -0.000000  0.837500 0.425391 0
porchlight_metal
0  -0.473763 -0.026754 9.122108  1.000000 0.000003 0.000000  0.887500 0.400391 0
0  -0.473763 0.024976 7.038983  1.000000 0.000002 0.000000  0.912500 0.425391 0
0  -0.473764 0.024976 9.122108  1.000000 0.000003 0.000000  0.887500 0.425391 0
porchlight_metal
0  0.854542 0.062036 11.338012  -0.000001 1.000000 -0.000000  0.686573 0.509422 0
0  0.899036 0.043606 11.564540  0.707108 0.707105 -0.000000  0.674073 0.559422 0
0  0.899036 0.043606 11.338012  0.707107 0.707107 -0.000000  0.674073 0.509422 0
porchlight_metal
0  0.899036 0.043606 11.338012  0.707107 0.707107 -0.000000  0.674073 0.509422 0
0  0.917467 -0.000889 11.564540  1.000000 -0.000002 -0.000000  0.661573 0.559422 0
0  0.917467 -0.000889 11.338012  1.000000 0.000003 0.000000  0.661573 0.509422 0
porchlight_metal
0  0.917467 -0.000889 11.338012  1.000000 0.000003 0.000000  0.661573 0.509422 0
0  0.899036 -0.045383 11.564540  0.707108 -0.707106 0.000000  0.649073 0.559422 0
0  0.899036 -0.045383 11.338012  0.707109 -0.707105 0.000000  0.649073 0.509422 0
porchlight_metal
0  0.899036 -0.045383 11.338012  0.707109 -0.707105 0.000000  0.649073 0.509422 0
0  0.854542 -0.063814 11.564540  -0.000001 -1.000000 0.000000  0.636573 0.559422 0
0  0.854542 -0.063814 11.338012  -0.000001 -1.000000 0.000000  0.636573 0.509422 0
porchlight_metal
0  0.854542 -0.063814 11.338012  -0.000001 -1.000000 0.000000  0.636573 0.509422 0
0  0.810047 -0.045383 11.564540  -0.707109 -0.707105 0.000000  0.624073 0.559422 0
0  0.810047 -0.045383 11.338012  -0.707106 -0.707108 0.000000  0.624073 0.509422 0
porchlight_metal
0  0.810047 -0.045383 11.338012  -0.707106 -0.707108 0.000000  0.624073 0.509422 0
0  0.791617 -0.000889 11.564540  -1.000000 0.000003 -0.000000  0.611573 0.559422 0
0  0.791617 -0.000889 11.338012  -1.000000 -0.000002 0.000000  0.611573 0.509422 0
porchlight_metal
0  0.854542 -0.063814 11.564540  0.000000 0.000000 1.000000  0.611573 0.460422 0
0  0.899036 -0.045383 11.564540  0.000000 0.000000 1.000000  0.628544 0.467451 0
0  0.917467 -0.000889 11.564540  -0.000006 0.000000 1.000000  0.635573 0.484422 0
porchlight_metal
0  0.791617 -0.000889 11.338012  -1.000000 -0.000002 0.000000  0.611573 0.509422 0
0  0.810047 0.043606 11.564540  -0.707105 0.707108 -0.000000  0.599073 0.559422 0
0  0.810047 0.043606 11.338012  -0.707107 0.707107 -0.000000  0.599073 0.509422 0
porchlight_metal
0  0.810047 0.043606 11.338012  -0.707107 0.707107 -0.000000  0.599073 0.509422 0
0  0.854542 0.062036 11.564540  0.000001 1.000000 -0.000000  0.586573 0.559422 0
0  0.854542 0.062036 11.338012  -0.000001 1.000000 -0.000000  0.586573 0.509422 0
porchlight_metal
0  -0.850985 0.062036 11.338012  -0.000001 1.000000 -0.000000  0.686573 0.509422 0
0  -0.806491 0.043606 11.564540  0.707106 0.707108 -0.000000  0.674073 0.559422 0
0  -0.806491 0.043606 11.338012  0.707107 0.707107 -0.000000  0.674073 0.509422 0
porchlight_metal
0  -0.806491 0.043606 11.338012  0.707107 0.707107 -0.000000  0.674073 0.509422 0
0  -0.788061 -0.000889 11.564540  1.000000 -0.000000 -0.000000  0.661573 0.559422 0
0  -0.788061 -0.000889 11.338012  1.000000 0.000000 0.000000  0.661573 0.509422 0
porchlight_metal
0  -0.788061 -0.000889 11.338012  1.000000 0.000000 0.000000  0.661573 0.509422 0
0  -0.806491 -0.045383 11.564540  0.707108 -0.707106 0.000000  0.649073 0.559422 0
0  -0.806491 -0.045383 11.338012  0.707107 -0.707107 0.000000  0.649073 0.509422 0
porchlight_metal
0  -0.806491 -0.045383 11.338012  0.707107 -0.707107 0.000000  0.649073 0.509422 0
0  -0.850985 -0.063814 11.564540  -0.000000 -1.000000 0.000000  0.636573 0.559422 0
0  -0.850985 -0.063814 11.338012  -0.000001 -1.000000 0.000000  0.636573 0.509422 0
porchlight_metal
0  -0.850985 -0.063814 11.338012  -0.000001 -1.000000 0.000000  0.636573 0.509422 0
0  -0.895480 -0.045383 11.564540  -0.707109 -0.707105 0.000000  0.624073 0.559422 0
0  -0.895480 -0.045383 11.338012  -0.707105 -0.707109 0.000000  0.624073 0.509422 0
porchlight_metal
0  -0.895480 -0.045383 11.338012  -0.707105 -0.707109 0.000000  0.624073 0.509422 0
0  -0.913910 -0.000889 11.564540  -1.000000 0.000004 -0.000000  0.611573 0.559422 0
0  -0.913910 -0.000889 11.338012  -1.000000 -0.000003 0.000000  0.611573 0.509422 0
porchlight_metal
0  -0.850985 -0.063814 11.564540  0.000000 0.000000 1.000000  0.611573 0.460422 0
0  -0.806491 -0.045383 11.564540  0.000000 0.000000 1.000000  0.628544 0.467451 0
0  -0.788061 -0.000889 11.564540  -0.000006 0.000000 1.000000  0.635573 0.484422 0
porchlight_metal
0  -0.913910 -0.000889 11.338012  -1.000000 -0.000003 0.000000  0.611573 0.509422 0
0  -0.895480 0.043606 11.564540  -0.707104 0.707109 -0.000000  0.599073 0.559422 0
0  -0.895480 0.043606 11.338012  -0.707107 0.707107 -0.000000  0.599073 0.509422 0
porchlight_metal
0  -0.895480 0.043606 11.338012  -0.707107 0.707107 -0.000000  0.599073 0.509422 0
0  -0.850985 0.062036 11.564540  0.000000 1.000000 -0.000000  0.586573 0.559422 0
0  -0.850985 0.062036 11.338012  -0.000001 1.000000 -0.000000  0.586573 0.509422 0
porchlight_glass
0  1.032863 0.000003 12.576391  0.995740 0.000004 0.092206  1.000000 0.916667 0
0  0.791019 -0.327648 13.109538  0.148179 -0.061429 0.987051  0.937500 1.000000 0
0  0.954241 -0.395257 12.576391  0.919945 -0.381050 0.092206  0.937500 0.916667 0
porchlight_glass
0  0.954241 -0.395257 12.576391  0.919945 -0.381050 0.092206  0.937500 0.916667 0
0  0.605420 -0.605416 13.109538  0.113296 -0.113498 0.987057  0.875000 1.000000 0
0  0.730344 -0.730342 12.576391  0.704096 -0.704092 0.092206  0.875000 0.916667 0
porchlight_glass
0  0.730344 -0.730342 12.576391  0.704096 -0.704092 0.092206  0.875000 0.916667 0
0  0.327651 -0.791016 13.109538  0.061343 -0.148219 0.987050  0.812500 1.000000 0
0  0.395260 -0.954238 12.576391  0.381056 -0.919943 0.092206  0.812500 0.916667 0
porchlight_glass
0  0.395260 -0.954238 12.576391  0.381056 -0.919943 0.092206  0.812500 0.916667 0
0  -0.000000 -0.856190 13.109538  -0.000047 -0.160415 0.987050  0.750000 1.000000 0
0  -0.000000 -1.032860 12.576391  0.000003 -0.995740 0.092206  0.750000 0.916667 0
porchlight_glass
0  -0.000000 -1.032860 12.576391  0.000003 -0.995740 0.092206  0.750000 0.916667 0
0  -0.327651 -0.791016 13.109538  -0.061256 -0.148252 0.987051  0.687500 1.000000 0
0  -0.395260 -0.954238 12.576391  -0.381051 -0.919945 0.092206  0.687500 0.916667 0
porchlight_glass
0  -0.395260 -0.954238 12.576391  -0.381051 -0.919945 0.092206  0.687500 0.916667 0
0  -0.605420 -0.605416 13.109538  -0.113632 -0.113160 0.987057  0.625000 1.000000 0
0  -0.730345 -0.730341 12.576391  -0.704092 -0.704097 0.092206  0.625000 0.916667 0
porchlight_glass
0  -0.730345 -0.730341 12.576391  -0.704092 -0.704097 0.092206  0.625000 0.916667 0
0  -0.791019 -0.327648 13.109538  -0.148290 -0.061166 0.987051  0.562500 1.000000 0
0  -0.954241 -0.395257 12.576391  -0.919942 -0.381056 0.092206  0.562500 0.916667 0
porchlight_glass
0  -0.954241 -0.395257 12.576391  -0.919942 -0.381056 0.092206  0.562500 0.916667 0
0  -0.856193 0.000003 13.109538  -0.160416 0.000048 0.987050  0.500000 1.000000 0
0  -1.032863 0.000003 12.576391  -0.995740 -0.000003 0.092206  0.500000 0.916667 0
porchlight_glass
0  -1.032863 0.000003 12.576391  -0.995740 -0.000003 0.092206  0.500000 0.916667 0
0  -0.791019 0.327654 13.109538  -0.148179 0.061429 0.987051  0.437500 1.000000 0
0  -0.954241 0.395263 12.576391  -0.919945 0.381050 0.092206  0.437500 0.916667 0
porchlight_glass
0  -0.954241 0.395263 12.576391  -0.919945 0.381050 0.092206  0.437500 0.916667 0
0  -0.605420 0.605423 13.109538  -0.113161 0.113633 0.987057  0.375000 1.000000 0
0  -0.730344 0.730348 12.576391  -0.704096 0.704093 0.092206  0.375000 0.916667 0
porchlight_glass
0  -0.730344 0.730348 12.576391  -0.704096 0.704093 0.092206  0.375000 0.916667 0
0  -0.327651 0.791022 13.109538  -0.061343 0.148219 0.987050  0.312500 1.000000 0
0  -0.395260 0.954244 12.576391  -0.381056 0.919943 0.092206  0.312500 0.916667 0
porchlight_glass
0  -0.395260 0.954244 12.576391  -0.381056 0.919943 0.092206  0.312500 0.916667 0
0  0.000000 0.856196 13.109538  -0.000239 0.160415 0.987050  0.250000 1.000000 0
0  0.000000 1.032866 12.576391  -0.000003 0.995740 0.092206  0.250000 0.916667 0
porchlight_glass
0  0.000000 1.032866 12.576391  -0.000003 0.995740 0.092206  0.250000 0.916667 0
0  0.327651 0.791022 13.109538  0.061432 0.148179 0.987051  0.187500 1.000000 0
0  0.395260 0.954244 12.576391  0.381050 0.919945 0.092206  0.187500 0.916667 0
porchlight_glass
0  0.395260 0.954244 12.576391  0.381050 0.919945 0.092206  0.187500 0.916667 0
0  0.605420 0.605423 13.109538  0.113430 0.113363 0.987057  0.125000 1.000000 0
0  0.730345 0.730347 12.576391  0.704092 0.704097 0.092206  0.125000 0.916667 0
porchlight_glass
0  -0.605420 0.605423 13.109538  -0.113161 0.113633 0.987057  0.080294 0.080294 0
0  -0.605420 -0.605416 13.109538  -0.113632 -0.113160 0.987057  0.419706 0.080294 0
0  0.605420 -0.605416 13.109538  0.113296 -0.113498 0.987057  0.419706 0.419706 0
porchlight_glass
0  0.730345 0.730347 12.576391  0.704092 0.704097 0.092206  0.125000 0.916667 0
0  0.791019 0.327654 13.109538  0.148219 0.061343 0.987050  0.062500 1.000000 0
0  0.954241 0.395263 12.576391  0.919943 0.381056 0.092206  0.062500 0.916667 0
porchlight_glass
0  0.954241 0.395263 12.576391  0.919943 0.381056 0.092206  0.062500 0.916667 0
0  0.856193 0.000003 13.109538  0.160416 -0.000047 0.987050  0.000000 1.000000 0
0  1.032863 0.000003 12.576391  0.995740 0.000004 0.092206  0.000000 0.916667 0
porchlight_glass
0  0.744353 0.308323 7.431253  0.872239 0.361293 -0.329647  0.062500 0.500000 0
0  0.991838 0.000002 7.964399  0.994107 -0.000006 -0.108403  0.000000 0.583333 0
0  0.805682 0.000002 7.431253  0.944104 -0.000000 -0.329647  0.000000 0.500000 0
porchlight_glass
0  0.916339 0.379562 7.964399  0.918438 0.380421 -0.108403  0.062500 0.583333 0
0  1.002094 0.000002 9.117397  0.999960 0.000000 -0.008895  0.000000 0.666667 0
0  0.991838 0.000002 7.964399  0.994107 -0.000006 -0.108403  0.000000 0.583333 0
porchlight_glass
0  0.925814 0.383487 9.117397  0.923843 0.382668 -0.008895  0.062500 0.666667 0
0  1.012350 0.000002 10.270395  0.999960 -0.000000 -0.008895  0.000000 0.750000 0
0  1.002094 0.000002 9.117397  0.999960 0.000000 -0.008895  0.000000 0.666667 0
porchlight_glass
0  0.935290 0.387412 10.270395  0.923843 0.382668 -0.008895  0.062500 0.750000 0
0  1.022607 0.000003 11.423392  0.999960 0.000000 -0.008895  0.000000 0.833333 0
0  1.012350 0.000002 10.270395  0.999960 -0.000000 -0.008895  0.000000 0.750000 0
porchlight_glass
0  0.944765 0.391337 11.423392  0.923843 0.382668 -0.008895  0.062500 0.833333 0
0  1.032863 0.000003 12.576391  0.995740 0.000004 0.092206  0.000000 0.916667 0
0  1.022607 0.000003 11.423392  0.999960 0.000000 -0.008895  0.000000 0.833333 0
porchlight_glass
0  0.569703 0.569705 7.431253  0.667583 0.667582 -0.329647  0.125000 0.500000 0
0  0.916339 0.379562 7.964399  0.918438 0.380421 -0.108403  0.062500 0.583333 0
0  0.744353 0.308323 7.431253  0.872239 0.361293 -0.329647  0.062500 0.500000 0
porchlight_glass
0  0.701335 0.701337 7.964399  0.702945 0.702935 -0.108404  0.125000 0.583333 0
0  0.925814 0.383487 9.117397  0.923843 0.382668 -0.008895  0.062500 0.666667 0
0  0.916339 0.379562 7.964399  0.918438 0.380421 -0.108403  0.062500 0.583333 0
porchlight_glass
0  0.708588 0.708590 9.117397  0.707079 0.707079 -0.008895  0.125000 0.666667 0
0  0.935290 0.387412 10.270395  0.923843 0.382668 -0.008895  0.062500 0.750000 0
0  0.925814 0.383487 9.117397  0.923843 0.382668 -0.008895  0.062500 0.666667 0
porchlight_glass
0  0.715840 0.715842 10.270395  0.707079 0.707079 -0.008895  0.125000 0.750000 0
0  0.944765 0.391337 11.423392  0.923843 0.382668 -0.008895  0.062500 0.833333 0
0  0.935290 0.387412 10.270395  0.923843 0.382668 -0.008895  0.062500 0.750000 0
porchlight_glass
0  0.723092 0.723095 11.423392  0.707079 0.707079 -0.008895  0.125000 0.833333 0
0  0.954241 0.395263 12.576391  0.919943 0.381056 0.092206  0.062500 0.916667 0
0  0.944765 0.391337 11.423392  0.923843 0.382668 -0.008895  0.062500 0.833333 0
porchlight_glass
0  0.308321 0.744355 7.431253  0.361293 0.872238 -0.329648  0.187500 0.500000 0
0  0.701335 0.701337 7.964399  0.702945 0.702935 -0.108404  0.125000 0.583333 0
0  0.569703 0.569705 7.431253  0.667583 0.667582 -0.329647  0.125000 0.500000 0
porchlight_glass
0  0.379560 0.916341 7.964399  0.380435 0.918432 -0.108404  0.187500 0.583333 0
0  0.708588 0.708590 9.117397  0.707079 0.707079 -0.008895  0.125000 0.666667 0
0  0.701335 0.701337 7.964399  0.702945 0.702935 -0.108404  0.125000 0.583333 0
porchlight_glass
0  0.383485 0.925816 9.117397  0.382668 0.923843 -0.008895  0.187500 0.666667 0
0  0.715840 0.715842 10.270395  0.707079 0.707079 -0.008895  0.125000 0.750000 0
0  0.708588 0.708590 9.117397  0.707079 0.707079 -0.008895  0.125000 0.666667 0
porchlight_glass
0  0.387410 0.935292 10.270395  0.382668 0.923843 -0.008895  0.187500 0.750000 0
0  0.723092 0.723095 11.423392  0.707079 0.707079 -0.008895  0.125000 0.833333 0
0  0.715840 0.715842 10.270395  0.707079 0.707079 -0.008895  0.125000 0.750000 0
porchlight_glass
0  0.391335 0.944768 11.423392  0.382668 0.923843 -0.008895  0.187500 0.833333 0
0  0.730345 0.730347 12.576391  0.704092 0.704097 0.092206  0.125000 0.916667 0
0  0.723092 0.723095 11.423392  0.707079 0.707079 -0.008895  0.125000 0.833333 0
porchlight_glass
0  0.000000 0.805684 7.431253  -0.000000 0.944104 -0.329648  0.250000 0.500000 0
0  0.379560 0.916341 7.964399  0.380435 0.918432 -0.108404  0.187500 0.583333 0
0  0.308321 0.744355 7.431253  0.361293 0.872238 -0.329648  0.187500 0.500000 0
porchlight_glass
0  0.000000 0.991840 7.964399  0.000007 0.994107 -0.108404  0.250000 0.583333 0
0  0.383485 0.925816 9.117397  0.382668 0.923843 -0.008895  0.187500 0.666667 0
0  0.379560 0.916341 7.964399  0.380435 0.918432 -0.108404  0.187500 0.583333 0
porchlight_glass
0  0.000000 1.002096 9.117397  0.000000 0.999960 -0.008895  0.250000 0.666667 0
0  0.387410 0.935292 10.270395  0.382668 0.923843 -0.008895  0.187500 0.750000 0
0  0.383485 0.925816 9.117397  0.382668 0.923843 -0.008895  0.187500 0.666667 0
porchlight_glass
0  0.000000 1.012353 10.270395  -0.000000 0.999960 -0.008895  0.250000 0.750000 0
0  0.391335 0.944768 11.423392  0.382668 0.923843 -0.008895  0.187500 0.833333 0
0  0.387410 0.935292 10.270395  0.382668 0.923843 -0.008895  0.187500 0.750000 0
porchlight_glass
0  0.000000 1.022609 11.423392  0.000000 0.999960 -0.008895  0.250000 0.833333 0
0  0.395260 0.954244 12.576391  0.381050 0.919945 0.092206  0.187500 0.916667 0
0  0.391335 0.944768 11.423392  0.382668 0.923843 -0.008895  0.187500 0.833333 0
porchlight_glass
0  -0.308321 0.744355 7.431253  -0.361293 0.872238 -0.329648  0.312500 0.500000 0
0  0.000000 0.991840 7.964399  0.000007 0.994107 -0.108404  0.250000 0.583333 0
0  0.000000 0.805684 7.431253  -0.000000 0.944104 -0.329648  0.250000 0.500000 0
porchlight_glass
0  -0.379560 0.916341 7.964399  -0.380422 0.918438 -0.108404  0.312500 0.583333 0
0  0.000000 1.002096 9.117397  0.000000 0.999960 -0.008895  0.250000 0.666667 0
0  0.000000 0.991840 7.964399  0.000007 0.994107 -0.108404  0.250000 0.583333 0
porchlight_glass
0  -0.383485 0.925816 9.117397  -0.382668 0.923843 -0.008895  0.312500 0.666667 0
0  0.000000 1.012353 10.270395  -0.000000 0.999960 -0.008895  0.250000 0.750000 0
0  0.000000 1.002096 9.117397  0.000000 0.999960 -0.008895  0.250000 0.666667 0
porchlight_glass
0  -0.387410 0.935292 10.270395  -0.382668 0.923843 -0.008895  0.312500 0.750000 0
0  0.000000 1.022609 11.423392  0.000000 0.999960 -0.008895  0.250000 0.833333 0
0  0.000000 1.012353 10.270395  -0.000000 0.999960 -0.008895  0.250000 0.750000 0
porchlight_glass
0  -0.391335 0.944768 11.423392  -0.382668 0.923843 -0.008895  0.312500 0.833333 0
0  0.000000 1.032866 12.576391  -0.000003 0.995740 0.092206  0.250000 0.916667 0
0  0.000000 1.022609 11.423392  0.000000 0.999960 -0.008895  0.250000 0.833333 0
porchlight_glass
0  -0.569703 0.569705 7.431253  -0.667583 0.667582 -0.329647  0.375000 0.500000 0
0  -0.379560 0.916341 7.964399  -0.380422 0.918438 -0.108404  0.312500 0.583333 0
0  -0.308321 0.744355 7.431253  -0.361293 0.872238 -0.329648  0.312500 0.500000 0
porchlight_glass
0  -0.701335 0.701337 7.964399  -0.702935 0.702945 -0.108404  0.375000 0.583333 0
0  -0.383485 0.925816 9.117397  -0.382668 0.923843 -0.008895  0.312500 0.666667 0
0  -0.379560 0.916341 7.964399  -0.380422 0.918438 -0.108404  0.312500 0.583333 0
porchlight_glass
0  -0.708587 0.708590 9.117397  -0.707079 0.707079 -0.008895  0.375000 0.666667 0
0  -0.387410 0.935292 10.270395  -0.382668 0.923843 -0.008895  0.312500 0.750000 0
0  -0.383485 0.925816 9.117397  -0.382668 0.923843 -0.008895  0.312500 0.666667 0
porchlight_glass
0  -0.715840 0.715842 10.270395  -0.707079 0.707079 -0.008895  0.375000 0.750000 0
0  -0.391335 0.944768 11.423392  -0.382668 0.923843 -0.008895  0.312500 0.833333 0
0  -0.387410 0.935292 10.270395  -0.382668 0.923843 -0.008895  0.312500 0.750000 0
porchlight_glass
0  -0.723092 0.723095 11.423392  -0.707079 0.707079 -0.008895  0.375000 0.833333 0
0  -0.395260 0.954244 12.576391  -0.381056 0.919943 0.092206  0.312500 0.916667 0
0  -0.391335 0.944768 11.423392  -0.382668 0.923843 -0.008895  0.312500 0.833333 0
porchlight_glass
0  -0.744353 0.308323 7.431253  -0.872239 0.361293 -0.329647  0.437500 0.500000 0
0  -0.701335 0.701337 7.964399  -0.702935 0.702945 -0.108404  0.375000 0.583333 0
0  -0.569703 0.569705 7.431253  -0.667583 0.667582 -0.329647  0.375000 0.500000 0
porchlight_glass
0  -0.916339 0.379562 7.964399  -0.918432 0.380435 -0.108403  0.437500 0.583333 0
0  -0.708587 0.708590 9.117397  -0.707079 0.707079 -0.008895  0.375000 0.666667 0
0  -0.701335 0.701337 7.964399  -0.702935 0.702945 -0.108404  0.375000 0.583333 0
porchlight_glass
0  -0.925814 0.383487 9.117397  -0.923843 0.382668 -0.008895  0.437500 0.666667 0
0  -0.715840 0.715842 10.270395  -0.707079 0.707079 -0.008895  0.375000 0.750000 0
0  -0.708587 0.708590 9.117397  -0.707079 0.707079 -0.008895  0.375000 0.666667 0
porchlight_glass
0  -0.935290 0.387412 10.270395  -0.923843 0.382669 -0.008895  0.437500 0.750000 0
0  -0.723092 0.723095 11.423392  -0.707079 0.707079 -0.008895  0.375000 0.833333 0
0  -0.715840 0.715842 10.270395  -0.707079 0.707079 -0.008895  0.375000 0.750000 0
porchlight_glass
0  -0.944765 0.391337 11.423392  -0.923843 0.382668 -0.008895  0.437500 0.833333 0
0  -0.730344 0.730348 12.576391  -0.704096 0.704093 0.092206  0.375000 0.916667 0
0  -0.723092 0.723095 11.423392  -0.707079 0.707079 -0.008895  0.375000 0.833333 0
porchlight_glass
0  -0.805682 0.000002 7.431253  -0.944104 -0.000000 -0.329647  0.500000 0.500000 0
0  -0.916339 0.379562 7.964399  -0.918432 0.380435 -0.108403  0.437500 0.583333 0
0  -0.744353 0.308323 7.431253  -0.872239 0.361293 -0.329647  0.437500 0.500000 0
porchlight_glass
0  -0.991838 0.000002 7.964399  -0.994107 0.000007 -0.108404  0.500000 0.583333 0
0  -0.925814 0.383487 9.117397  -0.923843 0.382668 -0.008895  0.437500 0.666667 0
0  -0.916339 0.379562 7.964399  -0.918432 0.380435 -0.108403  0.437500 0.583333 0
porchlight_glass
0  -1.002094 0.000002 9.117397  -0.999960 -0.000000 -0.008895  0.500000 0.666667 0
0  -0.935290 0.387412 10.270395  -0.923843 0.382669 -0.008895  0.437500 0.750000 0
0  -0.925814 0.383487 9.117397  -0.923843 0.382668 -0.008895  0.437500 0.666667 0
porchlight_glass
0  -1.012350 0.000003 10.270395  -0.999960 -0.000000 -0.008895  0.500000 0.750000 0
0  -0.944765 0.391337 11.423392  -0.923843 0.382668 -0.008895  0.437500 0.833333 0
0  -0.935290 0.387412 10.270395  -0.923843 0.382669 -0.008895  0.437500 0.750000 0
porchlight_glass
0  -1.022607 0.000003 11.423392  -0.999960 -0.000000 -0.008895  0.500000 0.833333 0
0  -0.954241 0.395263 12.576391  -0.919945 0.381050 0.092206  0.437500 0.916667 0
0  -0.944765 0.391337 11.423392  -0.923843 0.382668 -0.008895  0.437500 0.833333 0
porchlight_glass
0  -0.744353 -0.308319 7.431253  -0.872239 -0.361293 -0.329647  0.562500 0.500000 0
0  -0.991838 0.000002 7.964399  -0.994107 0.000007 -0.108404  0.500000 0.583333 0
0  -0.805682 0.000002 7.431253  -0.944104 -0.000000 -0.329647  0.500000 0.500000 0
porchlight_glass
0  -0.916339 -0.379558 7.964399  -0.918438 -0.380422 -0.108403  0.562500 0.583333 0
0  -1.002094 0.000002 9.117397  -0.999960 -0.000000 -0.008895  0.500000 0.666667 0
0  -0.991838 0.000002 7.964399  -0.994107 0.000007 -0.108404  0.500000 0.583333 0
porchlight_glass
0  -0.925814 -0.383483 9.117397  -0.923843 -0.382668 -0.008895  0.562500 0.666667 0
0  -1.012350 0.000003 10.270395  -0.999960 -0.000000 -0.008895  0.500000 0.750000 0
0  -1.002094 0.000002 9.117397  -0.999960 -0.000000 -0.008895  0.500000 0.666667 0
porchlight_glass
0  -0.935290 -0.387407 10.270395  -0.923843 -0.382668 -0.008895  0.562500 0.750000 0
0  -1.022607 0.000003 11.423392  -0.999960 -0.000000 -0.008895  0.500000 0.833333 0
0  -1.012350 0.000003 10.270395  -0.999960 -0.000000 -0.008895  0.500000 0.750000 0
porchlight_glass
0  -0.944765 -0.391332 11.423392  -0.923843 -0.382668 -0.008895  0.562500 0.833333 0
0  -1.032863 0.000003 12.576391  -0.995740 -0.000003 0.092206  0.500000 0.916667 0
0  -1.022607 0.000003 11.423392  -0.999960 -0.000000 -0.008895  0.500000 0.833333 0
porchlight_glass
0  -0.569703 -0.569701 7.431253  -0.667583 -0.667582 -0.329647  0.625000 0.500000 0
0  -0.916339 -0.379558 7.964399  -0.918438 -0.380422 -0.108403  0.562500 0.583333 0
0  -0.744353 -0.308319 7.431253  -0.872239 -0.361293 -0.329647  0.562500 0.500000 0
porchlight_glass
0  -0.701335 -0.701333 7.964399  -0.702945 -0.702935 -0.108403  0.625000 0.583333 0
0  -0.925814 -0.383483 9.117397  -0.923843 -0.382668 -0.008895  0.562500 0.666667 0
0  -0.916339 -0.379558 7.964399  -0.918438 -0.380422 -0.108403  0.562500 0.583333 0
porchlight_glass
0  -0.708588 -0.708585 9.117397  -0.707079 -0.707079 -0.008895  0.625000 0.666667 0
0  -0.935290 -0.387407 10.270395  -0.923843 -0.382668 -0.008895  0.562500 0.750000 0
0  -0.925814 -0.383483 9.117397  -0.923843 -0.382668 -0.008895  0.562500 0.666667 0
porchlight_glass
0  -0.715840 -0.715837 10.270395  -0.707079 -0.707079 -0.008895  0.625000 0.750000 0
0  -0.944765 -0.391332 11.423392  -0.923843 -0.382668 -0.008895  0.562500 0.833333 0
0  -0.935290 -0.387407 10.270395  -0.923843 -0.382668 -0.008895  0.562500 0.750000 0
porchlight_glass
0  -0.723092 -0.723089 11.423392  -0.707079 -0.707079 -0.008895  0.625000 0.833333 0
0  -0.954241 -0.395257 12.576391  -0.919942 -0.381056 0.092206  0.562500 0.916667 0
0  -0.944765 -0.391332 11.423392  -0.923843 -0.382668 -0.008895  0.562500 0.833333 0
porchlight_glass
0  -0.308321 -0.744351 7.431253  -0.361293 -0.872238 -0.329647  0.687500 0.500000 0
0  -0.701335 -0.701333 7.964399  -0.702945 -0.702935 -0.108403  0.625000 0.583333 0
0  -0.569703 -0.569701 7.431253  -0.667583 -0.667582 -0.329647  0.625000 0.500000 0
porchlight_glass
0  -0.379560 -0.916337 7.964399  -0.380435 -0.918432 -0.108403  0.687500 0.583333 0
0  -0.708588 -0.708585 9.117397  -0.707079 -0.707079 -0.008895  0.625000 0.666667 0
0  -0.701335 -0.701333 7.964399  -0.702945 -0.702935 -0.108403  0.625000 0.583333 0
porchlight_glass
0  -0.383485 -0.925812 9.117397  -0.382668 -0.923843 -0.008895  0.687500 0.666667 0
0  -0.715840 -0.715837 10.270395  -0.707079 -0.707079 -0.008895  0.625000 0.750000 0
0  -0.708588 -0.708585 9.117397  -0.707079 -0.707079 -0.008895  0.625000 0.666667 0
porchlight_glass
0  -0.387410 -0.935287 10.270395  -0.382668 -0.923843 -0.008895  0.687500 0.750000 0
0  -0.723092 -0.723089 11.423392  -0.707079 -0.707079 -0.008895  0.625000 0.833333 0
0  -0.715840 -0.715837 10.270395  -0.707079 -0.707079 -0.008895  0.625000 0.750000 0
porchlight_glass
0  -0.391335 -0.944763 11.423392  -0.382668 -0.923843 -0.008895  0.687500 0.833333 0
0  -0.730345 -0.730341 12.576391  -0.704092 -0.704097 0.092206  0.625000 0.916667 0
0  -0.723092 -0.723089 11.423392  -0.707079 -0.707079 -0.008895  0.625000 0.833333 0
porchlight_glass
0  -0.000000 -0.805680 7.431253  0.000001 -0.944104 -0.329647  0.750000 0.500000 0
0  -0.379560 -0.916337 7.964399  -0.380435 -0.918432 -0.108403  0.687500 0.583333 0
0  -0.308321 -0.744351 7.431253  -0.361293 -0.872238 -0.329647  0.687500 0.500000 0
porchlight_glass
0  -0.000000 -0.991836 7.964399  -0.000007 -0.994107 -0.108403  0.750000 0.583333 0
0  -0.383485 -0.925812 9.117397  -0.382668 -0.923843 -0.008895  0.687500 0.666667 0
0  -0.379560 -0.916337 7.964399  -0.380435 -0.918432 -0.108403  0.687500 0.583333 0
porchlight_glass
0  -0.000000 -1.002092 9.117397  0.000000 -0.999960 -0.008895  0.750000 0.666667 0
0  -0.387410 -0.935287 10.270395  -0.382668 -0.923843 -0.008895  0.687500 0.750000 0
0  -0.383485 -0.925812 9.117397  -0.382668 -0.923843 -0.008895  0.687500 0.666667 0
porchlight_glass
0  -0.000000 -1.012348 10.270395  -0.000000 -0.999960 -0.008895  0.750000 0.750000 0
0  -0.391335 -0.944763 11.423392  -0.382668 -0.923843 -0.008895  0.687500 0.833333 0
0  -0.387410 -0.935287 10.270395  -0.382668 -0.923843 -0.008895  0.687500 0.750000 0
porchlight_glass
0  -0.000000 -1.022604 11.423392  0.000000 -0.999960 -0.008895  0.750000 0.833333 0
0  -0.395260 -0.954238 12.576391  -0.381051 -0.919945 0.092206  0.687500 0.916667 0
0  -0.391335 -0.944763 11.423392  -0.382668 -0.923843 -0.008895  0.687500 0.833333 0
porchlight_glass
0  0.308321 -0.744351 7.431253  0.361294 -0.872238 -0.329647  0.812500 0.500000 0
0  -0.000000 -0.991836 7.964399  -0.000007 -0.994107 -0.108403  0.750000 0.583333 0
0  -0.000000 -0.805680 7.431253  0.000001 -0.944104 -0.329647  0.750000 0.500000 0
porchlight_glass
0  0.379560 -0.916337 7.964399  0.380422 -0.918438 -0.108403  0.812500 0.583333 0
0  -0.000000 -1.002092 9.117397  0.000000 -0.999960 -0.008895  0.750000 0.666667 0
0  -0.000000 -0.991836 7.964399  -0.000007 -0.994107 -0.108403  0.750000 0.583333 0
porchlight_glass
0  0.383485 -0.925812 9.117397  0.382668 -0.923843 -0.008895  0.812500 0.666667 0
0  -0.000000 -1.012348 10.270395  -0.000000 -0.999960 -0.008895  0.750000 0.750000 0
0  -0.000000 -1.002092 9.117397  0.000000 -0.999960 -0.008895  0.750000 0.666667 0
porchlight_glass
0  0.387410 -0.935287 10.270395  0.382668 -0.923843 -0.008895  0.812500 0.750000 0
0  -0.000000 -1.022604 11.423392  0.000000 -0.999960 -0.008895  0.750000 0.833333 0
0  -0.000000 -1.012348 10.270395  -0.000000 -0.999960 -0.008895  0.750000 0.750000 0
porchlight_glass
0  0.391335 -0.944763 11.423392  0.382668 -0.923843 -0.008895  0.812500 0.833333 0
0  -0.000000 -1.032860 12.576391  0.000003 -0.995740 0.092206  0.750000 0.916667 0
0  -0.000000 -1.022604 11.423392  0.000000 -0.999960 -0.008895  0.750000 0.833333 0
porchlight_glass
0  0.569703 -0.569701 7.431253  0.667583 -0.667582 -0.329647  0.875000 0.500000 0
0  0.379560 -0.916337 7.964399  0.380422 -0.918438 -0.108403  0.812500 0.583333 0
0  0.308321 -0.744351 7.431253  0.361294 -0.872238 -0.329647  0.812500 0.500000 0
porchlight_glass
0  0.701335 -0.701333 7.964399  0.702935 -0.702945 -0.108403  0.875000 0.583333 0
0  0.383485 -0.925812 9.117397  0.382668 -0.923843 -0.008895  0.812500 0.666667 0
0  0.379560 -0.916337 7.964399  0.380422 -0.918438 -0.108403  0.812500 0.583333 0
porchlight_glass
0  0.708587 -0.708585 9.117397  0.707079 -0.707079 -0.008895  0.875000 0.666667 0
0  0.387410 -0.935287 10.270395  0.382668 -0.923843 -0.008895  0.812500 0.750000 0
0  0.383485 -0.925812 9.117397  0.382668 -0.923843 -0.008895  0.812500 0.666667 0
porchlight_glass
0  0.715840 -0.715837 10.270395  0.707079 -0.707079 -0.008895  0.875000 0.750000 0
0  0.391335 -0.944763 11.423392  0.382668 -0.923843 -0.008895  0.812500 0.833333 0
0  0.387410 -0.935287 10.270395  0.382668 -0.923843 -0.008895  0.812500 0.750000 0
porchlight_glass
0  0.723092 -0.723090 11.423392  0.707079 -0.707079 -0.008895  0.875000 0.833333 0
0  0.395260 -0.954238 12.576391  0.381056 -0.919943 0.092206  0.812500 0.916667 0
0  0.391335 -0.944763 11.423392  0.382668 -0.923843 -0.008895  0.812500 0.833333 0
porchlight_glass
0  0.744353 -0.308319 7.431253  0.872239 -0.361293 -0.329647  0.937500 0.500000 0
0  0.701335 -0.701333 7.964399  0.702935 -0.702945 -0.108403  0.875000 0.583333 0
0  0.569703 -0.569701 7.431253  0.667583 -0.667582 -0.329647  0.875000 0.500000 0
porchlight_glass
0  0.916339 -0.379558 7.964399  0.918432 -0.380435 -0.108403  0.937500 0.583333 0
0  0.708587 -0.708585 9.117397  0.707079 -0.707079 -0.008895  0.875000 0.666667 0
0  0.701335 -0.701333 7.964399  0.702935 -0.702945 -0.108403  0.875000 0.583333 0
porchlight_glass
0  0.925814 -0.383483 9.117397  0.923843 -0.382668 -0.008895  0.937500 0.666667 0
0  0.715840 -0.715837 10.270395  0.707079 -0.707079 -0.008895  0.875000 0.750000 0
0  0.708587 -0.708585 9.117397  0.707079 -0.707079 -0.008895  0.875000 0.666667 0
porchlight_glass
0  0.935290 -0.387407 10.270395  0.923843 -0.382669 -0.008895  0.937500 0.750000 0
0  0.723092 -0.723090 11.423392  0.707079 -0.707079 -0.008895  0.875000 0.833333 0
0  0.715840 -0.715837 10.270395  0.707079 -0.707079 -0.008895  0.875000 0.750000 0
porchlight_glass
0  0.944765 -0.391332 11.423392  0.923843 -0.382668 -0.008895  0.937500 0.833333 0
0  0.730344 -0.730342 12.576391  0.704096 -0.704092 0.092206  0.875000 0.916667 0
0  0.723092 -0.723090 11.423392  0.707079 -0.707079 -0.008895  0.875000 0.833333 0
porchlight_glass
0  0.805682 0.000002 7.431253  0.944104 -0.000000 -0.329647  1.000000 0.500000 0
0  0.916339 -0.379558 7.964399  0.918432 -0.380435 -0.108403  0.937500 0.583333 0
0  0.744353 -0.308319 7.431253  0.872239 -0.361293 -0.329647  0.937500 0.500000 0
porchlight_glass
0  0.991838 0.000002 7.964399  0.994107 -0.000006 -0.108403  1.000000 0.583333 0
0  0.925814 -0.383483 9.117397  0.923843 -0.382668 -0.008895  0.937500 0.666667 0
0  0.916339 -0.379558 7.964399  0.918432 -0.380435 -0.108403  0.937500 0.583333 0
porchlight_glass
0  1.002094 0.000002 9.117397  0.999960 0.000000 -0.008895  1.000000 0.666667 0
0  0.935290 -0.387407 10.270395  0.923843 -0.382669 -0.008895  0.937500 0.750000 0
0  0.925814 -0.383483 9.117397  0.923843 -0.382668 -0.008895  0.937500 0.666667 0
porchlight_glass
0  1.012350 0.000002 10.270395  0.999960 -0.000000 -0.008895  1.000000 0.750000 0
0  0.944765 -0.391332 11.423392  0.923843 -0.382668 -0.008895  0.937500 0.833333 0
0  0.935290 -0.387407 10.270395  0.923843 -0.382669 -0.008895  0.937500 0.750000 0
porchlight_glass
0  1.022607 0.000003 11.423392  0.999960 0.000000 -0.008895  1.000000 0.833333 0
0  0.954241 -0.395257 12.576391  0.919945 -0.381050 0.092206  0.937500 0.916667 0
0  0.944765 -0.391332 11.423392  0.923843 -0.382668 -0.008895  0.937500 0.833333 0
porchlight_metal
0  0.352616 0.851291 2.210374  0.382392 0.923176 -0.039012  0.190607 0.609075 0
0  0.352616 0.851292 7.212379  0.382391 0.923177 0.039012  0.184588 0.961834 0
0  0.651549 0.651551 7.212379  0.706567 0.706569 0.039012  0.159770 0.958967 0
porchlight_metal
0  0.810188 0.335593 7.364072  0.369299 0.152970 0.916634  0.134772 0.968776 0
0  0.620091 0.620093 7.364072  0.282644 0.282654 0.916635  0.158732 0.970319 0
0  0.584461 0.584463 7.364072  0.464664 0.464671 0.753769  0.158418 0.973661 0
porchlight_metal
0  0.620091 -0.620089 7.364072  0.282651 -0.282652 0.916633  0.062348 0.970121 0
0  0.810188 -0.335589 7.364072  0.369301 -0.152970 0.916633  0.086605 0.968685 0
0  0.763635 -0.316306 7.364072  0.607128 -0.251475 0.753761  0.086742 0.972365 0
porchlight_metal
0  0.651549 0.651550 2.210374  0.706568 0.706569 -0.039012  0.164802 0.608737 0
0  0.651549 0.651551 7.212379  0.706567 0.706569 0.039012  0.159770 0.958967 0
0  0.851290 0.352618 7.212379  0.923176 0.382392 0.039012  0.135248 0.957444 0
porchlight_metal
0  0.851290 -0.352615 2.210374  0.923177 -0.382391 -0.039012  0.087920 0.607686 0
0  0.851290 -0.352614 7.212379  0.923176 -0.382393 0.039012  0.086193 0.957250 0
0  0.651549 -0.651547 7.212379  0.706568 -0.706569 0.039012  0.061391 0.958589 0
porchlight_metal
0  0.921430 0.000000 2.210374  0.999239 -0.000000 -0.039012  0.113525 0.607762 0
0  0.921430 0.000002 7.212379  0.999239 -0.000000 0.039012  0.110775 0.956953 0
0  0.851290 -0.352614 7.212379  0.923176 -0.382393 0.039012  0.086193 0.957250 0
porchlight_metal
0  0.651549 -0.651549 2.210374  0.706568 -0.706569 -0.039011  0.062098 0.607683 0
0  0.651549 -0.651547 7.212379  0.706568 -0.706569 0.039012  0.061391 0.958589 0
0  0.352616 -0.851288 7.212379  0.382392 -0.923176 0.039012  0.036086 0.961174 0
porchlight_metal
0  0.352616 -0.851289 2.210374  0.382392 -0.923176 -0.039012  0.036249 0.607493 0
0  0.352616 -0.851288 7.212379  0.382392 -0.923176 0.039012  0.036086 0.961174 0
0  -0.000000 -0.921428 7.212379  0.000001 -0.999239 0.039013  0.009956 0.965960 0
porchlight_metal
0  0.851290 0.352616 1.073863  -0.000000 -0.000000 -1.000000  0.837025 0.487562 0
0  0.921430 0.000000 1.073863  -0.000000 -0.000000 -1.000000  0.874270 0.494971 0
0  0.851290 -0.352616 1.073863  0.000000 -0.000000 -1.000000  0.911514 0.487562 0
porchlight_metal
0  0.851290 -0.352616 1.073863  0.000000 -0.000000 -1.000000  0.911514 0.487562 0
0  0.651549 -0.651549 1.073863  -0.000001 0.000000 -1.000000  0.943088 0.466465 0
0  0.352616 -0.851290 1.073863  -0.000000 -0.000001 -1.000000  0.964185 0.434891 0
porchlight_metal
0  0.352616 -0.851290 1.073863  -0.000000 -0.000001 -1.000000  0.964185 0.434891 0
0  -0.000000 -0.921429 1.073863  0.000000 -0.000001 -1.000000  0.971593 0.397647 0
0  -0.352616 -0.851290 1.073863  -0.000000 -0.000001 -1.000000  0.964185 0.360403 0
porchlight_metal
0  -0.352616 -0.851290 1.073863  -0.000000 -0.000001 -1.000000  0.964185 0.360403 0
0  -0.651549 -0.651549 1.073863  0.000000 -0.000000 -1.000000  0.943088 0.328829 0
0  0.352616 -0.851290 1.073863  -0.000000 -0.000001 -1.000000  0.964185 0.434891 0
porchlight_metal
0  -0.651549 -0.651549 1.073863  0.000000 -0.000000 -1.000000  0.943088 0.328829 0
0  -0.851290 -0.352616 1.073863  0.000000 -0.000000 -1.000000  0.911514 0.307732 0
0  0.352616 -0.851290 1.073863  -0.000000 -0.000001 -1.000000  0.964185 0.434891 0
porchlight_metal
0  -0.851290 -0.352616 1.073863  0.000000 -0.000000 -1.000000  0.911514 0.307732 0
0  -0.921430 0.000000 1.073863  -0.000000 -0.000000 -1.000000  0.874270 0.300323 0
0  -0.352616 0.851290 1.073863  -0.000000 -0.000001 -1.000000  0.784354 0.360403 0
porchlight_metal
0  -0.921430 0.000000 1.073863  -0.000000 -0.000000 -1.000000  0.874270 0.300323 0
0  -0.851290 0.352616 1.073863  0.000000 0.000000 -1.000000  0.837025 0.307732 0
0  -0.352616 0.851290 1.073863  -0.000000 -0.000001 -1.000000  0.784354 0.360403 0
porchlight_metal
0  -0.851290 0.352616 1.073863  0.000000 0.000000 -1.000000  0.837025 0.307732 0
0  -0.651549 0.651549 1.073863  -0.000000 0.000000 -1.000000  0.805451 0.328829 0
0  -0.352616 0.851290 1.073863  -0.000000 -0.000001 -1.000000  0.784354 0.360403 0
porchlight_metal
0  -0.352616 0.851290 1.073863  -0.000000 -0.000001 -1.000000  0.784354 0.360403 0
0  0.000000 0.921430 1.073863  -0.000000 -0.000000 -1.000000  0.776946 0.397647 0
0  0.851290 0.352616 1.073863  -0.000000 -0.000000 -1.000000  0.837025 0.487562 0
porchlight_metal
0  0.000000 0.921430 1.073863  -0.000000 -0.000000 -1.000000  0.776946 0.397647 0
0  0.352616 0.851290 1.073863  0.000000 -0.000000 -1.000000  0.784354 0.434891 0
0  0.851290 0.352616 1.073863  -0.000000 -0.000000 -1.000000  0.837025 0.487562 0
porchlight_metal
0  0.352616 0.851290 1.073863  0.000000 -0.000000 -1.000000  0.784354 0.434891 0
0  0.651549 0.651549 1.073863  -0.000000 0.000000 -1.000000  0.805451 0.466465 0
0  0.851290 0.352616 1.073863  -0.000000 -0.000000 -1.000000  0.837025 0.487562 0
porchlight_metal
0  0.851290 0.352616 1.073863  -0.000000 -0.000000 -1.000000  0.837025 0.487562 0
0  0.851290 -0.352616 1.073863  0.000000 -0.000000 -1.000000  0.911514 0.487562 0
0  0.352616 -0.851290 1.073863  -0.000000 -0.000001 -1.000000  0.964185 0.434891 0
porchlight_metal
0  0.851290 0.352616 1.073863  -0.000000 -0.000000 -1.000000  0.837025 0.487562 0
0  0.352616 -0.851290 1.073863  -0.000000 -0.000001 -1.000000  0.964185 0.434891 0
0  -0.851290 -0.352616 1.073863  0.000000 -0.000000 -1.000000  0.911514 0.307732 0
porchlight_metal
0  0.814809 -0.337504 1.970275  0.369301 -0.152969 0.916634  0.087924 0.584043 0
0  0.881943 0.000000 1.970275  0.399726 -0.000000 0.916635  0.113616 0.584351 0
0  0.847405 0.000000 1.970275  0.657141 -0.000001 0.753768  0.113587 0.586776 0
porchlight_metal
0  0.810188 -0.335589 7.364072  0.369301 -0.152970 0.916633  0.086605 0.968685 0
0  0.876941 0.000002 7.364072  0.399732 0.000002 0.916632  0.110741 0.968324 0
0  0.826552 0.000002 7.364072  0.657141 0.000001 0.753767  0.110736 0.971684 0
porchlight_metal
0  0.814809 0.337505 1.970275  0.369298 0.152969 0.916635  0.139281 0.584608 0
0  0.623628 0.623628 1.970274  0.282649 0.282652 0.916634  0.165099 0.584941 0
0  0.599206 0.599206 1.970274  0.464670 0.464669 0.753767  0.165049 0.587589 0
porchlight_metal
0  0.623628 0.623628 1.970274  0.282649 0.282652 0.916634  0.165099 0.584941 0
0  0.337505 0.814809 1.970274  0.152971 0.369301 0.916633  0.190734 0.585488 0
0  0.324288 0.782901 1.970274  0.251478 0.607121 0.753766  0.190635 0.587971 0
porchlight_metal
0  0.337505 0.814809 1.970274  0.152971 0.369301 0.916633  0.190734 0.585488 0
0  0.000000 0.881943 1.970274  0.000000 0.399727 0.916634  0.215692 0.586836 0
0  0.000000 0.847405 1.970274  -0.000000 0.657142 0.753767  0.215121 0.589112 0
porchlight_metal
0  0.000000 0.881943 1.970274  0.000000 0.399727 0.916634  0.220508 0.584625 0
0  -0.337505 0.814809 1.970274  -0.152968 0.369301 0.916634  0.245404 0.583784 0
0  -0.324288 0.782901 1.970274  -0.251477 0.607121 0.753766  0.245448 0.586265 0
porchlight_metal
0  -0.337505 0.814809 1.970274  -0.152968 0.369301 0.916634  0.245404 0.583784 0
0  -0.623628 0.623628 1.970274  -0.282652 0.282651 0.916633  0.271115 0.583822 0
0  -0.599206 0.599206 1.970274  -0.464669 0.464670 0.753767  0.271107 0.586479 0
porchlight_metal
0  -0.623628 0.623628 1.970274  -0.282652 0.282651 0.916633  0.271115 0.583822 0
0  -0.814809 0.337505 1.970275  -0.369301 0.152970 0.916634  0.297026 0.584042 0
0  -0.782900 0.324288 1.970275  -0.607121 0.251477 0.753767  0.296981 0.586586 0
porchlight_metal
0  -0.814809 0.337505 1.970275  -0.369301 0.152970 0.916634  0.297026 0.584042 0
0  -0.881943 0.000001 1.970275  -0.399726 0.000000 0.916635  0.322718 0.584350 0
0  -0.847405 0.000001 1.970275  -0.657141 0.000000 0.753767  0.322689 0.586775 0
porchlight_metal
0  -0.881943 0.000001 1.970275  -0.399726 0.000000 0.916635  0.322718 0.584350 0
0  -0.814809 -0.337504 1.970275  -0.369298 -0.152969 0.916635  0.348382 0.584607 0
0  -0.782900 -0.324287 1.970275  -0.607116 -0.251478 0.753770  0.348368 0.587147 0
porchlight_metal
0  -0.814809 -0.337504 1.970275  -0.369298 -0.152969 0.916635  0.348382 0.584607 0
0  -0.623628 -0.623627 1.970275  -0.282651 -0.282652 0.916633  0.374200 0.584939 0
0  -0.599206 -0.599205 1.970275  -0.464671 -0.464668 0.753767  0.374151 0.587587 0
porchlight_metal
0  -0.623628 -0.623627 1.970275  -0.282651 -0.282652 0.916633  0.374200 0.584939 0
0  -0.337505 -0.814808 1.970275  -0.152970 -0.369299 0.916634  0.399836 0.585486 0
0  -0.324288 -0.782900 1.970275  -0.251477 -0.607118 0.753769  0.399737 0.587969 0
porchlight_metal
0  -0.337505 -0.814808 1.970275  -0.152970 -0.369299 0.916634  0.399836 0.585486 0
0  -0.000000 -0.881942 1.970275  0.000001 -0.399729 0.916633  0.424794 0.586834 0
0  -0.000000 -0.847405 1.970275  0.000001 -0.657141 0.753768  0.424223 0.589110 0
porchlight_metal
0  -0.000000 -0.881942 1.970275  0.000001 -0.399729 0.916633  0.011405 0.584625 0
0  0.337505 -0.814808 1.970275  0.152967 -0.369299 0.916635  0.036302 0.583784 0
0  0.324288 -0.782900 1.970275  0.251476 -0.607118 0.753769  0.036345 0.586265 0
porchlight_metal
0  0.337505 -0.814808 1.970275  0.152967 -0.369299 0.916635  0.036302 0.583784 0
0  0.623628 -0.623627 1.970275  0.282652 -0.282651 0.916633  0.062014 0.583822 0
0  0.599206 -0.599205 1.970275  0.464668 -0.464669 0.753768  0.062005 0.586479 0
porchlight_metal
0  0.851290 0.352616 1.226444  0.607119 0.251477 0.753767  0.140281 0.529964 0
0  0.851290 0.352616 1.835636  0.923176 0.382392 0.039012  0.139424 0.573920 0
0  0.921430 0.000000 1.835636  0.999239 0.000000 0.039012  0.113731 0.573672 0
porchlight_metal
0  -0.337505 -0.814808 2.075735  -0.152971 -0.369303 -0.916633  0.399734 0.598559 0
0  -0.623628 -0.623627 2.075735  -0.282659 -0.282652 -0.916631  0.374102 0.598080 0
0  -0.599206 -0.599205 2.075735  -0.464670 -0.464669 -0.753767  0.374153 0.595434 0
porchlight_metal
0  0.352616 0.851290 1.226444  0.251477 0.607120 0.753767  0.192555 0.531232 0
0  0.352616 0.851290 1.835635  0.382393 0.923176 0.039011  0.191098 0.574922 0
0  0.651549 0.651550 1.835635  0.706568 0.706569 0.039011  0.165285 0.574273 0
porchlight_metal
0  -0.810188 -0.335589 7.364072  -0.369295 -0.152972 0.916636  0.343877 0.968776 0
0  -0.620091 -0.620089 7.364072  -0.282654 -0.282652 0.916632  0.367836 0.970318 0
0  -0.584461 -0.584459 7.364072  -0.464674 -0.464667 0.753766  0.367523 0.973660 0
porchlight_metal
0  0.881943 0.000000 1.970275  0.399726 -0.000000 0.916635  0.113616 0.584351 0
0  0.814809 0.337505 1.970275  0.369298 0.152969 0.916635  0.139281 0.584608 0
0  0.782900 0.324288 1.970275  0.607116 0.251478 0.753770  0.139266 0.587148 0
porchlight_metal
0  0.651549 0.651549 1.226444  0.464669 0.464669 0.753767  0.166399 0.530452 0
0  0.651549 0.651550 1.835635  0.706568 0.706569 0.039011  0.165285 0.574273 0
0  0.851290 0.352616 1.835636  0.923176 0.382392 0.039012  0.139424 0.573920 0
porchlight_metal
0  -0.876941 0.000002 7.364072  -0.399731 -0.000000 0.916633  0.319845 0.968323 0
0  -0.810188 -0.335589 7.364072  -0.369295 -0.152972 0.916636  0.343877 0.968776 0
0  -0.763635 -0.316306 7.364072  -0.607124 -0.251476 0.753764  0.343723 0.972426 0
porchlight_metal
0  0.851290 -0.352616 1.226444  0.607119 -0.251477 0.753767  0.088253 0.529335 0
0  0.851290 -0.352615 1.835636  0.923176 -0.382393 0.039012  0.088007 0.573336 0
0  0.651549 -0.651549 1.835636  0.706568 -0.706569 0.039012  0.062038 0.573115 0
porchlight_metal
0  0.623628 -0.623627 1.970275  0.282652 -0.282651 0.916633  0.062014 0.583822 0
0  0.814809 -0.337504 1.970275  0.369301 -0.152969 0.916634  0.087924 0.584043 0
0  0.782900 -0.324287 1.970275  0.607120 -0.251477 0.753767  0.087879 0.586587 0
porchlight_metal
0  -0.810188 0.335593 7.364072  -0.369292 0.152971 0.916637  0.295710 0.968684 0
0  -0.876941 0.000002 7.364072  -0.399731 -0.000000 0.916633  0.319845 0.968323 0
0  -0.826552 0.000002 7.364072  -0.657141 -0.000001 0.753768  0.319840 0.971683 0
porchlight_metal
0  0.651549 -0.651549 1.226444  0.464669 -0.464669 0.753767  0.062029 0.529176 0
0  0.651549 -0.651549 1.835636  0.706568 -0.706569 0.039012  0.062038 0.573115 0
0  0.352616 -0.851290 1.835636  0.382393 -0.923176 0.039012  0.036124 0.573237 0
porchlight_metal
0  -0.620091 0.620093 7.364072  -0.282664 0.282650 0.916630  0.271453 0.970120 0
0  -0.810188 0.335593 7.364072  -0.369292 0.152971 0.916637  0.295710 0.968684 0
0  -0.763635 0.316310 7.364072  -0.607114 0.251478 0.753771  0.295847 0.972364 0
porchlight_metal
0  0.352616 -0.851290 1.226444  0.251477 -0.607119 0.753767  0.035748 0.529298 0
0  0.352616 -0.851290 1.835636  0.382393 -0.923176 0.039012  0.036124 0.573237 0
0  -0.000000 -0.921429 1.835636  0.000000 -0.999239 0.039011  0.010459 0.574117 0
porchlight_metal
0  -0.335591 0.810190 7.364072  -0.152968 0.369304 0.916632  0.246976 0.972836 0
0  -0.620091 0.620093 7.364072  -0.282664 0.282650 0.916630  0.271453 0.970120 0
0  -0.584461 0.584463 7.364072  -0.464678 0.464667 0.753764  0.271755 0.973516 0
porchlight_metal
0  -0.000000 -0.921429 1.226444  0.000000 -0.657141 0.753767  0.427620 0.532236 0
0  -0.000000 -0.921429 1.835636  0.000000 -0.999239 0.039011  0.425914 0.576229 0
0  -0.352616 -0.851290 1.835636  -0.382392 -0.923176 0.039012  0.400200 0.574919 0
porchlight_metal
0  0.000000 0.876943 7.364072  0.000001 0.399728 0.916634  0.222128 0.978153 0
0  -0.335591 0.810190 7.364072  -0.152968 0.369304 0.916632  0.246976 0.972836 0
0  -0.316308 0.763637 7.364072  -0.251474 0.607120 0.753767  0.247562 0.976532 0
porchlight_metal
0  -0.352616 -0.851290 1.226444  -0.251477 -0.607119 0.753768  0.401656 0.531230 0
0  -0.352616 -0.851290 1.835636  -0.382392 -0.923176 0.039012  0.400200 0.574919 0
0  -0.651549 -0.651549 1.835636  -0.706568 -0.706569 0.039012  0.374386 0.574271 0
porchlight_metal
0  0.782900 0.324288 1.970275  0.607116 0.251478 0.753770  0.139266 0.587148 0
0  0.782900 0.324288 2.075735  0.607119 0.251477 -0.753768  0.139288 0.595014 0
0  0.847405 0.000000 2.075735  0.657141 -0.000001 -0.753767  0.113655 0.594688 0
porchlight_metal
0  0.599206 0.599206 1.970274  0.464670 0.464669 0.753767  0.165049 0.587589 0
0  0.599206 0.599206 2.075735  0.464669 0.464669 -0.753767  0.165051 0.595436 0
0  0.782900 0.324288 2.075735  0.607119 0.251477 -0.753768  0.139288 0.595014 0
porchlight_metal
0  0.324288 0.782901 1.970274  0.251478 0.607121 0.753766  0.190635 0.587971 0
0  0.324288 0.782901 2.075735  0.251477 0.607119 -0.753768  0.190632 0.596088 0
0  0.599206 0.599206 2.075735  0.464669 0.464669 -0.753767  0.165051 0.595436 0
porchlight_metal
0  0.000000 0.847405 1.970274  -0.000000 0.657142 0.753767  0.215121 0.589112 0
0  0.000000 0.847406 2.075735  0.000000 0.657141 -0.753768  0.214952 0.595872 0
0  0.324288 0.782901 2.075735  0.251477 0.607119 -0.753768  0.190632 0.596088 0
porchlight_metal
0  -0.324288 0.782901 1.970274  -0.251477 0.607121 0.753766  0.245448 0.586265 0
0  -0.324288 0.782901 2.075735  -0.251478 0.607119 -0.753767  0.245578 0.594401 0
0  0.000000 0.847406 2.075735  0.000000 0.657141 -0.753768  0.220995 0.593694 0
porchlight_metal
0  -0.599206 0.599206 1.970274  -0.464669 0.464670 0.753767  0.271107 0.586479 0
0  -0.599206 0.599206 2.075735  -0.464670 0.464669 -0.753767  0.271230 0.594354 0
0  -0.324288 0.782901 2.075735  -0.251478 0.607119 -0.753767  0.245578 0.594401 0
porchlight_metal
0  -0.782900 0.324288 1.970275  -0.607121 0.251477 0.753767  0.296981 0.586586 0
0  -0.782900 0.324288 2.075735  -0.607120 0.251477 -0.753767  0.297064 0.594460 0
0  -0.599206 0.599206 2.075735  -0.464670 0.464669 -0.753767  0.271230 0.594354 0
porchlight_metal
0  -0.847405 0.000001 1.970275  -0.657141 0.000000 0.753767  0.322689 0.586775 0
0  -0.847405 0.000001 2.075735  -0.657141 0.000000 -0.753767  0.322757 0.594687 0
0  -0.782900 0.324288 2.075735  -0.607120 0.251477 -0.753767  0.297064 0.594460 0
porchlight_metal
0  -0.782900 -0.324287 1.970275  -0.607116 -0.251478 0.753770  0.348368 0.587147 0
0  -0.782900 -0.324287 2.075735  -0.607119 -0.251478 -0.753768  0.348390 0.595013 0
0  -0.847405 0.000001 2.075735  -0.657141 0.000000 -0.753767  0.322757 0.594687 0
porchlight_metal
0  -0.599206 -0.599205 1.970275  -0.464671 -0.464668 0.753767  0.374151 0.587587 0
0  -0.599206 -0.599205 2.075735  -0.464670 -0.464669 -0.753767  0.374153 0.595434 0
0  -0.782900 -0.324287 2.075735  -0.607119 -0.251478 -0.753768  0.348390 0.595013 0
porchlight_metal
0  -0.324288 -0.782900 1.970275  -0.251477 -0.607118 0.753769  0.399737 0.587969 0
0  -0.324288 -0.782900 2.075735  -0.251477 -0.607120 -0.753767  0.399734 0.596086 0
0  -0.599206 -0.599205 2.075735  -0.464670 -0.464669 -0.753767  0.374153 0.595434 0
porchlight_metal
0  -0.000000 -0.847405 1.970275  0.000001 -0.657141 0.753768  0.424223 0.589110 0
0  -0.000000 -0.847404 2.075735  0.000000 -0.657142 -0.753767  0.424054 0.595869 0
0  -0.324288 -0.782900 2.075735  -0.251477 -0.607120 -0.753767  0.399734 0.596086 0
porchlight_metal
0  0.324288 -0.782900 1.970275  0.251476 -0.607118 0.753769  0.036345 0.586265 0
0  0.324288 -0.782900 2.075735  0.251477 -0.607120 -0.753767  0.036476 0.594401 0
0  -0.000000 -0.847404 2.075735  0.000000 -0.657142 -0.753767  0.011892 0.593694 0
porchlight_metal
0  0.599206 -0.599205 1.970275  0.464668 -0.464669 0.753768  0.062005 0.586479 0
0  0.599206 -0.599205 2.075735  0.464671 -0.464669 -0.753766  0.062128 0.594354 0
0  0.324288 -0.782900 2.075735  0.251477 -0.607120 -0.753767  0.036476 0.594401 0
porchlight_metal
0  0.782900 -0.324287 1.970275  0.607120 -0.251477 0.753767  0.087879 0.586587 0
0  0.782900 -0.324287 2.075735  0.607120 -0.251478 -0.753767  0.087962 0.594461 0
0  0.599206 -0.599205 2.075735  0.464671 -0.464669 -0.753766  0.062128 0.594354 0
porchlight_metal
0  0.847405 0.000000 1.970275  0.657141 -0.000001 0.753768  0.113587 0.586776 0
0  0.847405 0.000000 2.075735  0.657141 -0.000001 -0.753767  0.113655 0.594688 0
0  0.782900 -0.324287 2.075735  0.607120 -0.251478 -0.753767  0.087962 0.594461 0
porchlight_metal
0  0.000000 0.921430 1.226443  0.000000 0.657141 0.753767  0.218518 0.532239 0
0  0.000000 0.921430 1.835635  0.000000 0.999239 0.039012  0.216812 0.576232 0
0  0.352616 0.851290 1.835635  0.382393 0.923176 0.039011  0.191098 0.574922 0
porchlight_metal
0  -0.620091 -0.620089 7.364072  -0.282654 -0.282652 0.916632  0.367836 0.970318 0
0  -0.335591 -0.810186 7.364072  -0.152972 -0.369302 0.916633  0.391803 0.973262 0
0  -0.316308 -0.763633 7.364072  -0.251477 -0.607120 0.753767  0.391182 0.976871 0
porchlight_metal
0  -0.352616 0.851290 1.226444  -0.251477 0.607120 0.753767  0.244850 0.529299 0
0  -0.352616 0.851290 1.835635  -0.382392 0.923176 0.039011  0.245226 0.573237 0
0  0.000000 0.921430 1.835635  0.000000 0.999239 0.039012  0.219562 0.574118 0
porchlight_metal
0  -0.335591 -0.810186 7.364072  -0.152972 -0.369302 0.916633  0.391803 0.973262 0
0  -0.000000 -0.876939 7.364072  0.000002 -0.399729 0.916633  0.416030 0.978907 0
0  -0.000000 -0.826551 7.364072  0.000001 -0.657141 0.753767  0.414555 0.982121 0
porchlight_metal
0  -0.651549 0.651550 1.226444  -0.464669 0.464669 0.753767  0.271130 0.529176 0
0  -0.651549 0.651550 1.835635  -0.706569 0.706568 0.039012  0.271140 0.573115 0
0  -0.352616 0.851290 1.835635  -0.382392 0.923176 0.039011  0.245226 0.573237 0
porchlight_metal
0  0.851290 0.352616 2.210374  0.923176 0.382392 -0.039012  0.139055 0.608173 0
0  0.851290 0.352618 7.212379  0.923176 0.382392 0.039012  0.135248 0.957444 0
0  0.921430 0.000002 7.212379  0.999239 -0.000000 0.039012  0.110775 0.956953 0
porchlight_metal
0  -0.000000 -0.876939 7.364072  0.000002 -0.399729 0.916633  0.013023 0.978154 0
0  0.335591 -0.810186 7.364072  0.152971 -0.369302 0.916633  0.037871 0.972837 0
0  0.316308 -0.763633 7.364072  0.251476 -0.607120 0.753767  0.038457 0.976533 0
porchlight_metal
0  -0.851290 0.352616 1.226444  -0.607119 0.251477 0.753768  0.297354 0.529335 0
0  -0.851290 0.352616 1.835636  -0.923176 0.382393 0.039012  0.297109 0.573336 0
0  -0.651549 0.651550 1.835635  -0.706569 0.706568 0.039012  0.271140 0.573115 0
porchlight_metal
0  0.814809 0.337505 2.075735  0.369304 0.152970 -0.916632  0.139222 0.597549 0
0  0.881943 0.000000 2.075735  0.399733 -0.000000 -0.916631  0.113626 0.597109 0
0  0.847405 0.000000 2.075735  0.657141 -0.000001 -0.753767  0.113655 0.594688 0
porchlight_metal
0  -0.921430 0.000000 1.226444  -0.657141 0.000000 0.753767  0.323388 0.529626 0
0  -0.921430 0.000000 1.835636  -0.999239 0.000000 0.039012  0.322833 0.573671 0
0  -0.851290 0.352616 1.835636  -0.923176 0.382393 0.039012  0.297109 0.573336 0
porchlight_metal
0  -0.851290 -0.352616 1.226444  -0.607119 -0.251477 0.753768  0.349382 0.529963 0
0  -0.851290 -0.352615 1.835636  -0.923176 -0.382392 0.039012  0.348525 0.573918 0
0  -0.921430 0.000000 1.835636  -0.999239 0.000000 0.039012  0.322833 0.573671 0
porchlight_metal
0  0.620091 0.620093 7.364072  0.282644 0.282654 0.916635  0.158732 0.970319 0
0  0.335591 0.810190 7.364072  0.152974 0.369302 0.916632  0.182698 0.973263 0
0  0.316308 0.763637 7.364072  0.251482 0.607118 0.753767  0.182077 0.976872 0
porchlight_metal
0  -0.651549 -0.651549 1.226444  -0.464669 -0.464669 0.753767  0.375500 0.530450 0
0  -0.651549 -0.651549 1.835636  -0.706568 -0.706569 0.039012  0.374386 0.574271 0
0  -0.851290 -0.352615 1.835636  -0.923176 -0.382392 0.039012  0.348525 0.573918 0
porchlight_metal
0  0.000000 0.921430 2.210374  0.000000 0.999239 -0.039011  0.216211 0.608750 0
0  0.000000 0.921431 7.212379  -0.000000 0.999239 0.039012  0.210246 0.967004 0
0  0.352616 0.851292 7.212379  0.382391 0.923177 0.039012  0.184588 0.961834 0
porchlight_metal
0  0.851290 -0.352616 1.073863  0.000000 -0.000000 -1.000000  0.911514 0.487562 0
0  0.921430 0.000000 1.073863  -0.000000 -0.000000 -1.000000  0.874270 0.494971 0
0  1.109240 0.000000 1.073863  0.746202 -0.000000 -0.665719  0.874270 0.494971 0
porchlight_metal
0  0.651549 0.651549 1.073863  -0.000000 0.000000 -1.000000  0.805451 0.466465 0
0  0.352616 0.851290 1.073863  0.000000 -0.000000 -1.000000  0.784354 0.434891 0
0  0.424488 1.024804 1.073863  0.285560 0.689401 -0.665719  0.784354 0.434891 0
porchlight_metal
0  -0.352616 -0.851290 1.073863  -0.000000 -0.000001 -1.000000  0.964185 0.360403 0
0  -0.000000 -0.921429 1.073863  0.000000 -0.000001 -1.000000  0.971593 0.397647 0
0  -0.000000 -1.109239 1.073863  0.000000 -0.746203 -0.665719  0.971593 0.397647 0
porchlight_metal
0  0.000000 1.109240 1.073863  -0.000000 0.746203 -0.665719  0.847966 0.550111 0
0  0.000000 1.109240 1.160521  0.000000 0.990189 0.139735  0.857222 0.556764 0
0  0.424488 1.024804 1.160521  0.378929 0.914815 0.139736  0.824322 0.602168 0
porchlight_metal
0  -0.424488 1.024804 1.073863  -0.285560 0.689401 -0.665719  0.947962 0.600301 0
0  -0.424488 1.024804 1.160521  -0.378929 0.914815 0.139735  0.937573 0.606104 0
0  0.000000 1.109240 1.160521  0.000000 0.990189 0.139735  0.904237 0.556960 0
porchlight_metal
0  -0.851290 0.352616 1.073863  0.000000 0.000000 -1.000000  0.837025 0.307732 0
0  -0.921430 0.000000 1.073863  -0.000000 -0.000000 -1.000000  0.874270 0.300323 0
0  -1.109240 0.000000 1.073863  -0.746203 -0.000000 -0.665719  0.874270 0.300323 0
porchlight_metal
0  -0.784351 0.784351 1.073863  -0.527645 0.527645 -0.665719  0.972529 0.654087 0
0  -0.784351 0.784351 1.160521  -0.700169 0.700169 0.139734  0.961443 0.657956 0
0  -0.424488 1.024804 1.160521  -0.378929 0.914815 0.139735  0.937573 0.606104 0
porchlight_metal
0  0.352616 0.851290 1.073863  0.000000 -0.000000 -1.000000  0.784354 0.434891 0
0  0.000000 0.921430 1.073863  -0.000000 -0.000000 -1.000000  0.776946 0.397647 0
0  0.000000 1.109240 1.073863  -0.000000 0.746203 -0.665719  0.776946 0.397647 0
porchlight_metal
0  -1.024804 0.424488 1.073863  -0.689401 0.285560 -0.665719  0.987034 0.711220 0
0  -1.024804 0.424488 1.160521  -0.914815 0.378929 0.139735  0.975570 0.713069 0
0  -0.784351 0.784351 1.160521  -0.700169 0.700169 0.139734  0.961443 0.657956 0
porchlight_metal
0  -0.000000 -0.921429 1.073863  0.000000 -0.000001 -1.000000  0.971593 0.397647 0
0  0.352616 -0.851290 1.073863  -0.000000 -0.000001 -1.000000  0.964185 0.434891 0
0  0.424488 -1.024803 1.073863  0.285559 -0.689402 -0.665719  0.964185 0.434891 0
porchlight_metal
0  -1.109240 0.000000 1.073863  -0.746203 -0.000000 -0.665719  0.991160 0.768876 0
0  -1.109240 0.000000 1.160521  -0.990189 0.000000 0.139735  0.979773 0.768666 0
0  -1.024804 0.424488 1.160521  -0.914815 0.378929 0.139735  0.975570 0.713069 0
porchlight_metal
0  -0.921430 0.000000 1.073863  -0.000000 -0.000000 -1.000000  0.874270 0.300323 0
0  -0.851290 -0.352616 1.073863  0.000000 -0.000000 -1.000000  0.911514 0.307732 0
0  -1.024804 -0.424487 1.073863  -0.689401 -0.285559 -0.665719  0.911514 0.307732 0
porchlight_metal
0  -1.024804 -0.424487 1.073863  -0.689401 -0.285559 -0.665719  0.985055 0.825225 0
0  -1.024804 -0.424487 1.160521  -0.914815 -0.378929 0.139735  0.974003 0.823027 0
0  -1.109240 0.000000 1.160521  -0.990189 0.000000 0.139735  0.979773 0.768666 0
porchlight_metal
0  0.000000 0.921430 1.073863  -0.000000 -0.000000 -1.000000  0.776946 0.397647 0
0  -0.352616 0.851290 1.073863  -0.000000 -0.000001 -1.000000  0.784354 0.360403 0
0  -0.424488 1.024804 1.073863  -0.285560 0.689401 -0.665719  0.784354 0.360403 0
porchlight_metal
0  0.352616 -0.851290 1.073863  -0.000000 -0.000001 -1.000000  0.964185 0.434891 0
0  0.651549 -0.651549 1.073863  -0.000001 0.000000 -1.000000  0.943088 0.466465 0
0  0.784351 -0.784351 1.073863  0.527645 -0.527645 -0.665719  0.943088 0.466465 0
porchlight_metal
0  -0.784351 -0.784351 1.073863  -0.527645 -0.527645 -0.665719  0.969459 0.879610 0
0  -0.784351 -0.784351 1.160521  -0.700169 -0.700170 0.139735  0.958984 0.875508 0
0  -1.024804 -0.424487 1.160521  -0.914815 -0.378929 0.139735  0.974003 0.823027 0
porchlight_metal
0  0.921430 0.000000 1.226444  0.657141 0.000000 0.753767  0.810550 0.758169 0
0  0.851290 -0.352616 1.226444  0.607119 -0.251477 0.753767  0.815066 0.808079 0
0  1.006941 -0.417089 1.226444  0.594303 -0.246168 0.765640  0.792500 0.811957 0
porchlight_metal
0  0.851290 -0.352616 1.226444  0.607119 -0.251477 0.753767  0.815066 0.808079 0
0  0.651549 -0.651549 1.226444  0.464669 -0.464669 0.753767  0.828782 0.857601 0
0  0.770680 -0.770679 1.226444  0.454861 -0.454860 0.765640  0.806313 0.865501 0
porchlight_metal
0  0.651549 -0.651549 1.226444  0.464669 -0.464669 0.753767  0.828782 0.857601 0
0  0.352616 -0.851290 1.226444  0.251477 -0.607119 0.753767  0.849024 0.904687 0
0  0.417089 -1.006941 1.226444  0.246168 -0.594303 0.765641  0.829497 0.915947 0
porchlight_metal
0  0.352616 -0.851290 1.226444  0.251477 -0.607119 0.753767  0.849024 0.904687 0
0  -0.000000 -0.921429 1.226444  0.000000 -0.657141 0.753767  0.879480 0.945650 0
0  -0.000000 -1.089905 1.226444  0.000000 -0.643268 0.765641  0.862660 0.963589 0
porchlight_metal
0  -0.000000 -0.921429 1.226444  0.000000 -0.657141 0.753767  0.879568 0.947053 0
0  -0.352616 -0.851290 1.226444  -0.251477 -0.607119 0.753768  0.908587 0.908616 0
0  -0.417089 -1.006941 1.226444  -0.246169 -0.594303 0.765640  0.927097 0.919880 0
porchlight_metal
0  -0.352616 -0.851290 1.226444  -0.251477 -0.607119 0.753768  0.908587 0.908616 0
0  -0.651549 -0.651549 1.226444  -0.464669 -0.464669 0.753767  0.929453 0.864093 0
0  -0.770680 -0.770679 1.226444  -0.454860 -0.454860 0.765640  0.950689 0.872357 0
porchlight_metal
0  -0.851290 -0.352616 1.226444  -0.607119 -0.251477 0.753768  0.944186 0.817198 0
0  -0.921430 0.000000 1.226444  -0.657141 0.000000 0.753767  0.948497 0.768438 0
0  -1.089906 0.000000 1.226444  -0.643269 0.000000 0.765640  0.970800 0.768624 0
porchlight_metal
0  -0.921430 0.000000 1.226444  -0.657141 0.000000 0.753767  0.948497 0.768438 0
0  -0.851290 0.352616 1.226444  -0.607119 0.251477 0.753768  0.943982 0.718529 0
0  -1.006941 0.417089 1.226444  -0.594303 0.246169 0.765640  0.966548 0.714651 0
porchlight_metal
0  -0.851290 0.352616 1.226444  -0.607119 0.251477 0.753768  0.943982 0.718529 0
0  -0.651549 0.651550 1.226444  -0.464669 0.464669 0.753767  0.930265 0.669006 0
0  -0.770680 0.770680 1.226444  -0.454860 0.454860 0.765639  0.952734 0.661106 0
porchlight_metal
0  -0.651549 0.651550 1.226444  -0.464669 0.464669 0.753767  0.930265 0.669006 0
0  -0.352616 0.851290 1.226444  -0.251477 0.607120 0.753767  0.910024 0.621920 0
0  -0.417089 1.006942 1.226443  -0.246169 0.594303 0.765640  0.929551 0.610660 0
porchlight_metal
0  -0.352616 0.851290 1.226444  -0.251477 0.607120 0.753767  0.910024 0.621920 0
0  0.000000 0.921430 1.226443  0.000000 0.657141 0.753767  0.879568 0.580958 0
0  0.000000 1.089906 1.226443  0.000000 0.643270 0.765640  0.896387 0.563018 0
porchlight_metal
0  0.000000 0.921430 1.226443  0.000000 0.657141 0.753767  0.879480 0.579554 0
0  0.352616 0.851290 1.226444  0.251477 0.607120 0.753767  0.850460 0.617992 0
0  0.417089 1.006942 1.226443  0.246168 0.594303 0.765641  0.831951 0.606727 0
porchlight_metal
0  0.424488 1.024804 1.073863  0.285560 0.689401 -0.665719  0.814735 0.596343 0
0  0.424488 1.024804 1.160521  0.378929 0.914815 0.139736  0.824322 0.602168 0
0  0.784351 0.784351 1.160521  0.700169 0.700170 0.139734  0.800064 0.651100 0
porchlight_metal
0  0.352616 0.851290 1.226444  0.251477 0.607120 0.753767  0.850460 0.617992 0
0  0.651549 0.651549 1.226444  0.464669 0.464669 0.753767  0.829595 0.662514 0
0  0.770680 0.770680 1.226444  0.454860 0.454861 0.765639  0.808358 0.654250 0
porchlight_metal
0  0.651549 0.651549 1.226444  0.464669 0.464669 0.753767  0.829595 0.662514 0
0  0.851290 0.352616 1.226444  0.607119 0.251477 0.753767  0.814861 0.709409 0
0  1.006941 0.417089 1.226444  0.594303 0.246168 0.765640  0.793785 0.705227 0
porchlight_metal
0  0.851290 0.352616 1.226444  0.607119 0.251477 0.753767  0.814861 0.709409 0
0  0.921430 0.000000 1.226444  0.657141 0.000000 0.753767  0.810550 0.758169 0
0  1.089906 0.000000 1.226444  0.643269 0.000000 0.765640  0.788248 0.757984 0
porchlight_metal
0  0.784351 0.784351 1.073863  0.527644 0.527645 -0.665719  0.789589 0.646997 0
0  0.784351 0.784351 1.160521  0.700169 0.700170 0.139734  0.800064 0.651100 0
0  1.024804 0.424488 1.160521  0.914815 0.378928 0.139735  0.785044 0.703580 0
porchlight_metal
0  0.784351 -0.784351 1.073863  0.527645 -0.527645 -0.665719  0.786518 0.872520 0
0  0.784351 -0.784351 1.160521  0.700170 -0.700169 0.139735  0.797604 0.868651 0
0  0.424488 -1.024803 1.160521  0.378929 -0.914815 0.139736  0.821474 0.920503 0
porchlight_metal
0  -0.651549 0.651549 1.073863  -0.000000 0.000000 -1.000000  0.805451 0.328829 0
0  -0.851290 0.352616 1.073863  0.000000 0.000000 -1.000000  0.837025 0.307732 0
0  -1.024804 0.424488 1.073863  -0.689401 0.285560 -0.665719  0.837025 0.307732 0
porchlight_metal
0  1.024804 0.424488 1.073863  0.689402 0.285559 -0.665719  0.773992 0.701383 0
0  1.024804 0.424488 1.160521  0.914815 0.378928 0.139735  0.785044 0.703580 0
0  1.109240 0.000000 1.160521  0.990189 0.000000 0.139735  0.779274 0.757941 0
porchlight_metal
0  1.109240 0.000000 1.073863  0.746202 -0.000000 -0.665719  0.767888 0.757732 0
0  1.109240 0.000000 1.160521  0.990189 0.000000 0.139735  0.779274 0.757941 0
0  1.024804 -0.424487 1.160521  0.914815 -0.378929 0.139735  0.783478 0.813538 0
porchlight_metal
0  -0.651549 -0.651549 1.073863  0.000000 -0.000000 -1.000000  0.943088 0.328829 0
0  -0.352616 -0.851290 1.073863  -0.000000 -0.000001 -1.000000  0.964185 0.360403 0
0  -0.424488 -1.024803 1.073863  -0.285559 -0.689402 -0.665719  0.964185 0.360403 0
porchlight_metal
0  0.851290 0.352616 1.073863  -0.000000 -0.000000 -1.000000  0.837025 0.487562 0
0  0.651549 0.651549 1.073863  -0.000000 0.000000 -1.000000  0.805451 0.466465 0
0  0.784351 0.784351 1.073863  0.527644 0.527645 -0.665719  0.805451 0.466465 0
porchlight_metal
0  0.424488 -1.024803 1.073863  0.285559 -0.689402 -0.665719  0.811086 0.926307 0
0  0.424488 -1.024803 1.160521  0.378929 -0.914815 0.139736  0.821474 0.920503 0
0  -0.000000 -1.109239 1.160521  0.000000 -0.990189 0.139736  0.854811 0.969647 0
porchlight_metal
0  0.651549 -0.651549 1.073863  -0.000001 0.000000 -1.000000  0.943088 0.466465 0
0  0.851290 -0.352616 1.073863  0.000000 -0.000000 -1.000000  0.911514 0.487562 0
0  1.024804 -0.424487 1.073863  0.689401 -0.285560 -0.665719  0.911514 0.487562 0
porchlight_metal
0  -0.000000 -1.109239 1.073863  0.000000 -0.746203 -0.665719  0.911082 0.976497 0
0  -0.000000 -1.109239 1.160521  0.000000 -0.990189 0.139736  0.901825 0.969843 0
0  -0.424488 -1.024803 1.160521  -0.378929 -0.914815 0.139735  0.934726 0.924439 0
porchlight_metal
0  -0.352616 0.851290 1.073863  -0.000000 -0.000001 -1.000000  0.784354 0.360403 0
0  -0.651549 0.651549 1.073863  -0.000000 0.000000 -1.000000  0.805451 0.328829 0
0  -0.784351 0.784351 1.073863  -0.527645 0.527645 -0.665719  0.805451 0.328829 0
porchlight_metal
0  -0.424488 -1.024803 1.073863  -0.285559 -0.689402 -0.665719  0.944312 0.930265 0
0  -0.424488 -1.024803 1.160521  -0.378929 -0.914815 0.139735  0.934726 0.924439 0
0  -0.784351 -0.784351 1.160521  -0.700169 -0.700170 0.139735  0.958984 0.875508 0
porchlight_metal
0  -0.851290 -0.352616 1.073863  0.000000 -0.000000 -1.000000  0.911514 0.307732 0
0  -0.651549 -0.651549 1.073863  0.000000 -0.000000 -1.000000  0.943088 0.328829 0
0  -0.784351 -0.784351 1.073863  -0.527645 -0.527645 -0.665719  0.943088 0.328829 0
porchlight_metal
0  0.921430 0.000000 1.073863  -0.000000 -0.000000 -1.000000  0.874270 0.494971 0
0  0.851290 0.352616 1.073863  -0.000000 -0.000000 -1.000000  0.837025 0.487562 0
0  1.024804 0.424488 1.073863  0.689402 0.285559 -0.665719  0.837025 0.487562 0
porchlight_metal
0  -0.651549 -0.651549 1.226444  -0.464669 -0.464669 0.753767  0.929453 0.864093 0
0  -0.851290 -0.352616 1.226444  -0.607119 -0.251477 0.753768  0.944186 0.817198 0
0  -1.006941 -0.417089 1.226444  -0.594303 -0.246168 0.765641  0.965263 0.821380 0
porchlight_metal
0  0.366905 -0.308857 4.277216  1.000000 -0.000000 0.000000  0.447317 0.235825 0
0  0.366905 -1.042668 4.277216  1.000000 -0.000000 -0.000001  0.447317 0.453828 0
0  0.338976 -1.042668 4.136808  0.923879 -0.000000 -0.382684  0.420067 0.453828 0
porchlight_metal
0  0.338976 -0.308858 4.136808  0.923881 -0.000000 -0.382681  0.420067 0.235825 0
0  0.338976 -1.042668 4.136808  0.923879 -0.000000 -0.382684  0.420067 0.453828 0
0  0.259441 -1.042668 4.017775  0.707107 -0.000000 -0.707107  0.392816 0.453828 0
porchlight_metal
0  0.259441 -0.308858 4.017775  0.707108 -0.000000 -0.707105  0.392816 0.235825 0
0  0.259441 -1.042668 4.017775  0.707107 -0.000000 -0.707107  0.392816 0.453828 0
0  0.140408 -1.042668 3.938240  0.382682 -0.000000 -0.923880  0.365566 0.453828 0
porchlight_metal
0  0.140409 -0.308858 3.938240  0.382682 -0.000000 -0.923880  0.365566 0.235825 0
0  0.140408 -1.042668 3.938240  0.382682 -0.000000 -0.923880  0.365566 0.453828 0
0  -0.000000 -1.042668 3.910311  0.000000 -0.000000 -1.000000  0.338316 0.453828 0
porchlight_metal
0  -0.000000 -0.308858 3.910311  0.000000 -0.000000 -1.000000  0.338316 0.235825 0
0  -0.000000 -1.042668 3.910311  0.000000 -0.000000 -1.000000  0.338316 0.453828 0
0  -0.140409 -1.042668 3.938240  -0.382682 0.000000 -0.923880  0.311065 0.453828 0
porchlight_metal
0  -0.140409 -0.308858 3.938240  -0.382682 0.000000 -0.923880  0.311065 0.235825 0
0  -0.140409 -1.042668 3.938240  -0.382682 0.000000 -0.923880  0.311065 0.453828 0
0  -0.259441 -1.042668 4.017775  -0.707108 0.000000 -0.707105  0.283815 0.453828 0
porchlight_metal
0  -0.259441 -0.308858 4.017775  -0.707107 0.000000 -0.707107  0.283815 0.235825 0
0  -0.259441 -1.042668 4.017775  -0.707108 0.000000 -0.707105  0.283815 0.453828 0
0  -0.338976 -1.042668 4.136808  -0.923880 0.000000 -0.382681  0.256564 0.453828 0
porchlight_metal
0  -0.338976 -0.308857 4.136808  -0.923880 0.000000 -0.382683  0.256564 0.235825 0
0  -0.338976 -1.042668 4.136808  -0.923880 0.000000 -0.382681  0.256564 0.453828 0
0  -0.366905 -1.042668 4.277216  -1.000000 0.000000 -0.000000  0.229314 0.453828 0
porchlight_metal
0  -0.366905 -0.308857 4.277216  -1.000000 0.000000 -0.000000  0.229314 0.235825 0
0  -0.366905 -1.042668 4.277216  -1.000000 0.000000 -0.000000  0.229314 0.453828 0
0  -0.338976 -1.042668 4.417624  -0.923879 0.000000 0.382684  0.202063 0.453828 0
porchlight_metal
0  -0.338976 -0.308857 4.417624  -0.923880 0.000000 0.382683  0.202063 0.235825 0
0  -0.338976 -1.042668 4.417624  -0.923879 0.000000 0.382684  0.202063 0.453828 0
0  -0.259441 -1.042668 4.536657  -0.707107 0.000000 0.707106  0.174813 0.453828 0
porchlight_metal
0  -0.259441 -0.308857 4.536657  -0.707108 0.000000 0.707106  0.174813 0.235825 0
0  -0.259441 -1.042668 4.536657  -0.707107 0.000000 0.707106  0.174813 0.453828 0
0  -0.140409 -1.042668 4.616192  -0.382683 0.000000 0.923880  0.147563 0.453828 0
porchlight_metal
0  -0.140409 -0.308857 4.616192  -0.382686 0.000000 0.923879  0.147563 0.235825 0
0  -0.140409 -1.042668 4.616192  -0.382683 0.000000 0.923880  0.147563 0.453828 0
0  -0.000000 -1.042668 4.644121  0.000002 0.000000 1.000000  0.120312 0.453828 0
porchlight_metal
0  -0.000000 -0.308857 4.644121  -0.000002 0.000000 1.000000  0.120312 0.235825 0
0  -0.000000 -1.042668 4.644121  0.000002 0.000000 1.000000  0.120312 0.453828 0
0  0.140408 -1.042668 4.616192  0.382685 -0.000000 0.923879  0.093062 0.453828 0
porchlight_metal
0  0.140409 -0.308857 4.616192  0.382684 -0.000000 0.923879  0.093062 0.235825 0
0  0.140408 -1.042668 4.616192  0.382685 -0.000000 0.923879  0.093062 0.453828 0
0  0.259441 -1.042668 4.536657  0.707108 -0.000000 0.707106  0.065811 0.453828 0
porchlight_metal
0  0.259441 -1.042668 4.017775  0.000000 -1.000000 0.000001  0.194305 0.181130 0
0  0.338976 -1.042668 4.136808  -0.000000 -1.000000 0.000000  0.160357 0.203813 0
0  0.259441 -1.042668 4.536657  0.000000 -1.000000 0.000000  0.046319 0.181130 0
porchlight_metal
0  0.338976 -1.042668 4.136808  -0.000000 -1.000000 0.000000  0.160357 0.203813 0
0  0.366905 -1.042668 4.277216  -0.000001 -1.000000 0.000001  0.120312 0.211779 0
0  0.259441 -1.042668 4.536657  0.000000 -1.000000 0.000000  0.046319 0.181130 0
porchlight_metal
0  0.366905 -1.042668 4.277216  -0.000001 -1.000000 0.000001  0.120312 0.211779 0
0  0.338976 -1.042668 4.417624  0.000002 -1.000000 0.000000  0.080268 0.203813 0
0  0.259441 -1.042668 4.536657  0.000000 -1.000000 0.000000  0.046319 0.181130 0
porchlight_metal
0  0.259441 -1.042668 4.536657  0.000000 -1.000000 0.000000  0.046319 0.181130 0
0  0.140408 -1.042668 4.616192  0.000001 -1.000000 0.000000  0.023636 0.147182 0
0  -0.000000 -1.042668 4.644121  -0.000000 -1.000000 0.000001  0.015671 0.107137 0
porchlight_metal
0  -0.000000 -1.042668 4.644121  -0.000000 -1.000000 0.000001  0.015671 0.107137 0
0  -0.140409 -1.042668 4.616192  -0.000001 -1.000000 0.000008  0.023636 0.067093 0
0  -0.259441 -1.042668 4.536657  -0.000000 -1.000000 0.000001  0.046319 0.033144 0
porchlight_metal
0  -0.259441 -1.042668 4.536657  -0.000000 -1.000000 0.000001  0.046319 0.033144 0
0  -0.338976 -1.042668 4.417624  -0.000002 -1.000000 0.000001  0.080268 0.010461 0
0  -0.366905 -1.042668 4.277216  0.000001 -1.000000 0.000000  0.120312 0.002496 0
porchlight_metal
0  -0.366905 -1.042668 4.277216  0.000001 -1.000000 0.000000  0.120312 0.002496 0
0  -0.338976 -1.042668 4.136808  0.000000 -1.000000 0.000001  0.160357 0.010461 0
0  -0.259441 -1.042668 4.536657  -0.000000 -1.000000 0.000001  0.046319 0.033144 0
porchlight_metal
0  -0.338976 -1.042668 4.136808  0.000000 -1.000000 0.000001  0.160357 0.010461 0
0  -0.259441 -1.042668 4.017775  -0.000000 -1.000000 0.000000  0.194305 0.033144 0
0  -0.259441 -1.042668 4.536657  -0.000000 -1.000000 0.000001  0.046319 0.033144 0
porchlight_metal
0  -0.259441 -1.042668 4.017775  -0.000000 -1.000000 0.000000  0.194305 0.033144 0
0  -0.140409 -1.042668 3.938240  0.000000 -1.000000 -0.000004  0.216988 0.067093 0
0  -0.000000 -1.042668 3.910311  0.000000 -1.000000 0.000001  0.224954 0.107137 0
porchlight_metal
0  -0.000000 -1.042668 3.910311  0.000000 -1.000000 0.000001  0.224954 0.107137 0
0  0.140408 -1.042668 3.938240  -0.000000 -1.000000 0.000004  0.216988 0.147182 0
0  0.259441 -1.042668 4.017775  0.000000 -1.000000 0.000001  0.194305 0.181130 0
porchlight_metal
0  0.259441 -1.042668 4.536657  0.000000 -1.000000 0.000000  0.046319 0.181130 0
0  -0.000000 -1.042668 4.644121  -0.000000 -1.000000 0.000001  0.015671 0.107137 0
0  -0.259441 -1.042668 4.536657  -0.000000 -1.000000 0.000001  0.046319 0.033144 0
porchlight_metal
0  -0.259441 -1.042668 4.017775  -0.000000 -1.000000 0.000000  0.194305 0.033144 0
0  -0.000000 -1.042668 3.910311  0.000000 -1.000000 0.000001  0.224954 0.107137 0
0  -0.259441 -1.042668 4.536657  -0.000000 -1.000000 0.000001  0.046319 0.033144 0
porchlight_metal
0  -0.000000 -1.042668 3.910311  0.000000 -1.000000 0.000001  0.224954 0.107137 0
0  0.259441 -1.042668 4.017775  0.000000 -1.000000 0.000001  0.194305 0.181130 0
0  -0.259441 -1.042668 4.536657  -0.000000 -1.000000 0.000001  0.046319 0.033144 0
porchlight_metal
0  0.259441 -0.308857 4.536657  0.707107 -0.000000 0.707107  0.065811 0.235825 0
0  0.259441 -1.042668 4.536657  0.707108 -0.000000 0.707106  0.065811 0.453828 0
0  0.338976 -1.042668 4.417624  0.923880 -0.000000 0.382683  0.038561 0.453828 0
porchlight_metal
0  0.338976 -0.308857 4.417624  0.923879 -0.000000 0.382685  0.038561 0.235825 0
0  0.338976 -1.042668 4.417624  0.923880 -0.000000 0.382683  0.038561 0.453828 0
0  0.366905 -1.042668 4.277216  1.000000 -0.000000 -0.000001  0.011311 0.453828 0
porchlight_metal
0  0.881943 0.000000 2.075735  0.399733 -0.000000 -0.916631  0.113626 0.597109 0
0  0.814809 -0.337504 2.075735  0.369307 -0.152970 -0.916631  0.087969 0.597003 0
0  0.782900 -0.324287 2.075735  0.607120 -0.251478 -0.753767  0.087962 0.594461 0
porchlight_metal
0  0.623628 0.623628 2.075735  0.282655 0.282654 -0.916631  0.165000 0.598082 0
0  0.814809 0.337505 2.075735  0.369304 0.152970 -0.916632  0.139222 0.597549 0
0  0.782900 0.324288 2.075735  0.607119 0.251477 -0.753768  0.139288 0.595014 0
porchlight_metal
0  0.337505 0.814809 2.075735  0.152969 0.369303 -0.916633  0.190631 0.598561 0
0  0.623628 0.623628 2.075735  0.282655 0.282654 -0.916631  0.165000 0.598082 0
0  0.599206 0.599206 2.075735  0.464669 0.464669 -0.753767  0.165051 0.595436 0
porchlight_metal
0  0.000000 0.881943 2.075735  0.000001 0.399731 -0.916632  0.215451 0.598154 0
0  0.337505 0.814809 2.075735  0.152969 0.369303 -0.916633  0.190631 0.598561 0
0  0.324288 0.782901 2.075735  0.251477 0.607119 -0.753768  0.190632 0.596088 0
porchlight_metal
0  0.335591 0.810190 7.364072  0.152974 0.369302 0.916632  0.182698 0.973263 0
0  0.000000 0.876943 7.364072  0.000001 0.399728 0.916634  0.206925 0.978909 0
0  0.000000 0.826554 7.364072  -0.000001 0.657141 0.753767  0.205450 0.982123 0
porchlight_metal
0  -0.337505 0.814809 2.075735  -0.152971 0.369301 -0.916633  0.245523 0.596893 0
0  0.000000 0.881943 2.075735  0.000001 0.399731 -0.916632  0.220457 0.595987 0
0  0.000000 0.847406 2.075735  0.000000 0.657141 -0.753768  0.220995 0.593694 0
porchlight_metal
0  -0.623628 0.623628 2.075735  -0.282652 0.282654 -0.916632  0.271223 0.597009 0
0  -0.337505 0.814809 2.075735  -0.152971 0.369301 -0.916633  0.245523 0.596893 0
0  -0.324288 0.782901 2.075735  -0.251478 0.607119 -0.753767  0.245578 0.594401 0
porchlight_metal
0  -0.814809 0.337505 2.075735  -0.369305 0.152970 -0.916632  0.297071 0.597002 0
0  -0.623628 0.623628 2.075735  -0.282652 0.282654 -0.916632  0.271223 0.597009 0
0  -0.599206 0.599206 2.075735  -0.464670 0.464669 -0.753767  0.271230 0.594354 0
porchlight_metal
0  -0.881943 0.000001 2.075735  -0.399733 0.000000 -0.916632  0.322728 0.597108 0
0  -0.814809 0.337505 2.075735  -0.369305 0.152970 -0.916632  0.297071 0.597002 0
0  -0.782900 0.324288 2.075735  -0.607120 0.251477 -0.753767  0.297064 0.594460 0
porchlight_metal
0  -0.814809 -0.337504 2.075735  -0.369298 -0.152972 -0.916634  0.348324 0.597548 0
0  -0.881943 0.000001 2.075735  -0.399733 0.000000 -0.916632  0.322728 0.597108 0
0  -0.847405 0.000001 2.075735  -0.657141 0.000000 -0.753767  0.322757 0.594687 0
porchlight_metal
0  -0.623628 -0.623627 2.075735  -0.282659 -0.282652 -0.916631  0.374102 0.598080 0
0  -0.814809 -0.337504 2.075735  -0.369298 -0.152972 -0.916634  0.348324 0.597548 0
0  -0.782900 -0.324287 2.075735  -0.607119 -0.251478 -0.753768  0.348390 0.595013 0
porchlight_metal
0  -0.000000 -0.881942 2.075735  0.000000 -0.399730 -0.916633  0.424553 0.598152 0
0  -0.337505 -0.814808 2.075735  -0.152971 -0.369303 -0.916633  0.399734 0.598559 0
0  -0.324288 -0.782900 2.075735  -0.251477 -0.607120 -0.753767  0.399734 0.596086 0
porchlight_metal
0  0.337505 -0.814808 2.075735  0.152969 -0.369303 -0.916633  0.036421 0.596893 0
0  -0.000000 -0.881942 2.075735  0.000000 -0.399730 -0.916633  0.011355 0.595987 0
0  -0.000000 -0.847404 2.075735  0.000000 -0.657142 -0.753767  0.011892 0.593694 0
porchlight_metal
0  0.623628 -0.623627 2.075735  0.282650 -0.282654 -0.916633  0.062121 0.597009 0
0  0.337505 -0.814808 2.075735  0.152969 -0.369303 -0.916633  0.036421 0.596893 0
0  0.324288 -0.782900 2.075735  0.251477 -0.607120 -0.753767  0.036476 0.594401 0
porchlight_metal
0  0.814809 -0.337504 2.075735  0.369307 -0.152970 -0.916631  0.087969 0.597003 0
0  0.623628 -0.623627 2.075735  0.282650 -0.282654 -0.916633  0.062121 0.597009 0
0  0.599206 -0.599205 2.075735  0.464671 -0.464669 -0.753766  0.062128 0.594354 0
porchlight_metal
0  0.335591 -0.810186 7.364072  0.152971 -0.369302 0.916633  0.037871 0.972837 0
0  0.620091 -0.620089 7.364072  0.282651 -0.282652 0.916633  0.062348 0.970121 0
0  0.584461 -0.584459 7.364072  0.464669 -0.464670 0.753767  0.062650 0.973517 0
porchlight_metal
0  0.826552 0.000002 7.364072  0.657141 0.000001 0.753767  0.110736 0.971684 0
0  0.826552 0.000002 7.480569  1.000000 0.000001 0.000000  0.110805 0.980128 0
0  0.763635 -0.316306 7.480569  0.923880 -0.382682 0.000000  0.087137 0.980769 0
porchlight_metal
0  0.763635 -0.316306 7.364072  0.607128 -0.251475 0.753761  0.086742 0.972365 0
0  0.763635 -0.316306 7.480569  0.923880 -0.382682 0.000000  0.087137 0.980769 0
0  0.584461 -0.584459 7.480569  0.707107 -0.707107 0.000000  0.063522 0.982013 0
porchlight_metal
0  0.584461 -0.584459 7.364072  0.464669 -0.464670 0.753767  0.062650 0.973517 0
0  0.584461 -0.584459 7.480569  0.707107 -0.707107 0.000000  0.063522 0.982013 0
0  0.316308 -0.763633 7.480569  0.382683 -0.923880 0.000000  0.039960 0.985198 0
porchlight_metal
0  0.316308 -0.763633 7.364072  0.251476 -0.607120 0.753767  0.038457 0.976533 0
0  0.316308 -0.763633 7.480569  0.382683 -0.923880 0.000000  0.039960 0.985198 0
0  -0.000000 -0.826551 7.480569  -0.000001 -1.000000 0.000000  0.016207 0.990049 0
porchlight_metal
0  -0.000000 -0.826551 7.364072  0.000001 -0.657141 0.753767  0.414555 0.982121 0
0  -0.000000 -0.826551 7.480569  -0.000001 -1.000000 0.000000  0.412787 0.990048 0
0  -0.316308 -0.763633 7.480569  -0.382683 -0.923880 0.000000  0.389828 0.985146 0
porchlight_metal
0  -0.316308 -0.763633 7.364072  -0.251477 -0.607120 0.753767  0.391182 0.976871 0
0  -0.316308 -0.763633 7.480569  -0.382683 -0.923880 0.000000  0.389828 0.985146 0
0  -0.584461 -0.584459 7.480569  -0.707109 -0.707105 0.000000  0.366809 0.982017 0
porchlight_metal
0  -0.584461 -0.584459 7.364072  -0.464674 -0.464667 0.753766  0.367523 0.973660 0
0  -0.584461 -0.584459 7.480569  -0.707109 -0.707105 0.000000  0.366809 0.982017 0
0  -0.763635 -0.316306 7.480569  -0.923880 -0.382682 0.000000  0.343443 0.980766 0
porchlight_metal
0  -0.763635 -0.316306 7.364072  -0.607124 -0.251476 0.753764  0.343723 0.972426 0
0  -0.763635 -0.316306 7.480569  -0.923880 -0.382682 0.000000  0.343443 0.980766 0
0  -0.826552 0.000002 7.480569  -1.000000 -0.000002 -0.000000  0.319910 0.980127 0
porchlight_metal
0  -0.826552 0.000002 7.364072  -0.657141 -0.000001 0.753768  0.319840 0.971683 0
0  -0.826552 0.000002 7.480569  -1.000000 -0.000002 -0.000000  0.319910 0.980127 0
0  -0.763635 0.316310 7.480569  -0.923880 0.382682 -0.000000  0.296242 0.980768 0
porchlight_metal
0  -0.763635 0.316310 7.364072  -0.607114 0.251478 0.753771  0.295847 0.972364 0
0  -0.763635 0.316310 7.480569  -0.923880 0.382682 -0.000000  0.296242 0.980768 0
0  -0.584461 0.584463 7.480569  -0.707108 0.707105 0.000000  0.272627 0.982012 0
porchlight_metal
0  -0.584461 0.584463 7.364072  -0.464678 0.464667 0.753764  0.271755 0.973516 0
0  -0.584461 0.584463 7.480569  -0.707108 0.707105 0.000000  0.272627 0.982012 0
0  -0.316308 0.763637 7.480569  -0.382682 0.923880 0.000000  0.249065 0.985197 0
porchlight_metal
0  -0.316308 0.763637 7.364072  -0.251474 0.607120 0.753767  0.247562 0.976532 0
0  -0.316308 0.763637 7.480569  -0.382682 0.923880 0.000000  0.249065 0.985197 0
0  0.000000 0.826554 7.480569  0.000001 1.000000 0.000000  0.225313 0.990048 0
porchlight_metal
0  0.000000 0.826554 7.364072  -0.000001 0.657141 0.753767  0.205450 0.982123 0
0  0.000000 0.826554 7.480569  0.000001 1.000000 0.000000  0.203682 0.990049 0
0  0.316308 0.763637 7.480569  0.382685 0.923879 0.000000  0.180723 0.985147 0
porchlight_metal
0  0.316308 0.763637 7.364072  0.251482 0.607118 0.753767  0.182077 0.976872 0
0  0.316308 0.763637 7.480569  0.382685 0.923879 0.000000  0.180723 0.985147 0
0  0.584461 0.584463 7.480569  0.707106 0.707107 0.000000  0.157704 0.982018 0
porchlight_metal
0  0.584461 0.584463 7.364072  0.464664 0.464671 0.753769  0.158418 0.973661 0
0  0.584461 0.584463 7.480569  0.707106 0.707107 0.000000  0.157704 0.982018 0
0  0.763635 0.316310 7.480569  0.923880 0.382683 0.000000  0.134338 0.980767 0
porchlight_metal
0  0.763635 0.316310 7.364072  0.607118 0.251477 0.753768  0.134618 0.972427 0
0  0.763635 0.316310 7.480569  0.923880 0.382683 0.000000  0.134338 0.980767 0
0  0.826552 0.000002 7.480569  1.000000 0.000001 0.000000  0.110805 0.980128 0
porchlight_metal
0  -0.352616 0.851291 2.210374  -0.382392 0.923176 -0.039012  0.245352 0.607492 0
0  -0.352616 0.851292 7.212379  -0.382393 0.923176 0.039012  0.245191 0.961173 0
0  0.000000 0.921431 7.212379  -0.000000 0.999239 0.039012  0.219061 0.965959 0
porchlight_metal
0  -0.651549 0.651550 2.210374  -0.706569 0.706568 -0.039012  0.271200 0.607682 0
0  -0.651549 0.651551 7.212379  -0.706569 0.706568 0.039012  0.270496 0.958588 0
0  -0.352616 0.851292 7.212379  -0.382393 0.923176 0.039012  0.245191 0.961173 0
porchlight_metal
0  -0.851290 0.352616 2.210374  -0.923176 0.382393 -0.039012  0.297022 0.607685 0
0  -0.851290 0.352618 7.212379  -0.923176 0.382394 0.039012  0.295298 0.957250 0
0  -0.651549 0.651551 7.212379  -0.706569 0.706568 0.039012  0.270496 0.958588 0
porchlight_metal
0  -0.921430 0.000001 2.210374  -0.999239 0.000000 -0.039012  0.322627 0.607761 0
0  -0.921430 0.000002 7.212379  -0.999239 0.000000 0.039012  0.319880 0.956952 0
0  -0.851290 0.352618 7.212379  -0.923176 0.382394 0.039012  0.295298 0.957250 0
porchlight_metal
0  -0.851290 -0.352615 2.210374  -0.923176 -0.382392 -0.039012  0.348158 0.608172 0
0  -0.851290 -0.352614 7.212379  -0.923177 -0.382391 0.039012  0.344353 0.957443 0
0  -0.921430 0.000002 7.212379  -0.999239 0.000000 0.039012  0.319880 0.956952 0
porchlight_metal
0  -0.651549 -0.651549 2.210374  -0.706569 -0.706568 -0.039011  0.373905 0.608736 0
0  -0.651549 -0.651547 7.212379  -0.706568 -0.706569 0.039012  0.368875 0.958966 0
0  -0.851290 -0.352614 7.212379  -0.923177 -0.382391 0.039012  0.344353 0.957443 0
porchlight_metal
0  -0.352616 -0.851289 2.210374  -0.382393 -0.923176 -0.039011  0.399709 0.609073 0
0  -0.352616 -0.851288 7.212379  -0.382392 -0.923176 0.039013  0.393693 0.961832 0
0  -0.651549 -0.651547 7.212379  -0.706568 -0.706569 0.039012  0.368875 0.958966 0
porchlight_metal
0  -0.000000 -0.921429 2.210374  -0.000000 -0.999239 -0.039012  0.425314 0.608748 0
0  -0.000000 -0.921428 7.212379  0.000001 -0.999239 0.039013  0.419352 0.967003 0
0  -0.352616 -0.851288 7.212379  -0.382392 -0.923176 0.039013  0.393693 0.961832 0
porchlight_metal
0  -1.360844 1.360844 0.204963  0.000000 1.000000 -0.000000  0.776019 0.132988 0
0  -1.360844 1.360844 1.126393  0.000000 1.000000 -0.000000  0.776019 0.190193 0
0  1.360844 1.360844 1.126393  0.000000 1.000000 -0.000000  0.944991 0.190193 0
porchlight_metal
0  1.360844 1.360844 0.204963  1.000000 -0.000000 0.000000  0.776019 0.132988 0
0  1.360844 1.360844 1.126393  1.000000 -0.000000 0.000000  0.776019 0.190193 0
0  1.360844 -1.360844 1.126394  1.000000 -0.000000 0.000000  0.944991 0.190193 0
porchlight_metal
0  1.360844 -1.360844 0.204964  -0.000000 -1.000000 0.000000  0.944991 0.132988 0
0  1.360844 -1.360844 1.126394  -0.000000 -1.000000 0.000001  0.944991 0.190193 0
0  -1.360844 -1.360844 1.126394  -0.000000 -1.000000 0.000000  0.776019 0.190193 0
porchlight_metal
0  -1.360844 -1.360844 0.204964  -1.000000 0.000000 -0.000000  0.944991 0.132988 0
0  -1.360844 -1.360844 1.126394  -1.000000 0.000000 -0.000000  0.944991 0.190193 0
0  -1.360844 1.360844 1.126393  -1.000000 0.000000 -0.000000  0.776019 0.190193 0
porchlight_metal
0  1.360844 -1.360844 1.126394  -0.000000 0.000000 1.000000  0.944991 0.227672 0
0  1.360844 1.360844 1.126393  0.000000 0.000000 1.000000  0.776019 0.227672 0
0  -1.360844 1.360844 1.126393  -0.000000 0.000000 1.000000  0.776019 0.058701 0
porchlight_metal
0  -1.360844 -1.360844 0.204964  -0.000000 0.000000 1.000000  0.944991 0.058701 0
0  -1.360844 1.360844 0.204963  0.000000 0.000000 1.000000  0.776019 0.058701 0
0  -2.181267 2.181267 0.204963  0.000000 0.000000 1.000000  0.725084 0.007766 0
porchlight_metal
0  1.360844 1.360844 0.204963  -0.000000 0.000000 1.000000  0.776019 0.227672 0
0  1.360844 -1.360844 0.204964  -0.000000 0.000000 1.000000  0.944991 0.227672 0
0  2.181267 -2.181267 0.204964  -0.000000 0.000000 1.000000  0.995925 0.278607 0
porchlight_metal
0  -2.181267 -2.181267 0.050155  -1.000000 -0.000000 0.000000  0.995925 0.123377 0
0  -2.181267 -2.181267 0.204964  -1.000000 -0.000000 0.000000  0.995925 0.132988 0
0  -2.181267 2.181267 0.204963  -1.000000 -0.000000 0.000000  0.725084 0.132988 0
porchlight_metal
0  2.181267 -2.181267 0.050155  0.000000 -1.000000 0.000000  0.995925 0.123377 0
0  2.181267 -2.181267 0.204964  0.000000 -1.000000 0.000000  0.995925 0.132988 0
0  -2.181267 -2.181267 0.204964  0.000000 -1.000000 0.000000  0.725084 0.132988 0
porchlight_metal
0  2.181267 2.181267 0.050154  1.000000 -0.000000 0.000000  0.725084 0.123377 0
0  2.181267 2.181267 0.204963  1.000000 -0.000000 0.000000  0.725084 0.132988 0
0  2.181267 -2.181267 0.204964  1.000000 0.000000 0.000000  0.995925 0.132988 0
porchlight_metal
0  -2.181267 2.181267 0.050154  0.000000 1.000000 0.000000  0.725084 0.123377 0
0  -2.181267 2.181267 0.204963  0.000000 1.000000 0.000000  0.725084 0.132988 0
0  2.181267 2.181267 0.204963  0.000000 1.000000 0.000000  0.995925 0.132988 0
porchlight_metal
0  -1.360844 1.360844 0.204963  0.000000 0.000000 1.000000  0.776019 0.058701 0
0  1.360844 1.360844 0.204963  -0.000000 0.000000 1.000000  0.776019 0.227672 0
0  2.181267 2.181267 0.204963  0.000000 0.000000 1.000000  0.725084 0.278607 0
porchlight_metal
0  1.360844 -1.360844 0.204964  -0.000000 0.000000 1.000000  0.944991 0.227672 0
0  -1.360844 -1.360844 0.204964  -0.000000 0.000000 1.000000  0.944991 0.058701 0
0  -2.181267 -2.181267 0.204964  -0.000000 0.000000 1.000000  0.995925 0.007766 0
porchlight_metal
0  -2.181267 2.181267 0.050154  0.000000 -0.000000 -1.000000  0.725084 0.007766 0
0  2.181267 2.181267 0.050154  0.000000 -0.000000 -1.000000  0.725084 0.278607 0
0  2.181267 -2.181267 0.050155  0.000000 -0.000000 -1.000000  0.995925 0.278607 0
porchlight_metal
0  1.089906 0.000000 1.226444  0.643269 0.000000 0.765640  0.788248 0.757984 0
0  1.006941 -0.417089 1.226444  0.594303 -0.246168 0.765640  0.792500 0.811957 0
0  1.024804 -0.424487 1.160521  0.914815 -0.378929 0.139735  0.783478 0.813538 0
porchlight_metal
0  1.006941 -0.417089 1.226444  0.594303 -0.246168 0.765640  0.792500 0.811957 0
0  0.770680 -0.770679 1.226444  0.454861 -0.454860 0.765640  0.806313 0.865501 0
0  0.784351 -0.784351 1.160521  0.700170 -0.700169 0.139735  0.797604 0.868651 0
porchlight_metal
0  0.770680 -0.770679 1.226444  0.454861 -0.454860 0.765640  0.806313 0.865501 0
0  0.417089 -1.006941 1.226444  0.246168 -0.594303 0.765641  0.829497 0.915947 0
0  0.424488 -1.024803 1.160521  0.378929 -0.914815 0.139736  0.821474 0.920503 0
porchlight_metal
0  0.417089 -1.006941 1.226444  0.246168 -0.594303 0.765641  0.829497 0.915947 0
0  -0.000000 -1.089905 1.226444  0.000000 -0.643268 0.765641  0.862660 0.963589 0
0  -0.000000 -1.109239 1.160521  0.000000 -0.990189 0.139736  0.854811 0.969647 0
porchlight_metal
0  -0.000000 -1.089905 1.226444  0.000000 -0.643268 0.765641  0.894580 0.963905 0
0  -0.417089 -1.006941 1.226444  -0.246169 -0.594303 0.765640  0.927097 0.919880 0
0  -0.424488 -1.024803 1.160521  -0.378929 -0.914815 0.139735  0.934726 0.924439 0
porchlight_metal
0  -0.417089 -1.006941 1.226444  -0.246169 -0.594303 0.765640  0.927097 0.919880 0
0  -0.770680 -0.770679 1.226444  -0.454860 -0.454860 0.765640  0.950689 0.872357 0
0  -0.784351 -0.784351 1.160521  -0.700169 -0.700170 0.139735  0.958984 0.875508 0
porchlight_metal
0  -0.770680 -0.770679 1.226444  -0.454860 -0.454860 0.765640  0.950689 0.872357 0
0  -1.006941 -0.417089 1.226444  -0.594303 -0.246168 0.765641  0.965263 0.821380 0
0  -1.024804 -0.424487 1.160521  -0.914815 -0.378929 0.139735  0.974003 0.823027 0
porchlight_metal
0  -1.006941 -0.417089 1.226444  -0.594303 -0.246168 0.765641  0.965263 0.821380 0
0  -1.089906 0.000000 1.226444  -0.643269 0.000000 0.765640  0.970800 0.768624 0
0  -1.109240 0.000000 1.160521  -0.990189 0.000000 0.139735  0.979773 0.768666 0
porchlight_metal
0  -1.089906 0.000000 1.226444  -0.643269 0.000000 0.765640  0.970800 0.768624 0
0  -1.006941 0.417089 1.226444  -0.594303 0.246169 0.765640  0.966548 0.714651 0
0  -1.024804 0.424488 1.160521  -0.914815 0.378929 0.139735  0.975570 0.713069 0
porchlight_metal
0  -1.006941 0.417089 1.226444  -0.594303 0.246169 0.765640  0.966548 0.714651 0
0  -0.770680 0.770680 1.226444  -0.454860 0.454860 0.765639  0.952734 0.661106 0
0  -0.784351 0.784351 1.160521  -0.700169 0.700169 0.139734  0.961443 0.657956 0
porchlight_metal
0  -0.770680 0.770680 1.226444  -0.454860 0.454860 0.765639  0.952734 0.661106 0
0  -0.417089 1.006942 1.226443  -0.246169 0.594303 0.765640  0.929551 0.610660 0
0  -0.424488 1.024804 1.160521  -0.378929 0.914815 0.139735  0.937573 0.606104 0
porchlight_metal
0  -0.417089 1.006942 1.226443  -0.246169 0.594303 0.765640  0.929551 0.610660 0
0  0.000000 1.089906 1.226443  0.000000 0.643270 0.765640  0.896387 0.563018 0
0  0.000000 1.109240 1.160521  0.000000 0.990189 0.139735  0.904237 0.556960 0
porchlight_metal
0  0.000000 1.089906 1.226443  0.000000 0.643270 0.765640  0.864467 0.562702 0
0  0.417089 1.006942 1.226443  0.246168 0.594303 0.765641  0.831951 0.606727 0
0  0.424488 1.024804 1.160521  0.378929 0.914815 0.139736  0.824322 0.602168 0
porchlight_metal
0  0.417089 1.006942 1.226443  0.246168 0.594303 0.765641  0.831951 0.606727 0
0  0.770680 0.770680 1.226444  0.454860 0.454861 0.765639  0.808358 0.654250 0
0  0.784351 0.784351 1.160521  0.700169 0.700170 0.139734  0.800064 0.651100 0
porchlight_metal
0  0.770680 0.770680 1.226444  0.454860 0.454861 0.765639  0.808358 0.654250 0
0  1.006941 0.417089 1.226444  0.594303 0.246168 0.765640  0.793785 0.705227 0
0  1.024804 0.424488 1.160521  0.914815 0.378928 0.139735  0.785044 0.703580 0
porchlight_metal
0  1.006941 0.417089 1.226444  0.594303 0.246168 0.765640  0.793785 0.705227 0
0  1.089906 0.000000 1.226444  0.643269 0.000000 0.765640  0.788248 0.757984 0
0  1.109240 0.000000 1.160521  0.990189 0.000000 0.139735  0.779274 0.757941 0
porchlight_metal
0  1.024804 -0.424487 1.073863  0.689401 -0.285560 -0.665719  0.772013 0.815387 0
0  1.024804 -0.424487 1.160521  0.914815 -0.378929 0.139735  0.783478 0.813538 0
0  0.784351 -0.784351 1.160521  0.700170 -0.700169 0.139735  0.797604 0.868651 0
porchlight_metal
0  0.814809 0.337505 1.970275  0.369298 0.152969 0.916635  0.139281 0.584608 0
0  0.881943 0.000000 1.970275  0.399726 -0.000000 0.916635  0.113616 0.584351 0
0  0.901686 0.000000 1.952237  0.857259 -0.000000 0.514886  0.113646 0.582351 0
porchlight_metal
0  0.833049 0.345061 1.952237  0.792004 0.328059 0.514885  0.139315 0.582608 0
0  0.901686 0.000000 1.952237  0.857259 -0.000000 0.514886  0.113646 0.582351 0
0  0.916139 0.000000 1.902955  0.983920 0.000000 0.178610  0.113681 0.578558 0
porchlight_metal
0  0.846403 0.350592 1.902955  0.909023 0.376530 0.178611  0.139361 0.578812 0
0  0.916139 0.000000 1.902955  0.983920 0.000000 0.178610  0.113681 0.578558 0
0  0.921430 0.000000 1.835636  0.999239 0.000000 0.039012  0.113731 0.573672 0
porchlight_metal
0  0.623628 0.623628 1.970274  0.282649 0.282652 0.916634  0.165099 0.584941 0
0  0.814809 0.337505 1.970275  0.369298 0.152969 0.916635  0.139281 0.584608 0
0  0.833049 0.345061 1.952237  0.792004 0.328059 0.514885  0.139315 0.582608 0
porchlight_metal
0  0.637588 0.637589 1.952236  0.606171 0.606175 0.514887  0.165133 0.582960 0
0  0.833049 0.345061 1.952237  0.792004 0.328059 0.514885  0.139315 0.582608 0
0  0.846403 0.350592 1.902955  0.909023 0.376530 0.178611  0.139361 0.578812 0
porchlight_metal
0  0.647808 0.647809 1.902955  0.695736 0.695736 0.178612  0.165196 0.579166 0
0  0.846403 0.350592 1.902955  0.909023 0.376530 0.178611  0.139361 0.578812 0
0  0.851290 0.352616 1.835636  0.923176 0.382392 0.039012  0.139424 0.573920 0
porchlight_metal
0  0.337505 0.814809 1.970274  0.152971 0.369301 0.916633  0.190734 0.585488 0
0  0.623628 0.623628 1.970274  0.282649 0.282652 0.916634  0.165099 0.584941 0
0  0.637588 0.637589 1.952236  0.606171 0.606175 0.514887  0.165133 0.582960 0
porchlight_metal
0  0.345060 0.833050 1.952236  0.328060 0.792003 0.514886  0.190803 0.583528 0
0  0.637588 0.637589 1.952236  0.606171 0.606175 0.514887  0.165133 0.582960 0
0  0.647808 0.647809 1.902955  0.695736 0.695736 0.178612  0.165196 0.579166 0
porchlight_metal
0  0.350591 0.846403 1.902955  0.376530 0.909023 0.178611  0.190928 0.579782 0
0  0.647808 0.647809 1.902955  0.695736 0.695736 0.178612  0.165196 0.579166 0
0  0.651549 0.651550 1.835635  0.706568 0.706569 0.039011  0.165285 0.574273 0
porchlight_metal
0  0.000000 0.881943 1.970274  0.000000 0.399727 0.916634  0.215692 0.586836 0
0  0.337505 0.814809 1.970274  0.152971 0.369301 0.916633  0.190734 0.585488 0
0  0.345060 0.833050 1.952236  0.328060 0.792003 0.514886  0.190803 0.583528 0
porchlight_metal
0  0.000000 0.901687 1.952236  0.000000 0.857259 0.514886  0.216077 0.584898 0
0  0.345060 0.833050 1.952236  0.328060 0.792003 0.514886  0.190803 0.583528 0
0  0.350591 0.846403 1.902955  0.376530 0.909023 0.178611  0.190928 0.579782 0
porchlight_metal
0  0.000000 0.916140 1.902955  0.000001 0.983920 0.178611  0.216486 0.581130 0
0  0.350591 0.846403 1.902955  0.376530 0.909023 0.178611  0.190928 0.579782 0
0  0.352616 0.851290 1.835635  0.382393 0.923176 0.039011  0.191098 0.574922 0
porchlight_metal
0  -0.337505 0.814809 1.970274  -0.152968 0.369301 0.916634  0.245404 0.583784 0
0  0.000000 0.881943 1.970274  0.000000 0.399727 0.916634  0.220508 0.584625 0
0  0.000000 0.901687 1.952236  0.000000 0.857259 0.514886  0.220153 0.582684 0
porchlight_metal
0  -0.345060 0.833050 1.952236  -0.328058 0.792004 0.514886  0.245374 0.581825 0
0  0.000000 0.901687 1.952236  0.000000 0.857259 0.514886  0.220153 0.582684 0
0  0.000000 0.916140 1.902955  0.000001 0.983920 0.178611  0.219810 0.578977 0
porchlight_metal
0  -0.350591 0.846403 1.902955  -0.376530 0.909023 0.178610  0.245321 0.578086 0
0  0.000000 0.916140 1.902955  0.000001 0.983920 0.178611  0.219810 0.578977 0
0  0.000000 0.921430 1.835635  0.000000 0.999239 0.039012  0.219562 0.574118 0
porchlight_metal
0  -0.623628 0.623628 1.970274  -0.282652 0.282651 0.916633  0.271115 0.583822 0
0  -0.337505 0.814809 1.970274  -0.152968 0.369301 0.916634  0.245404 0.583784 0
0  -0.345060 0.833050 1.952236  -0.328058 0.792004 0.514886  0.245374 0.581825 0
porchlight_metal
0  -0.637588 0.637589 1.952236  -0.606174 0.606173 0.514886  0.271131 0.581814 0
0  -0.345060 0.833050 1.952236  -0.328058 0.792004 0.514886  0.245374 0.581825 0
0  -0.350591 0.846403 1.902955  -0.376530 0.909023 0.178610  0.245321 0.578086 0
porchlight_metal
0  -0.647808 0.647809 1.902955  -0.695736 0.695736 0.178612  0.271140 0.578024 0
0  -0.350591 0.846403 1.902955  -0.376530 0.909023 0.178610  0.245321 0.578086 0
0  -0.352616 0.851290 1.835635  -0.382392 0.923176 0.039011  0.245226 0.573237 0
porchlight_metal
0  -0.814809 0.337505 1.970275  -0.369301 0.152970 0.916634  0.297026 0.584042 0
0  -0.623628 0.623628 1.970274  -0.282652 0.282651 0.916633  0.271115 0.583822 0
0  -0.637588 0.637589 1.952236  -0.606174 0.606173 0.514886  0.271131 0.581814 0
porchlight_metal
0  -0.833049 0.345061 1.952237  -0.792004 0.328059 0.514886  0.297051 0.582038 0
0  -0.637588 0.637589 1.952236  -0.606174 0.606173 0.514886  0.271131 0.581814 0
0  -0.647808 0.647809 1.902955  -0.695736 0.695736 0.178612  0.271140 0.578024 0
porchlight_metal
0  -0.846403 0.350592 1.902955  -0.909023 0.376530 0.178611  0.297074 0.578237 0
0  -0.647808 0.647809 1.902955  -0.695736 0.695736 0.178612  0.271140 0.578024 0
0  -0.651549 0.651550 1.835635  -0.706569 0.706568 0.039012  0.271140 0.573115 0
porchlight_metal
0  -0.881943 0.000001 1.970275  -0.399726 0.000000 0.916635  0.322718 0.584350 0
0  -0.814809 0.337505 1.970275  -0.369301 0.152970 0.916634  0.297026 0.584042 0
0  -0.833049 0.345061 1.952237  -0.792004 0.328059 0.514886  0.297051 0.582038 0
porchlight_metal
0  -0.901686 0.000001 1.952237  -0.857258 -0.000000 0.514887  0.322748 0.582350 0
0  -0.833049 0.345061 1.952237  -0.792004 0.328059 0.514886  0.297051 0.582038 0
0  -0.846403 0.350592 1.902955  -0.909023 0.376530 0.178611  0.297074 0.578237 0
porchlight_metal
0  -0.916139 0.000000 1.902955  -0.983920 -0.000000 0.178611  0.322783 0.578557 0
0  -0.846403 0.350592 1.902955  -0.909023 0.376530 0.178611  0.297074 0.578237 0
0  -0.851290 0.352616 1.835636  -0.923176 0.382393 0.039012  0.297109 0.573336 0
porchlight_metal
0  -0.814809 -0.337504 1.970275  -0.369298 -0.152969 0.916635  0.348382 0.584607 0
0  -0.881943 0.000001 1.970275  -0.399726 0.000000 0.916635  0.322718 0.584350 0
0  -0.901686 0.000001 1.952237  -0.857258 -0.000000 0.514887  0.322748 0.582350 0
porchlight_metal
0  -0.833049 -0.345060 1.952237  -0.792005 -0.328058 0.514885  0.348417 0.582607 0
0  -0.901686 0.000001 1.952237  -0.857258 -0.000000 0.514887  0.322748 0.582350 0
0  -0.916139 0.000000 1.902955  -0.983920 -0.000000 0.178611  0.322783 0.578557 0
porchlight_metal
0  -0.846403 -0.350591 1.902955  -0.909024 -0.376529 0.178611  0.348463 0.578810 0
0  -0.916139 0.000000 1.902955  -0.983920 -0.000000 0.178611  0.322783 0.578557 0
0  -0.921430 0.000000 1.835636  -0.999239 0.000000 0.039012  0.322833 0.573671 0
porchlight_metal
0  -0.623628 -0.623627 1.970275  -0.282651 -0.282652 0.916633  0.374200 0.584939 0
0  -0.814809 -0.337504 1.970275  -0.369298 -0.152969 0.916635  0.348382 0.584607 0
0  -0.833049 -0.345060 1.952237  -0.792005 -0.328058 0.514885  0.348417 0.582607 0
porchlight_metal
0  -0.637588 -0.637588 1.952237  -0.606172 -0.606175 0.514886  0.374235 0.582959 0
0  -0.833049 -0.345060 1.952237  -0.792005 -0.328058 0.514885  0.348417 0.582607 0
0  -0.846403 -0.350591 1.902955  -0.909024 -0.376529 0.178611  0.348463 0.578810 0
porchlight_metal
0  -0.647808 -0.647808 1.902955  -0.695736 -0.695737 0.178612  0.374298 0.579164 0
0  -0.846403 -0.350591 1.902955  -0.909024 -0.376529 0.178611  0.348463 0.578810 0
0  -0.851290 -0.352615 1.835636  -0.923176 -0.382392 0.039012  0.348525 0.573918 0
porchlight_metal
0  -0.337505 -0.814808 1.970275  -0.152970 -0.369299 0.916634  0.399836 0.585486 0
0  -0.623628 -0.623627 1.970275  -0.282651 -0.282652 0.916633  0.374200 0.584939 0
0  -0.637588 -0.637588 1.952237  -0.606172 -0.606175 0.514886  0.374235 0.582959 0
porchlight_metal
0  -0.345060 -0.833049 1.952237  -0.328059 -0.792003 0.514887  0.399905 0.583526 0
0  -0.637588 -0.637588 1.952237  -0.606172 -0.606175 0.514886  0.374235 0.582959 0
0  -0.647808 -0.647808 1.902955  -0.695736 -0.695737 0.178612  0.374298 0.579164 0
porchlight_metal
0  -0.350591 -0.846402 1.902956  -0.376530 -0.909023 0.178612  0.400030 0.579780 0
0  -0.647808 -0.647808 1.902955  -0.695736 -0.695737 0.178612  0.374298 0.579164 0
0  -0.651549 -0.651549 1.835636  -0.706568 -0.706569 0.039012  0.374386 0.574271 0
porchlight_metal
0  -0.000000 -0.881942 1.970275  0.000001 -0.399729 0.916633  0.424794 0.586834 0
0  -0.337505 -0.814808 1.970275  -0.152970 -0.369299 0.916634  0.399836 0.585486 0
0  -0.345060 -0.833049 1.952237  -0.328059 -0.792003 0.514887  0.399905 0.583526 0
porchlight_metal
0  -0.000000 -0.901686 1.952237  0.000001 -0.857259 0.514886  0.425180 0.584895 0
0  -0.345060 -0.833049 1.952237  -0.328059 -0.792003 0.514887  0.399905 0.583526 0
0  -0.350591 -0.846402 1.902956  -0.376530 -0.909023 0.178612  0.400030 0.579780 0
porchlight_metal
0  -0.000000 -0.916139 1.902956  0.000001 -0.983920 0.178611  0.425589 0.581127 0
0  -0.350591 -0.846402 1.902956  -0.376530 -0.909023 0.178612  0.400030 0.579780 0
0  -0.352616 -0.851290 1.835636  -0.382392 -0.923176 0.039012  0.400200 0.574919 0
porchlight_metal
0  0.337505 -0.814808 1.970275  0.152967 -0.369299 0.916635  0.036302 0.583784 0
0  -0.000000 -0.881942 1.970275  0.000001 -0.399729 0.916633  0.011405 0.584625 0
0  -0.000000 -0.901686 1.952237  0.000001 -0.857259 0.514886  0.011051 0.582684 0
porchlight_metal
0  0.345060 -0.833049 1.952237  0.328057 -0.792004 0.514886  0.036272 0.581825 0
0  -0.000000 -0.901686 1.952237  0.000001 -0.857259 0.514886  0.011051 0.582684 0
0  -0.000000 -0.916139 1.902956  0.000001 -0.983920 0.178611  0.010707 0.578976 0
porchlight_metal
0  0.350591 -0.846402 1.902956  0.376530 -0.909023 0.178611  0.036219 0.578086 0
0  -0.000000 -0.916139 1.902956  0.000001 -0.983920 0.178611  0.010707 0.578976 0
0  -0.000000 -0.921429 1.835636  0.000000 -0.999239 0.039011  0.010459 0.574117 0
porchlight_metal
0  0.623628 -0.623627 1.970275  0.282652 -0.282651 0.916633  0.062014 0.583822 0
0  0.337505 -0.814808 1.970275  0.152967 -0.369299 0.916635  0.036302 0.583784 0
0  0.345060 -0.833049 1.952237  0.328057 -0.792004 0.514886  0.036272 0.581825 0
porchlight_metal
0  0.637588 -0.637588 1.952237  0.606175 -0.606173 0.514885  0.062029 0.581814 0
0  0.345060 -0.833049 1.952237  0.328057 -0.792004 0.514886  0.036272 0.581825 0
0  0.350591 -0.846402 1.902956  0.376530 -0.909023 0.178611  0.036219 0.578086 0
porchlight_metal
0  0.647808 -0.647808 1.902955  0.695737 -0.695736 0.178611  0.062038 0.578024 0
0  0.350591 -0.846402 1.902956  0.376530 -0.909023 0.178611  0.036219 0.578086 0
0  0.352616 -0.851290 1.835636  0.382393 -0.923176 0.039012  0.036124 0.573237 0
porchlight_metal
0  0.814809 -0.337504 1.970275  0.369301 -0.152969 0.916634  0.087924 0.584043 0
0  0.623628 -0.623627 1.970275  0.282652 -0.282651 0.916633  0.062014 0.583822 0
0  0.637588 -0.637588 1.952237  0.606175 -0.606173 0.514885  0.062029 0.581814 0
porchlight_metal
0  0.833049 -0.345060 1.952237  0.792003 -0.328059 0.514887  0.087949 0.582039 0
0  0.637588 -0.637588 1.952237  0.606175 -0.606173 0.514885  0.062029 0.581814 0
0  0.647808 -0.647808 1.902955  0.695737 -0.695736 0.178611  0.062038 0.578024 0
porchlight_metal
0  0.846403 -0.350591 1.902955  0.909023 -0.376531 0.178611  0.087972 0.578237 0
0  0.647808 -0.647808 1.902955  0.695737 -0.695736 0.178611  0.062038 0.578024 0
0  0.651549 -0.651549 1.835636  0.706568 -0.706569 0.039012  0.062038 0.573115 0
porchlight_metal
0  0.881943 0.000000 1.970275  0.399726 -0.000000 0.916635  0.113616 0.584351 0
0  0.814809 -0.337504 1.970275  0.369301 -0.152969 0.916634  0.087924 0.584043 0
0  0.833049 -0.345060 1.952237  0.792003 -0.328059 0.514887  0.087949 0.582039 0
porchlight_metal
0  0.901686 0.000000 1.952237  0.857259 -0.000000 0.514886  0.113646 0.582351 0
0  0.833049 -0.345060 1.952237  0.792003 -0.328059 0.514887  0.087949 0.582039 0
0  0.846403 -0.350591 1.902955  0.909023 -0.376531 0.178611  0.087972 0.578237 0
porchlight_metal
0  0.916139 0.000000 1.902955  0.983920 0.000000 0.178610  0.113681 0.578558 0
0  0.846403 -0.350591 1.902955  0.909023 -0.376531 0.178611  0.087972 0.578237 0
0  0.851290 -0.352615 1.835636  0.923176 -0.382393 0.039012  0.088007 0.573336 0
porchlight_metal
0  0.851290 0.352616 2.210374  0.923176 0.382392 -0.039012  0.139055 0.608173 0
0  0.921430 0.000000 2.210374  0.999239 -0.000000 -0.039012  0.113525 0.607762 0
0  0.916139 0.000000 2.143054  0.983920 0.000000 -0.178610  0.113570 0.602902 0
porchlight_metal
0  0.846403 0.350592 2.143054  0.909024 0.376529 -0.178611  0.139132 0.603306 0
0  0.916139 0.000000 2.143054  0.983920 0.000000 -0.178610  0.113570 0.602902 0
0  0.901686 0.000000 2.093773  0.857262 0.000000 -0.514881  0.113603 0.599123 0
porchlight_metal
0  0.833049 0.345061 2.093773  0.792006 0.328059 -0.514882  0.139186 0.599523 0
0  0.901686 0.000000 2.093773  0.857262 0.000000 -0.514881  0.113603 0.599123 0
0  0.881943 0.000000 2.075735  0.399733 -0.000000 -0.916631  0.113626 0.597109 0
porchlight_metal
0  0.651549 0.651550 2.210374  0.706568 0.706569 -0.039012  0.164802 0.608737 0
0  0.851290 0.352616 2.210374  0.923176 0.382392 -0.039012  0.139055 0.608173 0
0  0.846403 0.350592 2.143054  0.909024 0.376529 -0.178611  0.139132 0.603306 0
porchlight_metal
0  0.647808 0.647809 2.143054  0.695736 0.695737 -0.178612  0.164889 0.603867 0
0  0.846403 0.350592 2.143054  0.909024 0.376529 -0.178611  0.139132 0.603306 0
0  0.833049 0.345061 2.093773  0.792006 0.328059 -0.514882  0.139186 0.599523 0
porchlight_metal
0  0.637588 0.637589 2.093773  0.606176 0.606175 -0.514881  0.164951 0.600080 0
0  0.833049 0.345061 2.093773  0.792006 0.328059 -0.514882  0.139186 0.599523 0
0  0.814809 0.337505 2.075735  0.369304 0.152970 -0.916632  0.139222 0.597549 0
porchlight_metal
0  0.352616 0.851291 2.210374  0.382392 0.923176 -0.039012  0.190607 0.609075 0
0  0.651549 0.651550 2.210374  0.706568 0.706569 -0.039012  0.164802 0.608737 0
0  0.647808 0.647809 2.143054  0.695736 0.695737 -0.178612  0.164889 0.603867 0
porchlight_metal
0  0.350591 0.846403 2.143054  0.376529 0.909023 -0.178611  0.190621 0.604231 0
0  0.647808 0.647809 2.143054  0.695736 0.695737 -0.178612  0.164889 0.603867 0
0  0.637588 0.637589 2.093773  0.606176 0.606175 -0.514881  0.164951 0.600080 0
porchlight_metal
0  0.345060 0.833050 2.093773  0.328058 0.792005 -0.514884  0.190625 0.600515 0
0  0.637588 0.637589 2.093773  0.606176 0.606175 -0.514881  0.164951 0.600080 0
0  0.623628 0.623628 2.075735  0.282655 0.282654 -0.916631  0.165000 0.598082 0
porchlight_metal
0  0.000000 0.921430 2.210374  0.000000 0.999239 -0.039011  0.216211 0.608750 0
0  0.352616 0.851291 2.210374  0.382392 0.923176 -0.039012  0.190607 0.609075 0
0  0.350591 0.846403 2.143054  0.376529 0.909023 -0.178611  0.190621 0.604231 0
porchlight_metal
0  0.000000 0.916140 2.143054  -0.000000 0.983920 -0.178611  0.216056 0.603860 0
0  0.350591 0.846403 2.143054  0.376529 0.909023 -0.178611  0.190621 0.604231 0
0  0.345060 0.833050 2.093773  0.328058 0.792005 -0.514884  0.190625 0.600515 0
porchlight_metal
0  0.000000 0.901687 2.093773  -0.000000 0.857260 -0.514884  0.215775 0.600097 0
0  0.345060 0.833050 2.093773  0.328058 0.792005 -0.514884  0.190625 0.600515 0
0  0.337505 0.814809 2.075735  0.152969 0.369303 -0.916633  0.190631 0.598561 0
porchlight_metal
0  -0.352616 0.851291 2.210374  -0.382392 0.923176 -0.039012  0.245352 0.607492 0
0  0.000000 0.921430 2.210374  0.000000 0.999239 -0.039011  0.219510 0.606653 0
0  0.000000 0.916140 2.143054  -0.000000 0.983920 -0.178611  0.219752 0.601727 0
porchlight_metal
0  -0.350591 0.846403 2.143054  -0.376530 0.909023 -0.178611  0.245434 0.602617 0
0  0.000000 0.916140 2.143054  -0.000000 0.983920 -0.178611  0.219752 0.601727 0
0  0.000000 0.901687 2.093773  -0.000000 0.857260 -0.514884  0.220100 0.597938 0
porchlight_metal
0  -0.345060 0.833050 2.093773  -0.328060 0.792004 -0.514884  0.245491 0.598860 0
0  0.000000 0.901687 2.093773  -0.000000 0.857260 -0.514884  0.220100 0.597938 0
0  0.000000 0.881943 2.075735  0.000001 0.399731 -0.916632  0.220457 0.595987 0
porchlight_metal
0  -0.651549 0.651550 2.210374  -0.706569 0.706568 -0.039012  0.271200 0.607682 0
0  -0.352616 0.851291 2.210374  -0.382392 0.923176 -0.039012  0.245352 0.607492 0
0  -0.350591 0.846403 2.143054  -0.376530 0.909023 -0.178611  0.245434 0.602617 0
porchlight_metal
0  -0.647808 0.647809 2.143054  -0.695736 0.695736 -0.178612  0.271217 0.602796 0
0  -0.350591 0.846403 2.143054  -0.376530 0.909023 -0.178611  0.245434 0.602617 0
0  -0.345060 0.833050 2.093773  -0.328060 0.792004 -0.514884  0.245491 0.598860 0
porchlight_metal
0  -0.637588 0.637589 2.093773  -0.606173 0.606176 -0.514883  0.271220 0.598994 0
0  -0.345060 0.833050 2.093773  -0.328060 0.792004 -0.514884  0.245491 0.598860 0
0  -0.337505 0.814809 2.075735  -0.152971 0.369301 -0.916633  0.245523 0.596893 0
porchlight_metal
0  -0.851290 0.352616 2.210374  -0.923176 0.382393 -0.039012  0.297022 0.607685 0
0  -0.651549 0.651550 2.210374  -0.706569 0.706568 -0.039012  0.271200 0.607682 0
0  -0.647808 0.647809 2.143054  -0.695736 0.695736 -0.178612  0.271217 0.602796 0
porchlight_metal
0  -0.846403 0.350592 2.143054  -0.909023 0.376531 -0.178611  0.297044 0.602794 0
0  -0.647808 0.647809 2.143054  -0.695736 0.695736 -0.178612  0.271217 0.602796 0
0  -0.637588 0.637589 2.093773  -0.606173 0.606176 -0.514883  0.271220 0.598994 0
porchlight_metal
0  -0.833049 0.345061 2.093773  -0.792006 0.328060 -0.514882  0.297054 0.599002 0
0  -0.637588 0.637589 2.093773  -0.606173 0.606176 -0.514883  0.271220 0.598994 0
0  -0.623628 0.623628 2.075735  -0.282652 0.282654 -0.916632  0.271223 0.597009 0
porchlight_metal
0  -0.921430 0.000001 2.210374  -0.999239 0.000000 -0.039012  0.322627 0.607761 0
0  -0.851290 0.352616 2.210374  -0.923176 0.382393 -0.039012  0.297022 0.607685 0
0  -0.846403 0.350592 2.143054  -0.909023 0.376531 -0.178611  0.297044 0.602794 0
porchlight_metal
0  -0.916139 0.000001 2.143054  -0.983920 0.000000 -0.178611  0.322672 0.602901 0
0  -0.846403 0.350592 2.143054  -0.909023 0.376531 -0.178611  0.297044 0.602794 0
0  -0.833049 0.345061 2.093773  -0.792006 0.328060 -0.514882  0.297054 0.599002 0
porchlight_metal
0  -0.901686 0.000001 2.093773  -0.857261 0.000000 -0.514881  0.322705 0.599122 0
0  -0.833049 0.345061 2.093773  -0.792006 0.328060 -0.514882  0.297054 0.599002 0
0  -0.814809 0.337505 2.075735  -0.369305 0.152970 -0.916632  0.297071 0.597002 0
porchlight_metal
0  -0.851290 -0.352615 2.210374  -0.923176 -0.382392 -0.039012  0.348158 0.608172 0
0  -0.921430 0.000001 2.210374  -0.999239 0.000000 -0.039012  0.322627 0.607761 0
0  -0.916139 0.000001 2.143054  -0.983920 0.000000 -0.178611  0.322672 0.602901 0
porchlight_metal
0  -0.846403 -0.350591 2.143054  -0.909023 -0.376531 -0.178611  0.348234 0.603304 0
0  -0.916139 0.000001 2.143054  -0.983920 0.000000 -0.178611  0.322672 0.602901 0
0  -0.901686 0.000001 2.093773  -0.857261 0.000000 -0.514881  0.322705 0.599122 0
porchlight_metal
0  -0.833049 -0.345060 2.093773  -0.792002 -0.328062 -0.514886  0.348288 0.599522 0
0  -0.901686 0.000001 2.093773  -0.857261 0.000000 -0.514881  0.322705 0.599122 0
0  -0.881943 0.000001 2.075735  -0.399733 0.000000 -0.916632  0.322728 0.597108 0
porchlight_metal
0  -0.651549 -0.651549 2.210374  -0.706569 -0.706568 -0.039011  0.373905 0.608736 0
0  -0.851290 -0.352615 2.210374  -0.923176 -0.382392 -0.039012  0.348158 0.608172 0
0  -0.846403 -0.350591 2.143054  -0.909023 -0.376531 -0.178611  0.348234 0.603304 0
porchlight_metal
0  -0.647808 -0.647808 2.143055  -0.695737 -0.695736 -0.178610  0.373991 0.603866 0
0  -0.846403 -0.350591 2.143054  -0.909023 -0.376531 -0.178611  0.348234 0.603304 0
0  -0.833049 -0.345060 2.093773  -0.792002 -0.328062 -0.514886  0.348288 0.599522 0
porchlight_metal
0  -0.637588 -0.637588 2.093773  -0.606179 -0.606173 -0.514880  0.374053 0.600078 0
0  -0.833049 -0.345060 2.093773  -0.792002 -0.328062 -0.514886  0.348288 0.599522 0
0  -0.814809 -0.337504 2.075735  -0.369298 -0.152972 -0.916634  0.348324 0.597548 0
porchlight_metal
0  -0.352616 -0.851289 2.210374  -0.382393 -0.923176 -0.039011  0.399709 0.609073 0
0  -0.651549 -0.651549 2.210374  -0.706569 -0.706568 -0.039011  0.373905 0.608736 0
0  -0.647808 -0.647808 2.143055  -0.695737 -0.695736 -0.178610  0.373991 0.603866 0
porchlight_metal
0  -0.350591 -0.846402 2.143055  -0.376531 -0.909023 -0.178610  0.399723 0.604229 0
0  -0.647808 -0.647808 2.143055  -0.695737 -0.695736 -0.178610  0.373991 0.603866 0
0  -0.637588 -0.637588 2.093773  -0.606179 -0.606173 -0.514880  0.374053 0.600078 0
porchlight_metal
0  -0.345060 -0.833049 2.093773  -0.328060 -0.792005 -0.514883  0.399727 0.600513 0
0  -0.637588 -0.637588 2.093773  -0.606179 -0.606173 -0.514880  0.374053 0.600078 0
0  -0.623628 -0.623627 2.075735  -0.282659 -0.282652 -0.916631  0.374102 0.598080 0
porchlight_metal
0  -0.000000 -0.921429 2.210374  -0.000000 -0.999239 -0.039012  0.425314 0.608748 0
0  -0.352616 -0.851289 2.210374  -0.382393 -0.923176 -0.039011  0.399709 0.609073 0
0  -0.350591 -0.846402 2.143055  -0.376531 -0.909023 -0.178610  0.399723 0.604229 0
porchlight_metal
0  -0.000000 -0.916139 2.143055  -0.000000 -0.983920 -0.178611  0.425159 0.603858 0
0  -0.350591 -0.846402 2.143055  -0.376531 -0.909023 -0.178610  0.399723 0.604229 0
0  -0.345060 -0.833049 2.093773  -0.328060 -0.792005 -0.514883  0.399727 0.600513 0
porchlight_metal
0  -0.000000 -0.901686 2.093773  0.000000 -0.857260 -0.514883  0.424878 0.600095 0
0  -0.345060 -0.833049 2.093773  -0.328060 -0.792005 -0.514883  0.399727 0.600513 0
0  -0.337505 -0.814808 2.075735  -0.152971 -0.369303 -0.916633  0.399734 0.598559 0
porchlight_metal
0  0.352616 -0.851289 2.210374  0.382392 -0.923176 -0.039012  0.036249 0.607493 0
0  -0.000000 -0.921429 2.210374  -0.000000 -0.999239 -0.039012  0.010408 0.606653 0
0  -0.000000 -0.916139 2.143055  -0.000000 -0.983920 -0.178611  0.010650 0.601728 0
porchlight_metal
0  0.350591 -0.846402 2.143055  0.376529 -0.909024 -0.178610  0.036331 0.602617 0
0  -0.000000 -0.916139 2.143055  -0.000000 -0.983920 -0.178611  0.010650 0.601728 0
0  -0.000000 -0.901686 2.093773  0.000000 -0.857260 -0.514883  0.010997 0.597938 0
porchlight_metal
0  0.345060 -0.833049 2.093773  0.328059 -0.792006 -0.514883  0.036389 0.598860 0
0  -0.000000 -0.901686 2.093773  0.000000 -0.857260 -0.514883  0.010997 0.597938 0
0  -0.000000 -0.881942 2.075735  0.000000 -0.399730 -0.916633  0.011355 0.595987 0
porchlight_metal
0  0.651549 -0.651549 2.210374  0.706568 -0.706569 -0.039011  0.062098 0.607683 0
0  0.352616 -0.851289 2.210374  0.382392 -0.923176 -0.039012  0.036249 0.607493 0
0  0.350591 -0.846402 2.143055  0.376529 -0.909024 -0.178610  0.036331 0.602617 0
porchlight_metal
0  0.647808 -0.647808 2.143055  0.695735 -0.695737 -0.178611  0.062115 0.602796 0
0  0.350591 -0.846402 2.143055  0.376529 -0.909024 -0.178610  0.036331 0.602617 0
0  0.345060 -0.833049 2.093773  0.328059 -0.792006 -0.514883  0.036389 0.598860 0
porchlight_metal
0  0.637588 -0.637588 2.093773  0.606171 -0.606177 -0.514885  0.062118 0.598995 0
0  0.345060 -0.833049 2.093773  0.328059 -0.792006 -0.514883  0.036389 0.598860 0
0  0.337505 -0.814808 2.075735  0.152969 -0.369303 -0.916633  0.036421 0.596893 0
porchlight_metal
0  0.851290 -0.352615 2.210374  0.923177 -0.382391 -0.039012  0.087920 0.607686 0
0  0.651549 -0.651549 2.210374  0.706568 -0.706569 -0.039011  0.062098 0.607683 0
0  0.647808 -0.647808 2.143055  0.695735 -0.695737 -0.178611  0.062115 0.602796 0
porchlight_metal
0  0.846403 -0.350591 2.143054  0.909024 -0.376528 -0.178610  0.087942 0.602795 0
0  0.647808 -0.647808 2.143055  0.695735 -0.695737 -0.178611  0.062115 0.602796 0
0  0.637588 -0.637588 2.093773  0.606171 -0.606177 -0.514885  0.062118 0.598995 0
porchlight_metal
0  0.833049 -0.345060 2.093773  0.792008 -0.328058 -0.514880  0.087952 0.599003 0
0  0.637588 -0.637588 2.093773  0.606171 -0.606177 -0.514885  0.062118 0.598995 0
0  0.623628 -0.623627 2.075735  0.282650 -0.282654 -0.916633  0.062121 0.597009 0
porchlight_metal
0  0.921430 0.000000 2.210374  0.999239 -0.000000 -0.039012  0.113525 0.607762 0
0  0.851290 -0.352615 2.210374  0.923177 -0.382391 -0.039012  0.087920 0.607686 0
0  0.846403 -0.350591 2.143054  0.909024 -0.376528 -0.178610  0.087942 0.602795 0
porchlight_metal
0  0.916139 0.000000 2.143054  0.983920 0.000000 -0.178610  0.113570 0.602902 0
0  0.846403 -0.350591 2.143054  0.909024 -0.376528 -0.178610  0.087942 0.602795 0
0  0.833049 -0.345060 2.093773  0.792008 -0.328058 -0.514880  0.087952 0.599003 0
porchlight_metal
0  0.901686 0.000000 2.093773  0.857262 0.000000 -0.514881  0.113603 0.599123 0
0  0.833049 -0.345060 2.093773  0.792008 -0.328058 -0.514880  0.087952 0.599003 0
0  0.814809 -0.337504 2.075735  0.369307 -0.152970 -0.916631  0.087969 0.597003 0
porchlight_metal
0  0.921430 0.000000 1.226444  0.657141 0.000000 0.753767  0.114288 0.529627 0
0  0.921430 0.000000 1.835636  0.999239 0.000000 0.039012  0.113731 0.573672 0
0  0.851290 -0.352615 1.835636  0.923176 -0.382393 0.039012  0.088007 0.573336 0
porchlight_metal
0  0.810188 0.335593 7.364072  0.369299 0.152970 0.916634  0.134772 0.968776 0
0  0.876941 0.000002 7.364072  0.399732 0.000002 0.916632  0.110741 0.968324 0
0  0.899186 0.000002 7.343749  0.857263 0.000001 0.514879  0.110750 0.966200 0
porchlight_metal
0  0.830739 0.344105 7.343749  0.792004 0.328059 0.514885  0.134865 0.966662 0
0  0.899186 0.000002 7.343749  0.857263 0.000001 0.514879  0.110750 0.966200 0
0  0.915469 0.000002 7.288226  0.983920 -0.000001 0.178610  0.110747 0.962170 0
porchlight_metal
0  0.845783 0.350337 7.288226  0.909024 0.376529 0.178611  0.135033 0.962626 0
0  0.915469 0.000002 7.288226  0.983920 -0.000001 0.178610  0.110747 0.962170 0
0  0.921430 0.000002 7.212379  0.999239 -0.000000 0.039012  0.110775 0.956953 0
porchlight_metal
0  0.620091 0.620093 7.364072  0.282644 0.282654 0.916635  0.158732 0.970319 0
0  0.810188 0.335593 7.364072  0.369299 0.152970 0.916634  0.134772 0.968776 0
0  0.830739 0.344105 7.343749  0.792004 0.328059 0.514885  0.134865 0.966662 0
porchlight_metal
0  0.635820 0.635822 7.343749  0.606170 0.606178 0.514885  0.158927 0.968222 0
0  0.830739 0.344105 7.343749  0.792004 0.328059 0.514885  0.134865 0.966662 0
0  0.845783 0.350337 7.288226  0.909024 0.376529 0.178611  0.135033 0.962626 0
porchlight_metal
0  0.647335 0.647336 7.288226  0.695735 0.695738 0.178611  0.159295 0.964217 0
0  0.845783 0.350337 7.288226  0.909024 0.376529 0.178611  0.135033 0.962626 0
0  0.851290 0.352618 7.212379  0.923176 0.382392 0.039012  0.135248 0.957444 0
porchlight_metal
0  0.335591 0.810190 7.364072  0.152974 0.369302 0.916632  0.182698 0.973263 0
0  0.620091 0.620093 7.364072  0.282644 0.282654 0.916635  0.158732 0.970319 0
0  0.635820 0.635822 7.343749  0.606170 0.606178 0.514885  0.158927 0.968222 0
porchlight_metal
0  0.344103 0.830741 7.343749  0.328061 0.792004 0.514884  0.183062 0.971150 0
0  0.635820 0.635822 7.343749  0.606170 0.606178 0.514885  0.158927 0.968222 0
0  0.647335 0.647336 7.288226  0.695735 0.695738 0.178611  0.159295 0.964217 0
porchlight_metal
0  0.350335 0.845785 7.288226  0.376530 0.909023 0.178611  0.183742 0.967107 0
0  0.647335 0.647336 7.288226  0.695735 0.695738 0.178611  0.159295 0.964217 0
0  0.651549 0.651551 7.212379  0.706567 0.706569 0.039012  0.159770 0.958967 0
porchlight_metal
0  0.000000 0.876943 7.364072  0.000001 0.399728 0.916634  0.206925 0.978909 0
0  0.335591 0.810190 7.364072  0.152974 0.369302 0.916632  0.182698 0.973263 0
0  0.344103 0.830741 7.343749  0.328061 0.792004 0.514884  0.183062 0.971150 0
porchlight_metal
0  0.000000 0.899187 7.343749  0.000001 0.857260 0.514884  0.207757 0.976798 0
0  0.344103 0.830741 7.343749  0.328061 0.792004 0.514884  0.183062 0.971150 0
0  0.350335 0.845785 7.288226  0.376530 0.909023 0.178611  0.183742 0.967107 0
porchlight_metal
0  0.000000 0.915471 7.288226  -0.000001 0.983920 0.178610  0.208944 0.972619 0
0  0.350335 0.845785 7.288226  0.376530 0.909023 0.178611  0.183742 0.967107 0
0  0.352616 0.851292 7.212379  0.382391 0.923177 0.039012  0.184588 0.961834 0
porchlight_metal
0  -0.335591 0.810190 7.364072  -0.152968 0.369304 0.916632  0.246976 0.972836 0
0  0.000000 0.876943 7.364072  0.000001 0.399728 0.916634  0.222128 0.978153 0
0  0.000000 0.899187 7.343749  0.000001 0.857260 0.514884  0.221319 0.975979 0
porchlight_metal
0  -0.344103 0.830741 7.343749  -0.328057 0.792007 0.514882  0.246635 0.970677 0
0  0.000000 0.899187 7.343749  0.000001 0.857260 0.514884  0.221319 0.975979 0
0  0.000000 0.915471 7.288226  -0.000001 0.983920 0.178610  0.220205 0.971684 0
porchlight_metal
0  -0.350335 0.845785 7.288226  -0.376530 0.909023 0.178610  0.245990 0.966586 0
0  0.000000 0.915471 7.288226  -0.000001 0.983920 0.178610  0.220205 0.971684 0
0  0.000000 0.921431 7.212379  -0.000000 0.999239 0.039012  0.219061 0.965959 0
porchlight_metal
0  -0.620091 0.620093 7.364072  -0.282664 0.282650 0.916630  0.271453 0.970120 0
0  -0.335591 0.810190 7.364072  -0.152968 0.369304 0.916632  0.246976 0.972836 0
0  -0.344103 0.830741 7.343749  -0.328057 0.792007 0.514882  0.246635 0.970677 0
porchlight_metal
0  -0.635820 0.635822 7.343749  -0.606177 0.606174 0.514881  0.271276 0.967969 0
0  -0.344103 0.830741 7.343749  -0.328057 0.792007 0.514882  0.246635 0.970677 0
0  -0.350335 0.845785 7.288226  -0.376530 0.909023 0.178610  0.245990 0.966586 0
porchlight_metal
0  -0.647335 0.647336 7.288226  -0.695736 0.695737 0.178612  0.270921 0.963881 0
0  -0.350335 0.845785 7.288226  -0.376530 0.909023 0.178610  0.245990 0.966586 0
0  -0.352616 0.851292 7.212379  -0.382393 0.923176 0.039012  0.245191 0.961173 0
porchlight_metal
0  -0.810188 0.335593 7.364072  -0.369292 0.152971 0.916637  0.295710 0.968684 0
0  -0.620091 0.620093 7.364072  -0.282664 0.282650 0.916630  0.271453 0.970120 0
0  -0.635820 0.635822 7.343749  -0.606177 0.606174 0.514881  0.271276 0.967969 0
porchlight_metal
0  -0.830739 0.344105 7.343749  -0.792001 0.328061 0.514888  0.295637 0.966553 0
0  -0.635820 0.635822 7.343749  -0.606177 0.606174 0.514881  0.271276 0.967969 0
0  -0.647335 0.647336 7.288226  -0.695736 0.695737 0.178612  0.270921 0.963881 0
porchlight_metal
0  -0.845783 0.350337 7.288226  -0.909023 0.376531 0.178611  0.295480 0.962511 0
0  -0.647335 0.647336 7.288226  -0.695736 0.695737 0.178612  0.270921 0.963881 0
0  -0.651549 0.651551 7.212379  -0.706569 0.706568 0.039012  0.270496 0.958588 0
porchlight_metal
0  -0.876941 0.000002 7.364072  -0.399731 -0.000000 0.916633  0.319845 0.968323 0
0  -0.810188 0.335593 7.364072  -0.369292 0.152971 0.916637  0.295710 0.968684 0
0  -0.830739 0.344105 7.343749  -0.792001 0.328061 0.514888  0.295637 0.966553 0
porchlight_metal
0  -0.899186 0.000002 7.343749  -0.857261 -0.000001 0.514881  0.319855 0.966200 0
0  -0.830739 0.344105 7.343749  -0.792001 0.328061 0.514888  0.295637 0.966553 0
0  -0.845783 0.350337 7.288226  -0.909023 0.376531 0.178611  0.295480 0.962511 0
porchlight_metal
0  -0.915469 0.000002 7.288226  -0.983920 -0.000001 0.178609  0.319852 0.962169 0
0  -0.845783 0.350337 7.288226  -0.909023 0.376531 0.178611  0.295480 0.962511 0
0  -0.851290 0.352618 7.212379  -0.923176 0.382394 0.039012  0.295298 0.957250 0
porchlight_metal
0  -0.810188 -0.335589 7.364072  -0.369295 -0.152972 0.916636  0.343877 0.968776 0
0  -0.876941 0.000002 7.364072  -0.399731 -0.000000 0.916633  0.319845 0.968323 0
0  -0.899186 0.000002 7.343749  -0.857261 -0.000001 0.514881  0.319855 0.966200 0
porchlight_metal
0  -0.830739 -0.344102 7.343749  -0.791997 -0.328064 0.514892  0.343970 0.966661 0
0  -0.899186 0.000002 7.343749  -0.857261 -0.000001 0.514881  0.319855 0.966200 0
0  -0.915469 0.000002 7.288226  -0.983920 -0.000001 0.178609  0.319852 0.962169 0
porchlight_metal
0  -0.845783 -0.350333 7.288226  -0.909023 -0.376530 0.178612  0.344138 0.962625 0
0  -0.915469 0.000002 7.288226  -0.983920 -0.000001 0.178609  0.319852 0.962169 0
0  -0.921430 0.000002 7.212379  -0.999239 0.000000 0.039012  0.319880 0.956952 0
porchlight_metal
0  -0.620091 -0.620089 7.364072  -0.282654 -0.282652 0.916632  0.367836 0.970318 0
0  -0.810188 -0.335589 7.364072  -0.369295 -0.152972 0.916636  0.343877 0.968776 0
0  -0.830739 -0.344102 7.343749  -0.791997 -0.328064 0.514892  0.343970 0.966661 0
porchlight_metal
0  -0.635820 -0.635818 7.343749  -0.606174 -0.606175 0.514885  0.368032 0.968221 0
0  -0.830739 -0.344102 7.343749  -0.791997 -0.328064 0.514892  0.343970 0.966661 0
0  -0.845783 -0.350333 7.288226  -0.909023 -0.376530 0.178612  0.344138 0.962625 0
porchlight_metal
0  -0.647335 -0.647333 7.288226  -0.695736 -0.695737 0.178611  0.368400 0.964216 0
0  -0.845783 -0.350333 7.288226  -0.909023 -0.376530 0.178612  0.344138 0.962625 0
0  -0.851290 -0.352614 7.212379  -0.923177 -0.382391 0.039012  0.344353 0.957443 0
porchlight_metal
0  -0.335591 -0.810186 7.364072  -0.152972 -0.369302 0.916633  0.391803 0.973262 0
0  -0.620091 -0.620089 7.364072  -0.282654 -0.282652 0.916632  0.367836 0.970318 0
0  -0.635820 -0.635818 7.343749  -0.606174 -0.606175 0.514885  0.368032 0.968221 0
porchlight_metal
0  -0.344103 -0.830737 7.343749  -0.328060 -0.792005 0.514883  0.392167 0.971149 0
0  -0.635820 -0.635818 7.343749  -0.606174 -0.606175 0.514885  0.368032 0.968221 0
0  -0.647335 -0.647333 7.288226  -0.695736 -0.695737 0.178611  0.368400 0.964216 0
porchlight_metal
0  -0.350335 -0.845782 7.288226  -0.376530 -0.909023 0.178611  0.392847 0.967106 0
0  -0.647335 -0.647333 7.288226  -0.695736 -0.695737 0.178611  0.368400 0.964216 0
0  -0.651549 -0.651547 7.212379  -0.706568 -0.706569 0.039012  0.368875 0.958966 0
porchlight_metal
0  -0.000000 -0.876939 7.364072  0.000002 -0.399729 0.916633  0.416030 0.978907 0
0  -0.335591 -0.810186 7.364072  -0.152972 -0.369302 0.916633  0.391803 0.973262 0
0  -0.344103 -0.830737 7.343749  -0.328060 -0.792005 0.514883  0.392167 0.971149 0
porchlight_metal
0  -0.000000 -0.899184 7.343749  0.000002 -0.857260 0.514883  0.416862 0.976797 0
0  -0.344103 -0.830737 7.343749  -0.328060 -0.792005 0.514883  0.392167 0.971149 0
0  -0.350335 -0.845782 7.288226  -0.376530 -0.909023 0.178611  0.392847 0.967106 0
porchlight_metal
0  -0.000000 -0.915468 7.288226  0.000001 -0.983920 0.178610  0.418049 0.972618 0
0  -0.350335 -0.845782 7.288226  -0.376530 -0.909023 0.178611  0.392847 0.967106 0
0  -0.352616 -0.851288 7.212379  -0.382392 -0.923176 0.039013  0.393693 0.961832 0
porchlight_metal
0  0.335591 -0.810186 7.364072  0.152971 -0.369302 0.916633  0.037871 0.972837 0
0  -0.000000 -0.876939 7.364072  0.000002 -0.399729 0.916633  0.013023 0.978154 0
0  -0.000000 -0.899184 7.343749  0.000002 -0.857260 0.514883  0.012214 0.975980 0
porchlight_metal
0  0.344103 -0.830737 7.343749  0.328061 -0.792006 0.514882  0.037530 0.970678 0
0  -0.000000 -0.899184 7.343749  0.000002 -0.857260 0.514883  0.012214 0.975980 0
0  -0.000000 -0.915468 7.288226  0.000001 -0.983920 0.178610  0.011100 0.971685 0
porchlight_metal
0  0.350335 -0.845782 7.288226  0.376531 -0.909023 0.178610  0.036885 0.966587 0
0  -0.000000 -0.915468 7.288226  0.000001 -0.983920 0.178610  0.011100 0.971685 0
0  -0.000000 -0.921428 7.212379  0.000001 -0.999239 0.039013  0.009956 0.965960 0
porchlight_metal
0  0.620091 -0.620089 7.364072  0.282651 -0.282652 0.916633  0.062348 0.970121 0
0  0.335591 -0.810186 7.364072  0.152971 -0.369302 0.916633  0.037871 0.972837 0
0  0.344103 -0.830737 7.343749  0.328061 -0.792006 0.514882  0.037530 0.970678 0
porchlight_metal
0  0.635820 -0.635818 7.343749  0.606170 -0.606176 0.514886  0.062171 0.967970 0
0  0.344103 -0.830737 7.343749  0.328061 -0.792006 0.514882  0.037530 0.970678 0
0  0.350335 -0.845782 7.288226  0.376531 -0.909023 0.178610  0.036885 0.966587 0
porchlight_metal
0  0.647335 -0.647333 7.288226  0.695734 -0.695738 0.178613  0.061816 0.963882 0
0  0.350335 -0.845782 7.288226  0.376531 -0.909023 0.178610  0.036885 0.966587 0
0  0.352616 -0.851288 7.212379  0.382392 -0.923176 0.039012  0.036086 0.961174 0
porchlight_metal
0  0.810188 -0.335589 7.364072  0.369301 -0.152970 0.916633  0.086605 0.968685 0
0  0.620091 -0.620089 7.364072  0.282651 -0.282652 0.916633  0.062348 0.970121 0
0  0.635820 -0.635818 7.343749  0.606170 -0.606176 0.514886  0.062171 0.967970 0
porchlight_metal
0  0.830739 -0.344102 7.343749  0.792002 -0.328060 0.514888  0.086532 0.966554 0
0  0.635820 -0.635818 7.343749  0.606170 -0.606176 0.514886  0.062171 0.967970 0
0  0.647335 -0.647333 7.288226  0.695734 -0.695738 0.178613  0.061816 0.963882 0
porchlight_metal
0  0.845783 -0.350333 7.288226  0.909023 -0.376530 0.178611  0.086375 0.962512 0
0  0.647335 -0.647333 7.288226  0.695734 -0.695738 0.178613  0.061816 0.963882 0
0  0.651549 -0.651547 7.212379  0.706568 -0.706569 0.039012  0.061391 0.958589 0
porchlight_metal
0  0.876941 0.000002 7.364072  0.399732 0.000002 0.916632  0.110741 0.968324 0
0  0.810188 -0.335589 7.364072  0.369301 -0.152970 0.916633  0.086605 0.968685 0
0  0.830739 -0.344102 7.343749  0.792002 -0.328060 0.514888  0.086532 0.966554 0
porchlight_metal
0  0.899186 0.000002 7.343749  0.857263 0.000001 0.514879  0.110750 0.966200 0
0  0.830739 -0.344102 7.343749  0.792002 -0.328060 0.514888  0.086532 0.966554 0
0  0.845783 -0.350333 7.288226  0.909023 -0.376530 0.178611  0.086375 0.962512 0
porchlight_metal
0  0.915469 0.000002 7.288226  0.983920 -0.000001 0.178610  0.110747 0.962170 0
0  0.845783 -0.350333 7.288226  0.909023 -0.376530 0.178611  0.086375 0.962512 0
0  0.851290 -0.352614 7.212379  0.923176 -0.382393 0.039012  0.086193 0.957250 0
porchlight_metal
0  0.876941 0.000002 7.364072  0.399732 0.000002 0.916632  0.110741 0.968324 0
0  0.810188 0.335593 7.364072  0.369299 0.152970 0.916634  0.134772 0.968776 0
0  0.763635 0.316310 7.364072  0.607118 0.251477 0.753768  0.134618 0.972427 0
porchlight_coiloff
0  -0.637943 0.000892 9.128167  0.000000 1.000000 -0.000000  0.290099 0.000000 0
0  -0.818545 0.000893 11.192455  0.000000 1.000000 -0.000000  0.290099 1.000000 0
0  -0.668550 0.000893 11.205579  0.000000 1.000000 -0.000000  0.709901 1.000000 0
porchlight_coiloff
0  -0.487948 0.000892 9.141290  0.996195 0.000000 0.087156  0.507298 0.000000 0
0  -0.668550 0.000893 11.205579  0.996195 0.000000 0.087156  0.507298 1.000000 0
0  -0.668550 -0.000888 11.205579  0.996195 0.000000 0.087156  0.492702 1.000000 0
porchlight_coiloff
0  -0.487948 -0.000888 9.141290  -0.000000 -1.000000 0.000000  0.709901 0.000000 0
0  -0.668550 -0.000888 11.205579  -0.000000 -1.000000 0.000000  0.709901 1.000000 0
0  -0.818545 -0.000888 11.192455  -0.000000 -1.000000 0.000000  0.290099 1.000000 0
porchlight_coiloff
0  -0.637943 -0.000888 9.128167  -0.996195 0.000000 -0.087156  0.492702 0.000000 0
0  -0.818545 -0.000888 11.192455  -0.996195 0.000000 -0.087156  0.492702 1.000000 0
0  -0.818545 0.000893 11.192455  -0.996195 0.000000 -0.087156  0.507298 1.000000 0
porchlight_coiloff
0  -0.487948 0.000892 9.141290  0.087163 0.000000 -0.996194  0.590827 0.507298 0
0  -0.487948 -0.000888 9.141290  0.087163 0.000000 -0.996194  0.590827 0.492702 0
0  -0.637943 -0.000888 9.128167  0.087142 0.000000 -0.996196  0.409173 0.492702 0
porchlight_coiloff
0  -0.668550 -0.000888 11.205579  -0.087172 0.000000 0.996193  0.590827 0.492702 0
0  -0.668550 0.000893 11.205579  -0.087172 0.000000 0.996193  0.590827 0.507298 0
0  -0.818545 0.000893 11.192455  -0.087155 0.000000 0.996195  0.409173 0.507298 0
porchlight_coiloff
0  -0.556601 0.000892 9.141290  -0.000000 1.000000 -0.000000  0.290099 0.000000 0
0  -0.375999 0.000893 11.205579  -0.000000 1.000000 -0.000000  0.290099 1.000000 0
0  -0.226004 0.000893 11.192455  -0.000000 1.000000 -0.000000  0.709901 1.000000 0
porchlight_coiloff
0  -0.406606 0.000892 9.128167  0.996195 0.000000 -0.087156  0.507298 0.000000 0
0  -0.226004 0.000893 11.192455  0.996195 0.000000 -0.087156  0.507298 1.000000 0
0  -0.226004 -0.000888 11.192455  0.996195 0.000000 -0.087156  0.492702 1.000000 0
porchlight_coiloff
0  -0.406606 -0.000888 9.128167  0.000000 -1.000000 0.000000  0.709901 0.000000 0
0  -0.226004 -0.000888 11.192455  0.000000 -1.000000 0.000000  0.709901 1.000000 0
0  -0.375999 -0.000888 11.205579  0.000000 -1.000000 0.000000  0.290099 1.000000 0
porchlight_coiloff
0  -0.556601 -0.000888 9.141290  -0.996195 0.000000 0.087156  0.492702 0.000000 0
0  -0.375999 -0.000888 11.205579  -0.996195 0.000000 0.087156  0.492702 1.000000 0
0  -0.375999 0.000893 11.205579  -0.996195 0.000000 0.087156  0.507298 1.000000 0
porchlight_coiloff
0  -0.406606 0.000892 9.128167  -0.087165 0.000000 -0.996194  0.590827 0.507298 0
0  -0.406606 -0.000888 9.128167  -0.087165 0.000000 -0.996194  0.590827 0.492702 0
0  -0.556601 -0.000888 9.141290  -0.087155 0.000000 -0.996195  0.409173 0.492702 0
porchlight_coiloff
0  -0.226004 -0.000888 11.192455  0.087168 0.000000 0.996194  0.590827 0.492702 0
0  -0.226004 0.000893 11.192455  0.087168 0.000000 0.996194  0.590827 0.507298 0
0  -0.375999 0.000893 11.205579  0.087169 0.000000 0.996194  0.409173 0.507298 0
porchlight_coiloff
0  -0.116125 0.000892 9.128167  0.000000 1.000000 -0.000000  0.290099 0.000000 0
0  -0.296727 0.000893 11.192455  0.000000 1.000000 -0.000000  0.290099 1.000000 0
0  -0.146733 0.000893 11.205579  0.000000 1.000000 -0.000000  0.709901 1.000000 0
porchlight_coiloff
0  0.033869 0.000892 9.141290  0.996195 0.000000 0.087156  0.507298 0.000000 0
0  -0.146733 0.000893 11.205579  0.996195 0.000000 0.087156  0.507298 1.000000 0
0  -0.146733 -0.000888 11.205579  0.996195 0.000000 0.087156  0.492702 1.000000 0
porchlight_coiloff
0  0.033869 -0.000888 9.141290  -0.000000 -1.000000 0.000000  0.709901 0.000000 0
0  -0.146733 -0.000888 11.205579  -0.000000 -1.000000 0.000000  0.709901 1.000000 0
0  -0.296727 -0.000888 11.192455  -0.000000 -1.000000 0.000000  0.290099 1.000000 0
porchlight_coiloff
0  -0.116125 -0.000888 9.128167  -0.996195 0.000000 -0.087156  0.492702 0.000000 0
0  -0.296727 -0.000888 11.192455  -0.996195 0.000000 -0.087156  0.492702 1.000000 0
0  -0.296727 0.000893 11.192455  -0.996195 0.000000 -0.087156  0.507298 1.000000 0
porchlight_coiloff
0  0.033869 0.000892 9.141290  0.087163 0.000000 -0.996194  0.590827 0.507298 0
0  0.033869 -0.000888 9.141290  0.087163 0.000000 -0.996194  0.590827 0.492702 0
0  -0.116125 -0.000888 9.128167  0.087142 0.000000 -0.996196  0.409173 0.492702 0
porchlight_coiloff
0  -0.146733 -0.000888 11.205579  -0.087172 0.000000 0.996193  0.590827 0.492702 0
0  -0.146733 0.000893 11.205579  -0.087172 0.000000 0.996193  0.590827 0.507298 0
0  -0.296727 0.000893 11.192455  -0.087155 0.000000 0.996195  0.409173 0.507298 0
porchlight_coiloff
0  -0.034783 0.000892 9.141290  -0.000000 1.000000 -0.000000  0.290099 0.000000 0
0  0.145819 0.000893 11.205579  -0.000000 1.000000 -0.000000  0.290099 1.000000 0
0  0.295814 0.000893 11.192455  -0.000000 1.000000 -0.000000  0.709901 1.000000 0
porchlight_coiloff
0  0.115212 0.000892 9.128167  0.996195 0.000000 -0.087156  0.507298 0.000000 0
0  0.295814 0.000893 11.192455  0.996195 0.000000 -0.087156  0.507298 1.000000 0
0  0.295814 -0.000888 11.192455  0.996195 0.000000 -0.087156  0.492702 1.000000 0
porchlight_coiloff
0  0.115212 -0.000888 9.128167  0.000000 -1.000000 0.000000  0.709901 0.000000 0
0  0.295814 -0.000888 11.192455  0.000000 -1.000000 0.000000  0.709901 1.000000 0
0  0.145819 -0.000888 11.205579  0.000000 -1.000000 0.000000  0.290099 1.000000 0
porchlight_coiloff
0  -0.034783 -0.000888 9.141290  -0.996195 0.000000 0.087156  0.492702 0.000000 0
0  0.145819 -0.000888 11.205579  -0.996195 0.000000 0.087156  0.492702 1.000000 0
0  0.145819 0.000893 11.205579  -0.996195 0.000000 0.087156  0.507298 1.000000 0
porchlight_coiloff
0  0.115212 0.000892 9.128167  -0.087165 0.000000 -0.996194  0.590827 0.507298 0
0  0.115212 -0.000888 9.128167  -0.087165 0.000000 -0.996194  0.590827 0.492702 0
0  -0.034783 -0.000888 9.141290  -0.087155 0.000000 -0.996195  0.409173 0.492702 0
porchlight_coiloff
0  0.295814 -0.000888 11.192455  0.087168 0.000000 0.996194  0.590827 0.492702 0
0  0.295814 0.000893 11.192455  0.087168 0.000000 0.996194  0.590827 0.507298 0
0  0.145819 0.000893 11.205579  0.087169 0.000000 0.996194  0.409173 0.507298 0
porchlight_coiloff
0  0.412057 0.000892 9.128167  0.000000 1.000000 -0.000000  0.290099 0.000000 0
0  0.231455 0.000893 11.192455  0.000000 1.000000 -0.000000  0.290099 1.000000 0
0  0.381450 0.000893 11.205579  0.000000 1.000000 -0.000000  0.709901 1.000000 0
porchlight_coiloff
0  0.562052 0.000892 9.141290  0.996195 0.000000 0.087156  0.507298 0.000000 0
0  0.381450 0.000893 11.205579  0.996195 0.000000 0.087156  0.507298 1.000000 0
0  0.381450 -0.000888 11.205579  0.996195 0.000000 0.087156  0.492702 1.000000 0
porchlight_coiloff
0  0.562052 -0.000888 9.141290  -0.000000 -1.000000 0.000000  0.709901 0.000000 0
0  0.381450 -0.000888 11.205579  -0.000000 -1.000000 0.000000  0.709901 1.000000 0
0  0.231455 -0.000888 11.192455  -0.000000 -1.000000 0.000000  0.290099 1.000000 0
porchlight_coiloff
0  0.412057 -0.000888 9.128167  -0.996195 0.000000 -0.087156  0.492702 0.000000 0
0  0.231455 -0.000888 11.192455  -0.996195 0.000000 -0.087156  0.492702 1.000000 0
0  0.231455 0.000893 11.192455  -0.996195 0.000000 -0.087156  0.507298 1.000000 0
porchlight_coiloff
0  0.562052 0.000892 9.141290  0.087163 0.000000 -0.996194  0.590827 0.507298 0
0  0.562052 -0.000888 9.141290  0.087163 0.000000 -0.996194  0.590827 0.492702 0
0  0.412057 -0.000888 9.128167  0.087142 0.000000 -0.996196  0.409173 0.492702 0
porchlight_coiloff
0  0.381450 -0.000888 11.205579  -0.087172 0.000000 0.996193  0.590827 0.492702 0
0  0.381450 0.000893 11.205579  -0.087172 0.000000 0.996193  0.590827 0.507298 0
0  0.231455 0.000893 11.192455  -0.087155 0.000000 0.996195  0.409173 0.507298 0
porchlight_coiloff
0  0.493399 0.000892 9.141290  -0.000000 1.000000 -0.000000  0.290099 0.000000 0
0  0.674001 0.000893 11.205579  -0.000000 1.000000 -0.000000  0.290099 1.000000 0
0  0.823996 0.000893 11.192455  -0.000000 1.000000 -0.000000  0.709901 1.000000 0
porchlight_coiloff
0  0.643394 0.000892 9.128167  0.996195 0.000000 -0.087156  0.507298 0.000000 0
0  0.823996 0.000893 11.192455  0.996195 0.000000 -0.087156  0.507298 1.000000 0
0  0.823996 -0.000888 11.192455  0.996195 0.000000 -0.087156  0.492702 1.000000 0
porchlight_coiloff
0  0.643394 -0.000888 9.128167  0.000000 -1.000000 0.000000  0.709901 0.000000 0
0  0.823996 -0.000888 11.192455  0.000000 -1.000000 0.000000  0.709901 1.000000 0
0  0.674001 -0.000888 11.205579  0.000000 -1.000000 0.000000  0.290099 1.000000 0
porchlight_coiloff
0  0.493399 -0.000888 9.141290  -0.996195 0.000000 0.087156  0.492702 0.000000 0
0  0.674001 -0.000888 11.205579  -0.996195 0.000000 0.087156  0.492702 1.000000 0
0  0.674001 0.000893 11.205579  -0.996195 0.000000 0.087156  0.507298 1.000000 0
porchlight_coiloff
0  0.643394 0.000892 9.128167  -0.087165 0.000000 -0.996194  0.590827 0.507298 0
0  0.643394 -0.000888 9.128167  -0.087165 0.000000 -0.996194  0.590827 0.492702 0
0  0.493399 -0.000888 9.141290  -0.087155 0.000000 -0.996195  0.409173 0.492702 0
porchlight_coiloff
0  0.823996 -0.000888 11.192455  0.087168 0.000000 0.996194  0.590827 0.492702 0
0  0.823996 0.000893 11.192455  0.087168 0.000000 0.996194  0.590827 0.507298 0
0  0.674001 0.000893 11.205579  0.087169 0.000000 0.996194  0.409173 0.507298 0
porchlight_metal
0  0.947368 0.050841 9.142564  -1.000000 0.000000 0.000000  0.862500 0.350391 0
0  0.947368 0.050841 9.088657  -1.000000 0.000000 0.000000  0.887500 0.350391 0
0  0.947368 -0.052618 9.088657  -1.000000 0.000000 0.000000  0.887500 0.375391 0
porchlight_metal
0  0.947368 -0.052619 9.142564  0.000000 1.000000 0.000003  0.862500 0.375391 0
0  0.947368 -0.052618 9.088657  0.000000 1.000000 0.000003  0.887500 0.375391 0
0  -0.948284 -0.052618 9.088657  0.000000 1.000000 0.000002  0.887500 0.400391 0
porchlight_metal
0  -0.948284 -0.052619 9.142564  1.000000 0.000000 0.000000  0.862500 0.400391 0
0  -0.948284 -0.052618 9.088657  1.000000 0.000000 0.000000  0.887500 0.400391 0
0  -0.948284 0.050841 9.088657  1.000000 0.000000 0.000000  0.887500 0.425391 0
porchlight_metal
0  -0.948284 0.050841 9.142564  0.000000 -1.000000 0.000000  0.862500 0.425391 0
0  -0.948284 0.050841 9.088657  0.000000 -1.000000 0.000000  0.887500 0.425391 0
0  0.947368 0.050841 9.088657  0.000000 -1.000000 0.000000  0.887500 0.450391 0
porchlight_metal
0  0.947368 -0.052619 9.142564  0.000000 0.000000 -1.000000  0.837500 0.400391 0
0  -0.948284 -0.052619 9.142564  0.000000 0.000000 -1.000000  0.862500 0.400391 0
0  -0.948284 0.050841 9.142564  0.000000 0.000000 -1.000000  0.862500 0.425391 0
porchlight_metal
0  -0.948284 -0.052618 9.088657  0.000000 0.000000 1.000000  0.887500 0.400391 0
0  0.947368 -0.052618 9.088657  0.000000 0.000000 1.000000  0.912500 0.400391 0
0  0.947368 0.050841 9.088657  0.000000 0.000000 1.000000  0.912500 0.425391 0
porchlight_metal
0  0.947368 0.066606 11.369819  -1.000000 0.000000 0.000000  0.862500 0.350391 0
0  0.947368 0.066606 11.191925  -1.000000 0.000000 0.000000  0.887500 0.350391 0
0  0.947368 -0.068383 11.191925  -1.000000 0.000000 0.000000  0.887500 0.375391 0
porchlight_metal
0  0.947368 -0.068384 11.369819  0.000000 1.000000 0.000001  0.862500 0.375391 0
0  0.947368 -0.068383 11.191925  0.000000 1.000000 0.000001  0.887500 0.375391 0
0  -0.948284 -0.068383 11.191925  0.000000 1.000000 0.000001  0.887500 0.400391 0
porchlight_metal
0  -0.948284 -0.068384 11.369819  1.000000 0.000000 0.000000  0.862500 0.400391 0
0  -0.948284 -0.068383 11.191925  1.000000 0.000000 0.000000  0.887500 0.400391 0
0  -0.948284 0.066606 11.191925  1.000000 0.000000 0.000000  0.887500 0.425391 0
porchlight_metal
0  -0.948284 0.066606 11.369819  0.000000 -1.000000 0.000000  0.862500 0.425391 0
0  -0.948284 0.066606 11.191925  0.000000 -1.000000 0.000000  0.887500 0.425391 0
0  0.947368 0.066606 11.191925  0.000000 -1.000000 0.000000  0.887500 0.450391 0
porchlight_metal
0  0.947368 -0.068384 11.369819  0.000000 0.000000 -1.000000  0.837500 0.400391 0
0  -0.948284 -0.068384 11.369819  0.000000 0.000000 -1.000000  0.862500 0.400391 0
0  -0.948284 0.066606 11.369819  0.000000 0.000000 -1.000000  0.862500 0.425391 0
porchlight_metal
0  -0.948284 -0.068383 11.191925  0.000000 0.000000 1.000000  0.887500 0.400391 0
0  0.947368 -0.068383 11.191925  0.000000 0.000000 1.000000  0.912500 0.400391 0
0  0.947368 0.066606 11.191925  0.000000 0.000000 1.000000  0.912500 0.425391 0
porchlight_metal
0  -0.915086 0.024976 11.222109  0.000000 1.000000 -0.000000  0.862500 0.425391 0
0  -0.861179 0.024976 11.222109  0.000000 1.000000 -0.000000  0.887500 0.425391 0
0  -0.861179 0.024976 9.138983  0.000000 1.000000 -0.000000  0.887500 0.450391 0
porchlight_metal
0  0.914170 -0.026754 9.138983  0.000001 1.000000 -0.000000  0.862500 0.375391 0
0  0.860263 -0.026754 9.138983  0.000001 1.000000 -0.000000  0.887500 0.375391 0
0  0.860263 -0.026754 11.222109  0.000001 1.000000 -0.000000  0.887500 0.400391 0
porchlight_metal
0  -0.915086 -0.026754 9.138983  0.000001 -1.000000 0.000000  0.862500 0.375391 0
0  -0.861179 -0.026754 9.138983  0.000001 -1.000000 0.000000  0.887500 0.375391 0
0  -0.861179 -0.026754 11.222109  0.000001 -1.000000 0.000000  0.887500 0.400391 0
porchlight_metal
0  0.914170 0.024976 11.222109  0.000000 -1.000000 0.000000  0.862500 0.425391 0
0  0.860263 0.024976 11.222109  0.000000 -1.000000 0.000000  0.887500 0.425391 0
0  0.860263 0.024976 9.138983  0.000000 -1.000000 0.000000  0.887500 0.450391 0
porchlight_metal
0  0.914170 -0.026754 9.138983  -1.000000 0.000000 -0.000000  0.837500 0.400391 0
0  0.914170 -0.026754 11.222109  -1.000000 0.000000 -0.000000  0.862500 0.400391 0
0  0.914170 0.024976 11.222109  -1.000000 0.000000 -0.000000  0.862500 0.425391 0
porchlight_metal
0  0.860263 -0.026754 11.222109  1.000000 0.000000 0.000000  0.887500 0.400391 0
0  0.860263 -0.026754 9.138983  1.000000 0.000000 0.000000  0.912500 0.400391 0
0  0.860263 0.024976 9.138983  1.000000 0.000000 0.000000  0.912500 0.425391 0
porchlight_metal
0  -0.915086 -0.026754 9.138983  -1.000000 0.000000 0.000000  0.837500 0.400391 0
0  -0.915086 -0.026754 11.222109  -1.000000 0.000007 0.000000  0.862500 0.400391 0
0  -0.915086 0.024976 11.222109  -1.000000 0.000007 0.000000  0.862500 0.425391 0
porchlight_metal
0  -0.861179 -0.026754 11.222109  1.000000 -0.000000 -0.000000  0.887500 0.400391 0
0  -0.861179 -0.026754 9.138983  1.000000 -0.000004 -0.000000  0.912500 0.400391 0
0  -0.861179 0.024976 9.138983  1.000000 -0.000004 -0.000000  0.912500 0.425391 0
porchlight_metal
0  0.480144 -0.026754 7.038983  0.000001 1.000000 -0.000000  0.862500 0.375391 0
0  0.426237 -0.026754 7.038983  0.000001 1.000000 -0.000000  0.887500 0.375391 0
0  0.426237 -0.026754 9.122108  0.000001 1.000000 -0.000000  0.887500 0.400391 0
porchlight_metal
0  0.480144 0.024976 9.122108  0.000000 -1.000000 0.000000  0.862500 0.425391 0
0  0.426237 0.024976 9.122108  0.000000 -1.000000 0.000000  0.887500 0.425391 0
0  0.426237 0.024976 7.038983  0.000000 -1.000000 0.000000  0.887500 0.450391 0
porchlight_metal
0  0.480144 -0.026754 7.038983  -1.000000 -0.000002 -0.000000  0.837500 0.400391 0
0  0.480144 -0.026754 9.122108  -1.000000 -0.000002 -0.000000  0.862500 0.400391 0
0  0.480144 0.024976 9.122108  -1.000000 -0.000002 -0.000000  0.862500 0.425391 0
porchlight_metal
0  0.426237 -0.026754 9.122108  1.000000 0.000002 0.000000  0.887500 0.400391 0
0  0.426237 -0.026754 7.038983  1.000000 0.000002 0.000000  0.912500 0.400391 0
0  0.426237 0.024976 7.038983  1.000000 0.000002 0.000000  0.912500 0.425391 0
porchlight_metal
0  -0.419856 -0.026754 7.038983  0.000001 1.000000 -0.000000  0.862500 0.375391 0
0  -0.473763 -0.026754 7.038983  0.000001 1.000000 -0.000000  0.887500 0.375391 0
0  -0.473763 -0.026754 9.122108  0.000001 1.000000 -0.000000  0.887500 0.400391 0
porchlight_metal
0  -0.419856 0.024976 9.122108  0.000000 -1.000000 0.000000  0.862500 0.425391 0
0  -0.473764 0.024976 9.122108  0.000000 -1.000000 0.000000  0.887500 0.425391 0
0  -0.473763 0.024976 7.038983  0.000000 -1.000000 0.000000  0.887500 0.450391 0
porchlight_metal
0  -0.419856 -0.026754 7.038983  -1.000000 -0.000000 -0.000000  0.837500 0.400391 0
0  -0.419856 -0.026754 9.122108  -1.000000 -0.000002 -0.000000  0.862500 0.400391 0
0  -0.419856 0.024976 9.122108  -1.000000 -0.000002 -0.000000  0.862500 0.425391 0
porchlight_metal
0  -0.473763 -0.026754 9.122108  1.000000 0.000003 0.000000  0.887500 0.400391 0
0  -0.473763 -0.026754 7.038983  1.000000 0.000002 0.000000  0.912500 0.400391 0
0  -0.473763 0.024976 7.038983  1.000000 0.000002 0.000000  0.912500 0.425391 0
porchlight_metal
0  0.854542 0.062036 11.338012  -0.000001 1.000000 -0.000000  0.686573 0.509422 0
0  0.854542 0.062036 11.564540  0.000001 1.000000 -0.000000  0.686573 0.559422 0
0  0.899036 0.043606 11.564540  0.707108 0.707105 -0.000000  0.674073 0.559422 0
porchlight_metal
0  0.899036 0.043606 11.338012  0.707107 0.707107 -0.000000  0.674073 0.509422 0
0  0.899036 0.043606 11.564540  0.707108 0.707105 -0.000000  0.674073 0.559422 0
0  0.917467 -0.000889 11.564540  1.000000 -0.000002 -0.000000  0.661573 0.559422 0
porchlight_metal
0  0.917467 -0.000889 11.338012  1.000000 0.000003 0.000000  0.661573 0.509422 0
0  0.917467 -0.000889 11.564540  1.000000 -0.000002 -0.000000  0.661573 0.559422 0
0  0.899036 -0.045383 11.564540  0.707108 -0.707106 0.000000  0.649073 0.559422 0
porchlight_metal
0  0.899036 -0.045383 11.338012  0.707109 -0.707105 0.000000  0.649073 0.509422 0
0  0.899036 -0.045383 11.564540  0.707108 -0.707106 0.000000  0.649073 0.559422 0
0  0.854542 -0.063814 11.564540  -0.000001 -1.000000 0.000000  0.636573 0.559422 0
porchlight_metal
0  0.854542 -0.063814 11.338012  -0.000001 -1.000000 0.000000  0.636573 0.509422 0
0  0.854542 -0.063814 11.564540  -0.000001 -1.000000 0.000000  0.636573 0.559422 0
0  0.810047 -0.045383 11.564540  -0.707109 -0.707105 0.000000  0.624073 0.559422 0
porchlight_metal
0  0.810047 -0.045383 11.338012  -0.707106 -0.707108 0.000000  0.624073 0.509422 0
0  0.810047 -0.045383 11.564540  -0.707109 -0.707105 0.000000  0.624073 0.559422 0
0  0.791617 -0.000889 11.564540  -1.000000 0.000003 -0.000000  0.611573 0.559422 0
porchlight_metal
0  0.917467 -0.000889 11.564540  -0.000006 0.000000 1.000000  0.635573 0.484422 0
0  0.899036 0.043606 11.564540  -0.000036 0.000000 1.000000  0.628544 0.501392 0
0  0.854542 0.062036 11.564540  -0.000006 0.000000 1.000000  0.611573 0.508422 0
porchlight_metal
0  0.854542 0.062036 11.564540  -0.000006 0.000000 1.000000  0.611573 0.508422 0
0  0.810047 0.043606 11.564540  0.000000 0.000000 1.000000  0.594603 0.501392 0
0  0.917467 -0.000889 11.564540  -0.000006 0.000000 1.000000  0.635573 0.484422 0
porchlight_metal
0  0.810047 0.043606 11.564540  0.000000 0.000000 1.000000  0.594603 0.501392 0
0  0.791617 -0.000889 11.564540  0.000000 0.000000 1.000000  0.587573 0.484422 0
0  0.917467 -0.000889 11.564540  -0.000006 0.000000 1.000000  0.635573 0.484422 0
porchlight_metal
0  0.791617 -0.000889 11.564540  0.000000 0.000000 1.000000  0.587573 0.484422 0
0  0.810047 -0.045383 11.564540  0.000000 0.000000 1.000000  0.594603 0.467451 0
0  0.917467 -0.000889 11.564540  -0.000006 0.000000 1.000000  0.635573 0.484422 0
porchlight_metal
0  0.810047 -0.045383 11.564540  0.000000 0.000000 1.000000  0.594603 0.467451 0
0  0.854542 -0.063814 11.564540  0.000000 0.000000 1.000000  0.611573 0.460422 0
0  0.917467 -0.000889 11.564540  -0.000006 0.000000 1.000000  0.635573 0.484422 0
porchlight_metal
0  0.791617 -0.000889 11.338012  -1.000000 -0.000002 0.000000  0.611573 0.509422 0
0  0.791617 -0.000889 11.564540  -1.000000 0.000003 -0.000000  0.611573 0.559422 0
0  0.810047 0.043606 11.564540  -0.707105 0.707108 -0.000000  0.599073 0.559422 0
porchlight_metal
0  0.810047 0.043606 11.338012  -0.707107 0.707107 -0.000000  0.599073 0.509422 0
0  0.810047 0.043606 11.564540  -0.707105 0.707108 -0.000000  0.599073 0.559422 0
0  0.854542 0.062036 11.564540  0.000001 1.000000 -0.000000  0.586573 0.559422 0
porchlight_metal
0  -0.850985 0.062036 11.338012  -0.000001 1.000000 -0.000000  0.686573 0.509422 0
0  -0.850985 0.062036 11.564540  0.000000 1.000000 -0.000000  0.686573 0.559422 0
0  -0.806491 0.043606 11.564540  0.707106 0.707108 -0.000000  0.674073 0.559422 0
porchlight_metal
0  -0.806491 0.043606 11.338012  0.707107 0.707107 -0.000000  0.674073 0.509422 0
0  -0.806491 0.043606 11.564540  0.707106 0.707108 -0.000000  0.674073 0.559422 0
0  -0.788061 -0.000889 11.564540  1.000000 -0.000000 -0.000000  0.661573 0.559422 0
porchlight_metal
0  -0.788061 -0.000889 11.338012  1.000000 0.000000 0.000000  0.661573 0.509422 0
0  -0.788061 -0.000889 11.564540  1.000000 -0.000000 -0.000000  0.661573 0.559422 0
0  -0.806491 -0.045383 11.564540  0.707108 -0.707106 0.000000  0.649073 0.559422 0
porchlight_metal
0  -0.806491 -0.045383 11.338012  0.707107 -0.707107 0.000000  0.649073 0.509422 0
0  -0.806491 -0.045383 11.564540  0.707108 -0.707106 0.000000  0.649073 0.559422 0
0  -0.850985 -0.063814 11.564540  -0.000000 -1.000000 0.000000  0.636573 0.559422 0
porchlight_metal
0  -0.850985 -0.063814 11.338012  -0.000001 -1.000000 0.000000  0.636573 0.509422 0
0  -0.850985 -0.063814 11.564540  -0.000000 -1.000000 0.000000  0.636573 0.559422 0
0  -0.895480 -0.045383 11.564540  -0.707109 -0.707105 0.000000  0.624073 0.559422 0
porchlight_metal
0  -0.895480 -0.045383 11.338012  -0.707105 -0.707109 0.000000  0.624073 0.509422 0
0  -0.895480 -0.045383 11.564540  -0.707109 -0.707105 0.000000  0.624073 0.559422 0
0  -0.913910 -0.000889 11.564540  -1.000000 0.000004 -0.000000  0.611573 0.559422 0
porchlight_metal
0  -0.788061 -0.000889 11.564540  -0.000006 0.000000 1.000000  0.635573 0.484422 0
0  -0.806491 0.043606 11.564540  -0.000036 0.000000 1.000000  0.628544 0.501392 0
0  -0.850985 0.062036 11.564540  -0.000006 0.000000 1.000000  0.611573 0.508422 0
porchlight_metal
0  -0.850985 0.062036 11.564540  -0.000006 0.000000 1.000000  0.611573 0.508422 0
0  -0.895480 0.043606 11.564540  0.000000 0.000000 1.000000  0.594603 0.501392 0
0  -0.788061 -0.000889 11.564540  -0.000006 0.000000 1.000000  0.635573 0.484422 0
porchlight_metal
0  -0.895480 0.043606 11.564540  0.000000 0.000000 1.000000  0.594603 0.501392 0
0  -0.913910 -0.000889 11.564540  0.000000 0.000000 1.000000  0.587573 0.484422 0
0  -0.788061 -0.000889 11.564540  -0.000006 0.000000 1.000000  0.635573 0.484422 0
porchlight_metal
0  -0.913910 -0.000889 11.564540  0.000000 0.000000 1.000000  0.587573 0.484422 0
0  -0.895480 -0.045383 11.564540  0.000000 0.000000 1.000000  0.594603 0.467451 0
0  -0.788061 -0.000889 11.564540  -0.000006 0.000000 1.000000  0.635573 0.484422 0
porchlight_metal
0  -0.895480 -0.045383 11.564540  0.000000 0.000000 1.000000  0.594603 0.467451 0
0  -0.850985 -0.063814 11.564540  0.000000 0.000000 1.000000  0.611573 0.460422 0
0  -0.788061 -0.000889 11.564540  -0.000006 0.000000 1.000000  0.635573 0.484422 0
porchlight_metal
0  -0.913910 -0.000889 11.338012  -1.000000 -0.000003 0.000000  0.611573 0.509422 0
0  -0.913910 -0.000889 11.564540  -1.000000 0.000004 -0.000000  0.611573 0.559422 0
0  -0.895480 0.043606 11.564540  -0.707104 0.707109 -0.000000  0.599073 0.559422 0
porchlight_metal
0  -0.895480 0.043606 11.338012  -0.707107 0.707107 -0.000000  0.599073 0.509422 0
0  -0.895480 0.043606 11.564540  -0.707104 0.707109 -0.000000  0.599073 0.559422 0
0  -0.850985 0.062036 11.564540  0.000000 1.000000 -0.000000  0.586573 0.559422 0
porchlight_glass
0  1.032863 0.000003 12.576391  0.995740 0.000004 0.092206  1.000000 0.916667 0
0  0.856193 0.000003 13.109538  0.160416 -0.000047 0.987050  1.000000 1.000000 0
0  0.791019 -0.327648 13.109538  0.148179 -0.061429 0.987051  0.937500 1.000000 0
porchlight_glass
0  0.954241 -0.395257 12.576391  0.919945 -0.381050 0.092206  0.937500 0.916667 0
0  0.791019 -0.327648 13.109538  0.148179 -0.061429 0.987051  0.937500 1.000000 0
0  0.605420 -0.605416 13.109538  0.113296 -0.113498 0.987057  0.875000 1.000000 0
porchlight_glass
0  0.730344 -0.730342 12.576391  0.704096 -0.704092 0.092206  0.875000 0.916667 0
0  0.605420 -0.605416 13.109538  0.113296 -0.113498 0.987057  0.875000 1.000000 0
0  0.327651 -0.791016 13.109538  0.061343 -0.148219 0.987050  0.812500 1.000000 0
porchlight_glass
0  0.395260 -0.954238 12.576391  0.381056 -0.919943 0.092206  0.812500 0.916667 0
0  0.327651 -0.791016 13.109538  0.061343 -0.148219 0.987050  0.812500 1.000000 0
0  -0.000000 -0.856190 13.109538  -0.000047 -0.160415 0.987050  0.750000 1.000000 0
porchlight_glass
0  -0.000000 -1.032860 12.576391  0.000003 -0.995740 0.092206  0.750000 0.916667 0
0  -0.000000 -0.856190 13.109538  -0.000047 -0.160415 0.987050  0.750000 1.000000 0
0  -0.327651 -0.791016 13.109538  -0.061256 -0.148252 0.987051  0.687500 1.000000 0
porchlight_glass
0  -0.395260 -0.954238 12.576391  -0.381051 -0.919945 0.092206  0.687500 0.916667 0
0  -0.327651 -0.791016 13.109538  -0.061256 -0.148252 0.987051  0.687500 1.000000 0
0  -0.605420 -0.605416 13.109538  -0.113632 -0.113160 0.987057  0.625000 1.000000 0
porchlight_glass
0  -0.730345 -0.730341 12.576391  -0.704092 -0.704097 0.092206  0.625000 0.916667 0
0  -0.605420 -0.605416 13.109538  -0.113632 -0.113160 0.987057  0.625000 1.000000 0
0  -0.791019 -0.327648 13.109538  -0.148290 -0.061166 0.987051  0.562500 1.000000 0
porchlight_glass
0  -0.954241 -0.395257 12.576391  -0.919942 -0.381056 0.092206  0.562500 0.916667 0
0  -0.791019 -0.327648 13.109538  -0.148290 -0.061166 0.987051  0.562500 1.000000 0
0  -0.856193 0.000003 13.109538  -0.160416 0.000048 0.987050  0.500000 1.000000 0
porchlight_glass
0  -1.032863 0.000003 12.576391  -0.995740 -0.000003 0.092206  0.500000 0.916667 0
0  -0.856193 0.000003 13.109538  -0.160416 0.000048 0.987050  0.500000 1.000000 0
0  -0.791019 0.327654 13.109538  -0.148179 0.061429 0.987051  0.437500 1.000000 0
porchlight_glass
0  -0.954241 0.395263 12.576391  -0.919945 0.381050 0.092206  0.437500 0.916667 0
0  -0.791019 0.327654 13.109538  -0.148179 0.061429 0.987051  0.437500 1.000000 0
0  -0.605420 0.605423 13.109538  -0.113161 0.113633 0.987057  0.375000 1.000000 0
porchlight_glass
0  -0.730344 0.730348 12.576391  -0.704096 0.704093 0.092206  0.375000 0.916667 0
0  -0.605420 0.605423 13.109538  -0.113161 0.113633 0.987057  0.375000 1.000000 0
0  -0.327651 0.791022 13.109538  -0.061343 0.148219 0.987050  0.312500 1.000000 0
porchlight_glass
0  -0.395260 0.954244 12.576391  -0.381056 0.919943 0.092206  0.312500 0.916667 0
0  -0.327651 0.791022 13.109538  -0.061343 0.148219 0.987050  0.312500 1.000000 0
0  0.000000 0.856196 13.109538  -0.000239 0.160415 0.987050  0.250000 1.000000 0
porchlight_glass
0  0.000000 1.032866 12.576391  -0.000003 0.995740 0.092206  0.250000 0.916667 0
0  0.000000 0.856196 13.109538  -0.000239 0.160415 0.987050  0.250000 1.000000 0
0  0.327651 0.791022 13.109538  0.061432 0.148179 0.987051  0.187500 1.000000 0
porchlight_glass
0  0.395260 0.954244 12.576391  0.381050 0.919945 0.092206  0.187500 0.916667 0
0  0.327651 0.791022 13.109538  0.061432 0.148179 0.987051  0.187500 1.000000 0
0  0.605420 0.605423 13.109538  0.113430 0.113363 0.987057  0.125000 1.000000 0
porchlight_glass
0  0.605420 -0.605416 13.109538  0.113296 -0.113498 0.987057  0.419706 0.419706 0
0  0.791019 -0.327648 13.109538  0.148179 -0.061429 0.987051  0.341844 0.471731 0
0  0.856193 0.000003 13.109538  0.160416 -0.000047 0.987050  0.250000 0.490000 0
porchlight_glass
0  0.856193 0.000003 13.109538  0.160416 -0.000047 0.987050  0.250000 0.490000 0
0  0.791019 0.327654 13.109538  0.148219 0.061343 0.987050  0.158156 0.471731 0
0  0.605420 -0.605416 13.109538  0.113296 -0.113498 0.987057  0.419706 0.419706 0
porchlight_glass
0  0.791019 0.327654 13.109538  0.148219 0.061343 0.987050  0.158156 0.471731 0
0  0.605420 0.605423 13.109538  0.113430 0.113363 0.987057  0.080294 0.419706 0
0  0.605420 -0.605416 13.109538  0.113296 -0.113498 0.987057  0.419706 0.419706 0
porchlight_glass
0  0.605420 0.605423 13.109538  0.113430 0.113363 0.987057  0.080294 0.419706 0
0  0.327651 0.791022 13.109538  0.061432 0.148179 0.987051  0.028269 0.341844 0
0  0.000000 0.856196 13.109538  -0.000239 0.160415 0.987050  0.010000 0.250000 0
porchlight_glass
0  0.000000 0.856196 13.109538  -0.000239 0.160415 0.987050  0.010000 0.250000 0
0  -0.327651 0.791022 13.109538  -0.061343 0.148219 0.987050  0.028269 0.158156 0
0  0.605420 0.605423 13.109538  0.113430 0.113363 0.987057  0.080294 0.419706 0
porchlight_glass
0  -0.327651 0.791022 13.109538  -0.061343 0.148219 0.987050  0.028269 0.158156 0
0  -0.605420 0.605423 13.109538  -0.113161 0.113633 0.987057  0.080294 0.080294 0
0  0.605420 0.605423 13.109538  0.113430 0.113363 0.987057  0.080294 0.419706 0
porchlight_glass
0  -0.605420 0.605423 13.109538  -0.113161 0.113633 0.987057  0.080294 0.080294 0
0  -0.791019 0.327654 13.109538  -0.148179 0.061429 0.987051  0.158156 0.028269 0
0  -0.856193 0.000003 13.109538  -0.160416 0.000048 0.987050  0.250000 0.010000 0
porchlight_glass
0  -0.856193 0.000003 13.109538  -0.160416 0.000048 0.987050  0.250000 0.010000 0
0  -0.791019 -0.327648 13.109538  -0.148290 -0.061166 0.987051  0.341844 0.028269 0
0  -0.605420 0.605423 13.109538  -0.113161 0.113633 0.987057  0.080294 0.080294 0
porchlight_glass
0  -0.791019 -0.327648 13.109538  -0.148290 -0.061166 0.987051  0.341844 0.028269 0
0  -0.605420 -0.605416 13.109538  -0.113632 -0.113160 0.987057  0.419706 0.080294 0
0  -0.605420 0.605423 13.109538  -0.113161 0.113633 0.987057  0.080294 0.080294 0
porchlight_glass
0  -0.605420 -0.605416 13.109538  -0.113632 -0.113160 0.987057  0.419706 0.080294 0
0  -0.327651 -0.791016 13.109538  -0.061256 -0.148252 0.987051  0.471731 0.158156 0
0  -0.000000 -0.856190 13.109538  -0.000047 -0.160415 0.987050  0.490000 0.250000 0
porchlight_glass
0  -0.000000 -0.856190 13.109538  -0.000047 -0.160415 0.987050  0.490000 0.250000 0
0  0.327651 -0.791016 13.109538  0.061343 -0.148219 0.987050  0.471731 0.341844 0
0  -0.605420 -0.605416 13.109538  -0.113632 -0.113160 0.987057  0.419706 0.080294 0
porchlight_glass
0  0.327651 -0.791016 13.109538  0.061343 -0.148219 0.987050  0.471731 0.341844 0
0  0.605420 -0.605416 13.109538  0.113296 -0.113498 0.987057  0.419706 0.419706 0
0  -0.605420 -0.605416 13.109538  -0.113632 -0.113160 0.987057  0.419706 0.080294 0
porchlight_glass
0  0.605420 -0.605416 13.109538  0.113296 -0.113498 0.987057  0.419706 0.419706 0
0  0.605420 0.605423 13.109538  0.113430 0.113363 0.987057  0.080294 0.419706 0
0  -0.605420 0.605423 13.109538  -0.113161 0.113633 0.987057  0.080294 0.080294 0
porchlight_glass
0  0.730345 0.730347 12.576391  0.704092 0.704097 0.092206  0.125000 0.916667 0
0  0.605420 0.605423 13.109538  0.113430 0.113363 0.987057  0.125000 1.000000 0
0  0.791019 0.327654 13.109538  0.148219 0.061343 0.987050  0.062500 1.000000 0
porchlight_glass
0  0.954241 0.395263 12.576391  0.919943 0.381056 0.092206  0.062500 0.916667 0
0  0.791019 0.327654 13.109538  0.148219 0.061343 0.987050  0.062500 1.000000 0
0  0.856193 0.000003 13.109538  0.160416 -0.000047 0.987050  0.000000 1.000000 0
porchlight_glass
0  0.744353 0.308323 7.431253  0.872239 0.361293 -0.329647  0.062500 0.500000 0
0  0.916339 0.379562 7.964399  0.918438 0.380421 -0.108403  0.062500 0.583333 0
0  0.991838 0.000002 7.964399  0.994107 -0.000006 -0.108403  0.000000 0.583333 0
porchlight_glass
0  0.916339 0.379562 7.964399  0.918438 0.380421 -0.108403  0.062500 0.583333 0
0  0.925814 0.383487 9.117397  0.923843 0.382668 -0.008895  0.062500 0.666667 0
0  1.002094 0.000002 9.117397  0.999960 0.000000 -0.008895  0.000000 0.666667 0
porchlight_glass
0  0.925814 0.383487 9.117397  0.923843 0.382668 -0.008895  0.062500 0.666667 0
0  0.935290 0.387412 10.270395  0.923843 0.382668 -0.008895  0.062500 0.750000 0
0  1.012350 0.000002 10.270395  0.999960 -0.000000 -0.008895  0.000000 0.750000 0
porchlight_glass
0  0.935290 0.387412 10.270395  0.923843 0.382668 -0.008895  0.062500 0.750000 0
0  0.944765 0.391337 11.423392  0.923843 0.382668 -0.008895  0.062500 0.833333 0
0  1.022607 0.000003 11.423392  0.999960 0.000000 -0.008895  0.000000 0.833333 0
porchlight_glass
0  0.944765 0.391337 11.423392  0.923843 0.382668 -0.008895  0.062500 0.833333 0
0  0.954241 0.395263 12.576391  0.919943 0.381056 0.092206  0.062500 0.916667 0
0  1.032863 0.000003 12.576391  0.995740 0.000004 0.092206  0.000000 0.916667 0
porchlight_glass
0  0.569703 0.569705 7.431253  0.667583 0.667582 -0.329647  0.125000 0.500000 0
0  0.701335 0.701337 7.964399  0.702945 0.702935 -0.108404  0.125000 0.583333 0
0  0.916339 0.379562 7.964399  0.918438 0.380421 -0.108403  0.062500 0.583333 0
porchlight_glass
0  0.701335 0.701337 7.964399  0.702945 0.702935 -0.108404  0.125000 0.583333 0
0  0.708588 0.708590 9.117397  0.707079 0.707079 -0.008895  0.125000 0.666667 0
0  0.925814 0.383487 9.117397  0.923843 0.382668 -0.008895  0.062500 0.666667 0
porchlight_glass
0  0.708588 0.708590 9.117397  0.707079 0.707079 -0.008895  0.125000 0.666667 0
0  0.715840 0.715842 10.270395  0.707079 0.707079 -0.008895  0.125000 0.750000 0
0  0.935290 0.387412 10.270395  0.923843 0.382668 -0.008895  0.062500 0.750000 0
porchlight_glass
0  0.715840 0.715842 10.270395  0.707079 0.707079 -0.008895  0.125000 0.750000 0
0  0.723092 0.723095 11.423392  0.707079 0.707079 -0.008895  0.125000 0.833333 0
0  0.944765 0.391337 11.423392  0.923843 0.382668 -0.008895  0.062500 0.833333 0
porchlight_glass
0  0.723092 0.723095 11.423392  0.707079 0.707079 -0.008895  0.125000 0.833333 0
0  0.730345 0.730347 12.576391  0.704092 0.704097 0.092206  0.125000 0.916667 0
0  0.954241 0.395263 12.576391  0.919943 0.381056 0.092206  0.062500 0.916667 0
porchlight_glass
0  0.308321 0.744355 7.431253  0.361293 0.872238 -0.329648  0.187500 0.500000 0
0  0.379560 0.916341 7.964399  0.380435 0.918432 -0.108404  0.187500 0.583333 0
0  0.701335 0.701337 7.964399  0.702945 0.702935 -0.108404  0.125000 0.583333 0
porchlight_glass
0  0.379560 0.916341 7.964399  0.380435 0.918432 -0.108404  0.187500 0.583333 0
0  0.383485 0.925816 9.117397  0.382668 0.923843 -0.008895  0.187500 0.666667 0
0  0.708588 0.708590 9.117397  0.707079 0.707079 -0.008895  0.125000 0.666667 0
porchlight_glass
0  0.383485 0.925816 9.117397  0.382668 0.923843 -0.008895  0.187500 0.666667 0
0  0.387410 0.935292 10.270395  0.382668 0.923843 -0.008895  0.187500 0.750000 0
0  0.715840 0.715842 10.270395  0.707079 0.707079 -0.008895  0.125000 0.750000 0
porchlight_glass
0  0.387410 0.935292 10.270395  0.382668 0.923843 -0.008895  0.187500 0.750000 0
0  0.391335 0.944768 11.423392  0.382668 0.923843 -0.008895  0.187500 0.833333 0
0  0.723092 0.723095 11.423392  0.707079 0.707079 -0.008895  0.125000 0.833333 0
porchlight_glass
0  0.391335 0.944768 11.423392  0.382668 0.923843 -0.008895  0.187500 0.833333 0
0  0.395260 0.954244 12.576391  0.381050 0.919945 0.092206  0.187500 0.916667 0
0  0.730345 0.730347 12.576391  0.704092 0.704097 0.092206  0.125000 0.916667 0
porchlight_glass
0  0.000000 0.805684 7.431253  -0.000000 0.944104 -0.329648  0.250000 0.500000 0
0  0.000000 0.991840 7.964399  0.000007 0.994107 -0.108404  0.250000 0.583333 0
0  0.379560 0.916341 7.964399  0.380435 0.918432 -0.108404  0.187500 0.583333 0
porchlight_glass
0  0.000000 0.991840 7.964399  0.000007 0.994107 -0.108404  0.250000 0.583333 0
0  0.000000 1.002096 9.117397  0.000000 0.999960 -0.008895  0.250000 0.666667 0
0  0.383485 0.925816 9.117397  0.382668 0.923843 -0.008895  0.187500 0.666667 0
porchlight_glass
0  0.000000 1.002096 9.117397  0.000000 0.999960 -0.008895  0.250000 0.666667 0
0  0.000000 1.012353 10.270395  -0.000000 0.999960 -0.008895  0.250000 0.750000 0
0  0.387410 0.935292 10.270395  0.382668 0.923843 -0.008895  0.187500 0.750000 0
porchlight_glass
0  0.000000 1.012353 10.270395  -0.000000 0.999960 -0.008895  0.250000 0.750000 0
0  0.000000 1.022609 11.423392  0.000000 0.999960 -0.008895  0.250000 0.833333 0
0  0.391335 0.944768 11.423392  0.382668 0.923843 -0.008895  0.187500 0.833333 0
porchlight_glass
0  0.000000 1.022609 11.423392  0.000000 0.999960 -0.008895  0.250000 0.833333 0
0  0.000000 1.032866 12.576391  -0.000003 0.995740 0.092206  0.250000 0.916667 0
0  0.395260 0.954244 12.576391  0.381050 0.919945 0.092206  0.187500 0.916667 0
porchlight_glass
0  -0.308321 0.744355 7.431253  -0.361293 0.872238 -0.329648  0.312500 0.500000 0
0  -0.379560 0.916341 7.964399  -0.380422 0.918438 -0.108404  0.312500 0.583333 0
0  0.000000 0.991840 7.964399  0.000007 0.994107 -0.108404  0.250000 0.583333 0
porchlight_glass
0  -0.379560 0.916341 7.964399  -0.380422 0.918438 -0.108404  0.312500 0.583333 0
0  -0.383485 0.925816 9.117397  -0.382668 0.923843 -0.008895  0.312500 0.666667 0
0  0.000000 1.002096 9.117397  0.000000 0.999960 -0.008895  0.250000 0.666667 0
porchlight_glass
0  -0.383485 0.925816 9.117397  -0.382668 0.923843 -0.008895  0.312500 0.666667 0
0  -0.387410 0.935292 10.270395  -0.382668 0.923843 -0.008895  0.312500 0.750000 0
0  0.000000 1.012353 10.270395  -0.000000 0.999960 -0.008895  0.250000 0.750000 0
porchlight_glass
0  -0.387410 0.935292 10.270395  -0.382668 0.923843 -0.008895  0.312500 0.750000 0
0  -0.391335 0.944768 11.423392  -0.382668 0.923843 -0.008895  0.312500 0.833333 0
0  0.000000 1.022609 11.423392  0.000000 0.999960 -0.008895  0.250000 0.833333 0
porchlight_glass
0  -0.391335 0.944768 11.423392  -0.382668 0.923843 -0.008895  0.312500 0.833333 0
0  -0.395260 0.954244 12.576391  -0.381056 0.919943 0.092206  0.312500 0.916667 0
0  0.000000 1.032866 12.576391  -0.000003 0.995740 0.092206  0.250000 0.916667 0
porchlight_glass
0  -0.569703 0.569705 7.431253  -0.667583 0.667582 -0.329647  0.375000 0.500000 0
0  -0.701335 0.701337 7.964399  -0.702935 0.702945 -0.108404  0.375000 0.583333 0
0  -0.379560 0.916341 7.964399  -0.380422 0.918438 -0.108404  0.312500 0.583333 0
porchlight_glass
0  -0.701335 0.701337 7.964399  -0.702935 0.702945 -0.108404  0.375000 0.583333 0
0  -0.708587 0.708590 9.117397  -0.707079 0.707079 -0.008895  0.375000 0.666667 0
0  -0.383485 0.925816 9.117397  -0.382668 0.923843 -0.008895  0.312500 0.666667 0
porchlight_glass
0  -0.708587 0.708590 9.117397  -0.707079 0.707079 -0.008895  0.375000 0.666667 0
0  -0.715840 0.715842 10.270395  -0.707079 0.707079 -0.008895  0.375000 0.750000 0
0  -0.387410 0.935292 10.270395  -0.382668 0.923843 -0.008895  0.312500 0.750000 0
porchlight_glass
0  -0.715840 0.715842 10.270395  -0.707079 0.707079 -0.008895  0.375000 0.750000 0
0  -0.723092 0.723095 11.423392  -0.707079 0.707079 -0.008895  0.375000 0.833333 0
0  -0.391335 0.944768 11.423392  -0.382668 0.923843 -0.008895  0.312500 0.833333 0
porchlight_glass
0  -0.723092 0.723095 11.423392  -0.707079 0.707079 -0.008895  0.375000 0.833333 0
0  -0.730344 0.730348 12.576391  -0.704096 0.704093 0.092206  0.375000 0.916667 0
0  -0.395260 0.954244 12.576391  -0.381056 0.919943 0.092206  0.312500 0.916667 0
porchlight_glass
0  -0.744353 0.308323 7.431253  -0.872239 0.361293 -0.329647  0.437500 0.500000 0
0  -0.916339 0.379562 7.964399  -0.918432 0.380435 -0.108403  0.437500 0.583333 0
0  -0.701335 0.701337 7.964399  -0.702935 0.702945 -0.108404  0.375000 0.583333 0
porchlight_glass
0  -0.916339 0.379562 7.964399  -0.918432 0.380435 -0.108403  0.437500 0.583333 0
0  -0.925814 0.383487 9.117397  -0.923843 0.382668 -0.008895  0.437500 0.666667 0
0  -0.708587 0.708590 9.117397  -0.707079 0.707079 -0.008895  0.375000 0.666667 0
porchlight_glass
0  -0.925814 0.383487 9.117397  -0.923843 0.382668 -0.008895  0.437500 0.666667 0
0  -0.935290 0.387412 10.270395  -0.923843 0.382669 -0.008895  0.437500 0.750000 0
0  -0.715840 0.715842 10.270395  -0.707079 0.707079 -0.008895  0.375000 0.750000 0
porchlight_glass
0  -0.935290 0.387412 10.270395  -0.923843 0.382669 -0.008895  0.437500 0.750000 0
0  -0.944765 0.391337 11.423392  -0.923843 0.382668 -0.008895  0.437500 0.833333 0
0  -0.723092 0.723095 11.423392  -0.707079 0.707079 -0.008895  0.375000 0.833333 0
porchlight_glass
0  -0.944765 0.391337 11.423392  -0.923843 0.382668 -0.008895  0.437500 0.833333 0
0  -0.954241 0.395263 12.576391  -0.919945 0.381050 0.092206  0.437500 0.916667 0
0  -0.730344 0.730348 12.576391  -0.704096 0.704093 0.092206  0.375000 0.916667 0
porchlight_glass
0  -0.805682 0.000002 7.431253  -0.944104 -0.000000 -0.329647  0.500000 0.500000 0
0  -0.991838 0.000002 7.964399  -0.994107 0.000007 -0.108404  0.500000 0.583333 0
0  -0.916339 0.379562 7.964399  -0.918432 0.380435 -0.108403  0.437500 0.583333 0
porchlight_glass
0  -0.991838 0.000002 7.964399  -0.994107 0.000007 -0.108404  0.500000 0.583333 0
0  -1.002094 0.000002 9.117397  -0.999960 -0.000000 -0.008895  0.500000 0.666667 0
0  -0.925814 0.383487 9.117397  -0.923843 0.382668 -0.008895  0.437500 0.666667 0
porchlight_glass
0  -1.002094 0.000002 9.117397  -0.999960 -0.000000 -0.008895  0.500000 0.666667 0
0  -1.012350 0.000003 10.270395  -0.999960 -0.000000 -0.008895  0.500000 0.750000 0
0  -0.935290 0.387412 10.270395  -0.923843 0.382669 -0.008895  0.437500 0.750000 0
porchlight_glass
0  -1.012350 0.000003 10.270395  -0.999960 -0.000000 -0.008895  0.500000 0.750000 0
0  -1.022607 0.000003 11.423392  -0.999960 -0.000000 -0.008895  0.500000 0.833333 0
0  -0.944765 0.391337 11.423392  -0.923843 0.382668 -0.008895  0.437500 0.833333 0
porchlight_glass
0  -1.022607 0.000003 11.423392  -0.999960 -0.000000 -0.008895  0.500000 0.833333 0
0  -1.032863 0.000003 12.576391  -0.995740 -0.000003 0.092206  0.500000 0.916667 0
0  -0.954241 0.395263 12.576391  -0.919945 0.381050 0.092206  0.437500 0.916667 0
porchlight_glass
0  -0.744353 -0.308319 7.431253  -0.872239 -0.361293 -0.329647  0.562500 0.500000 0
0  -0.916339 -0.379558 7.964399  -0.918438 -0.380422 -0.108403  0.562500 0.583333 0
0  -0.991838 0.000002 7.964399  -0.994107 0.000007 -0.108404  0.500000 0.583333 0
porchlight_glass
0  -0.916339 -0.379558 7.964399  -0.918438 -0.380422 -0.108403  0.562500 0.583333 0
0  -0.925814 -0.383483 9.117397  -0.923843 -0.382668 -0.008895  0.562500 0.666667 0
0  -1.002094 0.000002 9.117397  -0.999960 -0.000000 -0.008895  0.500000 0.666667 0
porchlight_glass
0  -0.925814 -0.383483 9.117397  -0.923843 -0.382668 -0.008895  0.562500 0.666667 0
0  -0.935290 -0.387407 10.270395  -0.923843 -0.382668 -0.008895  0.562500 0.750000 0
0  -1.012350 0.000003 10.270395  -0.999960 -0.000000 -0.008895  0.500000 0.750000 0
porchlight_glass
0  -0.935290 -0.387407 10.270395  -0.923843 -0.382668 -0.008895  0.562500 0.750000 0
0  -0.944765 -0.391332 11.423392  -0.923843 -0.382668 -0.008895  0.562500 0.833333 0
0  -1.022607 0.000003 11.423392  -0.999960 -0.000000 -0.008895  0.500000 0.833333 0
porchlight_glass
0  -0.944765 -0.391332 11.423392  -0.923843 -0.382668 -0.008895  0.562500 0.833333 0
0  -0.954241 -0.395257 12.576391  -0.919942 -0.381056 0.092206  0.562500 0.916667 0
0  -1.032863 0.000003 12.576391  -0.995740 -0.000003 0.092206  0.500000 0.916667 0
porchlight_glass
0  -0.569703 -0.569701 7.431253  -0.667583 -0.667582 -0.329647  0.625000 0.500000 0
0  -0.701335 -0.701333 7.964399  -0.702945 -0.702935 -0.108403  0.625000 0.583333 0
0  -0.916339 -0.379558 7.964399  -0.918438 -0.380422 -0.108403  0.562500 0.583333 0
porchlight_glass
0  -0.701335 -0.701333 7.964399  -0.702945 -0.702935 -0.108403  0.625000 0.583333 0
0  -0.708588 -0.708585 9.117397  -0.707079 -0.707079 -0.008895  0.625000 0.666667 0
0  -0.925814 -0.383483 9.117397  -0.923843 -0.382668 -0.008895  0.562500 0.666667 0
porchlight_glass
0  -0.708588 -0.708585 9.117397  -0.707079 -0.707079 -0.008895  0.625000 0.666667 0
0  -0.715840 -0.715837 10.270395  -0.707079 -0.707079 -0.008895  0.625000 0.750000 0
0  -0.935290 -0.387407 10.270395  -0.923843 -0.382668 -0.008895  0.562500 0.750000 0
porchlight_glass
0  -0.715840 -0.715837 10.270395  -0.707079 -0.707079 -0.008895  0.625000 0.750000 0
0  -0.723092 -0.723089 11.423392  -0.707079 -0.707079 -0.008895  0.625000 0.833333 0
0  -0.944765 -0.391332 11.423392  -0.923843 -0.382668 -0.008895  0.562500 0.833333 0
porchlight_glass
0  -0.723092 -0.723089 11.423392  -0.707079 -0.707079 -0.008895  0.625000 0.833333 0
0  -0.730345 -0.730341 12.576391  -0.704092 -0.704097 0.092206  0.625000 0.916667 0
0  -0.954241 -0.395257 12.576391  -0.919942 -0.381056 0.092206  0.562500 0.916667 0
porchlight_glass
0  -0.308321 -0.744351 7.431253  -0.361293 -0.872238 -0.329647  0.687500 0.500000 0
0  -0.379560 -0.916337 7.964399  -0.380435 -0.918432 -0.108403  0.687500 0.583333 0
0  -0.701335 -0.701333 7.964399  -0.702945 -0.702935 -0.108403  0.625000 0.583333 0
porchlight_glass
0  -0.379560 -0.916337 7.964399  -0.380435 -0.918432 -0.108403  0.687500 0.583333 0
0  -0.383485 -0.925812 9.117397  -0.382668 -0.923843 -0.008895  0.687500 0.666667 0
0  -0.708588 -0.708585 9.117397  -0.707079 -0.707079 -0.008895  0.625000 0.666667 0
porchlight_glass
0  -0.383485 -0.925812 9.117397  -0.382668 -0.923843 -0.008895  0.687500 0.666667 0
0  -0.387410 -0.935287 10.270395  -0.382668 -0.923843 -0.008895  0.687500 0.750000 0
0  -0.715840 -0.715837 10.270395  -0.707079 -0.707079 -0.008895  0.625000 0.750000 0
porchlight_glass
0  -0.387410 -0.935287 10.270395  -0.382668 -0.923843 -0.008895  0.687500 0.750000 0
0  -0.391335 -0.944763 11.423392  -0.382668 -0.923843 -0.008895  0.687500 0.833333 0
0  -0.723092 -0.723089 11.423392  -0.707079 -0.707079 -0.008895  0.625000 0.833333 0
porchlight_glass
0  -0.391335 -0.944763 11.423392  -0.382668 -0.923843 -0.008895  0.687500 0.833333 0
0  -0.395260 -0.954238 12.576391  -0.381051 -0.919945 0.092206  0.687500 0.916667 0
0  -0.730345 -0.730341 12.576391  -0.704092 -0.704097 0.092206  0.625000 0.916667 0
porchlight_glass
0  -0.000000 -0.805680 7.431253  0.000001 -0.944104 -0.329647  0.750000 0.500000 0
0  -0.000000 -0.991836 7.964399  -0.000007 -0.994107 -0.108403  0.750000 0.583333 0
0  -0.379560 -0.916337 7.964399  -0.380435 -0.918432 -0.108403  0.687500 0.583333 0
porchlight_glass
0  -0.000000 -0.991836 7.964399  -0.000007 -0.994107 -0.108403  0.750000 0.583333 0
0  -0.000000 -1.002092 9.117397  0.000000 -0.999960 -0.008895  0.750000 0.666667 0
0  -0.383485 -0.925812 9.117397  -0.382668 -0.923843 -0.008895  0.687500 0.666667 0
porchlight_glass
0  -0.000000 -1.002092 9.117397  0.000000 -0.999960 -0.008895  0.750000 0.666667 0
0  -0.000000 -1.012348 10.270395  -0.000000 -0.999960 -0.008895  0.750000 0.750000 0
0  -0.387410 -0.935287 10.270395  -0.382668 -0.923843 -0.008895  0.687500 0.750000 0
porchlight_glass
0  -0.000000 -1.012348 10.270395  -0.000000 -0.999960 -0.008895  0.750000 0.750000 0
0  -0.000000 -1.022604 11.423392  0.000000 -0.999960 -0.008895  0.750000 0.833333 0
0  -0.391335 -0.944763 11.423392  -0.382668 -0.923843 -0.008895  0.687500 0.833333 0
porchlight_glass
0  -0.000000 -1.022604 11.423392  0.000000 -0.999960 -0.008895  0.750000 0.833333 0
0  -0.000000 -1.032860 12.576391  0.000003 -0.995740 0.092206  0.750000 0.916667 0
0  -0.395260 -0.954238 12.576391  -0.381051 -0.919945 0.092206  0.687500 0.916667 0
porchlight_glass
0  0.308321 -0.744351 7.431253  0.361294 -0.872238 -0.329647  0.812500 0.500000 0
0  0.379560 -0.916337 7.964399  0.380422 -0.918438 -0.108403  0.812500 0.583333 0
0  -0.000000 -0.991836 7.964399  -0.000007 -0.994107 -0.108403  0.750000 0.583333 0
porchlight_glass
0  0.379560 -0.916337 7.964399  0.380422 -0.918438 -0.108403  0.812500 0.583333 0
0  0.383485 -0.925812 9.117397  0.382668 -0.923843 -0.008895  0.812500 0.666667 0
0  -0.000000 -1.002092 9.117397  0.000000 -0.999960 -0.008895  0.750000 0.666667 0
porchlight_glass
0  0.383485 -0.925812 9.117397  0.382668 -0.923843 -0.008895  0.812500 0.666667 0
0  0.387410 -0.935287 10.270395  0.382668 -0.923843 -0.008895  0.812500 0.750000 0
0  -0.000000 -1.012348 10.270395  -0.000000 -0.999960 -0.008895  0.750000 0.750000 0
porchlight_glass
0  0.387410 -0.935287 10.270395  0.382668 -0.923843 -0.008895  0.812500 0.750000 0
0  0.391335 -0.944763 11.423392  0.382668 -0.923843 -0.008895  0.812500 0.833333 0
0  -0.000000 -1.022604 11.423392  0.000000 -0.999960 -0.008895  0.750000 0.833333 0
porchlight_glass
0  0.391335 -0.944763 11.423392  0.382668 -0.923843 -0.008895  0.812500 0.833333 0
0  0.395260 -0.954238 12.576391  0.381056 -0.919943 0.092206  0.812500 0.916667 0
0  -0.000000 -1.032860 12.576391  0.000003 -0.995740 0.092206  0.750000 0.916667 0
porchlight_glass
0  0.569703 -0.569701 7.431253  0.667583 -0.667582 -0.329647  0.875000 0.500000 0
0  0.701335 -0.701333 7.964399  0.702935 -0.702945 -0.108403  0.875000 0.583333 0
0  0.379560 -0.916337 7.964399  0.380422 -0.918438 -0.108403  0.812500 0.583333 0
porchlight_glass
0  0.701335 -0.701333 7.964399  0.702935 -0.702945 -0.108403  0.875000 0.583333 0
0  0.708587 -0.708585 9.117397  0.707079 -0.707079 -0.008895  0.875000 0.666667 0
0  0.383485 -0.925812 9.117397  0.382668 -0.923843 -0.008895  0.812500 0.666667 0
porchlight_glass
0  0.708587 -0.708585 9.117397  0.707079 -0.707079 -0.008895  0.875000 0.666667 0
0  0.715840 -0.715837 10.270395  0.707079 -0.707079 -0.008895  0.875000 0.750000 0
0  0.387410 -0.935287 10.270395  0.382668 -0.923843 -0.008895  0.812500 0.750000 0
porchlight_glass
0  0.715840 -0.715837 10.270395  0.707079 -0.707079 -0.008895  0.875000 0.750000 0
0  0.723092 -0.723090 11.423392  0.707079 -0.707079 -0.008895  0.875000 0.833333 0
0  0.391335 -0.944763 11.423392  0.382668 -0.923843 -0.008895  0.812500 0.833333 0
porchlight_glass
0  0.723092 -0.723090 11.423392  0.707079 -0.707079 -0.008895  0.875000 0.833333 0
0  0.730344 -0.730342 12.576391  0.704096 -0.704092 0.092206  0.875000 0.916667 0
0  0.395260 -0.954238 12.576391  0.381056 -0.919943 0.092206  0.812500 0.916667 0
porchlight_glass
0  0.744353 -0.308319 7.431253  0.872239 -0.361293 -0.329647  0.937500 0.500000 0
0  0.916339 -0.379558 7.964399  0.918432 -0.380435 -0.108403  0.937500 0.583333 0
0  0.701335 -0.701333 7.964399  0.702935 -0.702945 -0.108403  0.875000 0.583333 0
porchlight_glass
0  0.916339 -0.379558 7.964399  0.918432 -0.380435 -0.108403  0.937500 0.583333 0
0  0.925814 -0.383483 9.117397  0.923843 -0.382668 -0.008895  0.937500 0.666667 0
0  0.708587 -0.708585 9.117397  0.707079 -0.707079 -0.008895  0.875000 0.666667 0
porchlight_glass
0  0.925814 -0.383483 9.117397  0.923843 -0.382668 -0.008895  0.937500 0.666667 0
0  0.935290 -0.387407 10.270395  0.923843 -0.382669 -0.008895  0.937500 0.750000 0
0  0.715840 -0.715837 10.270395  0.707079 -0.707079 -0.008895  0.875000 0.750000 0
porchlight_glass
0  0.935290 -0.387407 10.270395  0.923843 -0.382669 -0.008895  0.937500 0.750000 0
0  0.944765 -0.391332 11.423392  0.923843 -0.382668 -0.008895  0.937500 0.833333 0
0  0.723092 -0.723090 11.423392  0.707079 -0.707079 -0.008895  0.875000 0.833333 0
porchlight_glass
0  0.944765 -0.391332 11.423392  0.923843 -0.382668 -0.008895  0.937500 0.833333 0
0  0.954241 -0.395257 12.576391  0.919945 -0.381050 0.092206  0.937500 0.916667 0
0  0.730344 -0.730342 12.576391  0.704096 -0.704092 0.092206  0.875000 0.916667 0
porchlight_glass
0  0.805682 0.000002 7.431253  0.944104 -0.000000 -0.329647  1.000000 0.500000 0
0  0.991838 0.000002 7.964399  0.994107 -0.000006 -0.108403  1.000000 0.583333 0
0  0.916339 -0.379558 7.964399  0.918432 -0.380435 -0.108403  0.937500 0.583333 0
porchlight_glass
0  0.991838 0.000002 7.964399  0.994107 -0.000006 -0.108403  1.000000 0.583333 0
0  1.002094 0.000002 9.117397  0.999960 0.000000 -0.008895  1.000000 0.666667 0
0  0.925814 -0.383483 9.117397  0.923843 -0.382668 -0.008895  0.937500 0.666667 0
porchlight_glass
0  1.002094 0.000002 9.117397  0.999960 0.000000 -0.008895  1.000000 0.666667 0
0  1.012350 0.000002 10.270395  0.999960 -0.000000 -0.008895  1.000000 0.750000 0
0  0.935290 -0.387407 10.270395  0.923843 -0.382669 -0.008895  0.937500 0.750000 0
porchlight_glass
0  1.012350 0.000002 10.270395  0.999960 -0.000000 -0.008895  1.000000 0.750000 0
0  1.022607 0.000003 11.423392  0.999960 0.000000 -0.008895  1.000000 0.833333 0
0  0.944765 -0.391332 11.423392  0.923843 -0.382668 -0.008895  0.937500 0.833333 0
porchlight_glass
0  1.022607 0.000003 11.423392  0.999960 0.000000 -0.008895  1.000000 0.833333 0
0  1.032863 0.000003 12.576391  0.995740 0.000004 0.092206  1.000000 0.916667 0
0  0.954241 -0.395257 12.576391  0.919945 -0.381050 0.092206  0.937500 0.916667 0
end
