version 1
nodes
0 "root" -1
end
skeleton
time 0
0 0 0 0 0 0 0
end
triangles
beerkeg
0  2.228976 0.923276 19.552397  0.921971 0.381891 0.064257  0.167228 0.789831 0
0  1.364642 1.364645 19.651806  0.463467 0.463471 0.755244  0.178069 0.781610 0
0  1.782990 0.738542 19.651806  0.605549 0.250830 0.755245  0.166699 0.782150 0
beerkeg
0  0.000000 -0.000003 -17.320127  0.000001 -0.000000 -1.000000  0.445351 0.745619 0
0  -0.342311 0.342307 -17.275925  0.126413 -0.124217 -0.984170  0.441973 0.748416 0
0  -0.185257 0.447247 -17.257366  0.113501 -0.098644 -0.988629  0.443050 0.749419 0
beerkeg
0  0.000000 -0.000003 -17.320127  0.000001 -0.000000 -1.000000  0.445351 0.745619 0
0  0.000000 -0.484102 -17.250608  0.000658 0.120935 -0.992660  0.444100 0.741258 0
0  -0.185257 -0.447252 -17.257366  0.114850 0.099878 -0.988349  0.442792 0.741990 0
beerkeg
0  0.000000 1.929898 19.651806  0.000000 0.655444 0.755243  0.194574 0.775332 0
0  0.923272 2.228979 19.552397  0.381890 0.921972 0.064250  0.189572 0.784295 0
0  0.000000 2.412630 19.552397  -0.000004 0.997934 0.064250  0.197626 0.779308 0
beerkeg
0  -1.929894 0.000003 19.651810  -0.655453 -0.000002 0.755236  0.207144 0.751869 0
0  -1.742152 0.721626 19.831129  -0.870572 0.360601 -0.334771  0.204628 0.757812 0
0  -1.782990 0.738542 19.651806  -0.605549 0.250830 0.755245  0.206120 0.758188 0
beerkeg
0  -1.782990 0.738542 19.651806  -0.605549 0.250830 0.755245  0.206120 0.758188 0
0  -1.333385 1.333389 19.831129  -0.666304 0.666307 -0.334773  0.202546 0.763700 0
0  -1.364642 1.364645 19.651806  -0.463468 0.463470 0.755244  0.203939 0.764420 0
beerkeg
0  -0.185257 0.447247 -17.257366  0.113501 -0.098644 -0.988629  0.443050 0.749419 0
0  0.000000 0.751739 -17.341619  0.000416 -0.374634 -0.927173  0.443734 0.752182 0
0  0.000000 0.484096 -17.250608  -0.000658 -0.120935 -0.992660  0.444407 0.750058 0
beerkeg
0  2.324038 0.962652 19.563501  0.910489 0.383367 -0.155049  0.171630 0.760986 0
0  1.776308 1.776311 20.350170  0.646810 0.646810 -0.404072  0.177043 0.770061 0
0  2.320858 0.961335 20.350170  0.845098 0.350050 -0.404073  0.167735 0.768213 0
beerkeg
0  0.000000 -0.000003 -17.320127  0.000001 -0.000000 -1.000000  0.445351 0.745619 0
0  -0.342311 -0.342312 -17.275925  0.124220 0.126414 -0.984169  0.441787 0.743064 0
0  -0.447250 -0.185259 -17.257366  0.098642 0.113502 -0.988629  0.441197 0.744375 0
beerkeg
0  0.000000 0.484096 -17.250608  -0.000658 -0.120935 -0.992660  0.444407 0.750058 0
0  0.185257 0.447247 -17.257366  -0.113094 -0.099393 -0.988600  0.445960 0.750242 0
0  0.000000 -0.000003 -17.320127  0.000001 -0.000000 -1.000000  0.445351 0.745619 0
beerkeg
0  -3.266846 -0.649812 20.777380  -0.876519 -0.174350 0.448683  0.691734 0.750802 0
0  -3.077302 -1.274656 20.777380  -0.812819 -0.336682 0.475364  0.691540 0.749734 0
0  -2.725049 -1.128750 20.755989  0.300004 0.124266 0.945810  0.691154 0.749867 0
beerkeg
0  -0.751743 -0.000003 -17.341619  0.374638 0.000417 -0.927171  0.439000 0.745839 0
0  -0.956755 -0.396303 -17.488737  0.301131 0.208521 -0.930505  0.437172 0.743262 0
0  -1.035584 -0.000003 -17.471062  0.340057 0.001249 -0.940404  0.436887 0.745912 0
beerkeg
0  -0.342311 0.342307 -17.275925  0.126413 -0.124217 -0.984170  0.441973 0.748416 0
0  -0.287680 0.694516 -17.353277  0.212705 -0.334411 -0.918110  0.441786 0.751161 0
0  -0.185257 0.447247 -17.257366  0.113501 -0.098644 -0.988629  0.443050 0.749419 0
beerkeg
0  -0.447250 0.185253 -17.257366  0.099874 -0.114850 -0.988350  0.441293 0.747148 0
0  0.000000 -0.000003 -17.320127  0.000001 -0.000000 -1.000000  0.445351 0.745619 0
0  -0.484100 -0.000003 -17.250608  0.120932 -0.000653 -0.992661  0.441026 0.745769 0
beerkeg
0  0.000000 -0.000003 -17.320127  0.000001 -0.000000 -1.000000  0.445351 0.745619 0
0  -0.185257 -0.447252 -17.257366  0.114850 0.099878 -0.988349  0.442792 0.741990 0
0  -0.342311 -0.342312 -17.275925  0.124220 0.126414 -0.984169  0.441787 0.743064 0
beerkeg
0  1.250878 0.518127 -17.588095  -0.094364 -0.140947 -0.985510  0.453881 0.756220 0
0  1.388928 1.388924 -17.709002  0.124400 0.135013 -0.983004  0.450181 0.762182 0
0  1.814722 0.751678 -17.596067  0.277854 -0.002380 -0.960620  0.456010 0.761021 0
beerkeg
0  -0.694520 -0.287681 -17.353277  0.334414 0.212704 -0.918109  0.439221 0.743819 0
0  -0.732269 -0.732271 -17.535799  0.285123 0.281153 -0.916328  0.438120 0.740773 0
0  -0.956755 -0.396303 -17.488737  0.301131 0.208521 -0.930505  0.437172 0.743262 0
beerkeg
0  -0.447250 0.185253 -17.257366  0.099874 -0.114850 -0.988350  0.441293 0.747148 0
0  -0.531562 0.531558 -17.384787  0.302304 -0.303848 -0.903487  0.440257 0.749696 0
0  -0.342311 0.342307 -17.275925  0.126413 -0.124217 -0.984170  0.441973 0.748416 0
beerkeg
0  0.000000 -0.000003 -17.320127  0.000001 -0.000000 -1.000000  0.445351 0.745619 0
0  0.447250 0.185253 -17.257366  -0.099126 -0.115260 -0.988377  0.449109 0.748932 0
0  0.484100 -0.000003 -17.250608  -0.120935 0.000653 -0.992660  0.450276 0.747401 0
beerkeg
0  0.000000 -0.000003 -17.320127  0.000001 -0.000000 -1.000000  0.445351 0.745619 0
0  0.185257 -0.447252 -17.257366  -0.113501 0.098644 -0.988629  0.445636 0.740967 0
0  0.000000 -0.484102 -17.250608  0.000658 0.120935 -0.992660  0.444100 0.741258 0
beerkeg
0  -0.531562 -0.531564 -17.384787  0.303848 0.302305 -0.903486  0.439988 0.741906 0
0  -0.396301 -0.956757 -17.488737  0.206908 0.300963 -0.930919  0.439902 0.738684 0
0  -0.732269 -0.732271 -17.535799  0.285123 0.281153 -0.916328  0.438120 0.740773 0
beerkeg
0  -0.484100 -0.000003 -17.250608  0.120932 -0.000653 -0.992661  0.441026 0.745769 0
0  -0.694520 0.287676 -17.353277  0.332141 -0.211397 -0.919235  0.439360 0.747840 0
0  -0.447250 0.185253 -17.257366  0.099874 -0.114850 -0.988350  0.441293 0.747148 0
beerkeg
0  0.000000 -0.000003 -17.320127  0.000001 -0.000000 -1.000000  0.445351 0.745619 0
0  -0.447250 -0.185259 -17.257366  0.098642 0.113502 -0.988629  0.441197 0.744375 0
0  -0.484100 -0.000003 -17.250608  0.120932 -0.000653 -0.992661  0.441026 0.745769 0
beerkeg
0  0.000000 -0.000003 -17.320127  0.000001 -0.000000 -1.000000  0.445351 0.745619 0
0  0.342311 -0.342312 -17.275925  -0.126410 0.124217 -0.984170  0.447294 0.741191 0
0  0.185257 -0.447252 -17.257366  -0.113501 0.098644 -0.988629  0.445636 0.740967 0
beerkeg
0  -0.287680 -0.694521 -17.353277  0.211396 0.332140 -0.919236  0.441412 0.740340 0
0  0.000000 -1.035586 -17.471062  -0.001249 0.340060 -0.940403  0.442305 0.737044 0
0  -0.396301 -0.956757 -17.488737  0.206908 0.300963 -0.930919  0.439902 0.738684 0
beerkeg
0  -0.447250 -0.185259 -17.257366  0.098642 0.113502 -0.988629  0.441197 0.744375 0
0  -0.751743 -0.000003 -17.341619  0.374638 0.000417 -0.927171  0.439000 0.745839 0
0  -0.484100 -0.000003 -17.250608  0.120932 -0.000653 -0.992661  0.441026 0.745769 0
beerkeg
0  0.000000 -0.751745 -17.341619  -0.000418 0.374634 -0.927173  0.443282 0.739188 0
0  0.396301 -0.956757 -17.488737  -0.208519 0.301127 -0.930507  0.445234 0.736121 0
0  0.000000 -1.035586 -17.471062  -0.001249 0.340060 -0.940403  0.442305 0.737044 0
beerkeg
0  -0.342311 -0.342312 -17.275925  0.124220 0.126414 -0.984169  0.441787 0.743064 0
0  -0.694520 -0.287681 -17.353277  0.334414 0.212704 -0.918109  0.439221 0.743819 0
0  -0.447250 -0.185259 -17.257366  0.098642 0.113502 -0.988629  0.441197 0.744375 0
beerkeg
0  0.000000 -0.000003 -17.320127  0.000001 -0.000000 -1.000000  0.445351 0.745619 0
0  0.342311 0.342307 -17.275925  -0.126413 -0.124217 -0.984170  0.447601 0.749903 0
0  0.447250 0.185253 -17.257366  -0.099126 -0.115260 -0.988377  0.449109 0.748932 0
beerkeg
0  0.287680 -0.694521 -17.353277  -0.212707 0.334411 -0.918109  0.445516 0.738607 0
0  0.732269 -0.732271 -17.535799  -0.281154 0.285119 -0.916329  0.448483 0.736022 0
0  0.396301 -0.956757 -17.488737  -0.208519 0.301127 -0.930507  0.445234 0.736121 0
beerkeg
0  -0.185257 -0.447252 -17.257366  0.114850 0.099878 -0.988349  0.442792 0.741990 0
0  -0.531562 -0.531564 -17.384787  0.303848 0.302305 -0.903486  0.439988 0.741906 0
0  -0.342311 -0.342312 -17.275925  0.124220 0.126414 -0.984169  0.441787 0.743064 0
beerkeg
0  0.447250 0.185253 -17.257366  -0.099126 -0.115260 -0.988377  0.449109 0.748932 0
0  0.531562 0.531558 -17.384787  -0.304608 -0.301544 -0.903485  0.448458 0.752347 0
0  0.694520 0.287676 -17.353277  -0.332730 -0.213453 -0.918547  0.450816 0.751074 0
beerkeg
0  0.531562 -0.531564 -17.384787  -0.302304 0.303848 -0.903487  0.447978 0.738695 0
0  0.956755 -0.396303 -17.488737  -0.300963 0.206906 -0.930920  0.451841 0.737213 0
0  0.732269 -0.732271 -17.535799  -0.281154 0.285119 -0.916329  0.448483 0.736022 0
beerkeg
0  0.000000 -0.484102 -17.250608  0.000658 0.120935 -0.992660  0.444100 0.741258 0
0  -0.287680 -0.694521 -17.353277  0.211396 0.332140 -0.919236  0.441412 0.740340 0
0  -0.185257 -0.447252 -17.257366  0.114850 0.099878 -0.988349  0.442792 0.741990 0
beerkeg
0  0.000000 0.484096 -17.250608  -0.000658 -0.120935 -0.992660  0.444407 0.750058 0
0  0.000000 -0.000003 -17.320127  0.000001 -0.000000 -1.000000  0.445351 0.745619 0
0  -0.185257 0.447247 -17.257366  0.113501 -0.098644 -0.988629  0.443050 0.749419 0
beerkeg
0  -0.732269 0.732265 -17.535799  0.281154 -0.285119 -0.916329  0.438470 0.750956 0
0  -1.250878 0.518127 -17.588095  0.094579 -0.135675 -0.986229  0.435339 0.749198 0
0  -0.957381 0.957377 -17.655037  0.137390 -0.144462 -0.979926  0.436686 0.752154 0
beerkeg
0  0.185257 -0.447252 -17.257366  -0.113501 0.098644 -0.988629  0.445636 0.740967 0
0  0.000000 -0.751745 -17.341619  -0.000418 0.374634 -0.927173  0.443282 0.739188 0
0  0.000000 -0.484102 -17.250608  0.000658 0.120935 -0.992660  0.444100 0.741258 0
beerkeg
0  0.000000 1.964236 -17.551966  0.003541 0.288479 -0.957480  0.440191 0.760193 0
0  0.518131 1.250874 -17.588095  -0.135677 -0.094578 -0.986229  0.445628 0.757636 0
0  0.000000 1.353937 -17.562580  0.002273 -0.115015 -0.993361  0.441974 0.756575 0
beerkeg
0  0.342311 -0.342312 -17.275925  -0.126410 0.124217 -0.984170  0.447294 0.741191 0
0  0.287680 -0.694521 -17.353277  -0.212707 0.334411 -0.918109  0.445516 0.738607 0
0  0.185257 -0.447252 -17.257366  -0.113501 0.098644 -0.988629  0.445636 0.740967 0
beerkeg
0  0.447250 -0.185259 -17.257366  -0.099881 0.114850 -0.988349  0.448865 0.742053 0
0  0.342311 -0.342312 -17.275925  -0.126410 0.124217 -0.984170  0.447294 0.741191 0
0  0.000000 -0.000003 -17.320127  0.000001 -0.000000 -1.000000  0.445351 0.745619 0
beerkeg
0  -0.878621 2.121183 19.510302  -0.106407 0.256891 -0.960565  0.204618 0.773876 0
0  -1.705984 1.705988 19.552397  -0.705649 0.705643 0.064254  0.207784 0.766285 0
0  -0.923272 2.228979 19.552397  -0.381891 0.921972 0.064249  0.203656 0.773149 0
beerkeg
0  0.447250 -0.185259 -17.257366  -0.099881 0.114850 -0.988349  0.448865 0.742053 0
0  0.531562 -0.531564 -17.384787  -0.302304 0.303848 -0.903487  0.447978 0.738695 0
0  0.342311 -0.342312 -17.275925  -0.126410 0.124217 -0.984170  0.447294 0.741191 0
beerkeg
0  0.484100 -0.000003 -17.250608  -0.120935 0.000653 -0.992660  0.450135 0.743496 0
0  0.694520 -0.287681 -17.353277  -0.332141 0.211397 -0.919235  0.450415 0.739799 0
0  0.447250 -0.185259 -17.257366  -0.099881 0.114850 -0.988349  0.448865 0.742053 0
beerkeg
0  -0.531562 0.531558 -17.384787  0.302304 -0.303848 -0.903487  0.440257 0.749696 0
0  -0.956755 0.396297 -17.488737  0.300963 -0.206906 -0.930919  0.437353 0.748537 0
0  -0.732269 0.732265 -17.535799  0.281154 -0.285119 -0.916329  0.438470 0.750956 0
beerkeg
0  1.457266 3.518146 -16.443260  0.149356 0.655596 -0.740193  0.440624 0.774528 0
0  2.140902 2.140897 -17.267035  0.330621 0.340517 -0.880192  0.450265 0.770030 0
0  1.158648 2.797218 -17.045675  0.105949 0.543162 -0.832916  0.442745 0.769195 0
beerkeg
0  0.694520 -0.287681 -17.353277  -0.332141 0.211397 -0.919235  0.450415 0.739799 0
0  1.035584 -0.000003 -17.471062  -0.339794 -0.000000 -0.940500  0.455029 0.739588 0
0  0.956755 -0.396303 -17.488737  -0.300963 0.206906 -0.930920  0.451841 0.737213 0
beerkeg
0  0.694520 0.287676 -17.353277  -0.332730 -0.213453 -0.918547  0.450816 0.751074 0
0  0.732269 0.732265 -17.535799  -0.285123 -0.281153 -0.916328  0.449150 0.754983 0
0  0.956755 0.396297 -17.488737  -0.300359 -0.209570 -0.930519  0.452421 0.753558 0
beerkeg
0  -0.738539 1.782993 19.651806  -0.250827 0.605553 0.755243  0.200115 0.770247 0
0  0.000000 1.885695 19.831129  0.000000 0.942299 -0.334771  0.193586 0.773871 0
0  0.000000 1.929898 19.651806  0.000000 0.655444 0.755243  0.194574 0.775332 0
beerkeg
0  0.000000 2.295952 19.510302  -0.000001 0.278057 -0.960565  0.198486 0.780392 0
0  0.828792 2.000883 19.483940  0.132444 0.319750 -0.938199  0.190880 0.786938 0
0  0.000000 2.165740 19.483940  0.000000 0.346095 -0.938199  0.199405 0.781513 0
beerkeg
0  0.751743 -0.000003 -17.341619  -0.374138 0.000264 -0.927373  0.452855 0.748945 0
0  0.447250 0.185253 -17.257366  -0.099126 -0.115260 -0.988377  0.449109 0.748932 0
0  0.694520 0.287676 -17.353277  -0.332730 -0.213453 -0.918547  0.450816 0.751074 0
beerkeg
0  0.000000 -0.000003 -17.320127  0.000001 -0.000000 -1.000000  0.445351 0.745619 0
0  0.185257 0.447247 -17.257366  -0.113094 -0.099393 -0.988600  0.445960 0.750242 0
0  0.342311 0.342307 -17.275925  -0.126413 -0.124217 -0.984170  0.447601 0.749903 0
beerkeg
0  -1.705984 1.705988 19.552397  -0.705649 0.705643 0.064254  0.207784 0.766285 0
0  -1.782990 0.738542 19.651806  -0.605549 0.250830 0.755245  0.206120 0.758188 0
0  -1.364642 1.364645 19.651806  -0.463468 0.463470 0.755244  0.203939 0.764420 0
beerkeg
0  -0.738539 1.782993 19.651806  -0.250827 0.605553 0.755243  0.200115 0.770247 0
0  0.000000 2.412630 19.552397  -0.000004 0.997934 0.064250  0.197626 0.779308 0
0  -0.923272 2.228979 19.552397  -0.381891 0.921972 0.064249  0.203656 0.773149 0
beerkeg
0  -0.694520 0.287676 -17.353277  0.332141 -0.211397 -0.919235  0.439360 0.747840 0
0  -1.035584 -0.000003 -17.471062  0.340057 0.001249 -0.940404  0.436887 0.745912 0
0  -0.956755 0.396297 -17.488737  0.300963 -0.206906 -0.930919  0.437353 0.748537 0
beerkeg
0  -1.035584 -0.000003 -17.471062  0.340057 0.001249 -0.940404  0.436887 0.745912 0
0  -1.250878 -0.518132 -17.588095  0.096037 0.139193 -0.985597  0.435117 0.742741 0
0  -1.353940 -0.000003 -17.562580  0.115013 0.002272 -0.993361  0.434784 0.745984 0
beerkeg
0  -0.956755 -0.396303 -17.488737  0.301131 0.208521 -0.930505  0.437172 0.743262 0
0  -0.957381 -0.957382 -17.655037  0.144462 0.137391 -0.979926  0.436259 0.739701 0
0  -1.250878 -0.518132 -17.588095  0.096037 0.139193 -0.985597  0.435117 0.742741 0
beerkeg
0  -0.732269 -0.732271 -17.535799  0.285123 0.281153 -0.916328  0.438120 0.740773 0
0  -0.518131 -1.250880 -17.588095  0.135675 0.094578 -0.986229  0.438342 0.737067 0
0  -0.957381 -0.957382 -17.655037  0.144462 0.137391 -0.979926  0.436259 0.739701 0
beerkeg
0  -0.396301 -0.956757 -17.488737  0.206908 0.300963 -0.930919  0.439902 0.738684 0
0  0.000000 -1.353943 -17.562580  -0.002273 0.115015 -0.993361  0.441226 0.734932 0
0  -0.518131 -1.250880 -17.588095  0.135675 0.094578 -0.986229  0.438342 0.737067 0
beerkeg
0  0.000000 -1.035586 -17.471062  -0.001249 0.340060 -0.940403  0.442305 0.737044 0
0  0.518131 -1.250880 -17.588095  -0.139194 0.096039 -0.985597  0.444792 0.733624 0
0  0.000000 -1.353943 -17.562580  -0.002273 0.115015 -0.993361  0.441226 0.734932 0
beerkeg
0  0.396301 -0.956757 -17.488737  -0.208519 0.301127 -0.930507  0.445234 0.736121 0
0  0.957381 -0.957382 -17.655037  -0.137390 0.144462 -0.979926  0.448804 0.733315 0
0  0.518131 -1.250880 -17.588095  -0.139194 0.096039 -0.985597  0.444792 0.733624 0
beerkeg
0  0.732269 -0.732271 -17.535799  -0.281154 0.285119 -0.916329  0.448483 0.736022 0
0  1.250878 -0.518132 -17.588095  -0.094579 0.135675 -0.986229  0.453108 0.734460 0
0  0.957381 -0.957382 -17.655037  -0.137390 0.144462 -0.979926  0.448804 0.733315 0
beerkeg
0  -1.250878 0.518127 -17.588095  0.094579 -0.135675 -0.986229  0.435339 0.749198 0
0  -1.964240 -0.000003 -17.551966  -0.288479 0.003542 -0.957480  0.431252 0.746105 0
0  -1.814722 0.751678 -17.596067  -0.277645 0.006417 -0.960662  0.431952 0.750245 0
beerkeg
0  0.956755 -0.396303 -17.488737  -0.300963 0.206906 -0.930920  0.451841 0.737213 0
0  1.353940 -0.000003 -17.562580  -0.114159 -0.000000 -0.993463  0.457368 0.737144 0
0  1.250878 -0.518132 -17.588095  -0.094579 0.135675 -0.986229  0.453108 0.734460 0
beerkeg
0  0.396301 0.956752 -17.488737  -0.206907 -0.300963 -0.930919  0.445896 0.755110 0
0  0.531562 0.531558 -17.384787  -0.304608 -0.301544 -0.903485  0.448458 0.752347 0
0  0.287680 0.694516 -17.353277  -0.211106 -0.333071 -0.918966  0.446005 0.752608 0
beerkeg
0  -2.228976 0.923276 19.552397  -0.921971 0.381891 0.064257  0.210180 0.759141 0
0  -1.929894 0.000003 19.651810  -0.655453 -0.000002 0.755236  0.207144 0.751869 0
0  -1.782990 0.738542 19.651806  -0.605549 0.250830 0.755245  0.206120 0.758188 0
beerkeg
0  0.000000 2.165740 19.483940  0.000000 0.346095 -0.938199  0.199405 0.781513 0
0  0.789376 1.905724 19.421104  0.376076 0.907931 -0.185010  0.191544 0.788211 0
0  0.000000 2.062741 19.421104  0.000000 0.982737 -0.185011  0.200283 0.782536 0
beerkeg
0  1.035584 -0.000003 -17.471062  -0.339794 -0.000000 -0.940500  0.455440 0.750961 0
0  0.694520 0.287676 -17.353277  -0.332730 -0.213453 -0.918547  0.450816 0.751074 0
0  0.956755 0.396297 -17.488737  -0.300359 -0.209570 -0.930519  0.452421 0.753558 0
beerkeg
0  -1.623480 1.623484 19.510302  -0.196622 0.196616 -0.960563  0.208809 0.766743 0
0  -2.228976 0.923276 19.552397  -0.921971 0.381891 0.064257  0.210180 0.759141 0
0  -1.705984 1.705988 19.552397  -0.705649 0.705643 0.064254  0.207784 0.766285 0
beerkeg
0  -0.923272 2.228979 19.552397  -0.381891 0.921972 0.064249  0.203656 0.773149 0
0  0.000000 2.295952 19.510302  -0.000001 0.278057 -0.960565  0.198486 0.780392 0
0  -0.878621 2.121183 19.510302  -0.106407 0.256891 -0.960565  0.204618 0.773876 0
beerkeg
0  -1.250878 -0.518132 -17.588095  0.096037 0.139193 -0.985597  0.435117 0.742741 0
0  -1.388928 -1.388929 -17.709002  -0.124400 -0.135013 -0.983004  0.433184 0.738027 0
0  -1.814722 -0.751684 -17.596067  -0.275601 -0.000365 -0.961272  0.431669 0.741927 0
beerkeg
0  -0.956755 0.396297 -17.488737  0.300963 -0.206906 -0.930919  0.437353 0.748537 0
0  -1.353940 -0.000003 -17.562580  0.115013 0.002272 -0.993361  0.434784 0.745984 0
0  -1.250878 0.518127 -17.588095  0.094579 -0.135675 -0.986229  0.435339 0.749198 0
beerkeg
0  -0.957381 -0.957382 -17.655037  0.144462 0.137391 -0.979926  0.436259 0.739701 0
0  -0.751682 -1.814723 -17.596067  -0.006420 -0.277644 -0.960663  0.435627 0.734442 0
0  -1.388928 -1.388929 -17.709002  -0.124400 -0.135013 -0.983004  0.433184 0.738027 0
beerkeg
0  0.287680 0.694516 -17.353277  -0.211106 -0.333071 -0.918966  0.446005 0.752608 0
0  0.342311 0.342307 -17.275925  -0.126413 -0.124217 -0.984170  0.447601 0.749903 0
0  0.185257 0.447247 -17.257366  -0.113094 -0.099393 -0.988600  0.445960 0.750242 0
beerkeg
0  -0.518131 -1.250880 -17.588095  0.135675 0.094578 -0.986229  0.438342 0.737067 0
0  0.000000 -1.964242 -17.551966  -0.003540 -0.288479 -0.957480  0.439201 0.731450 0
0  -0.751682 -1.814723 -17.596067  -0.006420 -0.277644 -0.960663  0.435627 0.734442 0
beerkeg
0  0.000000 0.484096 -17.250608  -0.000658 -0.120935 -0.992660  0.444407 0.750058 0
0  0.287680 0.694516 -17.353277  -0.211106 -0.333071 -0.918966  0.446005 0.752608 0
0  0.185257 0.447247 -17.257366  -0.113094 -0.099393 -0.988600  0.445960 0.750242 0
beerkeg
0  0.000000 -1.353943 -17.562580  -0.002273 0.115015 -0.993361  0.441226 0.734932 0
0  0.751682 -1.814723 -17.596067  0.000364 -0.275602 -0.961272  0.443750 0.729441 0
0  0.000000 -1.964242 -17.551966  -0.003540 -0.288479 -0.957480  0.439201 0.731450 0
beerkeg
0  0.518131 -1.250880 -17.588095  -0.139194 0.096039 -0.985597  0.444792 0.733624 0
0  1.388928 -1.388929 -17.709002  0.135013 -0.124399 -0.983004  0.449011 0.728782 0
0  0.751682 -1.814723 -17.596067  0.000364 -0.275602 -0.961272  0.443750 0.729441 0
beerkeg
0  0.957381 -0.957382 -17.655037  -0.137390 0.144462 -0.979926  0.448804 0.733315 0
0  1.814722 -0.751684 -17.596067  0.277644 -0.006417 -0.960663  0.454894 0.729534 0
0  1.388928 -1.388929 -17.709002  0.135013 -0.124399 -0.983004  0.449011 0.728782 0
beerkeg
0  1.250878 -0.518132 -17.588095  -0.094579 0.135675 -0.986229  0.453108 0.734460 0
0  1.964240 -0.000003 -17.551966  0.289682 -0.000000 -0.957123  0.461099 0.732432 0
0  1.814722 -0.751684 -17.596067  0.277644 -0.006417 -0.960663  0.454894 0.729534 0
beerkeg
0  0.000000 1.964236 -17.551966  0.003541 0.288479 -0.957480  0.440191 0.760193 0
0  -1.158648 2.797218 -17.045675  -0.101606 0.543989 -0.832918  0.431803 0.762152 0
0  0.000000 3.027688 -16.956224  0.003292 0.572716 -0.819747  0.436513 0.766385 0
beerkeg
0  1.158648 2.797218 -17.045675  0.105949 0.543162 -0.832916  0.442745 0.769195 0
0  1.388928 1.388924 -17.709002  0.124400 0.135013 -0.983004  0.450181 0.762182 0
0  0.751682 1.814718 -17.596067  0.006419 0.277644 -0.960663  0.444876 0.761888 0
beerkeg
0  0.518131 1.250874 -17.588095  -0.135677 -0.094578 -0.986229  0.445628 0.757636 0
0  0.732269 0.732265 -17.535799  -0.285123 -0.281153 -0.916328  0.449150 0.754983 0
0  0.396301 0.956752 -17.488737  -0.206907 -0.300963 -0.930919  0.445896 0.755110 0
beerkeg
0  -2.412626 0.000003 19.552393  -0.997935 -0.000008 0.064228  0.210931 0.751865 0
0  -1.782990 -0.738536 19.651806  -0.605554 -0.250828 0.755241  0.205949 0.745562 0
0  -1.929894 0.000003 19.651810  -0.655453 -0.000002 0.755236  0.207144 0.751869 0
beerkeg
0  0.000000 2.062741 19.421104  0.000000 0.982737 -0.185011  0.200283 0.782536 0
0  0.845871 2.042116 19.241180  0.205208 0.495416 0.844069  0.192975 0.790895 0
0  0.000000 2.210371 19.241180  0.000000 0.536235 0.844069  0.202041 0.784571 0
beerkeg
0  0.751682 1.814718 -17.596067  0.006419 0.277644 -0.960663  0.444876 0.761888 0
0  0.957381 0.957377 -17.655037  -0.144462 -0.137391 -0.979926  0.449659 0.757666 0
0  0.518131 1.250874 -17.588095  -0.135677 -0.094578 -0.986229  0.445628 0.757636 0
beerkeg
0  -1.531407 1.531410 19.483940  -0.244730 0.244725 -0.938199  0.209929 0.767257 0
0  -2.121179 0.878625 19.510302  -0.256894 0.106409 -0.960564  0.211156 0.759352 0
0  -1.623480 1.623484 19.510302  -0.196622 0.196616 -0.960563  0.208809 0.766743 0
beerkeg
0  -0.878621 2.121183 19.510302  -0.106407 0.256891 -0.960565  0.204618 0.773876 0
0  0.000000 2.165740 19.483940  0.000000 0.346095 -0.938199  0.199405 0.781513 0
0  -0.828792 2.000883 19.483940  -0.132444 0.319750 -0.938200  0.205667 0.774682 0
beerkeg
0  -1.353940 -0.000003 -17.562580  0.115013 0.002272 -0.993361  0.434784 0.745984 0
0  -1.814722 -0.751684 -17.596067  -0.275601 -0.000365 -0.961272  0.431669 0.741927 0
0  -1.964240 -0.000003 -17.551966  -0.288479 0.003542 -0.957480  0.431252 0.746105 0
beerkeg
0  0.000000 1.035581 -17.471062  0.001251 -0.340060 -0.940403  0.442906 0.754391 0
0  0.287680 0.694516 -17.353277  -0.211106 -0.333071 -0.918966  0.446005 0.752608 0
0  0.000000 0.751739 -17.341619  0.000416 -0.374634 -0.927173  0.443734 0.752182 0
beerkeg
0  0.000000 0.751739 -17.341619  0.000416 -0.374634 -0.927173  0.443734 0.752182 0
0  -0.396301 0.956752 -17.488737  0.208520 -0.301127 -0.930506  0.440393 0.752919 0
0  0.000000 1.035581 -17.471062  0.001251 -0.340060 -0.940403  0.442906 0.754391 0
beerkeg
0  -1.964240 -0.000003 -17.551966  -0.288479 0.003542 -0.957480  0.431252 0.746105 0
0  -2.797222 -1.158649 -17.045677  -0.543989 -0.101605 -0.832918  0.425670 0.740715 0
0  -3.027692 -0.000003 -16.956221  -0.572715 0.003292 -0.819748  0.425029 0.746316 0
beerkeg
0  1.964240 -0.000003 -17.551966  0.289682 -0.000000 -0.957123  0.462011 0.757688 0
0  1.250878 0.518127 -17.588095  -0.094364 -0.140947 -0.985510  0.453881 0.756220 0
0  1.814722 0.751678 -17.596067  0.277854 -0.002380 -0.960620  0.456010 0.761021 0
beerkeg
0  -2.000879 0.828795 19.483940  -0.319746 0.132444 -0.938201  0.212280 0.759592 0
0  -2.295948 0.000003 19.510302  -0.278036 -0.000002 -0.960571  0.211999 0.751869 0
0  -2.121179 0.878625 19.510302  -0.256894 0.106409 -0.960564  0.211156 0.759352 0
beerkeg
0  0.000000 2.210371 19.241180  0.000000 0.536235 0.844069  0.202041 0.784571 0
0  1.118690 2.700759 19.013954  0.113802 0.274741 0.954760  0.198509 0.798831 0
0  0.000000 2.923281 19.013954  -0.000000 0.297378 0.954760  0.207996 0.790342 0
beerkeg
0  -1.458575 1.458579 19.421104  -0.694901 0.694898 -0.185009  0.211004 0.767717 0
0  -2.000879 0.828795 19.483940  -0.319746 0.132444 -0.938201  0.212280 0.759592 0
0  -1.531407 1.531410 19.483940  -0.244730 0.244725 -0.938199  0.209929 0.767257 0
beerkeg
0  -0.828792 2.000883 19.483940  -0.132444 0.319750 -0.938200  0.205667 0.774682 0
0  0.000000 2.062741 19.421104  0.000000 0.982737 -0.185011  0.200283 0.782536 0
0  -0.789376 1.905724 19.421104  -0.376075 0.907931 -0.185011  0.206684 0.775417 0
beerkeg
0  -1.388928 -1.388929 -17.709002  -0.124400 -0.135013 -0.983004  0.433184 0.738027 0
0  -1.158648 -2.797224 -17.045675  -0.105949 -0.543162 -0.832916  0.430712 0.730071 0
0  -2.140902 -2.140903 -17.267035  -0.330622 -0.340517 -0.880192  0.427944 0.735401 0
beerkeg
0  -0.751682 -1.814723 -17.596067  -0.006420 -0.277644 -0.960663  0.435627 0.734442 0
0  0.000000 -3.027694 -16.956224  -0.003292 -0.572716 -0.819747  0.435115 0.725536 0
0  -1.158648 -2.797224 -17.045675  -0.105949 -0.543162 -0.832916  0.430712 0.730071 0
beerkeg
0  0.000000 -1.964242 -17.551966  -0.003540 -0.288479 -0.957480  0.439201 0.731450 0
0  1.158648 -2.797224 -17.045675  0.101606 -0.543989 -0.832918  0.441127 0.722313 0
0  0.000000 -3.027694 -16.956224  -0.003292 -0.572716 -0.819747  0.435115 0.725536 0
beerkeg
0  0.000000 1.353937 -17.562580  0.002273 -0.115015 -0.993361  0.441974 0.756575 0
0  0.396301 0.956752 -17.488737  -0.206907 -0.300963 -0.930919  0.445896 0.755110 0
0  0.000000 1.035581 -17.471062  0.001251 -0.340060 -0.940403  0.442906 0.754391 0
beerkeg
0  0.751682 -1.814723 -17.596067  0.000364 -0.275602 -0.961272  0.443750 0.729441 0
0  2.140902 -2.140903 -17.267035  0.340517 -0.330622 -0.880192  0.448553 0.720966 0
0  1.158648 -2.797224 -17.045675  0.101606 -0.543989 -0.832918  0.441127 0.722313 0
beerkeg
0  0.000000 1.035581 -17.471062  0.001251 -0.340060 -0.940403  0.442906 0.754391 0
0  -0.518131 1.250874 -17.588095  0.139194 -0.096039 -0.985597  0.438947 0.754641 0
0  0.000000 1.353937 -17.562580  0.002273 -0.115015 -0.993361  0.441974 0.756575 0
beerkeg
0  1.388928 -1.388929 -17.709002  0.135013 -0.124399 -0.983004  0.449011 0.728782 0
0  2.797222 -1.158649 -17.045677  0.543161 -0.105948 -0.832917  0.457047 0.720272 0
0  2.140902 -2.140903 -17.267035  0.340517 -0.330622 -0.880192  0.448553 0.720966 0
beerkeg
0  1.814722 -0.751684 -17.596067  0.277644 -0.006417 -0.960663  0.454894 0.729534 0
0  3.027692 -0.000003 -16.956221  0.572933 0.000000 -0.819602  0.466579 0.722581 0
0  2.797222 -1.158649 -17.045677  0.543161 -0.105948 -0.832917  0.457047 0.720272 0
beerkeg
0  2.797222 1.158644 -17.045677  0.545107 0.098640 -0.832544  0.458810 0.770133 0
0  2.692676 2.692671 -16.764902  0.422774 0.431331 -0.797004  0.449694 0.776012 0
0  3.518151 1.457262 -16.443262  0.657515 0.143453 -0.739659  0.460008 0.777406 0
beerkeg
0  -1.905720 0.789379 19.421104  -0.907930 0.376077 -0.185013  0.213375 0.759811 0
0  -2.165736 0.000003 19.483942  -0.346088 -0.000000 -0.938202  0.213173 0.751852 0
0  -2.000879 0.828795 19.483940  -0.319746 0.132444 -0.938201  0.212280 0.759592 0
beerkeg
0  0.000000 2.923281 19.013954  -0.000000 0.297378 0.954760  0.207996 0.790342 0
0  1.533113 3.701265 18.682817  0.129627 0.312946 0.940883  0.206195 0.808520 0
0  0.000000 4.006221 18.682817  0.000000 0.338730 0.940883  0.216692 0.797525 0
beerkeg
0  3.027692 -0.000003 -16.956221  0.572933 0.000000 -0.819602  0.468185 0.767156 0
0  1.814722 0.751678 -17.596067  0.277854 -0.002380 -0.960620  0.456010 0.761021 0
0  2.797222 1.158644 -17.045677  0.545107 0.098640 -0.832544  0.458810 0.770133 0
beerkeg
0  -1.562966 1.562969 19.241180  -0.379176 0.379175 0.844069  0.213186 0.768592 0
0  -1.905720 0.789379 19.421104  -0.907930 0.376077 -0.185013  0.213375 0.759811 0
0  -1.458575 1.458579 19.421104  -0.694901 0.694898 -0.185009  0.211004 0.767717 0
beerkeg
0  -0.789376 1.905724 19.421104  -0.376075 0.907931 -0.185011  0.206684 0.775417 0
0  0.000000 2.210371 19.241180  0.000000 0.536235 0.844069  0.202041 0.784571 0
0  -0.845871 2.042116 19.241180  -0.205208 0.495416 0.844069  0.208806 0.776916 0
beerkeg
0  -1.814722 -0.751684 -17.596067  -0.275601 -0.000365 -0.961272  0.431669 0.741927 0
0  -2.140902 -2.140903 -17.267035  -0.330622 -0.340517 -0.880192  0.427944 0.735401 0
0  -2.797222 -1.158649 -17.045677  -0.543989 -0.101605 -0.832918  0.425670 0.740715 0
beerkeg
0  0.000000 1.353937 -17.562580  0.002273 -0.115015 -0.993361  0.441974 0.756575 0
0  -0.751682 1.814718 -17.596067  -0.000364 0.275602 -0.961272  0.436415 0.757450 0
0  0.000000 1.964236 -17.551966  0.003541 0.288479 -0.957480  0.440191 0.760193 0
beerkeg
0  -0.518131 1.250874 -17.588095  0.139194 -0.096039 -0.985597  0.438947 0.754641 0
0  -1.388928 1.388924 -17.709002  -0.135013 0.124399 -0.983004  0.433730 0.754036 0
0  -0.751682 1.814718 -17.596067  -0.000364 0.275602 -0.961272  0.436415 0.757450 0
beerkeg
0  0.000000 3.027688 -16.956224  0.003292 0.572716 -0.819747  0.436513 0.766385 0
0  0.751682 1.814718 -17.596067  0.006419 0.277644 -0.960663  0.444876 0.761888 0
0  0.000000 1.964236 -17.551966  0.003541 0.288479 -0.957480  0.440191 0.760193 0
beerkeg
0  -2.042113 0.845875 19.241180  -0.495416 0.205209 0.844069  0.215552 0.760216 0
0  -2.062737 0.000003 19.421104  -0.982737 0.000001 -0.185008  0.214295 0.751836 0
0  -1.905720 0.789379 19.421104  -0.907930 0.376077 -0.185013  0.213375 0.759811 0
beerkeg
0  0.000000 4.006221 18.682817  0.000000 0.338730 0.940883  0.216692 0.797525 0
0  1.973316 4.764008 18.217854  0.167439 0.404235 0.899199  0.214833 0.817070 0
0  0.000000 5.156526 18.217854  0.000000 0.437541 0.899199  0.225284 0.803601 0
beerkeg
0  -2.067070 2.067072 19.013954  -0.210279 0.210278 0.954760  0.220011 0.771413 0
0  -2.042113 0.845875 19.241180  -0.495416 0.205209 0.844069  0.215552 0.760216 0
0  -1.562966 1.562969 19.241180  -0.379176 0.379175 0.844069  0.213186 0.768592 0
beerkeg
0  -0.845871 2.042116 19.241180  -0.205208 0.495416 0.844069  0.208806 0.776916 0
0  0.000000 2.923281 19.013954  -0.000000 0.297378 0.954760  0.207996 0.790342 0
0  -1.118690 2.700759 19.013954  -0.113802 0.274741 0.954760  0.215154 0.781125 0
beerkeg
0  0.000000 3.808015 -16.310106  0.002860 0.690911 -0.722934  0.433428 0.770796 0
0  1.158648 2.797218 -17.045675  0.105949 0.543162 -0.832916  0.442745 0.769195 0
0  0.000000 3.027688 -16.956224  0.003292 0.572716 -0.819747  0.436513 0.766385 0
beerkeg
0  5.987800 2.480224 -14.971867  -0.693306 -0.417944 -0.587068  0.458788 0.805113 0
0  4.870454 4.870448 -16.318396  -0.599616 -0.600992 -0.528459  0.440593 0.804999 0
0  6.363554 2.635867 -15.542887  -0.719363 -0.420491 -0.552904  0.457154 0.809489 0
beerkeg
0  -2.700756 1.118693 19.013954  -0.274741 0.113801 0.954760  0.222467 0.761511 0
0  -2.210367 0.000003 19.241182  -0.536235 -0.000001 0.844069  0.216476 0.751819 0
0  -2.042113 0.845875 19.241180  -0.495416 0.205209 0.844069  0.215552 0.760216 0
beerkeg
0  0.000000 5.156526 18.217854  0.000000 0.437541 0.899199  0.225284 0.803601 0
0  2.516070 6.074330 17.428715  0.217132 0.524204 0.823446  0.225292 0.826113 0
0  0.000000 6.574809 17.428715  -0.000000 0.567394 0.823446  0.235915 0.809859 0
beerkeg
0  -2.832824 2.832826 18.682817  -0.239519 0.239519 0.940883  0.228970 0.774517 0
0  -2.700756 1.118693 19.013954  -0.274741 0.113801 0.954760  0.222467 0.761511 0
0  -2.067070 2.067072 19.013954  -0.210279 0.210278 0.954760  0.220011 0.771413 0
beerkeg
0  -1.118690 2.700759 19.013954  -0.113802 0.274741 0.954760  0.215154 0.781125 0
0  0.000000 4.006221 18.682817  0.000000 0.338730 0.940883  0.216692 0.797525 0
0  -1.533113 3.701265 18.682817  -0.129627 0.312946 0.940883  0.224245 0.786102 0
beerkeg
0  -0.751682 1.814718 -17.596067  -0.000364 0.275602 -0.961272  0.436415 0.757450 0
0  -2.140902 2.140897 -17.267035  -0.340516 0.330622 -0.880192  0.428676 0.757014 0
0  -1.158648 2.797218 -17.045675  -0.101606 0.543989 -0.832918  0.431803 0.762152 0
beerkeg
0  -1.388928 1.388924 -17.709002  -0.135013 0.124399 -0.983004  0.433730 0.754036 0
0  -2.797222 1.158644 -17.045677  -0.543161 0.105948 -0.832917  0.426046 0.751863 0
0  -2.140902 2.140897 -17.267035  -0.340516 0.330622 -0.880192  0.428676 0.757014 0
beerkeg
0  -2.797222 1.158644 -17.045677  -0.543161 0.105948 -0.832917  0.426046 0.751863 0
0  -3.808018 -0.000003 -16.310108  -0.690911 0.002860 -0.722934  0.420432 0.746470 0
0  -3.518151 1.457262 -16.443262  -0.655598 0.149358 -0.740192  0.421642 0.752971 0
beerkeg
0  -3.701262 1.533117 18.682817  -0.312945 0.129626 0.940884  0.231630 0.762963 0
0  -2.923277 0.000003 19.013952  -0.297379 -0.000000 0.954760  0.223380 0.751729 0
0  -2.700756 1.118693 19.013954  -0.274741 0.113801 0.954760  0.222467 0.761511 0
beerkeg
0  0.000000 6.574809 17.428715  -0.000000 0.567394 0.823446  0.235915 0.809859 0
0  3.128046 7.551770 16.132387  0.271431 0.655293 0.704923  0.238482 0.834800 0
0  0.000000 8.173977 16.132387  0.000000 0.709284 0.704923  0.248115 0.815756 0
beerkeg
0  -3.646213 3.646214 18.217854  -0.309388 0.309388 0.899199  0.237520 0.777190 0
0  -3.701262 1.533117 18.682817  -0.312945 0.129626 0.940884  0.231630 0.762963 0
0  -2.832824 2.832826 18.682817  -0.239519 0.239519 0.940883  0.228970 0.774517 0
beerkeg
0  -1.533113 3.701265 18.682817  -0.129627 0.312946 0.940883  0.224245 0.786102 0
0  0.000000 5.156526 18.217854  0.000000 0.437541 0.899199  0.225284 0.803601 0
0  -1.973316 4.764008 18.217854  -0.167440 0.404235 0.899199  0.232731 0.790316 0
beerkeg
0  -2.797222 -1.158649 -17.045677  -0.543989 -0.101605 -0.832918  0.425670 0.740715 0
0  -2.692676 -2.692677 -16.764902  -0.422774 -0.431332 -0.797004  0.423962 0.733572 0
0  -3.518151 -1.457267 -16.443262  -0.656759 -0.146173 -0.739798  0.421204 0.739905 0
beerkeg
0  -2.140902 -2.140903 -17.267035  -0.330622 -0.340517 -0.880192  0.427944 0.735401 0
0  -1.457266 -3.518152 -16.443260  -0.149357 -0.655597 -0.740193  0.426876 0.727003 0
0  -2.692676 -2.692677 -16.764902  -0.422774 -0.431332 -0.797004  0.423962 0.733572 0
beerkeg
0  -1.158648 -2.797224 -17.045675  -0.105949 -0.543162 -0.832916  0.430712 0.730071 0
0  0.000000 -3.808020 -16.310106  -0.002860 -0.690912 -0.722934  0.431745 0.721354 0
0  -1.457266 -3.518152 -16.443260  -0.149357 -0.655597 -0.740193  0.426876 0.727003 0
beerkeg
0  0.000000 -3.027694 -16.956224  -0.003292 -0.572716 -0.819747  0.435115 0.725536 0
0  1.457266 -3.518152 -16.443260  0.146173 -0.656759 -0.739798  0.438652 0.717151 0
0  0.000000 -3.808020 -16.310106  -0.002860 -0.690912 -0.722934  0.431745 0.721354 0
beerkeg
0  1.158648 -2.797224 -17.045675  0.101606 -0.543989 -0.832918  0.441127 0.722313 0
0  2.692676 -2.692677 -16.764902  0.431332 -0.422774 -0.797004  0.447573 0.715054 0
0  1.457266 -3.518152 -16.443260  0.146173 -0.656759 -0.739798  0.438652 0.717151 0
beerkeg
0  2.140902 -2.140903 -17.267035  0.340517 -0.330622 -0.880192  0.448553 0.720966 0
0  3.518151 -1.457267 -16.443262  0.655597 -0.149358 -0.740192  0.457733 0.712956 0
0  2.692676 -2.692677 -16.764902  0.431332 -0.422774 -0.797004  0.447573 0.715054 0
beerkeg
0  2.797222 -1.158649 -17.045677  0.543161 -0.105948 -0.832917  0.457047 0.720272 0
0  3.808018 -0.000003 -16.310108  0.690902 -0.000000 -0.722949  0.469437 0.714180 0
0  3.518151 -1.457267 -16.443262  0.655597 -0.149358 -0.740192  0.457733 0.712956 0
beerkeg
0  0.000000 4.431412 -15.639372  0.002093 0.798026 -0.602619  0.430617 0.774423 0
0  1.457266 3.518146 -16.443260  0.149356 0.655596 -0.740193  0.440624 0.774528 0
0  0.000000 3.808015 -16.310106  0.002860 0.690911 -0.722934  0.433428 0.770796 0
beerkeg
0  3.518151 1.457262 -16.443262  0.657515 0.143453 -0.739659  0.460008 0.777406 0
0  3.133485 3.133480 -16.227243  0.514991 0.521279 -0.680480  0.448800 0.781226 0
0  4.094094 1.695826 -15.813973  0.759071 0.197904 -0.620198  0.460585 0.783797 0
beerkeg
0  -4.764006 1.973319 18.217854  -0.404234 0.167439 0.899199  0.240128 0.764240 0
0  -4.006217 0.000003 18.682817  -0.338730 0.000000 0.940884  0.232255 0.751587 0
0  -3.701262 1.533117 18.682817  -0.312945 0.129626 0.940884  0.231630 0.762963 0
beerkeg
0  0.000000 8.173977 16.132387  0.000000 0.709284 0.704923  0.248115 0.815756 0
0  3.652917 8.818918 14.478187  0.320617 0.774038 0.545957  0.251817 0.841598 0
0  0.000000 9.545530 14.478187  -0.000000 0.837813 0.545957  0.260041 0.820293 0
beerkeg
0  -4.649090 4.649092 17.428717  -0.401208 0.401208 0.823446  0.247478 0.779557 0
0  -4.764006 1.973319 18.217854  -0.404234 0.167439 0.899199  0.240128 0.764240 0
0  -3.646213 3.646214 18.217854  -0.309388 0.309388 0.899199  0.237520 0.777190 0
beerkeg
0  -1.973316 4.764008 18.217854  -0.167440 0.404235 0.899199  0.232731 0.790316 0
0  0.000000 6.574809 17.428715  -0.000000 0.567394 0.823446  0.235915 0.809859 0
0  -2.516070 6.074330 17.428715  -0.217132 0.524204 0.823446  0.243085 0.794407 0
beerkeg
0  -3.027692 -0.000003 -16.956221  -0.572715 0.003292 -0.819748  0.425029 0.746316 0
0  -3.518151 -1.457267 -16.443262  -0.656759 -0.146173 -0.739798  0.421204 0.739905 0
0  -3.808018 -0.000003 -16.310108  -0.690911 0.002860 -0.722934  0.420432 0.746470 0
beerkeg
0  -3.518151 1.457262 -16.443262  -0.655598 0.149358 -0.740192  0.421642 0.752971 0
0  -4.431415 -0.000003 -15.639370  -0.798027 0.002092 -0.602618  0.416543 0.746600 0
0  -4.094094 1.695826 -15.813973  -0.757561 0.201898 -0.620757  0.417850 0.753808 0
beerkeg
0  3.808018 -0.000003 -16.310108  0.690902 -0.000000 -0.722949  0.471636 0.775361 0
0  2.797222 1.158644 -17.045677  0.545107 0.098640 -0.832544  0.458810 0.770133 0
0  3.518151 1.457262 -16.443262  0.657515 0.143453 -0.739659  0.460008 0.777406 0
beerkeg
0  -6.074327 2.516072 17.428717  -0.524203 0.217132 0.823447  0.249786 0.765206 0
0  -5.156522 0.000003 18.217854  -0.437540 0.000000 0.899199  0.240840 0.751443 0
0  -4.764006 1.973319 18.217854  -0.404234 0.167439 0.899199  0.240128 0.764240 0
beerkeg
0  0.000000 9.545530 14.478187  -0.000000 0.837813 0.545957  0.260041 0.820293 0
0  4.003628 9.665610 12.706214  0.357459 0.862982 0.357051  0.263956 0.846318 0
0  0.000000 10.461981 12.706214  0.000000 0.934085 0.357051  0.270658 0.823456 0
beerkeg
0  -5.779874 5.779874 16.132389  -0.501539 0.501540 0.704923  0.258477 0.781908 0
0  -6.074327 2.516072 17.428717  -0.524203 0.217132 0.823447  0.249786 0.765206 0
0  -4.649090 4.649092 17.428717  -0.401208 0.401208 0.823446  0.247478 0.779557 0
beerkeg
0  -2.516070 6.074330 17.428715  -0.217132 0.524204 0.823446  0.243085 0.794407 0
0  0.000000 8.173977 16.132387  0.000000 0.709284 0.704923  0.248115 0.815756 0
0  -3.128046 7.551770 16.132387  -0.271431 0.655293 0.704923  0.254398 0.798307 0
beerkeg
0  -3.518151 -1.457267 -16.443262  -0.656759 -0.146173 -0.739798  0.421204 0.739905 0
0  -3.133485 -3.133485 -16.227243  -0.514990 -0.521279 -0.680480  0.420466 0.732067 0
0  -4.094094 -1.695831 -15.813973  -0.758611 -0.200002 -0.620087  0.417367 0.739324 0
beerkeg
0  -2.692676 -2.692677 -16.764902  -0.422774 -0.431332 -0.797004  0.423962 0.733572 0
0  -1.695830 -4.094095 -15.813974  -0.201898 -0.757560 -0.620757  0.423533 0.724434 0
0  -3.133485 -3.133485 -16.227243  -0.514990 -0.521279 -0.680480  0.420466 0.732067 0
beerkeg
0  -1.457266 -3.518152 -16.443260  -0.149357 -0.655597 -0.740193  0.426876 0.727003 0
0  0.000000 -4.431417 -15.639370  -0.002093 -0.798027 -0.602619  0.428702 0.717935 0
0  -1.695830 -4.094095 -15.813974  -0.201898 -0.757560 -0.620757  0.423533 0.724434 0
beerkeg
0  0.000000 -3.808020 -16.310106  -0.002860 -0.690912 -0.722934  0.431745 0.721354 0
0  1.695830 -4.094095 -15.813974  0.200001 -0.758610 -0.620088  0.436172 0.712875 0
0  0.000000 -4.431417 -15.639370  -0.002093 -0.798027 -0.602619  0.428702 0.717935 0
beerkeg
0  1.457266 -3.518152 -16.443260  0.146173 -0.656759 -0.739798  0.438652 0.717151 0
0  3.133485 -3.133485 -16.227243  0.521279 -0.514990 -0.680480  0.446326 0.709930 0
0  1.695830 -4.094095 -15.813974  0.200001 -0.758610 -0.620088  0.436172 0.712875 0
beerkeg
0  2.692676 -2.692677 -16.764902  0.431332 -0.422774 -0.797004  0.447573 0.715054 0
0  4.094094 -1.695831 -15.813973  0.757561 -0.201898 -0.620757  0.457864 0.706562 0
0  3.133485 -3.133485 -16.227243  0.521279 -0.514990 -0.680480  0.446326 0.709930 0
beerkeg
0  3.518151 -1.457267 -16.443262  0.655597 -0.149358 -0.740192  0.457733 0.712956 0
0  4.431415 -0.000003 -15.639370  0.797909 -0.000000 -0.602778  0.471133 0.706795 0
0  4.094094 -1.695831 -15.813973  0.757561 -0.201898 -0.620757  0.457864 0.706562 0
beerkeg
0  0.000000 4.930743 -14.850644  0.001405 0.862106 -0.506726  0.427744 0.777823 0
0  1.695830 4.094090 -15.813976  0.201898 0.757560 -0.620758  0.438435 0.778976 0
0  0.000000 4.431412 -15.639372  0.002093 0.798026 -0.602619  0.430617 0.774423 0
beerkeg
0  4.094094 1.695826 -15.813973  0.759071 0.197904 -0.620198  0.460585 0.783797 0
0  3.486564 3.486559 -15.556450  0.580512 0.584634 -0.566754  0.447513 0.786682 0
0  4.555415 1.886911 -15.062879  0.820373 0.234421 -0.521570  0.460932 0.790219 0
beerkeg
0  -7.551769 3.128047 16.132389  -0.655293 0.271431 0.704923  0.260412 0.766248 0
0  -6.574806 0.000003 17.428717  -0.567394 -0.000000 0.823447  0.250282 0.751155 0
0  -6.074327 2.516072 17.428717  -0.524203 0.217132 0.823447  0.249786 0.765206 0
beerkeg
0  0.000000 10.461981 12.706214  0.000000 0.934085 0.357051  0.270658 0.823456 0
0  4.208339 10.159825 10.714399  0.376997 0.910150 0.171756  0.276465 0.849854 0
0  0.000000 10.996918 10.714399  0.000000 0.985140 0.171755  0.281472 0.825903 0
beerkeg
0  -6.749708 6.749709 14.478188  -0.592423 0.592423 0.545957  0.268681 0.783614 0
0  -7.551769 3.128047 16.132389  -0.655293 0.271431 0.704923  0.260412 0.766248 0
0  -5.779874 5.779874 16.132389  -0.501539 0.501540 0.704923  0.258477 0.781908 0
beerkeg
0  -3.128046 7.551770 16.132387  -0.271431 0.655293 0.704923  0.254398 0.798307 0
0  0.000000 9.545530 14.478187  -0.000000 0.837813 0.545957  0.260041 0.820293 0
0  -3.652917 8.818918 14.478187  -0.320617 0.774039 0.545957  0.265380 0.801187 0
beerkeg
0  1.695830 4.094090 -15.813976  0.201898 0.757560 -0.620758  0.438435 0.778976 0
0  2.692676 2.692671 -16.764902  0.422774 0.431331 -0.797004  0.449694 0.776012 0
0  1.457266 3.518146 -16.443260  0.149356 0.655596 -0.740193  0.440624 0.774528 0
beerkeg
0  -3.808018 -0.000003 -16.310108  -0.690911 0.002860 -0.722934  0.420432 0.746470 0
0  -4.094094 -1.695831 -15.813973  -0.758611 -0.200002 -0.620087  0.417367 0.739324 0
0  -4.431415 -0.000003 -15.639370  -0.798027 0.002092 -0.602618  0.416543 0.746600 0
beerkeg
0  0.000000 3.027688 -16.956224  0.003292 0.572716 -0.819747  0.436513 0.766385 0
0  -1.457266 3.518146 -16.443260  -0.146173 0.656758 -0.739799  0.428178 0.765479 0
0  0.000000 3.808015 -16.310106  0.002860 0.690911 -0.722934  0.433428 0.770796 0
beerkeg
0  -1.158648 2.797218 -17.045675  -0.101606 0.543989 -0.832918  0.431803 0.762152 0
0  -2.692676 2.692671 -16.764902  -0.431331 0.422774 -0.797004  0.424822 0.759110 0
0  -1.457266 3.518146 -16.443260  -0.146173 0.656758 -0.739799  0.428178 0.765479 0
beerkeg
0  -4.094094 1.695826 -15.813973  -0.757561 0.201898 -0.620757  0.417850 0.753808 0
0  -4.930746 -0.000002 -14.850643  -0.862106 0.001405 -0.506725  0.412792 0.746725 0
0  -4.555415 1.886911 -15.062879  -0.819417 0.236867 -0.521967  0.414077 0.754452 0
beerkeg
0  4.431415 -0.000003 -15.639370  0.797909 -0.000000 -0.602778  0.473854 0.782636 0
0  3.518151 1.457262 -16.443262  0.657515 0.143453 -0.739659  0.460008 0.777406 0
0  4.094094 1.695826 -15.813973  0.759071 0.197904 -0.620198  0.460585 0.783797 0
beerkeg
0  -8.818918 3.652918 14.478188  -0.774038 0.320617 0.545957  0.270417 0.766919 0
0  -8.173974 0.000003 16.132389  -0.709284 0.000000 0.704923  0.260959 0.750934 0
0  -7.551769 3.128047 16.132389  -0.655293 0.271431 0.704923  0.260412 0.766248 0
beerkeg
0  0.000000 10.996918 10.714399  0.000000 0.985140 0.171755  0.281472 0.825903 0
0  4.288115 10.352421 8.312496  0.382219 0.922758 0.049262  0.291259 0.852590 0
0  0.000000 11.205381 8.312496  -0.000000 0.998786 0.049262  0.294172 0.827607 0
beerkeg
0  -7.397738 7.397738 12.706215  -0.660498 0.660498 0.357051  0.277582 0.784780 0
0  -8.818918 3.652918 14.478188  -0.774038 0.320617 0.545957  0.270417 0.766919 0
0  -6.749708 6.749709 14.478188  -0.592423 0.592423 0.545957  0.268681 0.783614 0
beerkeg
0  -3.652917 8.818918 14.478187  -0.320617 0.774039 0.545957  0.265380 0.801187 0
0  0.000000 10.461981 12.706214  0.000000 0.934085 0.357051  0.270658 0.823456 0
0  -4.003628 9.665610 12.706214  -0.357459 0.862982 0.357051  0.274977 0.803175 0
beerkeg
0  -4.094094 -1.695831 -15.813973  -0.758611 -0.200002 -0.620087  0.417367 0.739324 0
0  -3.486564 -3.486564 -15.556448  -0.580512 -0.584634 -0.566753  0.416765 0.730561 0
0  -4.555415 -1.886916 -15.062879  -0.820052 -0.235858 -0.521426  0.413563 0.738933 0
beerkeg
0  -3.133485 -3.133485 -16.227243  -0.514990 -0.521279 -0.680480  0.420466 0.732067 0
0  -1.886915 -4.555416 -15.062878  -0.236867 -0.819417 -0.521967  0.420238 0.721867 0
0  -3.486564 -3.486564 -15.556448  -0.580512 -0.584634 -0.566753  0.416765 0.730561 0
beerkeg
0  -1.695830 -4.094095 -15.813974  -0.201898 -0.757560 -0.620757  0.423533 0.724434 0
0  0.000000 -4.930748 -14.850642  -0.001405 -0.862106 -0.506726  0.425614 0.714745 0
0  -1.886915 -4.555416 -15.062878  -0.236867 -0.819417 -0.521967  0.420238 0.721867 0
beerkeg
0  0.000000 -4.431417 -15.639370  -0.002093 -0.798027 -0.602619  0.428702 0.717935 0
0  1.886915 -4.555416 -15.062878  0.235859 -0.820052 -0.521426  0.433340 0.708874 0
0  0.000000 -4.930748 -14.850642  -0.001405 -0.862106 -0.506726  0.425614 0.714745 0
beerkeg
0  1.695830 -4.094095 -15.813974  0.200001 -0.758610 -0.620088  0.436172 0.712875 0
0  3.486564 -3.486564 -15.556448  0.584635 -0.580511 -0.566753  0.444672 0.704594 0
0  1.886915 -4.555416 -15.062878  0.235859 -0.820052 -0.521426  0.433340 0.708874 0
beerkeg
0  3.133485 -3.133485 -16.227243  0.521279 -0.514990 -0.680480  0.446326 0.709930 0
0  4.555415 -1.886916 -15.062879  0.819417 -0.236867 -0.521967  0.457765 0.700157 0
0  3.486564 -3.486564 -15.556448  0.584635 -0.580511 -0.566753  0.444672 0.704594 0
beerkeg
0  4.094094 -1.695831 -15.813973  0.757561 -0.201898 -0.620757  0.457864 0.706562 0
0  4.930746 -0.000002 -14.850643  0.862024 -0.000000 -0.506867  0.472175 0.699403 0
0  4.555415 -1.886916 -15.062879  0.819417 -0.236867 -0.521967  0.457765 0.700157 0
beerkeg
0  0.000000 5.307916 -14.166066  0.001573 0.672395 -0.740191  0.425367 0.780448 0
0  1.886915 4.555411 -15.062880  0.236867 0.819417 -0.521967  0.435874 0.783175 0
0  0.000000 4.930743 -14.850644  0.001405 0.862106 -0.506726  0.427744 0.777823 0
beerkeg
0  4.555415 1.886911 -15.062879  0.820373 0.234421 -0.521570  0.460932 0.790219 0
0  3.753267 3.753262 -14.962024  0.427294 0.431150 -0.794689  0.446075 0.791543 0
0  4.903879 2.031249 -14.407840  0.648768 0.099022 -0.754516  0.461118 0.795452 0
beerkeg
0  -9.665609 4.003629 12.706215  -0.862982 0.357459 0.357051  0.279006 0.767336 0
0  -9.545528 0.000002 14.478188  -0.837813 0.000000 0.545957  0.270716 0.750699 0
0  -8.818918 3.652918 14.478188  -0.774038 0.320617 0.545957  0.270417 0.766919 0
beerkeg
0  0.000000 11.205381 8.312496  -0.000000 0.998786 0.049262  0.294172 0.827607 0
0  4.301918 10.385744 5.413615  0.382681 0.923872 0.003919  0.309459 0.854222 0
0  0.000000 11.241449 5.413615  -0.000000 0.999992 0.003919  0.309599 0.828327 0
beerkeg
0  1.886915 4.555411 -15.062880  0.236867 0.819417 -0.521967  0.435874 0.783175 0
0  3.133485 3.133480 -16.227243  0.514991 0.521279 -0.680480  0.448800 0.781226 0
0  1.695830 4.094090 -15.813976  0.201898 0.757560 -0.620758  0.438435 0.778976 0
beerkeg
0  -7.775996 7.775995 10.714400  -0.696599 0.696599 0.171755  0.286586 0.785566 0
0  -9.665609 4.003629 12.706215  -0.862982 0.357459 0.357051  0.279006 0.767336 0
0  -7.397738 7.397738 12.706215  -0.660498 0.660498 0.357051  0.277582 0.784780 0
beerkeg
0  -4.003628 9.665610 12.706214  -0.357459 0.862982 0.357051  0.274977 0.803175 0
0  0.000000 10.996918 10.714399  0.000000 0.985140 0.171755  0.281472 0.825903 0
0  -4.208339 10.159825 10.714399  -0.376997 0.910150 0.171755  0.284630 0.804707 0
beerkeg
0  -4.431415 -0.000003 -15.639370  -0.798027 0.002092 -0.602618  0.416543 0.746600 0
0  -4.555415 -1.886916 -15.062879  -0.820052 -0.235858 -0.521426  0.413563 0.738933 0
0  -4.930746 -0.000002 -14.850643  -0.862106 0.001405 -0.506725  0.412792 0.746725 0
beerkeg
0  0.000000 3.808015 -16.310106  0.002860 0.690911 -0.722934  0.433428 0.770796 0
0  -1.695830 4.094090 -15.813976  -0.200002 0.758610 -0.620089  0.425008 0.768273 0
0  0.000000 4.431412 -15.639372  0.002093 0.798026 -0.602619  0.430617 0.774423 0
beerkeg
0  -1.457266 3.518146 -16.443260  -0.146173 0.656758 -0.739799  0.428178 0.765479 0
0  -3.133485 3.133480 -16.227243  -0.521280 0.514989 -0.680480  0.421430 0.760850 0
0  -1.695830 4.094090 -15.813976  -0.200002 0.758610 -0.620089  0.425008 0.768273 0
beerkeg
0  -4.555415 1.886911 -15.062879  -0.819417 0.236867 -0.521967  0.414077 0.754452 0
0  -5.307920 -0.000002 -14.166062  -0.672392 0.001573 -0.740194  0.409824 0.746823 0
0  -4.903879 2.031249 -14.407840  -0.648096 0.101499 -0.754765  0.411029 0.754812 0
beerkeg
0  4.930746 -0.000002 -14.850643  0.862024 -0.000000 -0.506867  0.475418 0.789965 0
0  4.094094 1.695826 -15.813973  0.759071 0.197904 -0.620198  0.460585 0.783797 0
0  4.555415 1.886911 -15.062879  0.820373 0.234421 -0.521570  0.460932 0.790219 0
beerkeg
0  -10.159826 4.208340 10.714401  -0.910150 0.376997 0.171756  0.287503 0.767674 0
0  -10.461980 0.000002 12.706216  -0.934085 -0.000000 0.357051  0.279118 0.750517 0
0  -9.665609 4.003629 12.706215  -0.862982 0.357459 0.357051  0.279006 0.767336 0
beerkeg
0  0.000000 11.241449 5.413615  -0.000000 0.999992 0.003919  0.309599 0.828327 0
0  4.297015 10.373906 2.625173  0.382668 0.923842 -0.008945  0.327031 0.853463 0
0  0.000000 11.228636 2.625173  0.000000 0.999960 -0.008945  0.324502 0.827798 0
beerkeg
0  -7.923401 7.923400 8.312497  -0.706248 0.706248 0.049261  0.296936 0.786214 0
0  -10.159826 4.208340 10.714401  -0.910150 0.376997 0.171756  0.287503 0.767674 0
0  -7.775996 7.775995 10.714400  -0.696599 0.696599 0.171755  0.286586 0.785566 0
beerkeg
0  -4.208339 10.159825 10.714399  -0.376997 0.910150 0.171755  0.284630 0.804707 0
0  0.000000 11.205381 8.312496  -0.000000 0.998786 0.049262  0.294172 0.827607 0
0  -4.288115 10.352421 8.312496  -0.382219 0.922758 0.049262  0.295899 0.805816 0
beerkeg
0  -4.555415 -1.886916 -15.062879  -0.820052 -0.235858 -0.521426  0.413563 0.738933 0
0  -3.753267 -3.753267 -14.962022  -0.427295 -0.431150 -0.794688  0.413421 0.729273 0
0  -4.903879 -2.031254 -14.407840  -0.648233 -0.100486 -0.754782  0.410500 0.738775 0
beerkeg
0  -3.486564 -3.486564 -15.556448  -0.580512 -0.584634 -0.566753  0.416765 0.730561 0
0  -2.031254 -4.903879 -14.407841  -0.101498 -0.648097 -0.754764  0.417619 0.719757 0
0  -3.753267 -3.753267 -14.962022  -0.427295 -0.431150 -0.794688  0.413421 0.729273 0
beerkeg
0  -1.886915 -4.555416 -15.062878  -0.236867 -0.819417 -0.521967  0.420238 0.721867 0
0  0.000000 -5.307921 -14.166064  -0.001573 -0.672395 -0.740191  0.423074 0.712293 0
0  -2.031254 -4.903879 -14.407841  -0.101498 -0.648097 -0.754764  0.417619 0.719757 0
beerkeg
0  0.000000 -4.930748 -14.850642  -0.001405 -0.862106 -0.506726  0.425614 0.714745 0
0  2.031254 -4.903879 -14.407841  0.100487 -0.648233 -0.754782  0.430791 0.705856 0
0  0.000000 -5.307921 -14.166064  -0.001573 -0.672395 -0.740191  0.423074 0.712293 0
beerkeg
0  1.886915 -4.555416 -15.062878  0.235859 -0.820052 -0.521426  0.433340 0.708874 0
0  3.753267 -3.753267 -14.962022  0.431150 -0.427295 -0.794688  0.442911 0.699862 0
0  2.031254 -4.903879 -14.407841  0.100487 -0.648233 -0.754782  0.430791 0.705856 0
beerkeg
0  3.486564 -3.486564 -15.556448  0.584635 -0.580511 -0.566753  0.444672 0.704594 0
0  4.903879 -2.031254 -14.407840  0.648097 -0.101499 -0.754764  0.457588 0.694944 0
0  3.753267 -3.753267 -14.962022  0.431150 -0.427295 -0.794688  0.442911 0.699862 0
beerkeg
0  4.555415 -1.886916 -15.062879  0.819417 -0.236867 -0.521967  0.457765 0.700157 0
0  5.307920 -0.000002 -14.166062  0.672490 0.000000 -0.740106  0.472720 0.693426 0
0  4.903879 -2.031254 -14.407840  0.648097 -0.101499 -0.754764  0.457588 0.694944 0
beerkeg
0  5.578187 -0.000002 -14.021638  0.043821 -0.000000 -0.999039  0.476791 0.798211 0
0  4.903879 2.031249 -14.407840  0.648768 0.099022 -0.754516  0.461118 0.795452 0
0  5.153573 2.134676 -14.284577  0.056022 -0.189366 -0.980307  0.460990 0.797437 0
beerkeg
0  -10.352422 4.288115 8.312497  -0.922758 0.382219 0.049261  0.297332 0.767878 0
0  -10.996917 0.000002 10.714402  -0.985140 -0.000000 0.171755  0.287491 0.750350 0
0  -10.159826 4.208340 10.714401  -0.910150 0.376997 0.171756  0.287503 0.767674 0
beerkeg
0  0.000000 11.228636 2.625173  0.000000 0.999960 -0.008945  0.324502 0.827798 0
0  4.282838 10.339681 -0.158997  0.382666 0.923837 -0.009584  0.344154 0.850434 0
0  0.000000 11.191591 -0.158997  0.000000 0.999954 -0.009584  0.339153 0.826034 0
beerkeg
0  2.031254 4.903874 -14.407843  0.101499 0.648097 -0.754764  0.433528 0.786370 0
0  3.486564 3.486559 -15.556450  0.580512 0.584634 -0.566754  0.447513 0.786682 0
0  1.886915 4.555411 -15.062880  0.236867 0.819417 -0.521967  0.435874 0.783175 0
beerkeg
0  -7.948905 7.948903 5.413616  -0.707101 0.707101 0.003919  0.309441 0.786358 0
0  -10.352422 4.288115 8.312497  -0.922758 0.382219 0.049261  0.297332 0.767878 0
0  -7.923401 7.923400 8.312497  -0.706248 0.706248 0.049261  0.296936 0.786214 0
beerkeg
0  -4.288115 10.352421 8.312496  -0.382219 0.922758 0.049262  0.295899 0.805816 0
0  0.000000 11.241449 5.413615  -0.000000 0.999992 0.003919  0.309599 0.828327 0
0  -4.301918 10.385744 5.413615  -0.382681 0.923872 0.003919  0.309582 0.806366 0
beerkeg
0  -4.930746 -0.000002 -14.850643  -0.862106 0.001405 -0.506725  0.412792 0.746725 0
0  -4.903879 -2.031254 -14.407840  -0.648233 -0.100486 -0.754782  0.410500 0.738775 0
0  -5.307920 -0.000002 -14.166062  -0.672392 0.001573 -0.740194  0.409824 0.746823 0
beerkeg
0  0.000000 4.431412 -15.639372  0.002093 0.798026 -0.602619  0.430617 0.774423 0
0  -1.886915 4.555411 -15.062880  -0.235858 0.820052 -0.521426  0.421886 0.771060 0
0  0.000000 4.930743 -14.850644  0.001405 0.862106 -0.506726  0.427744 0.777823 0
beerkeg
0  -1.695830 4.094090 -15.813976  -0.200002 0.758610 -0.620089  0.425008 0.768273 0
0  -3.486564 3.486559 -15.556450  -0.584635 0.580510 -0.566754  0.417833 0.762601 0
0  -1.886915 4.555411 -15.062880  -0.235858 0.820052 -0.521426  0.421886 0.771060 0
beerkeg
0  -3.753267 3.753262 -14.962024  -0.431151 0.427294 -0.794688  0.414577 0.764112 0
0  -5.153573 2.134676 -14.284577  -0.055177 -0.186051 -0.980990  0.409895 0.755013 0
0  -3.944375 3.944369 -14.880725  0.109982 -0.115724 -0.987174  0.413284 0.764692 0
beerkeg
0  0.000000 6.124191 -14.192673  0.001846 -0.577731 -0.816225  0.422611 0.783331 0
0  2.134681 5.153569 -14.284579  -0.186049 0.055178 -0.980990  0.432692 0.787604 0
0  0.000000 5.578183 -14.021639  0.002719 0.043276 -0.999059  0.424441 0.781431 0
beerkeg
0  5.307920 -0.000002 -14.166062  0.672490 0.000000 -0.740106  0.476383 0.795913 0
0  4.555415 1.886911 -15.062879  0.820373 0.234421 -0.521570  0.460932 0.790219 0
0  4.903879 2.031249 -14.407840  0.648768 0.099022 -0.754516  0.461118 0.795452 0
beerkeg
0  -10.385744 4.301917 5.413617  -0.923872 0.382681 0.003919  0.309179 0.767765 0
0  -11.205379 0.000001 8.312498  -0.998786 0.000000 0.049261  0.297161 0.750153 0
0  -10.352422 4.288115 8.312497  -0.922758 0.382219 0.049261  0.297332 0.767878 0
beerkeg
0  0.000000 11.191591 -0.158997  0.000000 0.999954 -0.009584  0.339153 0.826034 0
0  4.277409 10.326573 -2.581951  0.382682 0.923876 -0.002893  0.358309 0.846352 0
0  0.000000 11.177404 -2.581951  0.000000 0.999996 -0.002892  0.351475 0.823321 0
beerkeg
0  -7.939847 7.939842 2.625174  -0.707079 0.707078 -0.008945  0.321498 0.786016 0
0  -10.385744 4.301917 5.413617  -0.923872 0.382681 0.003919  0.309179 0.767765 0
0  -7.948905 7.948903 5.413616  -0.707101 0.707101 0.003919  0.309441 0.786358 0
beerkeg
0  -4.301918 10.385744 5.413615  -0.382681 0.923872 0.003919  0.309582 0.806366 0
0  0.000000 11.228636 2.625173  0.000000 0.999960 -0.008945  0.324502 0.827798 0
0  -4.297015 10.373906 2.625173  -0.382668 0.923842 -0.008945  0.322754 0.805949 0
beerkeg
0  -5.307920 -0.000002 -14.166062  -0.672392 0.001573 -0.740194  0.409824 0.746823 0
0  -5.153573 -2.134681 -14.284577  -0.054376 0.186997 -0.980854  0.409356 0.738649 0
0  -5.578187 -0.000002 -14.021638  -0.043275 0.002720 -0.999059  0.408695 0.746860 0
beerkeg
0  -4.903879 -2.031254 -14.407840  -0.648233 -0.100486 -0.754782  0.410500 0.738775 0
0  -3.944375 -3.944374 -14.880723  0.115724 0.109984 -0.987174  0.412095 0.728781 0
0  -5.153573 -2.134681 -14.284577  -0.054376 0.186997 -0.980854  0.409356 0.738649 0
beerkeg
0  -3.753267 -3.753267 -14.962022  -0.427295 -0.431150 -0.794688  0.413421 0.729273 0
0  -2.134681 -5.153574 -14.284577  0.186050 -0.055177 -0.980990  0.416574 0.719040 0
0  -3.944375 -3.944374 -14.880723  0.115724 0.109984 -0.987174  0.412095 0.728781 0
beerkeg
0  -2.031254 -4.903879 -14.407841  -0.101498 -0.648097 -0.754764  0.417619 0.719757 0
0  0.000000 -5.578188 -14.021637  -0.002720 -0.043277 -0.999059  0.422087 0.711377 0
0  -2.134681 -5.153574 -14.284577  0.186050 -0.055177 -0.980990  0.416574 0.719040 0
beerkeg
0  0.000000 -5.307921 -14.166064  -0.001573 -0.672395 -0.740191  0.423074 0.712293 0
0  2.134681 -5.153574 -14.284577  -0.186997 -0.054376 -0.980854  0.429877 0.704685 0
0  0.000000 -5.578188 -14.021637  -0.002720 -0.043277 -0.999059  0.422087 0.711377 0
beerkeg
0  2.031254 -4.903879 -14.407841  0.100487 -0.648233 -0.754782  0.430791 0.705856 0
0  3.944375 -3.944374 -14.880723  -0.109984 0.115723 -0.987174  0.442145 0.698013 0
0  2.134681 -5.153574 -14.284577  -0.186997 -0.054376 -0.980854  0.429877 0.704685 0
beerkeg
0  3.753267 -3.753267 -14.962022  0.431150 -0.427295 -0.794688  0.442911 0.699862 0
0  5.153573 -2.134681 -14.284577  0.055177 0.186050 -0.980990  0.457324 0.692981 0
0  3.944375 -3.944374 -14.880723  -0.109984 0.115723 -0.987174  0.442145 0.698013 0
beerkeg
0  -5.153573 2.134676 -14.284577  -0.055177 -0.186051 -0.980990  0.409895 0.755013 0
0  -6.124195 -0.000002 -14.192670  0.577731 0.001846 -0.816225  0.406497 0.746933 0
0  -5.658019 2.343624 -14.499710  0.510035 -0.373452 -0.774853  0.407620 0.755719 0
beerkeg
0  4.903879 -2.031254 -14.407840  0.648097 -0.101499 -0.754764  0.457588 0.694944 0
0  5.578187 -0.000002 -14.021638  0.043821 -0.000000 -0.999039  0.472965 0.691116 0
0  5.153573 -2.134681 -14.284577  0.055177 0.186050 -0.980990  0.457324 0.692981 0
beerkeg
0  -10.373908 4.297013 2.625174  -0.923843 0.382668 -0.008945  0.320619 0.767465 0
0  -11.241448 0.000001 5.413617  -0.999992 0.000000 0.003920  0.308775 0.749847 0
0  -10.385744 4.301917 5.413617  -0.923872 0.382681 0.003919  0.309179 0.767765 0
beerkeg
0  0.000000 11.177404 -2.581951  0.000000 0.999996 -0.002892  0.351475 0.823321 0
0  4.277462 10.326699 -4.467091  0.382706 0.923851 0.005908  0.368646 0.842559 0
0  0.000000 11.177541 -4.421609  0.000068 0.999980 0.006306  0.360396 0.820825 0
beerkeg
0  4.903879 2.031249 -14.407840  0.648768 0.099022 -0.754516  0.461118 0.795452 0
0  3.944375 3.944369 -14.880725  -0.115723 -0.109984 -0.987174  0.445435 0.793448 0
0  5.153573 2.134676 -14.284577  0.056022 -0.189366 -0.980307  0.460990 0.797437 0
beerkeg
0  -7.913652 7.913649 -0.158996  -0.707074 0.707074 -0.009584  0.333417 0.785136 0
0  -10.373908 4.297013 2.625174  -0.923843 0.382668 -0.008945  0.320619 0.767465 0
0  -7.939847 7.939842 2.625174  -0.707079 0.707078 -0.008945  0.321498 0.786016 0
beerkeg
0  -4.297015 10.373906 2.625173  -0.382668 0.923842 -0.008945  0.322754 0.805949 0
0  0.000000 11.191591 -0.158997  0.000000 0.999954 -0.009584  0.339153 0.826034 0
0  -4.282838 10.339681 -0.158997  -0.382666 0.923837 -0.009584  0.335740 0.804557 0
beerkeg
0  -5.153573 -2.134681 -14.284577  -0.054376 0.186997 -0.980854  0.409356 0.738649 0
0  -4.330461 -4.330460 -15.179875  0.500346 0.497726 -0.708465  0.409142 0.727728 0
0  -5.658019 -2.343629 -14.499710  0.508544 0.373430 -0.775844  0.407041 0.738095 0
beerkeg
0  -4.903879 2.031249 -14.407840  -0.648096 0.101499 -0.754765  0.411029 0.754812 0
0  -5.578187 -0.000002 -14.021638  -0.043275 0.002720 -0.999059  0.408695 0.746860 0
0  -5.153573 2.134676 -14.284577  -0.055177 -0.186051 -0.980990  0.409895 0.755013 0
beerkeg
0  -3.944375 -3.944374 -14.880723  0.115724 0.109984 -0.987174  0.412095 0.728781 0
0  -2.343629 -5.658019 -14.499709  0.373451 0.510036 -0.774854  0.414223 0.717879 0
0  -4.330461 -4.330460 -15.179875  0.500346 0.497726 -0.708465  0.409142 0.727728 0
beerkeg
0  -2.134681 -5.153574 -14.284577  0.186050 -0.055177 -0.980990  0.416574 0.719040 0
0  0.000000 -6.124196 -14.192671  -0.001846 0.577731 -0.816225  0.420141 0.709610 0
0  -2.343629 -5.658019 -14.499709  0.373451 0.510036 -0.774854  0.414223 0.717879 0
beerkeg
0  0.000000 4.930743 -14.850644  0.001405 0.862106 -0.506726  0.427744 0.777823 0
0  -2.031254 4.903874 -14.407843  -0.100485 0.648233 -0.754782  0.419408 0.773347 0
0  0.000000 5.307916 -14.166066  0.001573 0.672395 -0.740191  0.425367 0.780448 0
beerkeg
0  0.000000 -5.578188 -14.021637  -0.002720 -0.043277 -0.999059  0.422087 0.711377 0
0  2.343629 -5.658019 -14.499709  -0.373430 0.508545 -0.775843  0.428256 0.702061 0
0  0.000000 -6.124196 -14.192671  -0.001846 0.577731 -0.816225  0.420141 0.709610 0
beerkeg
0  -1.886915 4.555411 -15.062880  -0.235858 0.820052 -0.521426  0.421886 0.771060 0
0  -3.753267 3.753262 -14.962024  -0.431151 0.427294 -0.794688  0.414577 0.764112 0
0  -2.031254 4.903874 -14.407843  -0.100485 0.648233 -0.754782  0.419408 0.773347 0
beerkeg
0  2.134681 -5.153574 -14.284577  -0.186997 -0.054376 -0.980854  0.429877 0.704685 0
0  4.330461 -4.330460 -15.179875  -0.497726 0.500345 -0.708465  0.440284 0.693972 0
0  2.343629 -5.658019 -14.499709  -0.373430 0.508545 -0.775843  0.428256 0.702061 0
beerkeg
0  3.944375 -3.944374 -14.880723  -0.109984 0.115723 -0.987174  0.442145 0.698013 0
0  5.658019 -2.343629 -14.499710  -0.510035 0.373452 -0.774853  0.456138 0.689126 0
0  4.330461 -4.330460 -15.179875  -0.497726 0.500345 -0.708465  0.440284 0.693972 0
beerkeg
0  5.153573 -2.134681 -14.284577  0.055177 0.186050 -0.980990  0.457324 0.692981 0
0  6.124195 -0.000002 -14.192670  -0.578316 -0.000000 -0.815813  0.472967 0.686504 0
0  5.658019 -2.343629 -14.499710  -0.510035 0.373452 -0.774853  0.456138 0.689126 0
beerkeg
0  0.000000 6.481144 -14.637627  0.000765 -0.790884 -0.611965  0.420809 0.785129 0
0  2.343629 5.658014 -14.499711  -0.373451 -0.510036 -0.774853  0.431247 0.790342 0
0  0.000000 6.124191 -14.192673  0.001846 -0.577731 -0.816225  0.422611 0.783331 0
beerkeg
0  6.363554 2.635867 -15.542887  -0.719363 -0.420491 -0.552904  0.457154 0.809489 0
0  5.230614 5.230608 -17.166021  -0.590615 -0.592928 -0.547367  0.438291 0.809481 0
0  6.834125 2.830784 -16.351048  -0.717126 -0.419468 -0.556576  0.454638 0.815350 0
beerkeg
0  2.134681 5.153569 -14.284579  -0.186049 0.055178 -0.980990  0.432692 0.787604 0
0  3.753267 3.753262 -14.962024  0.427294 0.431150 -0.794689  0.446075 0.791543 0
0  2.031254 4.903874 -14.407843  0.101499 0.648097 -0.754764  0.433528 0.786370 0
beerkeg
0  -10.339682 4.282835 -0.158996  -0.923837 0.382666 -0.009584  0.331950 0.766917 0
0  -11.228637 0.000000 2.625175  -0.999960 0.000000 -0.008945  0.320024 0.749549 0
0  -10.373908 4.297013 2.625174  -0.923843 0.382668 -0.008945  0.320619 0.767465 0
beerkeg
0  0.000000 11.177541 -4.421609  0.000068 0.999980 0.006306  0.360396 0.820825 0
0  4.284229 10.343038 -5.978601  0.383245 0.923312 0.024858  0.376444 0.839088 0
0  0.000000 11.195225 -5.811719  0.000293 0.999645 0.026630  0.366853 0.818658 0
beerkeg
0  2.343629 5.658014 -14.499711  -0.373451 -0.510036 -0.774853  0.431247 0.790342 0
0  3.944375 3.944369 -14.880725  -0.115723 -0.109984 -0.987174  0.445435 0.793448 0
0  2.134681 5.153569 -14.284579  -0.186049 0.055178 -0.980990  0.432692 0.787604 0
beerkeg
0  -7.903619 7.903615 -2.581951  -0.707104 0.707104 -0.002892  0.343526 0.784023 0
0  -10.339682 4.282835 -0.158996  -0.923837 0.382666 -0.009584  0.331950 0.766917 0
0  -7.913652 7.913649 -0.158996  -0.707074 0.707074 -0.009584  0.333417 0.785136 0
beerkeg
0  -4.282838 10.339681 -0.158997  -0.382666 0.923837 -0.009584  0.335740 0.804557 0
0  0.000000 11.177404 -2.581951  0.000000 0.999996 -0.002892  0.351475 0.823321 0
0  -4.277409 10.326573 -2.581951  -0.382682 0.923876 -0.002893  0.346720 0.802826 0
beerkeg
0  -5.578187 -0.000002 -14.021638  -0.043275 0.002720 -0.999059  0.408695 0.746860 0
0  -5.658019 -2.343629 -14.499710  0.508544 0.373430 -0.775844  0.407041 0.738095 0
0  -6.124195 -0.000002 -14.192670  0.577731 0.001846 -0.816225  0.406497 0.746933 0
beerkeg
0  -5.658019 2.343624 -14.499710  0.510035 -0.373452 -0.774853  0.407620 0.755719 0
0  -6.481148 -0.000002 -14.637626  0.790885 0.000765 -0.611965  0.404382 0.747002 0
0  -5.987800 2.480224 -14.971867  0.693716 -0.417552 -0.586864  0.405470 0.756525 0
beerkeg
0  6.124195 -0.000002 -14.192670  -0.578316 -0.000000 -0.815813  0.477118 0.802832 0
0  5.153573 2.134676 -14.284577  0.056022 -0.189366 -0.980307  0.460990 0.797437 0
0  5.658019 2.343624 -14.499710  -0.508255 -0.375169 -0.775193  0.460071 0.801383 0
beerkeg
0  -10.326576 4.277406 -2.581950  -0.923876 0.382682 -0.002892  0.341677 0.766202 0
0  -11.191591 -0.000000 -0.158995  -0.999954 -0.000000 -0.009584  0.331178 0.749242 0
0  -10.339682 4.282835 -0.158996  -0.923837 0.382666 -0.009584  0.331950 0.766917 0
beerkeg
0  0.000000 11.195225 -5.811719  0.000293 0.999645 0.026630  0.366853 0.818658 0
0  4.304572 10.392149 -7.379991  0.384357 0.922552 0.034177  0.383243 0.835605 0
0  0.000000 11.248383 -7.088147  0.000412 0.999291 0.037639  0.372527 0.816490 0
beerkeg
0  -7.903718 7.903713 -4.469488  -0.707144 0.707049 0.005445  0.351236 0.782836 0
0  -10.326576 4.277406 -2.581950  -0.923876 0.382682 -0.002892  0.341677 0.766202 0
0  -7.903619 7.903615 -2.581951  -0.707104 0.707104 -0.002892  0.343526 0.784023 0
beerkeg
0  -4.277409 10.326573 -2.581951  -0.382682 0.923876 -0.002893  0.346720 0.802826 0
0  0.000000 11.177541 -4.421609  0.000068 0.999980 0.006306  0.360396 0.820825 0
0  -4.277462 10.326699 -4.467091  -0.382767 0.923826 0.005959  0.354982 0.801055 0
beerkeg
0  -5.658019 -2.343629 -14.499710  0.508544 0.373430 -0.775844  0.407041 0.738095 0
0  -4.582864 -4.582864 -15.700868  0.587828 0.587413 -0.556240  0.406580 0.726850 0
0  -5.987800 -2.480229 -14.971867  0.693600 0.417276 -0.587197  0.404844 0.737432 0
beerkeg
0  -4.330461 -4.330460 -15.179875  0.500346 0.497726 -0.708465  0.409142 0.727728 0
0  -2.480228 -5.987800 -14.971867  0.417552 0.693716 -0.586863  0.411877 0.716944 0
0  -4.582864 -4.582864 -15.700868  0.587828 0.587413 -0.556240  0.406580 0.726850 0
beerkeg
0  -2.343629 -5.658019 -14.499709  0.373451 0.510036 -0.774854  0.414223 0.717879 0
0  0.000000 -6.481149 -14.637625  -0.000765 0.790884 -0.611965  0.418229 0.707943 0
0  -2.480228 -5.987800 -14.971867  0.417552 0.693716 -0.586863  0.411877 0.716944 0
beerkeg
0  0.000000 5.578183 -14.021639  0.002719 0.043276 -0.999059  0.424441 0.781431 0
0  2.031254 4.903874 -14.407843  0.101499 0.648097 -0.754764  0.433528 0.786370 0
0  0.000000 5.307916 -14.166066  0.001573 0.672395 -0.740191  0.425367 0.780448 0
beerkeg
0  0.000000 -6.124196 -14.192671  -0.001846 0.577731 -0.816225  0.420141 0.709610 0
0  2.480228 -5.987800 -14.971867  -0.417276 0.693600 -0.587197  0.426783 0.699459 0
0  0.000000 -6.481149 -14.637625  -0.000765 0.790884 -0.611965  0.418229 0.707943 0
beerkeg
0  0.000000 5.307916 -14.166066  0.001573 0.672395 -0.740191  0.425367 0.780448 0
0  -2.134681 5.153569 -14.284579  0.186997 0.054376 -0.980854  0.418411 0.774133 0
0  0.000000 5.578183 -14.021639  0.002719 0.043276 -0.999059  0.424441 0.781431 0
beerkeg
0  2.343629 -5.658019 -14.499709  -0.373430 0.508545 -0.775843  0.428256 0.702061 0
0  4.582864 -4.582864 -15.700868  -0.587414 0.587828 -0.556240  0.438548 0.690521 0
0  2.480228 -5.987800 -14.971867  -0.417276 0.693600 -0.587197  0.426783 0.699459 0
beerkeg
0  4.330461 -4.330460 -15.179875  -0.497726 0.500345 -0.708465  0.440284 0.693972 0
0  5.987800 -2.480229 -14.971867  -0.693717 0.417551 -0.586863  0.454607 0.685510 0
0  4.582864 -4.582864 -15.700868  -0.587414 0.587828 -0.556240  0.438548 0.690521 0
beerkeg
0  5.658019 -2.343629 -14.499710  -0.510035 0.373452 -0.774853  0.456138 0.689126 0
0  6.481148 -0.000002 -14.637626  -0.790963 -0.000000 -0.611864  0.472345 0.682272 0
0  5.987800 -2.480229 -14.971867  -0.693717 0.417551 -0.586863  0.454607 0.685510 0
beerkeg
0  0.000000 6.887856 -15.181075  0.000276 -0.819825 -0.572614  0.418550 0.787287 0
0  2.480228 5.987795 -14.971869  -0.417552 -0.693716 -0.586863  0.429948 0.793049 0
0  0.000000 6.481144 -14.637627  0.000765 -0.790884 -0.611965  0.420809 0.785129 0
beerkeg
0  5.153573 2.134676 -14.284577  0.056022 -0.189366 -0.980307  0.460990 0.797437 0
0  4.330461 4.330455 -15.179877  -0.500345 -0.497726 -0.708465  0.443850 0.797624 0
0  5.658019 2.343624 -14.499710  -0.508255 -0.375169 -0.775193  0.460071 0.801383 0
beerkeg
0  -10.326703 4.277458 -4.467089  -0.923824 0.382772 0.005851  0.349053 0.765570 0
0  -11.177404 -0.000000 -2.581949  -0.999996 -0.000000 -0.002891  0.340769 0.748980 0
0  -10.326576 4.277406 -2.581950  -0.923876 0.382682 -0.002892  0.341677 0.766202 0
beerkeg
0  0.000000 11.248383 -7.088147  0.000412 0.999291 0.037639  0.372527 0.816490 0
0  4.318803 10.426505 -8.584738  0.383453 0.923492 0.011244  0.388729 0.832446 0
0  0.000000 11.285570 -8.180895  0.000158 0.999911 0.013318  0.377183 0.814509 0
beerkeg
0  2.480228 5.987795 -14.971869  -0.417552 -0.693716 -0.586863  0.429948 0.793049 0
0  4.330461 4.330455 -15.179877  -0.500345 -0.497726 -0.708465  0.443850 0.797624 0
0  2.343629 5.658014 -14.499711  -0.373451 -0.510036 -0.774853  0.431247 0.790342 0
beerkeg
0  -7.916222 7.916217 -6.122111  -0.707287 0.706593 0.021702  0.357759 0.781666 0
0  -10.326703 4.277458 -4.467089  -0.923824 0.382772 0.005851  0.349053 0.765570 0
0  -7.903718 7.903713 -4.469488  -0.707144 0.707049 0.005445  0.351236 0.782836 0
beerkeg
0  -4.277462 10.326699 -4.467091  -0.382767 0.923826 0.005959  0.354982 0.801055 0
0  0.000000 11.195225 -5.811719  0.000293 0.999645 0.026630  0.366853 0.818658 0
0  -4.284229 10.343038 -5.978601  -0.383512 0.923198 0.024977  0.361368 0.799433 0
beerkeg
0  -6.124195 -0.000002 -14.192670  0.577731 0.001846 -0.816225  0.406497 0.746933 0
0  -5.987800 -2.480229 -14.971867  0.693600 0.417276 -0.587197  0.404844 0.737432 0
0  -6.481148 -0.000002 -14.637626  0.790885 0.000765 -0.611965  0.404382 0.747002 0
beerkeg
0  0.000000 5.578183 -14.021639  0.002719 0.043276 -0.999059  0.424441 0.781431 0
0  -2.343629 5.658014 -14.499711  0.373429 -0.508545 -0.775843  0.416137 0.775452 0
0  0.000000 6.124191 -14.192673  0.001846 -0.577731 -0.816225  0.422611 0.783331 0
beerkeg
0  -2.134681 5.153569 -14.284579  0.186997 0.054376 -0.980854  0.418411 0.774133 0
0  -4.330461 4.330455 -15.179877  0.497726 -0.500345 -0.708465  0.410402 0.765939 0
0  -2.343629 5.658014 -14.499711  0.373429 -0.508545 -0.775843  0.416137 0.775452 0
beerkeg
0  -5.987800 2.480224 -14.971867  0.693716 -0.417552 -0.586864  0.405470 0.756525 0
0  -6.887861 -0.000002 -15.181073  0.819825 0.000276 -0.572614  0.401795 0.747087 0
0  -6.363554 2.635867 -15.542887  0.719391 -0.421001 -0.552481  0.402895 0.757441 0
beerkeg
0  6.481148 -0.000002 -14.637626  -0.790963 -0.000000 -0.611864  0.476791 0.807116 0
0  5.658019 2.343624 -14.499710  -0.508255 -0.375169 -0.775193  0.460071 0.801383 0
0  5.987800 2.480224 -14.971867  -0.693306 -0.417944 -0.587068  0.458788 0.805113 0
beerkeg
0  -10.343041 4.284225 -5.978599  -0.923120 0.383728 0.024544  0.354823 0.764996 0
0  -11.177542 -0.000001 -4.421607  -0.999980 0.000067 0.006306  0.347881 0.748770 0
0  -10.326703 4.277458 -4.467089  -0.923824 0.382772 0.005851  0.349053 0.765570 0
beerkeg
0  0.000000 11.285570 -8.180895  0.000158 0.999911 0.013318  0.377183 0.814509 0
0  4.315125 10.417625 -9.679119  0.375987 0.925472 -0.046210  0.393436 0.829471 0
0  0.000000 11.275959 -9.177677  -0.000334 0.998844 -0.048063  0.381273 0.812615 0
beerkeg
0  -7.953811 7.953804 -7.810589  -0.707298 0.706328 0.028825  0.364164 0.780367 0
0  -10.343041 4.284225 -5.978599  -0.923120 0.383728 0.024544  0.354823 0.764996 0
0  -7.916222 7.916217 -6.122111  -0.707287 0.706593 0.021702  0.357759 0.781666 0
beerkeg
0  -4.284229 10.343038 -5.978601  -0.383512 0.923198 0.024977  0.361368 0.799433 0
0  0.000000 11.248383 -7.088147  0.000412 0.999291 0.037639  0.372527 0.816490 0
0  -4.304572 10.392149 -7.379991  -0.384701 0.922410 0.034137  0.367069 0.797789 0
beerkeg
0  -5.987800 -2.480229 -14.971867  0.693600 0.417276 -0.587197  0.404844 0.737432 0
0  -4.870454 -4.870454 -16.318396  0.599617 0.600991 -0.528459  0.403824 0.725944 0
0  -6.363554 -2.635872 -15.542887  0.719336 0.420281 -0.553100  0.402218 0.736687 0
beerkeg
0  -4.582864 -4.582864 -15.700868  0.587828 0.587413 -0.556240  0.406580 0.726850 0
0  -2.635871 -6.363554 -15.542886  0.421000 0.719391 -0.552481  0.409081 0.715850 0
0  -4.870454 -4.870454 -16.318396  0.599617 0.600991 -0.528459  0.403824 0.725944 0
beerkeg
0  -2.480228 -5.987800 -14.971867  0.417552 0.693716 -0.586863  0.411877 0.716944 0
0  0.000000 -6.887861 -15.181073  -0.000276 0.819825 -0.572614  0.415839 0.705947 0
0  -2.635871 -6.363554 -15.542886  0.421000 0.719391 -0.552481  0.409081 0.715850 0
beerkeg
0  0.000000 -6.481149 -14.637625  -0.000765 0.790884 -0.611965  0.418229 0.707943 0
0  2.635871 -6.363554 -15.542886  -0.420281 0.719336 -0.553100  0.424900 0.696407 0
0  0.000000 -6.887861 -15.181073  -0.000276 0.819825 -0.572614  0.415839 0.705947 0
beerkeg
0  2.480228 -5.987800 -14.971867  -0.417276 0.693600 -0.587197  0.426783 0.699459 0
0  4.870454 -4.870454 -16.318396  -0.600991 0.599617 -0.528459  0.436548 0.686869 0
0  2.635871 -6.363554 -15.542886  -0.420281 0.719336 -0.553100  0.424900 0.696407 0
beerkeg
0  4.582864 -4.582864 -15.700868  -0.587414 0.587828 -0.556240  0.438548 0.690521 0
0  6.363554 -2.635872 -15.542887  -0.719392 0.421000 -0.552480  0.452683 0.681278 0
0  4.870454 -4.870454 -16.318396  -0.600991 0.599617 -0.528459  0.436548 0.686869 0
beerkeg
0  5.987800 -2.480229 -14.971867  -0.693717 0.417551 -0.586863  0.454607 0.685510 0
0  6.887861 -0.000002 -15.181073  -0.819961 0.000000 -0.572419  0.471433 0.677268 0
0  6.363554 -2.635872 -15.542887  -0.719392 0.421000 -0.552480  0.452683 0.681278 0
beerkeg
0  0.000000 7.397201 -15.962942  -0.000183 -0.820761 -0.571271  0.415195 0.790324 0
0  2.635871 6.363549 -15.542888  -0.421000 -0.719392 -0.552481  0.428269 0.796234 0
0  0.000000 6.887856 -15.181075  0.000276 -0.819825 -0.572614  0.418550 0.787287 0
beerkeg
0  5.658019 2.343624 -14.499710  -0.508255 -0.375169 -0.775193  0.460071 0.801383 0
0  4.582864 4.582859 -15.700870  -0.587827 -0.587414 -0.556241  0.442347 0.801202 0
0  5.987800 2.480224 -14.971867  -0.693306 -0.417944 -0.587068  0.458788 0.805113 0
beerkeg
0  -10.392153 4.304568 -7.379989  -0.922229 0.385119 0.034300  0.360027 0.764424 0
0  -11.195226 -0.000001 -5.811716  -0.999645 0.000293 0.026631  0.353144 0.748613 0
0  -10.343041 4.284225 -5.978599  -0.923120 0.383728 0.024544  0.354823 0.764996 0
beerkeg
0  0.000000 11.275959 -9.177677  -0.000334 0.998844 -0.048063  0.381273 0.812615 0
0  4.285119 10.345185 -10.585295  0.358988 0.924125 -0.130848  0.397161 0.826927 0
0  0.000000 11.197550 -10.012786  -0.000866 0.990519 -0.137370  0.384609 0.810951 0
beerkeg
0  2.635871 6.363549 -15.542888  -0.421000 -0.719392 -0.552481  0.428269 0.796234 0
0  4.582864 4.582859 -15.700870  -0.587827 -0.587414 -0.556241  0.442347 0.801202 0
0  2.480228 5.987795 -14.971869  -0.417552 -0.693716 -0.586863  0.429948 0.793049 0
beerkeg
0  -7.980106 7.980100 -9.268043  -0.707188 0.706985 0.007591  0.369457 0.779178 0
0  -10.392153 4.304568 -7.379989  -0.922229 0.385119 0.034300  0.360027 0.764424 0
0  -7.953811 7.953804 -7.810589  -0.707298 0.706328 0.028825  0.364164 0.780367 0
beerkeg
0  -4.304572 10.392149 -7.379991  -0.384701 0.922410 0.034137  0.367069 0.797789 0
0  0.000000 11.285570 -8.180895  0.000158 0.999911 0.013318  0.377183 0.814509 0
0  -4.318803 10.426505 -8.584738  -0.383539 0.923458 0.011095  0.371785 0.796272 0
beerkeg
0  -6.481148 -0.000002 -14.637626  0.790885 0.000765 -0.611965  0.404382 0.747002 0
0  -6.363554 -2.635872 -15.542887  0.719336 0.420281 -0.553100  0.402218 0.736687 0
0  -6.887861 -0.000002 -15.181073  0.819825 0.000276 -0.572614  0.401795 0.747087 0
beerkeg
0  0.000000 6.124191 -14.192673  0.001846 -0.577731 -0.816225  0.422611 0.783331 0
0  -2.480228 5.987795 -14.971869  0.417276 -0.693600 -0.587196  0.413851 0.776543 0
0  0.000000 6.481144 -14.637627  0.000765 -0.790884 -0.611965  0.420809 0.785129 0
beerkeg
0  -2.343629 5.658014 -14.499711  0.373429 -0.508545 -0.775843  0.416137 0.775452 0
0  -4.582864 4.582859 -15.700870  0.587414 -0.587827 -0.556240  0.407899 0.766986 0
0  -2.480228 5.987795 -14.971869  0.417276 -0.693600 -0.587196  0.413851 0.776543 0
beerkeg
0  -6.363554 2.635867 -15.542887  0.719391 -0.421001 -0.552481  0.402895 0.757441 0
0  -7.397203 -0.000003 -15.962941  0.820762 -0.000183 -0.571270  0.398065 0.747208 0
0  -6.834125 2.830784 -16.351048  0.716515 -0.420722 -0.556417  0.399365 0.758710 0
beerkeg
0  6.887861 -0.000002 -15.181073  -0.819961 0.000000 -0.572419  0.476229 0.812195 0
0  5.987800 2.480224 -14.971867  -0.693306 -0.417944 -0.587068  0.458788 0.805113 0
0  6.363554 2.635867 -15.542887  -0.719363 -0.420491 -0.552904  0.457154 0.809489 0
beerkeg
0  -10.426509 4.318799 -8.584736  -0.923351 0.383782 0.011580  0.364377 0.763907 0
0  -11.248385 -0.000001 -7.088144  -0.999291 0.000411 0.037639  0.357862 0.748471 0
0  -10.392153 4.304568 -7.379989  -0.922229 0.385119 0.034300  0.360027 0.764424 0
beerkeg
0  0.000000 11.197550 -10.012786  -0.000866 0.990519 -0.137370  0.384609 0.810951 0
0  4.227602 10.206327 -11.405350  0.338459 0.918368 -0.205050  0.400443 0.824541 0
0  0.000000 11.047250 -10.781296  -0.001166 0.976776 -0.214259  0.387651 0.809342 0
beerkeg
0  -7.973311 7.973304 -10.568152  -0.705857 0.706883 -0.045627  0.373989 0.778074 0
0  -10.426509 4.318799 -8.584736  -0.923351 0.383782 0.011580  0.364377 0.763907 0
0  -7.980106 7.980100 -9.268043  -0.707188 0.706985 0.007591  0.369457 0.779178 0
beerkeg
0  -4.318803 10.426505 -8.584738  -0.383539 0.923458 0.011095  0.371785 0.796272 0
0  0.000000 11.275959 -9.177677  -0.000334 0.998844 -0.048063  0.381273 0.812615 0
0  -4.315125 10.417625 -9.679119  -0.375616 0.925613 -0.046410  0.375921 0.794822 0
beerkeg
0  -6.363554 -2.635872 -15.542887  0.719336 0.420281 -0.553100  0.402218 0.736687 0
0  -5.230614 -5.230614 -17.166021  0.590616 0.592927 -0.547367  0.400514 0.724913 0
0  -6.834125 -2.830789 -16.351048  0.716958 0.419651 -0.556655  0.398616 0.735652 0
beerkeg
0  -4.870454 -4.870454 -16.318396  0.599617 0.600991 -0.528459  0.403824 0.725944 0
0  -2.830788 -6.834126 -16.351046  0.420722 0.716515 -0.556416  0.405201 0.714474 0
0  -5.230614 -5.230614 -17.166021  0.590616 0.592927 -0.547367  0.400514 0.724913 0
beerkeg
0  -2.635871 -6.363554 -15.542886  0.421000 0.719391 -0.552481  0.409081 0.715850 0
0  0.000000 -7.397205 -15.962940  0.000183 0.820761 -0.571272  0.412302 0.703151 0
0  -2.830788 -6.834126 -16.351046  0.420722 0.716515 -0.556416  0.405201 0.714474 0
beerkeg
0  0.000000 -6.887861 -15.181073  -0.000276 0.819825 -0.572614  0.415839 0.705947 0
0  2.830788 -6.834126 -16.351046  -0.419650 0.716958 -0.556655  0.422196 0.692237 0
0  0.000000 -7.397205 -15.962940  0.000183 0.820761 -0.571272  0.412302 0.703151 0
beerkeg
0  2.635871 -6.363554 -15.542886  -0.420281 0.719336 -0.553100  0.424900 0.696407 0
0  5.230614 -5.230614 -17.166021  -0.592928 0.590615 -0.547367  0.433958 0.682576 0
0  2.830788 -6.834126 -16.351046  -0.419650 0.716958 -0.556655  0.422196 0.692237 0
beerkeg
0  4.870454 -4.870454 -16.318396  -0.600991 0.599617 -0.528459  0.436548 0.686869 0
0  6.834125 -2.830789 -16.351048  -0.716515 0.420722 -0.556417  0.449782 0.675633 0
0  5.230614 -5.230614 -17.166021  -0.592928 0.590615 -0.547367  0.433958 0.682576 0
beerkeg
0  6.363554 -2.635872 -15.542887  -0.719392 0.421000 -0.552480  0.452683 0.681278 0
0  7.397203 -0.000003 -15.962941  -0.820825 0.000000 -0.571180  0.469787 0.670340 0
0  6.834125 -2.830789 -16.351048  -0.716515 0.420722 -0.556417  0.449782 0.675633 0
beerkeg
0  0.000000 7.776502 -16.474087  0.000792 -0.214249 -0.976779  0.412739 0.792431 0
0  2.830788 6.834120 -16.351049  -0.420722 -0.716515 -0.556416  0.425841 0.800595 0
0  0.000000 7.397201 -15.962942  -0.000183 -0.820761 -0.571271  0.415195 0.790324 0
beerkeg
0  6.834125 2.830784 -16.351048  -0.717126 -0.419468 -0.556576  0.454638 0.815350 0
0  5.498821 5.498816 -17.713902  -0.216309 -0.216107 -0.952107  0.436815 0.812177 0
0  7.184556 2.975936 -16.878080  -0.156700 -0.290234 -0.944039  0.452748 0.819250 0
beerkeg
0  -10.417631 4.315121 -9.679117  -0.925689 0.375495 -0.045863  0.368230 0.763420 0
0  -11.285571 -0.000001 -8.180892  -0.999911 0.000158 0.013318  0.361811 0.748351 0
0  -10.426509 4.318799 -8.584736  -0.923351 0.383782 0.011580  0.364377 0.763907 0
beerkeg
0  0.000000 11.047250 -10.781296  -0.001166 0.976776 -0.214259  0.387651 0.809342 0
0  4.152661 10.025402 -12.219415  0.325435 0.914859 -0.239010  0.403634 0.822102 0
0  0.000000 10.851418 -11.559395  -0.001053 0.969108 -0.246633  0.390707 0.807642 0
beerkeg
0  2.830788 6.834120 -16.351049  -0.420722 -0.716515 -0.556416  0.425841 0.800595 0
0  4.870454 4.870448 -16.318396  -0.599616 -0.600992 -0.528459  0.440593 0.804999 0
0  2.635871 6.363549 -15.542888  -0.421000 -0.719392 -0.552481  0.428269 0.796234 0
beerkeg
0  -7.917867 7.917861 -11.613586  -0.700477 0.702585 -0.125323  0.377528 0.777157 0
0  -10.417631 4.315121 -9.679117  -0.925689 0.375495 -0.045863  0.368230 0.763420 0
0  -7.973311 7.973304 -10.568152  -0.705857 0.706883 -0.045627  0.373989 0.778074 0
beerkeg
0  -4.315125 10.417625 -9.679119  -0.375616 0.925613 -0.046410  0.375921 0.794822 0
0  0.000000 11.197550 -10.012786  -0.000866 0.990519 -0.137370  0.384609 0.810951 0
0  -4.285119 10.345185 -10.585295  -0.358161 0.924423 -0.131006  0.379262 0.793562 0
beerkeg
0  -6.887861 -0.000002 -15.181073  0.819825 0.000276 -0.572614  0.401795 0.747087 0
0  -6.834125 -2.830789 -16.351048  0.716958 0.419651 -0.556655  0.398616 0.735652 0
0  -7.397203 -0.000003 -15.962941  0.820762 -0.000183 -0.571270  0.398065 0.747208 0
beerkeg
0  0.000000 6.481144 -14.637627  0.000765 -0.790884 -0.611965  0.420809 0.785129 0
0  -2.635871 6.363549 -15.542888  0.420281 -0.719337 -0.553099  0.411126 0.777824 0
0  0.000000 6.887856 -15.181075  0.000276 -0.819825 -0.572614  0.418550 0.787287 0
beerkeg
0  -2.480228 5.987795 -14.971869  0.417276 -0.693600 -0.587196  0.413851 0.776543 0
0  -4.870454 4.870448 -16.318396  0.600991 -0.599617 -0.528459  0.405203 0.768073 0
0  -2.635871 6.363549 -15.542888  0.420281 -0.719337 -0.553099  0.411126 0.777824 0
beerkeg
0  -6.834125 2.830784 -16.351048  0.716515 -0.420722 -0.556417  0.399365 0.758710 0
0  -7.776505 -0.000003 -16.474085  0.214246 0.000793 -0.976779  0.395409 0.747294 0
0  -7.184556 2.975936 -16.878080  0.155567 -0.289957 -0.944311  0.397000 0.759591 0
beerkeg
0  7.397203 -0.000003 -15.962941  -0.820825 0.000000 -0.571180  0.475069 0.819256 0
0  6.363554 2.635867 -15.542887  -0.719363 -0.420491 -0.552904  0.457154 0.809489 0
0  6.834125 2.830784 -16.351048  -0.717126 -0.419468 -0.556576  0.454638 0.815350 0
beerkeg
0  -10.345191 4.285115 -10.585293  -0.924677 0.357633 -0.130657  0.371373 0.763005 0
0  -11.275961 -0.000001 -9.177676  -0.998844 -0.000334 -0.048063  0.365345 0.748243 0
0  -10.417631 4.315121 -9.679117  -0.925689 0.375495 -0.045863  0.368230 0.763420 0
beerkeg
0  0.000000 10.851418 -11.559395  -0.001053 0.969108 -0.246633  0.390707 0.807642 0
0  4.075841 9.839944 -13.010058  0.313595 0.910512 -0.269491  0.406661 0.819689 0
0  0.000000 10.650679 -12.331964  -0.000649 0.962656 -0.270728  0.393694 0.805895 0
beerkeg
0  -7.811589 7.811584 -12.527433  -0.692217 0.694674 -0.195611  0.380568 0.776329 0
0  -10.345191 4.285115 -10.585293  -0.924677 0.357633 -0.130657  0.371373 0.763005 0
0  -7.917867 7.917861 -11.613586  -0.700477 0.702585 -0.125323  0.377528 0.777157 0
beerkeg
0  -4.285119 10.345185 -10.585295  -0.358161 0.924423 -0.131006  0.379262 0.793562 0
0  0.000000 11.047250 -10.781296  -0.001166 0.976776 -0.214259  0.387651 0.809342 0
0  -4.227602 10.206327 -11.405350  -0.337432 0.918741 -0.205071  0.382254 0.792366 0
beerkeg
0  -6.834125 -2.830789 -16.351048  0.716958 0.419651 -0.556655  0.398616 0.735652 0
0  -5.498821 -5.498821 -17.713902  0.216312 0.216106 -0.952107  0.398502 0.724309 0
0  -7.184556 -2.975942 -16.878080  0.157422 0.289704 -0.944081  0.396202 0.734928 0
beerkeg
0  -5.230614 -5.230614 -17.166021  0.590616 0.592927 -0.547367  0.400514 0.724913 0
0  -2.975941 -7.184555 -16.878078  0.289958 0.155568 -0.944311  0.402567 0.713651 0
0  -5.498821 -5.498821 -17.713902  0.216312 0.216106 -0.952107  0.398502 0.724309 0
beerkeg
0  -2.830788 -6.834126 -16.351046  0.420722 0.716515 -0.556416  0.405201 0.714474 0
0  0.000000 -7.776508 -16.474083  -0.000793 0.214249 -0.976779  0.409723 0.701219 0
0  -2.975941 -7.184555 -16.878078  0.289958 0.155568 -0.944311  0.402567 0.713651 0
beerkeg
0  0.000000 -7.397205 -15.962940  0.000183 0.820761 -0.571272  0.412302 0.703151 0
0  2.975941 -7.184555 -16.878078  -0.289706 0.157427 -0.944080  0.420323 0.689428 0
0  0.000000 -7.776508 -16.474083  -0.000793 0.214249 -0.976779  0.409723 0.701219 0
beerkeg
0  2.830788 -6.834126 -16.351046  -0.419650 0.716958 -0.556655  0.422196 0.692237 0
0  5.498821 -5.498821 -17.713902  -0.216106 0.216311 -0.952107  0.432310 0.680000 0
0  2.975941 -7.184555 -16.878078  -0.289706 0.157427 -0.944080  0.420323 0.689428 0
beerkeg
0  5.230614 -5.230614 -17.166021  -0.592928 0.590615 -0.547367  0.433958 0.682576 0
0  7.184556 -2.975942 -16.878080  -0.155567 0.289957 -0.944311  0.447638 0.671894 0
0  5.498821 -5.498821 -17.713902  -0.216106 0.216311 -0.952107  0.432310 0.680000 0
beerkeg
0  6.834125 -2.830789 -16.351048  -0.716515 0.420722 -0.556417  0.449782 0.675633 0
0  7.776505 -0.000003 -16.474085  -0.213684 0.000000 -0.976903  0.468556 0.665714 0
0  7.184556 -2.975942 -16.878080  -0.155567 0.289957 -0.944311  0.447638 0.671894 0
beerkeg
0  8.050835 -0.000003 -16.366962  0.572427 0.000000 -0.819956  0.474197 0.826184 0
0  7.184556 2.975936 -16.878080  -0.156700 -0.290234 -0.944039  0.452748 0.819250 0
0  7.438002 3.080917 -16.794096  0.536990 0.032035 -0.842980  0.452243 0.821037 0
beerkeg
0  1.814722 0.751678 -17.596067  0.277854 -0.002380 -0.960620  0.456010 0.761021 0
0  2.140902 2.140897 -17.267035  0.330621 0.340517 -0.880192  0.450265 0.770030 0
0  2.797222 1.158644 -17.045677  0.545107 0.098640 -0.832544  0.458810 0.770133 0
beerkeg
0  -10.206332 4.227597 -11.405348  -0.919032 0.336608 -0.205125  0.374216 0.762616 0
0  -11.197553 -0.000002 -10.012784  -0.990520 -0.000865 -0.137369  0.368281 0.748153 0
0  -10.345191 4.285115 -10.585293  -0.924677 0.357633 -0.130657  0.371373 0.763005 0
beerkeg
0  0.000000 10.650679 -12.331964  -0.000649 0.962656 -0.270728  0.393694 0.805895 0
0  3.991522 9.636378 -13.716649  0.287373 0.894243 -0.343142  0.409344 0.817463 0
0  0.000000 10.430343 -13.041414  -0.000165 0.942012 -0.335580  0.396436 0.804210 0
beerkeg
0  2.975941 7.184549 -16.878082  -0.289960 -0.155568 -0.944310  0.424153 0.803539 0
0  5.230614 5.230608 -17.166021  -0.590615 -0.592928 -0.547367  0.438291 0.809481 0
0  2.830788 6.834120 -16.351049  -0.420722 -0.716515 -0.556416  0.425841 0.800595 0
beerkeg
0  -7.673115 7.673108 -13.400791  -0.686997 0.688943 -0.231068  0.383428 0.775514 0
0  -10.206332 4.227597 -11.405348  -0.919032 0.336608 -0.205125  0.374216 0.762616 0
0  -7.811589 7.811584 -12.527433  -0.692217 0.694674 -0.195611  0.380568 0.776329 0
beerkeg
0  -4.227602 10.206327 -11.405350  -0.337432 0.918741 -0.205071  0.382254 0.792366 0
0  0.000000 10.851418 -11.559395  -0.001053 0.969108 -0.246633  0.390707 0.807642 0
0  -4.152661 10.025402 -12.219415  -0.324583 0.915192 -0.238891  0.385201 0.791120 0
beerkeg
0  -7.397203 -0.000003 -15.962941  0.820762 -0.000183 -0.571270  0.398065 0.747208 0
0  -7.184556 -2.975942 -16.878080  0.157422 0.289704 -0.944081  0.396202 0.734928 0
0  -7.776505 -0.000003 -16.474085  0.214246 0.000793 -0.976779  0.395409 0.747294 0
beerkeg
0  0.000000 6.887856 -15.181075  0.000276 -0.819825 -0.572614  0.418550 0.787287 0
0  -2.830788 6.834120 -16.351049  0.419652 -0.716959 -0.556653  0.407334 0.779457 0
0  0.000000 7.397201 -15.962942  -0.000183 -0.820761 -0.571271  0.415195 0.790324 0
beerkeg
0  -2.635871 6.363549 -15.542888  0.420281 -0.719337 -0.553099  0.411126 0.777824 0
0  -5.230614 5.230608 -17.166021  0.592927 -0.590615 -0.547368  0.401961 0.769320 0
0  -2.830788 6.834120 -16.351049  0.419652 -0.716959 -0.556653  0.407334 0.779457 0
beerkeg
0  -5.498821 5.498816 -17.713902  0.216107 -0.216311 -0.952107  0.399988 0.770056 0
0  -7.438002 3.080917 -16.794096  -0.536710 0.033735 -0.843092  0.395941 0.759761 0
0  -5.692801 5.692794 -17.667006  -0.283736 0.281718 -0.916585  0.399191 0.770350 0
beerkeg
0  8.359676 -0.000003 -16.057745  0.737344 0.000000 -0.675517  0.474230 0.829528 0
0  7.438002 3.080917 -16.794096  0.536990 0.032035 -0.842980  0.452243 0.821037 0
0  7.723334 3.199106 -16.516708  0.698955 0.124736 -0.704204  0.451639 0.823614 0
beerkeg
0  7.776505 -0.000003 -16.474085  -0.213684 0.000000 -0.976903  0.474161 0.823981 0
0  6.834125 2.830784 -16.351048  -0.717126 -0.419468 -0.556576  0.454638 0.815350 0
0  7.184556 2.975936 -16.878080  -0.156700 -0.290234 -0.944039  0.452748 0.819250 0
beerkeg
0  -10.025406 4.152656 -12.219414  -0.915387 0.323756 -0.239265  0.377044 0.762223 0
0  -11.047254 -0.000002 -10.781294  -0.976776 -0.001166 -0.214259  0.371001 0.748068 0
0  -10.206332 4.227597 -11.405348  -0.919032 0.336608 -0.205125  0.374216 0.762616 0
beerkeg
0  0.000000 10.430343 -13.041414  -0.000165 0.942012 -0.335580  0.396436 0.804210 0
0  3.887958 9.386352 -14.340224  0.240772 0.853824 -0.461534  0.411761 0.815376 0
0  0.000000 10.159715 -13.687181  0.000400 0.896254 -0.443540  0.398997 0.802564 0
beerkeg
0  -7.531172 7.531165 -14.217872  -0.679546 0.680790 -0.273391  0.386052 0.774734 0
0  -10.025406 4.152656 -12.219414  -0.915387 0.323756 -0.239265  0.377044 0.762223 0
0  -7.673115 7.673108 -13.400791  -0.686997 0.688943 -0.231068  0.383428 0.775514 0
beerkeg
0  -4.152661 10.025402 -12.219415  -0.324583 0.915192 -0.238891  0.385201 0.791120 0
0  0.000000 10.650679 -12.331964  -0.000649 0.962656 -0.270728  0.393694 0.805895 0
0  -4.075841 9.839944 -13.010058  -0.313112 0.910721 -0.269346  0.388020 0.789848 0
beerkeg
0  -7.776505 -0.000003 -16.474085  0.214246 0.000793 -0.976779  0.395409 0.747294 0
0  -7.438002 -3.080922 -16.794096  -0.536481 -0.033332 -0.843254  0.395136 0.734827 0
0  -8.050835 -0.000003 -16.366962  -0.572322 0.001504 -0.820028  0.394219 0.747333 0
beerkeg
0  -7.184556 -2.975942 -16.878080  0.157422 0.289704 -0.944081  0.396202 0.734928 0
0  -5.692801 -5.692800 -17.667006  -0.281721 -0.283739 -0.916584  0.397689 0.724068 0
0  -7.438002 -3.080922 -16.794096  -0.536481 -0.033332 -0.843254  0.395136 0.734827 0
beerkeg
0  -5.498821 -5.498821 -17.713902  0.216312 0.216106 -0.952107  0.398502 0.724309 0
0  -3.080922 -7.438002 -16.794096  -0.033734 -0.536713 -0.843090  0.401532 0.713105 0
0  -5.692801 -5.692800 -17.667006  -0.281721 -0.283739 -0.916584  0.397689 0.724068 0
beerkeg
0  -2.975941 -7.184555 -16.878078  0.289958 0.155568 -0.944311  0.402567 0.713651 0
0  0.000000 -8.050836 -16.366961  -0.001503 -0.572321 -0.820028  0.408548 0.700376 0
0  -3.080922 -7.438002 -16.794096  -0.033734 -0.536713 -0.843090  0.401532 0.713105 0
beerkeg
0  0.000000 -7.776508 -16.474083  -0.000793 0.214249 -0.976779  0.409723 0.701219 0
0  3.080922 -7.438002 -16.794096  0.033330 -0.536478 -0.843256  0.419290 0.688421 0
0  0.000000 -8.050836 -16.366961  -0.001503 -0.572321 -0.820028  0.408548 0.700376 0
beerkeg
0  2.975941 -7.184555 -16.878078  -0.289706 0.157427 -0.944080  0.420323 0.689428 0
0  5.692801 -5.692800 -17.667006  0.283740 -0.281721 -0.916583  0.431632 0.678962 0
0  3.080922 -7.438002 -16.794096  0.033330 -0.536478 -0.843256  0.419290 0.688421 0
beerkeg
0  5.498821 -5.498821 -17.713902  -0.216106 0.216311 -0.952107  0.432310 0.680000 0
0  7.438002 -3.080922 -16.794096  0.536711 -0.033735 -0.843092  0.447013 0.670156 0
0  5.692801 -5.692800 -17.667006  0.283740 -0.281721 -0.916583  0.431632 0.678962 0
beerkeg
0  -5.692801 5.692794 -17.667006  -0.283736 0.281718 -0.916585  0.399191 0.770350 0
0  -7.723334 3.199106 -16.516708  -0.698460 0.126551 -0.704371  0.394407 0.759905 0
0  -5.911185 5.911179 -17.440550  -0.446336 0.443804 -0.777060  0.398070 0.770757 0
beerkeg
0  8.706594 -0.000003 -15.652540  0.757839 -0.000000 -0.652441  0.474168 0.833689 0
0  7.723334 3.199106 -16.516708  0.698955 0.124736 -0.704204  0.451639 0.823614 0
0  8.043845 3.331866 -16.149446  0.720841 0.134293 -0.679966  0.450817 0.826708 0
beerkeg
0  7.184556 -2.975942 -16.878080  -0.155567 0.289957 -0.944311  0.447638 0.671894 0
0  8.050835 -0.000003 -16.366962  0.572427 0.000000 -0.819956  0.468439 0.663526 0
0  7.438002 -3.080922 -16.794096  0.536711 -0.033735 -0.843092  0.447013 0.670156 0
beerkeg
0  -9.839949 4.075837 -13.010056  -0.910837 0.312497 -0.269671  0.379785 0.761845 0
0  -10.851420 -0.000002 -11.559393  -0.969108 -0.001052 -0.246634  0.373775 0.747982 0
0  -10.025406 4.152656 -12.219414  -0.915387 0.323756 -0.239265  0.377044 0.762223 0
beerkeg
0  0.000000 10.159715 -13.687181  0.000400 0.896254 -0.443540  0.398997 0.802564 0
0  3.759250 9.075625 -14.862957  0.189504 0.799347 -0.570204  0.413930 0.813411 0
0  0.000000 9.823389 -14.244112  0.000904 0.837194 -0.546905  0.401367 0.800978 0
beerkeg
0  7.184556 2.975936 -16.878080  -0.156700 -0.290234 -0.944039  0.452748 0.819250 0
0  5.692801 5.692794 -17.667006  0.281720 0.283736 -0.916585  0.436206 0.813265 0
0  7.438002 3.080917 -16.794096  0.536990 0.032035 -0.842980  0.452243 0.821037 0
beerkeg
0  -7.375371 7.375363 -14.922699  -0.658639 0.659339 -0.362585  0.388310 0.774038 0
0  -9.839949 4.075837 -13.010056  -0.910837 0.312497 -0.269671  0.379785 0.761845 0
0  -7.531172 7.531165 -14.217872  -0.679546 0.680790 -0.273391  0.386052 0.774734 0
beerkeg
0  -4.075841 9.839944 -13.010058  -0.313112 0.910721 -0.269346  0.388020 0.789848 0
0  0.000000 10.430343 -13.041414  -0.000165 0.942012 -0.335580  0.396436 0.804210 0
0  -3.991522 9.636378 -13.716649  -0.287359 0.894317 -0.342961  0.390540 0.788641 0
beerkeg
0  -8.050835 -0.000003 -16.366962  -0.572322 0.001504 -0.820028  0.394219 0.747333 0
0  -7.723334 -3.199111 -16.516708  -0.698473 -0.126251 -0.704412  0.393598 0.734782 0
0  -8.359676 -0.000003 -16.057745  -0.737292 0.001641 -0.675573  0.392485 0.747388 0
beerkeg
0  -7.184556 2.975936 -16.878080  0.155567 -0.289957 -0.944311  0.397000 0.759591 0
0  -8.050835 -0.000003 -16.366962  -0.572322 0.001504 -0.820028  0.394219 0.747333 0
0  -7.438002 3.080917 -16.794096  -0.536710 0.033735 -0.843092  0.395941 0.759761 0
beerkeg
0  -7.438002 -3.080922 -16.794096  -0.536481 -0.033332 -0.843254  0.395136 0.734827 0
0  -5.911185 -5.911184 -17.440546  -0.443807 -0.446339 -0.777057  0.396547 0.723735 0
0  -7.723334 -3.199111 -16.516708  -0.698473 -0.126251 -0.704412  0.393598 0.734782 0
beerkeg
0  -5.692801 -5.692800 -17.667006  -0.281721 -0.283739 -0.916584  0.397689 0.724068 0
0  -3.199111 -7.723336 -16.516706  -0.126553 -0.698462 -0.704369  0.400086 0.712240 0
0  -5.911185 -5.911184 -17.440546  -0.443807 -0.446339 -0.777057  0.396547 0.723735 0
beerkeg
0  0.000000 7.397201 -15.962942  -0.000183 -0.820761 -0.571271  0.415195 0.790324 0
0  -2.975941 7.184549 -16.878082  0.289705 -0.157426 -0.944081  0.404752 0.780454 0
0  0.000000 7.776502 -16.474087  0.000792 -0.214249 -0.976779  0.412739 0.792431 0
beerkeg
0  -3.080922 -7.438002 -16.794096  -0.033734 -0.536713 -0.843090  0.401532 0.713105 0
0  0.000000 -8.359678 -16.057743  -0.001641 -0.737291 -0.675574  0.406816 0.699168 0
0  -3.199111 -7.723336 -16.516706  -0.126553 -0.698462 -0.704369  0.400086 0.712240 0
beerkeg
0  -2.830788 6.834120 -16.351049  0.419652 -0.716959 -0.556653  0.407334 0.779457 0
0  -5.498821 5.498816 -17.713902  0.216107 -0.216311 -0.952107  0.399988 0.770056 0
0  -2.975941 7.184549 -16.878082  0.289705 -0.157426 -0.944081  0.404752 0.780454 0
beerkeg
0  0.000000 -8.050836 -16.366961  -0.001503 -0.572321 -0.820028  0.408548 0.700376 0
0  3.199111 -7.723336 -16.516706  0.126253 -0.698475 -0.704410  0.417694 0.687088 0
0  0.000000 -8.359678 -16.057743  -0.001641 -0.737291 -0.675574  0.406816 0.699168 0
beerkeg
0  3.080922 -7.438002 -16.794096  0.033330 -0.536478 -0.843256  0.419290 0.688421 0
0  5.911185 -5.911184 -17.440546  0.446339 -0.443807 -0.777057  0.430661 0.677510 0
0  3.199111 -7.723336 -16.516706  0.126253 -0.698475 -0.704410  0.417694 0.687088 0
beerkeg
0  5.692801 -5.692800 -17.667006  0.283740 -0.281721 -0.916583  0.431632 0.678962 0
0  7.723334 -3.199111 -16.516708  0.698459 -0.126552 -0.704372  0.446237 0.667641 0
0  5.911185 -5.911184 -17.440546  0.446339 -0.443807 -0.777057  0.430661 0.677510 0
beerkeg
0  -5.911185 5.911179 -17.440550  -0.446336 0.443804 -0.777060  0.398070 0.770757 0
0  -8.043845 3.331866 -16.149446  -0.720358 0.135902 -0.680158  0.392578 0.760095 0
0  -6.156493 6.156486 -17.131422  -0.472826 0.470454 -0.745056  0.396719 0.771240 0
beerkeg
0  9.115719 -0.000002 -15.177500  0.771132 -0.000000 -0.636675  0.473937 0.838688 0
0  8.043845 3.331866 -16.149446  0.720841 0.134293 -0.679966  0.450817 0.826708 0
0  8.421825 3.488430 -15.719165  0.734237 0.141919 -0.663894  0.449680 0.830295 0
beerkeg
0  7.438002 -3.080922 -16.794096  0.536711 -0.033735 -0.843092  0.447013 0.670156 0
0  8.359676 -0.000003 -16.057745  0.737344 0.000000 -0.675517  0.468238 0.660206 0
0  7.723334 -3.199111 -16.516708  0.698459 -0.126552 -0.704372  0.446237 0.667641 0
beerkeg
0  3.080922 7.437996 -16.794100  0.033734 0.536713 -0.843090  0.423186 0.804617 0
0  5.498821 5.498816 -17.713902  -0.216309 -0.216107 -0.952107  0.436815 0.812177 0
0  2.975941 7.184549 -16.878082  -0.289960 -0.155568 -0.944310  0.424153 0.803539 0
beerkeg
0  -9.636383 3.991517 -13.716647  -0.894409 0.286717 -0.343258  0.382267 0.761508 0
0  -10.650682 -0.000002 -12.331964  -0.962656 -0.000649 -0.270727  0.376530 0.747896 0
0  -9.839949 4.075837 -13.010056  -0.910837 0.312497 -0.269671  0.379785 0.761845 0
beerkeg
0  0.000000 9.823389 -14.244112  0.000904 0.837194 -0.546905  0.401367 0.800978 0
0  3.625568 8.752888 -15.309019  0.159485 0.761427 -0.628326  0.415889 0.811582 0
0  0.000000 9.474058 -14.727910  0.001240 0.798301 -0.602257  0.403535 0.799470 0
beerkeg
0  7.438002 3.080917 -16.794096  0.536990 0.032035 -0.842980  0.452243 0.821037 0
0  5.911185 5.911179 -17.440550  0.443805 0.446336 -0.777060  0.435331 0.814788 0
0  7.723334 3.199106 -16.516708  0.698955 0.124736 -0.704204  0.451639 0.823614 0
beerkeg
0  -7.184007 7.184000 -15.523471  -0.612030 0.612271 -0.500544  0.390296 0.773408 0
0  -9.636383 3.991517 -13.716647  -0.894409 0.286717 -0.343258  0.382267 0.761508 0
0  -7.375371 7.375363 -14.922699  -0.658639 0.659339 -0.362585  0.388310 0.774038 0
beerkeg
0  -3.991522 9.636378 -13.716649  -0.287359 0.894317 -0.342961  0.390540 0.788641 0
0  0.000000 10.159715 -13.687181  0.000400 0.896254 -0.443540  0.398997 0.802564 0
0  -3.887958 9.386352 -14.340224  -0.241281 0.853760 -0.461386  0.392833 0.787489 0
beerkeg
0  -8.359676 -0.000003 -16.057745  -0.737292 0.001641 -0.675573  0.392485 0.747388 0
0  -8.043845 -3.331871 -16.149446  -0.720330 -0.135923 -0.680184  0.391762 0.734710 0
0  -8.706594 -0.000003 -15.652540  -0.757779 0.001758 -0.652509  0.390426 0.747455 0
beerkeg
0  -7.438002 3.080917 -16.794096  -0.536710 0.033735 -0.843092  0.395941 0.759761 0
0  -8.359676 -0.000003 -16.057745  -0.737292 0.001641 -0.675573  0.392485 0.747388 0
0  -7.723334 3.199106 -16.516708  -0.698460 0.126551 -0.704371  0.394407 0.759905 0
beerkeg
0  -7.723334 -3.199111 -16.516708  -0.698473 -0.126251 -0.704412  0.393598 0.734782 0
0  -6.156493 -6.156491 -17.131418  -0.470456 -0.472827 -0.745054  0.395171 0.723341 0
0  -8.043845 -3.331871 -16.149446  -0.720330 -0.135923 -0.680184  0.391762 0.734710 0
beerkeg
0  -5.911185 -5.911184 -17.440546  -0.443807 -0.446339 -0.777057  0.396547 0.723735 0
0  -3.331871 -8.043844 -16.149445  -0.135901 -0.720356 -0.680161  0.398330 0.711248 0
0  -6.156493 -6.156491 -17.131418  -0.470456 -0.472827 -0.745054  0.395171 0.723341 0
beerkeg
0  -3.199111 -7.723336 -16.516706  -0.126553 -0.698462 -0.704369  0.400086 0.712240 0
0  0.000000 -8.706597 -15.652538  -0.001758 -0.757779 -0.652509  0.404729 0.697764 0
0  -3.331871 -8.043844 -16.149445  -0.135901 -0.720356 -0.680161  0.398330 0.711248 0
beerkeg
0  0.000000 -8.359678 -16.057743  -0.001641 -0.737291 -0.675574  0.406816 0.699168 0
0  3.331871 -8.043844 -16.149445  0.135923 -0.720330 -0.680184  0.415780 0.685501 0
0  0.000000 -8.706597 -15.652538  -0.001758 -0.757779 -0.652509  0.404729 0.697764 0
beerkeg
0  3.199111 -7.723336 -16.516706  0.126253 -0.698475 -0.704410  0.417694 0.687088 0
0  6.156493 -6.156491 -17.131418  0.472826 -0.470454 -0.745056  0.429462 0.675773 0
0  3.331871 -8.043844 -16.149445  0.135923 -0.720330 -0.680184  0.415780 0.685501 0
beerkeg
0  5.911185 -5.911184 -17.440546  0.446339 -0.443807 -0.777057  0.430661 0.677510 0
0  8.043845 -3.331871 -16.149446  0.720357 -0.135903 -0.680158  0.445209 0.664628 0
0  6.156493 -6.156491 -17.131418  0.472826 -0.470454 -0.745056  0.429462 0.675773 0
beerkeg
0  8.043845 3.331866 -16.149446  0.720841 0.134293 -0.679966  0.450817 0.826708 0
0  6.445788 6.445781 -16.765215  0.486293 0.485712 -0.726363  0.432932 0.818740 0
0  8.421825 3.488430 -15.719165  0.734237 0.141919 -0.663894  0.449680 0.830295 0
beerkeg
0  9.075631 3.759245 -14.862954  0.799246 0.189553 -0.570329  0.447264 0.836841 0
0  6.699175 6.699169 -16.407494  0.516178 0.515220 -0.684185  0.431651 0.820724 0
0  6.946188 6.946181 -16.007765  0.556006 0.555698 -0.618107  0.430259 0.822795 0
beerkeg
0  7.723334 -3.199111 -16.516708  0.698459 -0.126552 -0.704372  0.446237 0.667641 0
0  8.706594 -0.000003 -15.652540  0.757839 -0.000000 -0.652441  0.467885 0.656084 0
0  8.043845 -3.331871 -16.149446  0.720357 -0.135903 -0.680158  0.445209 0.664628 0
beerkeg
0  3.199111 7.723330 -16.516710  0.126553 0.698462 -0.704368  0.421675 0.806062 0
0  5.692801 5.692794 -17.667006  0.281720 0.283736 -0.916585  0.436206 0.813265 0
0  3.080922 7.437996 -16.794100  0.033734 0.536713 -0.843090  0.423186 0.804617 0
beerkeg
0  -9.386356 3.887953 -14.340221  -0.853863 0.240463 -0.461622  0.384552 0.761196 0
0  -10.430346 -0.000002 -13.041412  -0.942012 -0.000166 -0.335580  0.379102 0.747815 0
0  -9.636383 3.991517 -13.716647  -0.894409 0.286717 -0.343258  0.382267 0.761508 0
beerkeg
0  0.000000 9.474058 -14.727910  0.001240 0.798301 -0.602257  0.403535 0.799470 0
0  3.488436 8.421821 -15.719167  0.141185 0.734237 -0.664051  0.417777 0.809789 0
0  0.000000 9.115715 -15.177502  0.001541 0.771188 -0.636605  0.405635 0.797957 0
beerkeg
0  7.723334 3.199106 -16.516708  0.698955 0.124736 -0.704204  0.451639 0.823614 0
0  6.156493 6.156486 -17.131422  0.470667 0.472019 -0.745433  0.434247 0.816612 0
0  8.043845 3.331866 -16.149446  0.720841 0.134293 -0.679966  0.450817 0.826708 0
beerkeg
0  -6.946188 6.946181 -16.007765  -0.556006 0.555698 -0.618107  0.392055 0.772835 0
0  -9.386356 3.887953 -14.340221  -0.853863 0.240463 -0.461622  0.384552 0.761196 0
0  -7.184007 7.184000 -15.523471  -0.612030 0.612271 -0.500544  0.390296 0.773408 0
beerkeg
0  -3.887958 9.386352 -14.340224  -0.241281 0.853760 -0.461386  0.392833 0.787489 0
0  0.000000 9.823389 -14.244112  0.000904 0.837194 -0.546905  0.401367 0.800978 0
0  -3.759250 9.075625 -14.862957  -0.190438 0.799148 -0.570171  0.394926 0.786407 0
beerkeg
0  -8.706594 -0.000003 -15.652540  -0.757779 0.001758 -0.652509  0.390426 0.747455 0
0  -8.421825 -3.488436 -15.719163  -0.733886 -0.142725 -0.664109  0.389646 0.734577 0
0  -9.115719 -0.000002 -15.177500  -0.771187 0.001541 -0.636606  0.388067 0.747530 0
beerkeg
0  -7.723334 3.199106 -16.516708  -0.698460 0.126551 -0.704371  0.394407 0.759905 0
0  -8.706594 -0.000003 -15.652540  -0.757779 0.001758 -0.652509  0.390426 0.747455 0
0  -8.043845 3.331866 -16.149446  -0.720358 0.135902 -0.680158  0.392578 0.760095 0
beerkeg
0  -8.043845 -3.331871 -16.149446  -0.720330 -0.135923 -0.680184  0.391762 0.734710 0
0  -6.445788 -6.445787 -16.765211  -0.484838 -0.486582 -0.726753  0.393553 0.722890 0
0  -8.421825 -3.488436 -15.719163  -0.733886 -0.142725 -0.664109  0.389646 0.734577 0
beerkeg
0  -6.156493 -6.156491 -17.131418  -0.470456 -0.472827 -0.745054  0.395171 0.723341 0
0  -3.488436 -8.421826 -15.719165  -0.142220 -0.733819 -0.664291  0.396252 0.710180 0
0  -6.445788 -6.445787 -16.765211  -0.484838 -0.486582 -0.726753  0.393553 0.722890 0
beerkeg
0  0.000000 8.050830 -16.366964  0.001503 0.572321 -0.820028  0.411619 0.793355 0
0  2.975941 7.184549 -16.878082  -0.289960 -0.155568 -0.944310  0.424153 0.803539 0
0  0.000000 7.776502 -16.474087  0.000792 -0.214249 -0.976779  0.412739 0.792431 0
beerkeg
0  -3.331871 -8.043844 -16.149445  -0.135901 -0.720356 -0.680161  0.398330 0.711248 0
0  0.000000 -9.115721 -15.177498  -0.001541 -0.771189 -0.636605  0.402302 0.696196 0
0  -3.488436 -8.421826 -15.719165  -0.142220 -0.733819 -0.664291  0.396252 0.710180 0
beerkeg
0  0.000000 7.776502 -16.474087  0.000792 -0.214249 -0.976779  0.412739 0.792431 0
0  -3.080922 7.437996 -16.794100  -0.033332 0.536478 -0.843256  0.403751 0.781069 0
0  0.000000 8.050830 -16.366964  0.001503 0.572321 -0.820028  0.411619 0.793355 0
beerkeg
0  0.000000 -8.706597 -15.652538  -0.001758 -0.757779 -0.652509  0.404729 0.697764 0
0  3.488436 -8.421826 -15.719165  0.142725 -0.733886 -0.664109  0.413577 0.683648 0
0  0.000000 -9.115721 -15.177498  -0.001541 -0.771189 -0.636605  0.402302 0.696196 0
beerkeg
0  3.331871 -8.043844 -16.149445  0.135923 -0.720330 -0.680184  0.415780 0.685501 0
0  6.445788 -6.445787 -16.765211  0.486582 -0.484837 -0.726754  0.428013 0.673751 0
0  3.488436 -8.421826 -15.719165  0.142725 -0.733886 -0.664109  0.413577 0.683648 0
beerkeg
0  6.156493 -6.156491 -17.131418  0.472826 -0.470454 -0.745056  0.429462 0.675773 0
0  8.421825 -3.488436 -15.719163  0.733822 -0.142221 -0.664288  0.443834 0.661150 0
0  6.445788 -6.445787 -16.765211  0.486582 -0.484837 -0.726754  0.428013 0.673751 0
beerkeg
0  -9.823392 -0.000002 -14.244110  -0.837194 0.000903 -0.546906  0.383838 0.747665 0
0  -9.386356 -3.887957 -14.340219  -0.853760 -0.241281 -0.461386  0.383694 0.734125 0
0  -10.159718 -0.000002 -13.687180  -0.896254 0.000400 -0.443541  0.381543 0.747738 0
beerkeg
0  9.386356 3.887953 -14.340221  0.853864 0.240462 -0.461622  0.445730 0.840462 0
0  6.946188 6.946181 -16.007765  0.556006 0.555698 -0.618107  0.430259 0.822795 0
0  7.184007 7.184000 -15.523471  0.612030 0.612271 -0.500544  0.428659 0.825078 0
beerkeg
0  8.043845 -3.331871 -16.149446  0.720357 -0.135903 -0.680158  0.445209 0.664628 0
0  9.115719 -0.000002 -15.177500  0.771132 -0.000000 -0.636675  0.467304 0.651142 0
0  8.421825 -3.488436 -15.719163  0.733822 -0.142221 -0.664288  0.443834 0.661150 0
beerkeg
0  3.331871 8.043839 -16.149448  0.134649 0.720347 -0.680419  0.419862 0.807782 0
0  5.911185 5.911179 -17.440550  0.443805 0.446336 -0.777060  0.435331 0.814788 0
0  3.199111 7.723330 -16.516710  0.126553 0.698462 -0.704368  0.421675 0.806062 0
beerkeg
0  -9.075631 3.759245 -14.862954  -0.799246 0.189553 -0.570329  0.386654 0.760895 0
0  -10.159718 -0.000002 -13.687180  -0.896254 0.000400 -0.443541  0.381543 0.747738 0
0  -9.386356 3.887953 -14.340221  -0.853863 0.240463 -0.461622  0.384552 0.761196 0
beerkeg
0  0.000000 9.115715 -15.177502  0.001541 0.771188 -0.636605  0.405635 0.797957 0
0  3.331871 8.043839 -16.149448  0.134649 0.720347 -0.680419  0.419862 0.807782 0
0  0.000000 8.706592 -15.652540  0.001758 0.757779 -0.652510  0.407964 0.796225 0
beerkeg
0  -6.699175 6.699169 -16.407494  -0.516178 0.515219 -0.684185  0.393633 0.772308 0
0  -9.075631 3.759245 -14.862954  -0.799246 0.189553 -0.570329  0.386654 0.760895 0
0  -6.946188 6.946181 -16.007765  -0.556006 0.555698 -0.618107  0.392055 0.772835 0
beerkeg
0  -3.759250 9.075625 -14.862957  -0.190438 0.799148 -0.570171  0.394926 0.786407 0
0  0.000000 9.474058 -14.727910  0.001240 0.798301 -0.602257  0.403535 0.799470 0
0  -3.625568 8.752888 -15.309019  -0.160712 0.761132 -0.628370  0.396828 0.785381 0
beerkeg
0  -9.115719 -0.000002 -15.177500  -0.771187 0.001541 -0.636606  0.388067 0.747530 0
0  -8.752892 -3.625567 -15.309017  -0.761132 -0.160712 -0.628371  0.387750 0.734442 0
0  -9.474061 -0.000002 -14.727908  -0.798301 0.001240 -0.602258  0.385971 0.747597 0
beerkeg
0  -8.043845 3.331866 -16.149446  -0.720358 0.135902 -0.680158  0.392578 0.760095 0
0  -9.115719 -0.000002 -15.177500  -0.771187 0.001541 -0.636606  0.388067 0.747530 0
0  -8.421825 3.488430 -15.719165  -0.733822 0.142220 -0.664289  0.390471 0.760364 0
beerkeg
0  -8.421825 -3.488436 -15.719163  -0.733886 -0.142725 -0.664109  0.389646 0.734577 0
0  -6.699175 -6.699174 -16.407490  -0.515220 -0.516178 -0.684184  0.392030 0.722477 0
0  -8.752892 -3.625567 -15.309017  -0.761132 -0.160712 -0.628371  0.387750 0.734442 0
beerkeg
0  -6.445788 -6.445787 -16.765211  -0.484838 -0.486582 -0.726753  0.393553 0.722890 0
0  -3.625568 -8.752893 -15.309017  -0.160008 -0.761188 -0.628483  0.394366 0.709266 0
0  -6.699175 -6.699174 -16.407490  -0.515220 -0.516178 -0.684184  0.392030 0.722477 0
beerkeg
0  0.000000 8.359673 -16.057747  0.001641 0.737292 -0.675573  0.409963 0.794679 0
0  3.080922 7.437996 -16.794100  0.033734 0.536713 -0.843090  0.423186 0.804617 0
0  0.000000 8.050830 -16.366964  0.001503 0.572321 -0.820028  0.411619 0.793355 0
beerkeg
0  -3.488436 -8.421826 -15.719165  -0.142220 -0.733819 -0.664291  0.396252 0.710180 0
0  0.000000 -9.474064 -14.727906  -0.001240 -0.798301 -0.602257  0.400117 0.694831 0
0  -3.625568 -8.752893 -15.309017  -0.160008 -0.761188 -0.628483  0.394366 0.709266 0
beerkeg
0  0.000000 8.050830 -16.366964  0.001503 0.572321 -0.820028  0.411619 0.793355 0
0  -3.199111 7.723330 -16.516710  -0.126253 0.698475 -0.704410  0.402360 0.782030 0
0  0.000000 8.359673 -16.057747  0.001641 0.737292 -0.675573  0.409963 0.794679 0
beerkeg
0  0.000000 -9.115721 -15.177498  -0.001541 -0.771189 -0.636605  0.402302 0.696196 0
0  3.625568 -8.752893 -15.309017  0.160713 -0.761133 -0.628369  0.411584 0.681994 0
0  0.000000 -9.474064 -14.727906  -0.001240 -0.798301 -0.602257  0.400117 0.694831 0
beerkeg
0  3.488436 -8.421826 -15.719165  0.142725 -0.733886 -0.664109  0.413577 0.683648 0
0  6.699175 -6.699174 -16.407490  0.516177 -0.515219 -0.684186  0.426609 0.671870 0
0  3.625568 -8.752893 -15.309017  0.160713 -0.761133 -0.628369  0.411584 0.681994 0
beerkeg
0  6.445788 -6.445787 -16.765211  0.486582 -0.484837 -0.726754  0.428013 0.673751 0
0  8.752892 -3.625567 -15.309017  0.761187 -0.160007 -0.628484  0.442490 0.658028 0
0  6.699175 -6.699174 -16.407490  0.516177 -0.515219 -0.684186  0.426609 0.671870 0
beerkeg
0  -10.159718 -0.000002 -13.687180  -0.896254 0.000400 -0.443541  0.381543 0.747738 0
0  -9.636383 -3.991521 -13.716645  -0.894317 -0.287359 -0.342961  0.381397 0.733959 0
0  -10.430346 -0.000002 -13.041412  -0.942012 -0.000166 -0.335580  0.379102 0.747815 0
beerkeg
0  9.636383 3.991517 -13.716647  0.894409 0.286717 -0.343258  0.443928 0.844409 0
0  7.184007 7.184000 -15.523471  0.612030 0.612271 -0.500544  0.428659 0.825078 0
0  7.375371 7.375363 -14.922699  0.658639 0.659339 -0.362585  0.426788 0.827625 0
beerkeg
0  8.421825 -3.488436 -15.719163  0.733822 -0.142221 -0.664288  0.443834 0.661150 0
0  9.474061 -0.000002 -14.727908  0.798269 0.000000 -0.602302  0.466595 0.646637 0
0  8.752892 -3.625567 -15.309017  0.761187 -0.160007 -0.628484  0.442490 0.658028 0
beerkeg
0  -3.331871 8.043839 -16.149448  -0.135922 0.720330 -0.680183  0.400668 0.783138 0
0  -6.445788 6.445781 -16.765215  -0.486582 0.484837 -0.726754  0.395130 0.771796 0
0  -3.488436 8.421821 -15.719167  -0.142725 0.733886 -0.664110  0.398657 0.784342 0
beerkeg
0  -8.752892 3.625563 -15.309019  -0.761188 0.160006 -0.628483  0.388586 0.760620 0
0  -9.823392 -0.000002 -14.244110  -0.837194 0.000903 -0.546906  0.383838 0.747665 0
0  -9.075631 3.759245 -14.862954  -0.799246 0.189553 -0.570329  0.386654 0.760895 0
beerkeg
0  8.752892 3.625563 -15.309019  0.761188 0.160006 -0.628483  0.448549 0.833523 0
0  6.445788 6.445781 -16.765215  0.486293 0.485712 -0.726363  0.432932 0.818740 0
0  6.699175 6.699169 -16.407494  0.516178 0.515220 -0.684185  0.431651 0.820724 0
beerkeg
0  3.331871 8.043839 -16.149448  0.134649 0.720347 -0.680419  0.419862 0.807782 0
0  6.445788 6.445781 -16.765215  0.486293 0.485712 -0.726363  0.432932 0.818740 0
0  6.156493 6.156486 -17.131422  0.470667 0.472019 -0.745433  0.434247 0.816612 0
beerkeg
0  -6.445788 6.445781 -16.765215  -0.486582 0.484837 -0.726754  0.395130 0.771796 0
0  -8.752892 3.625563 -15.309019  -0.761188 0.160006 -0.628483  0.388586 0.760620 0
0  -6.699175 6.699169 -16.407494  -0.516178 0.515219 -0.684185  0.393633 0.772308 0
beerkeg
0  -3.625568 8.752888 -15.309019  -0.160712 0.761132 -0.628370  0.396828 0.785381 0
0  0.000000 9.115715 -15.177502  0.001541 0.771188 -0.636605  0.405635 0.797957 0
0  -3.488436 8.421821 -15.719167  -0.142725 0.733886 -0.664110  0.398657 0.784342 0
beerkeg
0  0.000000 8.706592 -15.652540  0.001758 0.757779 -0.652510  0.407964 0.796225 0
0  -3.488436 8.421821 -15.719167  -0.142725 0.733886 -0.664110  0.398657 0.784342 0
0  0.000000 9.115715 -15.177502  0.001541 0.771188 -0.636605  0.405635 0.797957 0
beerkeg
0  -6.156493 6.156486 -17.131422  -0.472826 0.470454 -0.745056  0.396719 0.771240 0
0  -8.421825 3.488430 -15.719165  -0.733822 0.142220 -0.664289  0.390471 0.760364 0
0  -6.445788 6.445781 -16.765215  -0.486582 0.484837 -0.726754  0.395130 0.771796 0
beerkeg
0  -8.752892 -3.625567 -15.309017  -0.761132 -0.160712 -0.628371  0.387750 0.734442 0
0  -6.946188 -6.946186 -16.007761  -0.555700 -0.556006 -0.618106  0.390425 0.722054 0
0  -9.075631 -3.759250 -14.862952  -0.799149 -0.190438 -0.570171  0.385807 0.734292 0
beerkeg
0  -6.699175 -6.699174 -16.407490  -0.515220 -0.516178 -0.684184  0.392030 0.722477 0
0  -3.759250 -9.075631 -14.862953  -0.189553 -0.799246 -0.570328  0.392410 0.708369 0
0  -6.946188 -6.946186 -16.007761  -0.555700 -0.556006 -0.618106  0.390425 0.722054 0
beerkeg
0  0.000000 8.706592 -15.652540  0.001758 0.757779 -0.652510  0.407964 0.796225 0
0  3.199111 7.723330 -16.516710  0.126553 0.698462 -0.704368  0.421675 0.806062 0
0  0.000000 8.359673 -16.057747  0.001641 0.737292 -0.675573  0.409963 0.794679 0
beerkeg
0  -3.625568 -8.752893 -15.309017  -0.160008 -0.761188 -0.628483  0.394366 0.709266 0
0  0.000000 -9.823393 -14.244108  -0.000903 -0.837194 -0.546905  0.397866 0.693475 0
0  -3.759250 -9.075631 -14.862953  -0.189553 -0.799246 -0.570328  0.392410 0.708369 0
beerkeg
0  0.000000 8.359673 -16.057747  0.001641 0.737292 -0.675573  0.409963 0.794679 0
0  -3.331871 8.043839 -16.149448  -0.135922 0.720330 -0.680183  0.400668 0.783138 0
0  0.000000 8.706592 -15.652540  0.001758 0.757779 -0.652510  0.407964 0.796225 0
beerkeg
0  0.000000 -9.474064 -14.727906  -0.001240 -0.798301 -0.602257  0.400117 0.694831 0
0  3.759250 -9.075631 -14.862953  0.190439 -0.799150 -0.570168  0.409519 0.680310 0
0  0.000000 -9.823393 -14.244108  -0.000903 -0.837194 -0.546905  0.397866 0.693475 0
beerkeg
0  3.625568 -8.752893 -15.309017  0.160713 -0.761133 -0.628369  0.411584 0.681994 0
0  6.946188 -6.946186 -16.007761  0.556007 -0.555697 -0.618108  0.425089 0.669910 0
0  3.759250 -9.075631 -14.862953  0.190439 -0.799150 -0.570168  0.409519 0.680310 0
beerkeg
0  6.699175 -6.699174 -16.407490  0.516177 -0.515219 -0.684186  0.426609 0.671870 0
0  9.075631 -3.759250 -14.862952  0.799246 -0.189554 -0.570329  0.440989 0.654827 0
0  6.946188 -6.946186 -16.007761  0.556007 -0.555697 -0.618108  0.425089 0.669910 0
beerkeg
0  -10.430346 -0.000002 -13.041412  -0.942012 -0.000166 -0.335580  0.379102 0.747815 0
0  -9.839949 -4.075840 -13.010055  -0.910721 -0.313112 -0.269347  0.378902 0.733779 0
0  -10.650682 -0.000002 -12.331964  -0.962656 -0.000649 -0.270727  0.376530 0.747896 0
beerkeg
0  9.839949 4.075837 -13.010056  0.910836 0.312497 -0.269671  0.441771 0.848696 0
0  7.375371 7.375363 -14.922699  0.658639 0.659339 -0.362585  0.426788 0.827625 0
0  7.531172 7.531165 -14.217872  0.679546 0.680790 -0.273391  0.424580 0.830481 0
beerkeg
0  8.752892 -3.625567 -15.309017  0.761187 -0.160007 -0.628484  0.442490 0.658028 0
0  9.823392 -0.000002 -14.244110  0.837141 0.000000 -0.546987  0.465681 0.641925 0
0  9.075631 -3.759250 -14.862952  0.799246 -0.189554 -0.570329  0.440989 0.654827 0
beerkeg
0  -8.421825 3.488430 -15.719165  -0.733822 0.142220 -0.664289  0.390471 0.760364 0
0  -9.474061 -0.000002 -14.727908  -0.798301 0.001240 -0.602258  0.385971 0.747597 0
0  -8.752892 3.625563 -15.309019  -0.761188 0.160006 -0.628483  0.388586 0.760620 0
beerkeg
0  -9.474061 -0.000002 -14.727908  -0.798301 0.001240 -0.602258  0.385971 0.747597 0
0  -9.075631 -3.759250 -14.862952  -0.799149 -0.190438 -0.570171  0.385807 0.734292 0
0  -9.823392 -0.000002 -14.244110  -0.837194 0.000903 -0.546906  0.383838 0.747665 0
beerkeg
0  3.488436 8.421821 -15.719167  0.141185 0.734237 -0.664051  0.417777 0.809789 0
0  6.699175 6.699169 -16.407494  0.516178 0.515220 -0.684185  0.431651 0.820724 0
0  6.445788 6.445781 -16.765215  0.486293 0.485712 -0.726363  0.432932 0.818740 0
beerkeg
0  8.421825 3.488430 -15.719165  0.734237 0.141919 -0.663894  0.449680 0.830295 0
0  9.474061 -0.000002 -14.727908  0.798269 0.000000 -0.602302  0.473546 0.843261 0
0  9.115719 -0.000002 -15.177500  0.771132 -0.000000 -0.636675  0.473937 0.838688 0
beerkeg
0  -9.075631 -3.759250 -14.862952  -0.799149 -0.190438 -0.570171  0.385807 0.734292 0
0  -7.184007 -7.184005 -15.523469  -0.612270 -0.612030 -0.500544  0.388638 0.721596 0
0  -9.386356 -3.887957 -14.340219  -0.853760 -0.241281 -0.461386  0.383694 0.734125 0
beerkeg
0  -6.946188 -6.946186 -16.007761  -0.555700 -0.556006 -0.618106  0.390425 0.722054 0
0  -3.887958 -9.386355 -14.340220  -0.240463 -0.853864 -0.461621  0.390259 0.707428 0
0  -7.184007 -7.184005 -15.523469  -0.612270 -0.612030 -0.500544  0.388638 0.721596 0
beerkeg
0  -3.759250 -9.075631 -14.862953  -0.189553 -0.799246 -0.570328  0.392410 0.708369 0
0  0.000000 -10.159719 -13.687177  -0.000400 -0.896254 -0.443540  0.395410 0.692054 0
0  -3.887958 -9.386355 -14.340220  -0.240463 -0.853864 -0.461621  0.390259 0.707428 0
beerkeg
0  0.000000 -9.823393 -14.244108  -0.000903 -0.837194 -0.546905  0.397866 0.693475 0
0  3.887958 -9.386355 -14.340220  0.241281 -0.853761 -0.461384  0.407237 0.678503 0
0  0.000000 -10.159719 -13.687177  -0.000400 -0.896254 -0.443540  0.395410 0.692054 0
beerkeg
0  3.759250 -9.075631 -14.862953  0.190439 -0.799150 -0.570168  0.409519 0.680310 0
0  7.184007 -7.184005 -15.523469  0.612030 -0.612270 -0.500545  0.423347 0.667754 0
0  3.887958 -9.386355 -14.340220  0.241281 -0.853761 -0.461384  0.407237 0.678503 0
beerkeg
0  6.946188 -6.946186 -16.007761  0.556007 -0.555697 -0.618108  0.425089 0.669910 0
0  9.386356 -3.887957 -14.340219  0.853864 -0.240463 -0.461621  0.439219 0.651345 0
0  7.184007 -7.184005 -15.523469  0.612030 -0.612270 -0.500545  0.423347 0.667754 0
beerkeg
0  -10.650682 -0.000002 -12.331964  -0.962656 -0.000649 -0.270727  0.376530 0.747896 0
0  -10.025406 -4.152659 -12.219412  -0.915192 -0.324583 -0.238892  0.376147 0.733575 0
0  -10.851420 -0.000002 -11.559393  -0.969108 -0.001052 -0.246634  0.373775 0.747982 0
beerkeg
0  10.025406 4.152656 -12.219414  0.915387 0.323756 -0.239265  0.439130 0.853403 0
0  7.531172 7.531165 -14.217872  0.679546 0.680790 -0.273391  0.424580 0.830481 0
0  7.673115 7.673108 -13.400791  0.686997 0.688943 -0.231068  0.421906 0.833742 0
beerkeg
0  9.075631 -3.759250 -14.862952  0.799246 -0.189554 -0.570329  0.440989 0.654827 0
0  10.159718 -0.000002 -13.687180  0.896177 -0.000000 -0.443698  0.464443 0.636716 0
0  9.386356 -3.887957 -14.340219  0.853864 -0.240463 -0.461621  0.439219 0.651345 0
beerkeg
0  -3.488436 8.421821 -15.719167  -0.142725 0.733886 -0.664110  0.398657 0.784342 0
0  -6.699175 6.699169 -16.407494  -0.516178 0.515219 -0.684185  0.393633 0.772308 0
0  -3.625568 8.752888 -15.309019  -0.160712 0.761132 -0.628370  0.396828 0.785381 0
beerkeg
0  3.625568 8.752888 -15.309019  0.159485 0.761427 -0.628326  0.415889 0.811582 0
0  6.946188 6.946181 -16.007765  0.556006 0.555698 -0.618107  0.430259 0.822795 0
0  6.699175 6.699169 -16.407494  0.516178 0.515220 -0.684185  0.431651 0.820724 0
beerkeg
0  8.752892 3.625563 -15.309019  0.761188 0.160006 -0.628483  0.448549 0.833523 0
0  9.823392 -0.000002 -14.244110  0.837141 0.000000 -0.546987  0.472963 0.848056 0
0  9.474061 -0.000002 -14.727908  0.798269 0.000000 -0.602302  0.473546 0.843261 0
beerkeg
0  -3.199111 7.723330 -16.516710  -0.126253 0.698475 -0.704410  0.402360 0.782030 0
0  -6.156493 6.156486 -17.131422  -0.472826 0.470454 -0.745056  0.396719 0.771240 0
0  -3.331871 8.043839 -16.149448  -0.135922 0.720330 -0.680183  0.400668 0.783138 0
beerkeg
0  -9.386356 -3.887957 -14.340219  -0.853760 -0.241281 -0.461386  0.383694 0.734125 0
0  -7.375371 -7.375368 -14.922697  -0.659338 -0.658639 -0.362585  0.386621 0.721095 0
0  -9.636383 -3.991521 -13.716645  -0.894317 -0.287359 -0.342961  0.381397 0.733959 0
beerkeg
0  -7.184007 -7.184005 -15.523469  -0.612270 -0.612030 -0.500544  0.388638 0.721596 0
0  -3.991522 -9.636382 -13.716645  -0.286718 -0.894409 -0.343257  0.387907 0.706430 0
0  -7.375371 -7.375368 -14.922697  -0.659338 -0.658639 -0.362585  0.386621 0.721095 0
beerkeg
0  -3.887958 -9.386355 -14.340220  -0.240463 -0.853864 -0.461621  0.390259 0.707428 0
0  0.000000 -10.430346 -13.041410  0.000165 -0.942012 -0.335580  0.392761 0.690586 0
0  -3.991522 -9.636382 -13.716645  -0.286718 -0.894409 -0.343257  0.387907 0.706430 0
beerkeg
0  0.000000 -10.159719 -13.687177  -0.000400 -0.896254 -0.443540  0.395410 0.692054 0
0  3.991522 -9.636382 -13.716645  0.287359 -0.894317 -0.342960  0.404702 0.676593 0
0  0.000000 -10.430346 -13.041410  0.000165 -0.942012 -0.335580  0.392761 0.690586 0
beerkeg
0  3.887958 -9.386355 -14.340220  0.241281 -0.853761 -0.461384  0.407237 0.678503 0
0  7.375371 -7.375368 -14.922697  0.658639 -0.659338 -0.362585  0.421322 0.665355 0
0  3.991522 -9.636382 -13.716645  0.287359 -0.894317 -0.342960  0.404702 0.676593 0
beerkeg
0  7.184007 -7.184005 -15.523469  0.612030 -0.612270 -0.500545  0.423347 0.667754 0
0  9.636383 -3.991521 -13.716645  0.894409 -0.286717 -0.343257  0.437162 0.647559 0
0  7.375371 -7.375368 -14.922697  0.658639 -0.659338 -0.362585  0.421322 0.665355 0
beerkeg
0  -10.851420 -0.000002 -11.559393  -0.969108 -0.001052 -0.246634  0.373775 0.747982 0
0  -10.206332 -4.227601 -11.405346  -0.918741 -0.337431 -0.205072  0.373304 0.733360 0
0  -11.047254 -0.000002 -10.781294  -0.976776 -0.001166 -0.214259  0.371001 0.748068 0
beerkeg
0  10.206332 4.227597 -11.405348  0.919032 0.336608 -0.205125  0.436123 0.858211 0
0  7.673115 7.673108 -13.400791  0.686997 0.688943 -0.231068  0.421906 0.833742 0
0  7.811589 7.811584 -12.527433  0.692217 0.694674 -0.195611  0.418858 0.837219 0
beerkeg
0  9.386356 -3.887957 -14.340219  0.853864 -0.240463 -0.461621  0.439219 0.651345 0
0  10.430346 -0.000002 -13.041412  0.941947 -0.000000 -0.335763  0.462768 0.631081 0
0  9.636383 -3.991521 -13.716645  0.894409 -0.286717 -0.343257  0.437162 0.647559 0
beerkeg
0  -3.625568 8.752888 -15.309019  -0.160712 0.761132 -0.628370  0.396828 0.785381 0
0  -6.946188 6.946181 -16.007765  -0.556006 0.555698 -0.618107  0.392055 0.772835 0
0  -3.759250 9.075625 -14.862957  -0.190438 0.799148 -0.570171  0.394926 0.786407 0
beerkeg
0  3.759250 9.075625 -14.862957  0.189504 0.799347 -0.570204  0.413930 0.813411 0
0  7.184007 7.184000 -15.523471  0.612030 0.612271 -0.500544  0.428659 0.825078 0
0  6.946188 6.946181 -16.007765  0.556006 0.555698 -0.618107  0.430259 0.822795 0
beerkeg
0  9.075631 3.759245 -14.862954  0.799246 0.189553 -0.570329  0.447264 0.836841 0
0  10.159718 -0.000002 -13.687180  0.896177 -0.000000 -0.443698  0.472092 0.853375 0
0  9.823392 -0.000002 -14.244110  0.837141 0.000000 -0.546987  0.472963 0.848056 0
beerkeg
0  -3.080922 7.437996 -16.794100  -0.033332 0.536478 -0.843256  0.403751 0.781069 0
0  -5.911185 5.911179 -17.440550  -0.446336 0.443804 -0.777060  0.398070 0.770757 0
0  -3.199111 7.723330 -16.516710  -0.126253 0.698475 -0.704410  0.402360 0.782030 0
beerkeg
0  -9.636383 -3.991521 -13.716645  -0.894317 -0.287359 -0.342961  0.381397 0.733959 0
0  -7.531172 -7.531170 -14.217870  -0.680789 -0.679546 -0.273390  0.384330 0.720547 0
0  -9.839949 -4.075840 -13.010055  -0.910721 -0.313112 -0.269347  0.378902 0.733779 0
beerkeg
0  -7.375371 -7.375368 -14.922697  -0.659338 -0.658639 -0.362585  0.386621 0.721095 0
0  -4.075841 -9.839948 -13.010055  -0.312497 -0.910836 -0.269672  0.385325 0.705391 0
0  -7.531172 -7.531170 -14.217870  -0.680789 -0.679546 -0.273390  0.384330 0.720547 0
beerkeg
0  -3.991522 -9.636382 -13.716645  -0.286718 -0.894409 -0.343257  0.387907 0.706430 0
0  0.000000 -10.650682 -12.331960  0.000649 -0.962656 -0.270728  0.389931 0.689091 0
0  -4.075841 -9.839948 -13.010055  -0.312497 -0.910836 -0.269672  0.385325 0.705391 0
beerkeg
0  0.000000 -10.430346 -13.041410  0.000165 -0.942012 -0.335580  0.392761 0.690586 0
0  4.075841 -9.839948 -13.010055  0.313112 -0.910722 -0.269346  0.401895 0.674562 0
0  0.000000 -10.650682 -12.331960  0.000649 -0.962656 -0.270728  0.389931 0.689091 0
beerkeg
0  3.991522 -9.636382 -13.716645  0.287359 -0.894317 -0.342960  0.404702 0.676593 0
0  7.531172 -7.531170 -14.217870  0.679546 -0.680790 -0.273392  0.418940 0.662674 0
0  4.075841 -9.839948 -13.010055  0.313112 -0.910722 -0.269346  0.401895 0.674562 0
beerkeg
0  7.375371 -7.375368 -14.922697  0.658639 -0.659338 -0.362585  0.421322 0.665355 0
0  9.839949 -4.075840 -13.010055  0.910837 -0.312497 -0.269671  0.434731 0.643462 0
0  7.531172 -7.531170 -14.217870  0.679546 -0.680790 -0.273392  0.418940 0.662674 0
beerkeg
0  -11.047254 -0.000002 -10.781294  -0.976776 -0.001166 -0.214259  0.371001 0.748068 0
0  -10.345191 -4.285119 -10.585291  -0.924423 -0.358161 -0.131007  0.370448 0.733149 0
0  -11.197553 -0.000002 -10.012784  -0.990520 -0.000865 -0.137369  0.368281 0.748153 0
beerkeg
0  10.345191 4.285115 -10.585293  0.924677 0.357633 -0.130657  0.432840 0.862976 0
0  7.811589 7.811584 -12.527433  0.692217 0.694674 -0.195611  0.418858 0.837219 0
0  7.917867 7.917861 -11.613586  0.700477 0.702585 -0.125323  0.415469 0.840819 0
beerkeg
0  9.636383 -3.991521 -13.716645  0.894409 -0.286717 -0.343257  0.437162 0.647559 0
0  10.650682 -0.000002 -12.331964  0.962610 0.000000 -0.270890  0.460608 0.625093 0
0  9.839949 -4.075840 -13.010055  0.910837 -0.312497 -0.269671  0.434731 0.643462 0
beerkeg
0  -3.759250 9.075625 -14.862957  -0.190438 0.799148 -0.570171  0.394926 0.786407 0
0  -7.184007 7.184000 -15.523471  -0.612030 0.612271 -0.500544  0.390296 0.773408 0
0  -3.887958 9.386352 -14.340224  -0.241281 0.853760 -0.461386  0.392833 0.787489 0
beerkeg
0  3.887958 9.386352 -14.340224  0.240772 0.853824 -0.461534  0.411761 0.815376 0
0  7.375371 7.375363 -14.922699  0.658639 0.659339 -0.362585  0.426788 0.827625 0
0  7.184007 7.184000 -15.523471  0.612030 0.612271 -0.500544  0.428659 0.825078 0
beerkeg
0  9.386356 3.887953 -14.340221  0.853864 0.240462 -0.461622  0.445730 0.840462 0
0  10.430346 -0.000002 -13.041412  0.941947 -0.000000 -0.335763  0.470812 0.859155 0
0  10.159718 -0.000002 -13.687180  0.896177 -0.000000 -0.443698  0.472092 0.853375 0
beerkeg
0  -2.975941 7.184549 -16.878082  0.289705 -0.157426 -0.944081  0.404752 0.780454 0
0  -5.692801 5.692794 -17.667006  -0.283736 0.281718 -0.916585  0.399191 0.770350 0
0  -3.080922 7.437996 -16.794100  -0.033332 0.536478 -0.843256  0.403751 0.781069 0
beerkeg
0  -9.839949 -4.075840 -13.010055  -0.910721 -0.313112 -0.269347  0.378902 0.733779 0
0  -7.673115 -7.673113 -13.400789  -0.688943 -0.686997 -0.231066  0.381669 0.719937 0
0  -10.025406 -4.152659 -12.219412  -0.915192 -0.324583 -0.238892  0.376147 0.733575 0
beerkeg
0  -7.531172 -7.531170 -14.217870  -0.680789 -0.679546 -0.273390  0.384330 0.720547 0
0  -4.152661 -10.025406 -12.219411  -0.323757 -0.915387 -0.239266  0.382442 0.704307 0
0  -7.673115 -7.673113 -13.400789  -0.688943 -0.686997 -0.231066  0.381669 0.719937 0
beerkeg
0  -4.075841 -9.839948 -13.010055  -0.312497 -0.910836 -0.269672  0.385325 0.705391 0
0  0.000000 -10.851422 -11.559391  0.001053 -0.969108 -0.246633  0.386854 0.687549 0
0  -4.152661 -10.025406 -12.219411  -0.323757 -0.915387 -0.239266  0.382442 0.704307 0
beerkeg
0  0.000000 -10.650682 -12.331960  0.000649 -0.962656 -0.270728  0.389931 0.689091 0
0  4.152661 -10.025406 -12.219411  0.324583 -0.915192 -0.238892  0.398736 0.672368 0
0  0.000000 -10.851422 -11.559391  0.001053 -0.969108 -0.246633  0.386854 0.687549 0
beerkeg
0  4.075841 -9.839948 -13.010055  0.313112 -0.910722 -0.269346  0.401895 0.674562 0
0  7.673115 -7.673113 -13.400789  0.686998 -0.688943 -0.231067  0.416072 0.659621 0
0  4.152661 -10.025406 -12.219411  0.324583 -0.915192 -0.238892  0.398736 0.672368 0
beerkeg
0  7.531172 -7.531170 -14.217870  0.679546 -0.680790 -0.273392  0.418940 0.662674 0
0  10.025406 -4.152659 -12.219412  0.915387 -0.323757 -0.239266  0.431791 0.638984 0
0  7.673115 -7.673113 -13.400789  0.686998 -0.688943 -0.231067  0.416072 0.659621 0
beerkeg
0  -11.197553 -0.000002 -10.012784  -0.990520 -0.000865 -0.137369  0.368281 0.748153 0
0  -10.417631 -4.315124 -9.679115  -0.925613 -0.375616 -0.046409  0.367290 0.732930 0
0  -11.275961 -0.000001 -9.177676  -0.998844 -0.000334 -0.048063  0.365345 0.748243 0
beerkeg
0  10.417631 4.315121 -9.679117  0.925689 0.375495 -0.045863  0.428908 0.868143 0
0  7.917867 7.917861 -11.613586  0.700477 0.702585 -0.125323  0.415469 0.840819 0
0  7.973311 7.973304 -10.568152  0.705857 0.706883 -0.045627  0.411341 0.844887 0
beerkeg
0  9.839949 -4.075840 -13.010055  0.910837 -0.312497 -0.269671  0.434731 0.643462 0
0  10.851420 -0.000002 -11.559393  0.969069 0.000000 -0.246789  0.457868 0.618643 0
0  10.025406 -4.152659 -12.219412  0.915387 -0.323757 -0.239266  0.431791 0.638984 0
beerkeg
0  -3.887958 9.386352 -14.340224  -0.241281 0.853760 -0.461386  0.392833 0.787489 0
0  -7.375371 7.375363 -14.922699  -0.658639 0.659339 -0.362585  0.388310 0.774038 0
0  -3.991522 9.636378 -13.716649  -0.287359 0.894317 -0.342961  0.390540 0.788641 0
beerkeg
0  3.991522 9.636378 -13.716649  0.287373 0.894243 -0.343142  0.409344 0.817463 0
0  7.531172 7.531165 -14.217872  0.679546 0.680790 -0.273391  0.424580 0.830481 0
0  7.375371 7.375363 -14.922699  0.658639 0.659339 -0.362585  0.426788 0.827625 0
beerkeg
0  9.636383 3.991517 -13.716647  0.894409 0.286717 -0.343258  0.443928 0.844409 0
0  10.650682 -0.000002 -12.331964  0.962610 0.000000 -0.270890  0.469072 0.865326 0
0  10.430346 -0.000002 -13.041412  0.941947 -0.000000 -0.335763  0.470812 0.859155 0
beerkeg
0  -5.230614 5.230608 -17.166021  0.592927 -0.590615 -0.547368  0.401961 0.769320 0
0  -7.184556 2.975936 -16.878080  0.155567 -0.289957 -0.944311  0.397000 0.759591 0
0  -5.498821 5.498816 -17.713902  0.216107 -0.216311 -0.952107  0.399988 0.770056 0
beerkeg
0  -10.025406 -4.152659 -12.219412  -0.915192 -0.324583 -0.238892  0.376147 0.733575 0
0  -7.811589 -7.811587 -12.527431  -0.694674 -0.692218 -0.195610  0.378772 0.719306 0
0  -10.206332 -4.227601 -11.405346  -0.918741 -0.337431 -0.205072  0.373304 0.733360 0
beerkeg
0  -7.673115 -7.673113 -13.400789  -0.688943 -0.686997 -0.231066  0.381669 0.719937 0
0  -4.227602 -10.206331 -11.405346  -0.336608 -0.919031 -0.205125  0.379436 0.703256 0
0  -7.811589 -7.811587 -12.527431  -0.694674 -0.692218 -0.195610  0.378772 0.719306 0
beerkeg
0  -4.152661 -10.025406 -12.219411  -0.323757 -0.915387 -0.239266  0.382442 0.704307 0
0  0.000000 -11.047254 -10.781292  0.001166 -0.976776 -0.214259  0.383713 0.686059 0
0  -4.227602 -10.206331 -11.405346  -0.336608 -0.919031 -0.205125  0.379436 0.703256 0
beerkeg
0  0.000000 -10.851422 -11.559391  0.001053 -0.969108 -0.246633  0.386854 0.687549 0
0  4.227602 -10.206331 -11.405346  0.337432 -0.918741 -0.205072  0.395413 0.670159 0
0  0.000000 -11.047254 -10.781292  0.001166 -0.976776 -0.214259  0.383713 0.686059 0
beerkeg
0  4.152661 -10.025406 -12.219411  0.324583 -0.915192 -0.238892  0.398736 0.672368 0
0  7.811589 -7.811587 -12.527431  0.692218 -0.694673 -0.195610  0.412820 0.656381 0
0  4.227602 -10.206331 -11.405346  0.337432 -0.918741 -0.205072  0.395413 0.670159 0
beerkeg
0  7.673115 -7.673113 -13.400789  0.686998 -0.688943 -0.231067  0.416072 0.659621 0
0  10.206332 -4.227601 -11.405346  0.919032 -0.336608 -0.205125  0.428485 0.634434 0
0  7.811589 -7.811587 -12.527431  0.692218 -0.694673 -0.195610  0.412820 0.656381 0
beerkeg
0  -11.275961 -0.000001 -9.177676  -0.998844 -0.000334 -0.048063  0.365345 0.748243 0
0  -10.426509 -4.318801 -8.584734  -0.923458 -0.383539 0.011096  0.363421 0.732682 0
0  -11.285571 -0.000001 -8.180892  -0.999911 0.000158 0.013318  0.361811 0.748351 0
beerkeg
0  10.426509 4.318799 -8.584736  0.923351 0.383782 0.011580  0.423643 0.874293 0
0  7.973311 7.973304 -10.568152  0.705857 0.706883 -0.045627  0.411341 0.844887 0
0  7.980106 7.980100 -9.268043  0.707188 0.706985 0.007591  0.405774 0.849901 0
beerkeg
0  10.025406 -4.152659 -12.219412  0.915387 -0.323757 -0.239266  0.431791 0.638984 0
0  11.047254 -0.000002 -10.781294  0.976773 -0.000000 -0.214275  0.454710 0.612188 0
0  10.206332 -4.227601 -11.405346  0.919032 -0.336608 -0.205125  0.428485 0.634434 0
beerkeg
0  -3.991522 9.636378 -13.716649  -0.287359 0.894317 -0.342961  0.390540 0.788641 0
0  -7.531172 7.531165 -14.217872  -0.679546 0.680790 -0.273391  0.386052 0.774734 0
0  -4.075841 9.839944 -13.010058  -0.313112 0.910721 -0.269346  0.388020 0.789848 0
beerkeg
0  4.075841 9.839944 -13.010058  0.313595 0.910512 -0.269491  0.406661 0.819689 0
0  7.673115 7.673108 -13.400791  0.686997 0.688943 -0.231068  0.421906 0.833742 0
0  7.531172 7.531165 -14.217872  0.679546 0.680790 -0.273391  0.424580 0.830481 0
beerkeg
0  9.839949 4.075837 -13.010056  0.910836 0.312497 -0.269671  0.441771 0.848696 0
0  10.851420 -0.000002 -11.559393  0.969069 0.000000 -0.246789  0.466781 0.872005 0
0  10.650682 -0.000002 -12.331964  0.962610 0.000000 -0.270890  0.469072 0.865326 0
beerkeg
0  -10.206332 -4.227601 -11.405346  -0.918741 -0.337431 -0.205072  0.373304 0.733360 0
0  -7.917867 -7.917865 -11.613585  -0.702585 -0.700477 -0.125323  0.375695 0.718674 0
0  -10.345191 -4.285119 -10.585291  -0.924423 -0.358161 -0.131007  0.370448 0.733149 0
beerkeg
0  -7.811589 -7.811587 -12.527431  -0.694674 -0.692218 -0.195610  0.378772 0.719306 0
0  -4.285119 -10.345189 -10.585291  -0.357634 -0.924677 -0.130657  0.376388 0.702257 0
0  -7.917867 -7.917865 -11.613585  -0.702585 -0.700477 -0.125323  0.375695 0.718674 0
beerkeg
0  -4.227602 -10.206331 -11.405346  -0.336608 -0.919031 -0.205125  0.379436 0.703256 0
0  0.000000 -11.197554 -10.012782  0.000866 -0.990520 -0.137369  0.380592 0.684658 0
0  -4.285119 -10.345189 -10.585291  -0.357634 -0.924677 -0.130657  0.376388 0.702257 0
beerkeg
0  0.000000 -11.047254 -10.781292  0.001166 -0.976776 -0.214259  0.383713 0.686059 0
0  4.285119 -10.345189 -10.585291  0.358162 -0.924423 -0.131005  0.392005 0.668009 0
0  0.000000 -11.197554 -10.012782  0.000866 -0.990520 -0.137369  0.380592 0.684658 0
beerkeg
0  4.227602 -10.206331 -11.405346  0.337432 -0.918741 -0.205072  0.395413 0.670159 0
0  7.917867 -7.917865 -11.613585  0.700477 -0.702585 -0.125323  0.409222 0.653043 0
0  4.285119 -10.345189 -10.585291  0.358162 -0.924423 -0.131005  0.392005 0.668009 0
beerkeg
0  7.811589 -7.811587 -12.527431  0.692218 -0.694673 -0.195610  0.412820 0.656381 0
0  10.345191 -4.285119 -10.585291  0.924677 -0.357633 -0.130657  0.424908 0.629946 0
0  7.917867 -7.917865 -11.613585  0.700477 -0.702585 -0.125323  0.409222 0.653043 0
beerkeg
0  -11.285571 -0.000001 -8.180892  -0.999911 0.000158 0.013318  0.361811 0.748351 0
0  -10.392153 -4.304571 -7.379988  -0.922410 -0.384701 0.034137  0.359056 0.732432 0
0  -11.248385 -0.000001 -7.088144  -0.999291 0.000411 0.037639  0.357862 0.748471 0
beerkeg
0  10.392153 4.304568 -7.379989  0.922229 0.385119 0.034300  0.417158 0.880960 0
0  7.980106 7.980100 -9.268043  0.707188 0.706985 0.007591  0.405774 0.849901 0
0  7.953811 7.953804 -7.810589  0.707298 0.706328 0.028825  0.398881 0.855441 0
beerkeg
0  10.206332 -4.227601 -11.405346  0.919032 -0.336608 -0.205125  0.428485 0.634434 0
0  11.197553 -0.000002 -10.012784  0.990539 0.000000 -0.137229  0.451208 0.605980 0
0  10.345191 -4.285119 -10.585291  0.924677 -0.357633 -0.130657  0.424908 0.629946 0
beerkeg
0  -4.075841 9.839944 -13.010058  -0.313112 0.910721 -0.269346  0.388020 0.789848 0
0  -7.673115 7.673108 -13.400791  -0.686997 0.688943 -0.231068  0.383428 0.775514 0
0  -4.152661 10.025402 -12.219415  -0.324583 0.915192 -0.238891  0.385201 0.791120 0
beerkeg
0  4.152661 10.025402 -12.219415  0.325435 0.914859 -0.239010  0.403634 0.822102 0
0  7.811589 7.811584 -12.527433  0.692217 0.694674 -0.195611  0.418858 0.837219 0
0  7.673115 7.673108 -13.400791  0.686997 0.688943 -0.231068  0.421906 0.833742 0
beerkeg
0  10.025406 4.152656 -12.219414  0.915387 0.323756 -0.239265  0.439130 0.853403 0
0  11.047254 -0.000002 -10.781294  0.976773 -0.000000 -0.214275  0.464070 0.878722 0
0  10.851420 -0.000002 -11.559393  0.969069 0.000000 -0.246789  0.466781 0.872005 0
beerkeg
0  -4.870454 4.870448 -16.318396  0.600991 -0.599617 -0.528459  0.405203 0.768073 0
0  -6.834125 2.830784 -16.351048  0.716515 -0.420722 -0.556417  0.399365 0.758710 0
0  -5.230614 5.230608 -17.166021  0.592927 -0.590615 -0.547368  0.401961 0.769320 0
beerkeg
0  -10.345191 -4.285119 -10.585291  -0.924423 -0.358161 -0.131007  0.370448 0.733149 0
0  -7.973311 -7.973308 -10.568151  -0.706883 -0.705857 -0.045627  0.372118 0.717983 0
0  -10.417631 -4.315124 -9.679115  -0.925613 -0.375616 -0.046409  0.367290 0.732930 0
beerkeg
0  -7.917867 -7.917865 -11.613585  -0.702585 -0.700477 -0.125323  0.375695 0.718674 0
0  -4.315125 -10.417629 -9.679115  -0.375495 -0.925689 -0.045863  0.372991 0.701216 0
0  -7.973311 -7.973308 -10.568151  -0.706883 -0.705857 -0.045627  0.372118 0.717983 0
beerkeg
0  -4.285119 -10.345189 -10.585291  -0.357634 -0.924677 -0.130657  0.376388 0.702257 0
0  0.000000 -11.275963 -9.177673  0.000334 -0.998844 -0.048063  0.377178 0.683220 0
0  -4.315125 -10.417629 -9.679115  -0.375495 -0.925689 -0.045863  0.372991 0.701216 0
beerkeg
0  0.000000 -11.197554 -10.012782  0.000866 -0.990520 -0.137369  0.380592 0.684658 0
0  4.315125 -10.417629 -9.679115  0.375616 -0.925613 -0.046408  0.388150 0.665730 0
0  0.000000 -11.275963 -9.177673  0.000334 -0.998844 -0.048063  0.377178 0.683220 0
beerkeg
0  4.285119 -10.345189 -10.585291  0.358162 -0.924423 -0.131005  0.392005 0.668009 0
0  7.973311 -7.973308 -10.568151  0.705857 -0.706883 -0.045627  0.404864 0.649290 0
0  4.315125 -10.417629 -9.679115  0.375616 -0.925613 -0.046408  0.388150 0.665730 0
beerkeg
0  7.917867 -7.917865 -11.613585  0.700477 -0.702585 -0.125323  0.409222 0.653043 0
0  10.417631 -4.315124 -9.679115  0.925689 -0.375495 -0.045863  0.420664 0.625109 0
0  7.973311 -7.973308 -10.568151  0.705857 -0.706883 -0.045627  0.404864 0.649290 0
beerkeg
0  -11.248385 -0.000001 -7.088144  -0.999291 0.000411 0.037639  0.357862 0.748471 0
0  -10.343041 -4.284227 -5.978598  -0.923198 -0.383511 0.024977  0.353837 0.732175 0
0  -11.195226 -0.000001 -5.811716  -0.999645 0.000293 0.026631  0.353144 0.748613 0
beerkeg
0  10.343041 4.284225 -5.978599  0.923120 0.383728 0.024544  0.408676 0.888475 0
0  7.953811 7.953804 -7.810589  0.707298 0.706328 0.028825  0.398881 0.855441 0
0  7.916222 7.916217 -6.122111  0.707288 0.706593 0.021702  0.390009 0.861653 0
beerkeg
0  10.345191 -4.285119 -10.585291  0.924677 -0.357633 -0.130657  0.424908 0.629946 0
0  11.275961 -0.000001 -9.177676  0.998854 0.000000 -0.047858  0.446932 0.599429 0
0  10.417631 -4.315124 -9.679115  0.925689 -0.375495 -0.045863  0.420664 0.625109 0
beerkeg
0  -4.152661 10.025402 -12.219415  -0.324583 0.915192 -0.238891  0.385201 0.791120 0
0  -7.811589 7.811584 -12.527433  -0.692217 0.694674 -0.195611  0.380568 0.776329 0
0  -4.227602 10.206327 -11.405350  -0.337432 0.918741 -0.205071  0.382254 0.792366 0
beerkeg
0  4.227602 10.206327 -11.405350  0.338459 0.918368 -0.205050  0.400443 0.824541 0
0  7.917867 7.917861 -11.613586  0.700477 0.702585 -0.125323  0.415469 0.840819 0
0  7.811589 7.811584 -12.527433  0.692217 0.694674 -0.195611  0.418858 0.837219 0
beerkeg
0  10.206332 4.227597 -11.405348  0.919032 0.336608 -0.205125  0.436123 0.858211 0
0  11.197553 -0.000002 -10.012784  0.990539 0.000000 -0.137229  0.460995 0.885218 0
0  11.047254 -0.000002 -10.781294  0.976773 -0.000000 -0.214275  0.464070 0.878722 0
beerkeg
0  -10.417631 -4.315124 -9.679115  -0.925613 -0.375616 -0.046409  0.367290 0.732930 0
0  -7.980106 -7.980103 -9.268041  -0.706985 -0.707187 0.007591  0.367542 0.717167 0
0  -10.426509 -4.318801 -8.584734  -0.923458 -0.383539 0.011096  0.363421 0.732682 0
beerkeg
0  -7.973311 -7.973308 -10.568151  -0.706883 -0.705857 -0.045627  0.372118 0.717983 0
0  -4.318803 -10.426507 -8.584734  -0.383782 -0.923351 0.011581  0.368794 0.700035 0
0  -7.980106 -7.980103 -9.268041  -0.706985 -0.707187 0.007591  0.367542 0.717167 0
beerkeg
0  -4.315125 -10.417629 -9.679115  -0.375495 -0.925689 -0.045863  0.372991 0.701216 0
0  0.000000 -11.285572 -8.180891  -0.000158 -0.999911 0.013319  0.373003 0.681600 0
0  -4.318803 -10.426507 -8.584734  -0.383782 -0.923351 0.011581  0.368794 0.700035 0
beerkeg
0  0.000000 -11.275963 -9.177673  0.000334 -0.998844 -0.048063  0.377178 0.683220 0
0  4.318803 -10.426507 -8.584734  0.383539 -0.923458 0.011096  0.383296 0.663087 0
0  0.000000 -11.285572 -8.180891  -0.000158 -0.999911 0.013319  0.373003 0.681600 0
beerkeg
0  4.315125 -10.417629 -9.679115  0.375616 -0.925613 -0.046408  0.388150 0.665730 0
0  7.980106 -7.980103 -9.268041  0.707188 -0.706985 0.007590  0.399021 0.644697 0
0  4.318803 -10.426507 -8.584734  0.383539 -0.923458 0.011096  0.383296 0.663087 0
beerkeg
0  7.973311 -7.973308 -10.568151  0.705857 -0.706883 -0.045627  0.404864 0.649290 0
0  10.426509 -4.318801 -8.584734  0.923351 -0.383782 0.011580  0.415036 0.619396 0
0  7.980106 -7.980103 -9.268041  0.707188 -0.706985 0.007590  0.399021 0.644697 0
beerkeg
0  -11.195226 -0.000001 -5.811716  -0.999645 0.000293 0.026631  0.353144 0.748613 0
0  -10.326703 -4.277460 -4.467088  -0.923826 -0.382766 0.005959  0.348054 0.731947 0
0  -11.177542 -0.000001 -4.421607  -0.999980 0.000067 0.006306  0.347881 0.748770 0
beerkeg
0  10.326703 4.277458 -4.467089  0.923824 0.382772 0.005851  0.398457 0.896188 0
0  7.916222 7.916217 -6.122111  0.707288 0.706593 0.021702  0.390009 0.861653 0
0  7.903718 7.903713 -4.469488  0.707144 0.707049 0.005445  0.380444 0.867392 0
beerkeg
0  10.417631 -4.315124 -9.679115  0.925689 -0.375495 -0.045863  0.420664 0.625109 0
0  11.285571 -0.000001 -8.180892  0.999909 -0.000000 0.013485  0.441100 0.591724 0
0  10.426509 -4.318801 -8.584734  0.923351 -0.383782 0.011580  0.415036 0.619396 0
beerkeg
0  -4.227602 10.206327 -11.405350  -0.337432 0.918741 -0.205071  0.382254 0.792366 0
0  -7.917867 7.917861 -11.613586  -0.700477 0.702585 -0.125323  0.377528 0.777157 0
0  -4.285119 10.345185 -10.585295  -0.358161 0.924423 -0.131006  0.379262 0.793562 0
beerkeg
0  4.285119 10.345185 -10.585295  0.358988 0.924125 -0.130848  0.397161 0.826927 0
0  7.973311 7.973304 -10.568152  0.705857 0.706883 -0.045627  0.411341 0.844887 0
0  7.917867 7.917861 -11.613586  0.700477 0.702585 -0.125323  0.415469 0.840819 0
beerkeg
0  10.345191 4.285115 -10.585293  0.924677 0.357633 -0.130657  0.432840 0.862976 0
0  11.275961 -0.000001 -9.177676  0.998854 0.000000 -0.047858  0.457165 0.892118 0
0  11.197553 -0.000002 -10.012784  0.990539 0.000000 -0.137229  0.460995 0.885218 0
beerkeg
0  -4.582864 4.582859 -15.700870  0.587414 -0.587827 -0.556240  0.407899 0.766986 0
0  -6.363554 2.635867 -15.542887  0.719391 -0.421001 -0.552481  0.402895 0.757441 0
0  -4.870454 4.870448 -16.318396  0.600991 -0.599617 -0.528459  0.405203 0.768073 0
beerkeg
0  -10.426509 -4.318801 -8.584734  -0.923458 -0.383539 0.011096  0.363421 0.732682 0
0  -7.953811 -7.953807 -7.810586  -0.706328 -0.707298 0.028825  0.362205 0.716312 0
0  -10.392153 -4.304571 -7.379988  -0.922410 -0.384701 0.034137  0.359056 0.732432 0
beerkeg
0  -7.980106 -7.980103 -9.268041  -0.706985 -0.707187 0.007591  0.367542 0.717167 0
0  -4.304572 -10.392151 -7.379987  -0.385119 -0.922229 0.034301  0.364018 0.698822 0
0  -7.953811 -7.953807 -7.810586  -0.706328 -0.707298 0.028825  0.362205 0.716312 0
beerkeg
0  -4.318803 -10.426507 -8.584734  -0.383782 -0.923351 0.011581  0.368794 0.700035 0
0  0.000000 -11.248384 -7.088143  -0.000411 -0.999291 0.037639  0.368264 0.679930 0
0  -4.304572 -10.392151 -7.379987  -0.385119 -0.922229 0.034301  0.364018 0.698822 0
beerkeg
0  0.000000 -11.285572 -8.180891  -0.000158 -0.999911 0.013319  0.373003 0.681600 0
0  4.304572 -10.392151 -7.379987  0.384701 -0.922410 0.034137  0.377662 0.660310 0
0  0.000000 -11.248384 -7.088143  -0.000411 -0.999291 0.037639  0.368264 0.679930 0
beerkeg
0  4.318803 -10.426507 -8.584734  0.383539 -0.923458 0.011096  0.383296 0.663087 0
0  7.953811 -7.953807 -7.810586  0.707298 -0.706328 0.028825  0.391836 0.639671 0
0  4.304572 -10.392151 -7.379987  0.384701 -0.922410 0.034137  0.377662 0.660310 0
beerkeg
0  7.980106 -7.980103 -9.268041  0.707188 -0.706985 0.007590  0.399021 0.644697 0
0  10.392153 -4.304571 -7.379988  0.922229 -0.385119 0.034300  0.408171 0.613263 0
0  7.953811 -7.953807 -7.810586  0.707298 -0.706328 0.028825  0.391836 0.639671 0
beerkeg
0  -11.177542 -0.000001 -4.421607  -0.999980 0.000067 0.006306  0.347881 0.748770 0
0  -10.326576 -4.277407 -2.581949  -0.923876 -0.382682 -0.002892  0.340664 0.731744 0
0  -11.177404 -0.000000 -2.581949  -0.999996 -0.000000 -0.002891  0.340769 0.748980 0
beerkeg
0  10.326576 4.277406 -2.581950  0.923876 0.382682 -0.002892  0.384172 0.905008 0
0  7.903718 7.903713 -4.469488  0.707144 0.707049 0.005445  0.380444 0.867392 0
0  7.903619 7.903615 -2.581951  0.707104 0.707104 -0.002892  0.368473 0.873335 0
beerkeg
0  10.426509 -4.318801 -8.584734  0.923351 -0.383782 0.011580  0.415036 0.619396 0
0  11.248385 -0.000001 -7.088144  0.999289 -0.000000 0.037692  0.433862 0.583501 0
0  10.392153 -4.304571 -7.379988  0.922229 -0.385119 0.034300  0.408171 0.613263 0
beerkeg
0  -4.285119 10.345185 -10.585295  -0.358161 0.924423 -0.131006  0.379262 0.793562 0
0  -7.973311 7.973304 -10.568152  -0.705857 0.706883 -0.045627  0.373989 0.778074 0
0  -4.315125 10.417625 -9.679119  -0.375616 0.925613 -0.046410  0.375921 0.794822 0
beerkeg
0  4.315125 10.417625 -9.679119  0.375987 0.925472 -0.046210  0.393436 0.829471 0
0  7.980106 7.980100 -9.268043  0.707188 0.706985 0.007591  0.405774 0.849901 0
0  7.973311 7.973304 -10.568152  0.705857 0.706883 -0.045627  0.411341 0.844887 0
beerkeg
0  10.417631 4.315121 -9.679117  0.925689 0.375495 -0.045863  0.428908 0.868143 0
0  11.285571 -0.000001 -8.180892  0.999909 -0.000000 0.013485  0.451855 0.900297 0
0  11.275961 -0.000001 -9.177676  0.998854 0.000000 -0.047858  0.457165 0.892118 0
beerkeg
0  -10.392153 -4.304571 -7.379988  -0.922410 -0.384701 0.034137  0.359056 0.732432 0
0  -7.916222 -7.916219 -6.122108  -0.706593 -0.707287 0.021702  0.355762 0.715416 0
0  -10.343041 -4.284227 -5.978598  -0.923198 -0.383511 0.024977  0.353837 0.732175 0
beerkeg
0  -7.953811 -7.953807 -7.810586  -0.706328 -0.707298 0.028825  0.362205 0.716312 0
0  -4.284229 -10.343040 -5.978598  -0.383728 -0.923120 0.024545  0.358261 0.697541 0
0  -7.916222 -7.916219 -6.122108  -0.706593 -0.707287 0.021702  0.355762 0.715416 0
beerkeg
0  -4.304572 -10.392151 -7.379987  -0.385119 -0.922229 0.034301  0.364018 0.698822 0
0  0.000000 -11.195227 -5.811715  -0.000293 -0.999645 0.026630  0.362507 0.678137 0
0  -4.284229 -10.343040 -5.978598  -0.383728 -0.923120 0.024545  0.358261 0.697541 0
beerkeg
0  0.000000 -11.248384 -7.088143  -0.000411 -0.999291 0.037639  0.368264 0.679930 0
0  4.284229 -10.343040 -5.978598  0.383512 -0.923198 0.024977  0.370711 0.657294 0
0  0.000000 -11.195227 -5.811715  -0.000293 -0.999645 0.026630  0.362507 0.678137 0
beerkeg
0  4.304572 -10.392151 -7.379987  0.384701 -0.922410 0.034137  0.377662 0.660310 0
0  7.916222 -7.916219 -6.122108  0.707287 -0.706593 0.021702  0.382657 0.634105 0
0  4.284229 -10.343040 -5.978598  0.383512 -0.923198 0.024977  0.370711 0.657294 0
beerkeg
0  7.953811 -7.953807 -7.810586  0.707298 -0.706328 0.028825  0.391836 0.639671 0
0  10.343041 -4.284227 -5.978598  0.923120 -0.383728 0.024544  0.399280 0.606441 0
0  7.916222 -7.916219 -6.122108  0.707287 -0.706593 0.021702  0.382657 0.634105 0
beerkeg
0  -11.177404 -0.000000 -2.581949  -0.999996 -0.000000 -0.002891  0.340769 0.748980 0
0  -10.339682 -4.282835 -0.158994  -0.923837 -0.382666 -0.009584  0.330964 0.731590 0
0  -11.191591 -0.000000 -0.158995  -0.999954 -0.000000 -0.009584  0.331178 0.749242 0
beerkeg
0  10.339682 4.282835 -0.158996  0.923837 0.382666 -0.009584  0.363463 0.914413 0
0  7.903619 7.903615 -2.581951  0.707104 0.707104 -0.002892  0.368473 0.873335 0
0  7.913652 7.913649 -0.158996  0.707074 0.707074 -0.009584  0.351672 0.879302 0
beerkeg
0  10.392153 -4.304571 -7.379988  0.922229 -0.385119 0.034300  0.408171 0.613263 0
0  11.195226 -0.000001 -5.811716  0.999649 0.000000 0.026506  0.424315 0.574164 0
0  10.343041 -4.284227 -5.978598  0.923120 -0.383728 0.024544  0.399280 0.606441 0
beerkeg
0  -4.315125 10.417625 -9.679119  -0.375616 0.925613 -0.046410  0.375921 0.794822 0
0  -7.980106 7.980100 -9.268043  -0.707188 0.706985 0.007591  0.369457 0.779178 0
0  -4.318803 10.426505 -8.584738  -0.383539 0.923458 0.011095  0.371785 0.796272 0
beerkeg
0  4.318803 10.426505 -8.584738  0.383453 0.923492 0.011244  0.388729 0.832446 0
0  7.953811 7.953804 -7.810589  0.707298 0.706328 0.028825  0.398881 0.855441 0
0  7.980106 7.980100 -9.268043  0.707188 0.706985 0.007591  0.405774 0.849901 0
beerkeg
0  10.426509 4.318799 -8.584736  0.923351 0.383782 0.011580  0.423643 0.874293 0
0  11.248385 -0.000001 -7.088144  0.999289 -0.000000 0.037692  0.445163 0.909104 0
0  11.285571 -0.000001 -8.180892  0.999909 -0.000000 0.013485  0.451855 0.900297 0
beerkeg
0  -4.330461 4.330455 -15.179877  0.497726 -0.500345 -0.708465  0.410402 0.765939 0
0  -5.987800 2.480224 -14.971867  0.693716 -0.417552 -0.586864  0.405470 0.756525 0
0  -4.582864 4.582859 -15.700870  0.587414 -0.587827 -0.556240  0.407899 0.766986 0
beerkeg
0  -10.343041 -4.284227 -5.978598  -0.923198 -0.383511 0.024977  0.353837 0.732175 0
0  -7.903718 -7.903715 -4.469485  -0.707049 -0.707144 0.005445  0.349212 0.714651 0
0  -10.326703 -4.277460 -4.467088  -0.923826 -0.382766 0.005959  0.348054 0.731947 0
beerkeg
0  -7.916222 -7.916219 -6.122108  -0.706593 -0.707287 0.021702  0.355762 0.715416 0
0  -4.277462 -10.326701 -4.467087  -0.382772 -0.923824 0.005851  0.351828 0.696320 0
0  -7.903718 -7.903715 -4.469485  -0.707049 -0.707144 0.005445  0.349212 0.714651 0
beerkeg
0  -4.284229 -10.343040 -5.978598  -0.383728 -0.923120 0.024545  0.358261 0.697541 0
0  0.000000 -11.177543 -4.421605  -0.000068 -0.999980 0.006306  0.355980 0.676392 0
0  -4.277462 -10.326701 -4.467087  -0.382772 -0.923824 0.005851  0.351828 0.696320 0
beerkeg
0  0.000000 -11.195227 -5.811715  -0.000293 -0.999645 0.026630  0.362507 0.678137 0
0  4.277462 -10.326701 -4.467087  0.382767 -0.923826 0.005959  0.362777 0.654349 0
0  0.000000 -11.177543 -4.421605  -0.000068 -0.999980 0.006306  0.355980 0.676392 0
beerkeg
0  4.284229 -10.343040 -5.978598  0.383512 -0.923198 0.024977  0.370711 0.657294 0
0  7.903718 -7.903715 -4.469485  0.707144 -0.707049 0.005445  0.372829 0.629046 0
0  4.277462 -10.326701 -4.467087  0.382767 -0.923826 0.005959  0.362777 0.654349 0
beerkeg
0  7.916222 -7.916219 -6.122108  0.707287 -0.706593 0.021702  0.382657 0.634105 0
0  10.326703 -4.277460 -4.467088  0.923824 -0.382773 0.005851  0.388669 0.599562 0
0  7.903718 -7.903715 -4.469485  0.707144 -0.707049 0.005445  0.372829 0.629046 0
beerkeg
0  -11.191591 -0.000000 -0.158995  -0.999954 -0.000000 -0.009584  0.331178 0.749242 0
0  -10.373908 -4.297012 2.625176  -0.923843 -0.382668 -0.008945  0.319642 0.731671 0
0  -11.228637 0.000000 2.625175  -0.999960 0.000000 -0.008945  0.320024 0.749549 0
beerkeg
0  10.373908 4.297013 2.625174  0.923843 0.382668 -0.008945  0.337109 0.921637 0
0  7.913652 7.913649 -0.158996  0.707074 0.707074 -0.009584  0.351672 0.879302 0
0  7.939847 7.939842 2.625174  0.707079 0.707078 -0.008945  0.330837 0.883738 0
beerkeg
0  10.343041 -4.284227 -5.978598  0.923120 -0.383728 0.024544  0.399280 0.606441 0
0  11.177542 -0.000001 -4.421607  0.999980 0.000000 0.006253  0.412746 0.564486 0
0  10.326703 -4.277460 -4.467088  0.923824 -0.382773 0.005851  0.388669 0.599562 0
beerkeg
0  -4.318803 10.426505 -8.584738  -0.383539 0.923458 0.011095  0.371785 0.796272 0
0  -7.953811 7.953804 -7.810589  -0.707298 0.706328 0.028825  0.364164 0.780367 0
0  -4.304572 10.392149 -7.379991  -0.384701 0.922410 0.034137  0.367069 0.797789 0
beerkeg
0  4.304572 10.392149 -7.379991  0.384357 0.922552 0.034177  0.383243 0.835605 0
0  7.916222 7.916217 -6.122111  0.707288 0.706593 0.021702  0.390009 0.861653 0
0  7.953811 7.953804 -7.810589  0.707298 0.706328 0.028825  0.398881 0.855441 0
beerkeg
0  10.392153 4.304568 -7.379989  0.922229 0.385119 0.034300  0.417158 0.880960 0
0  11.195226 -0.000001 -5.811716  0.999649 0.000000 0.026506  0.436223 0.919210 0
0  11.248385 -0.000001 -7.088144  0.999289 -0.000000 0.037692  0.445163 0.909104 0
beerkeg
0  -10.326703 -4.277460 -4.467088  -0.923826 -0.382766 0.005959  0.348054 0.731947 0
0  -7.903619 -7.903616 -2.581948  -0.707104 -0.707104 -0.002892  0.341493 0.713943 0
0  -10.326576 -4.277407 -2.581949  -0.923876 -0.382682 -0.002892  0.340664 0.731744 0
beerkeg
0  -7.903718 -7.903715 -4.469485  -0.707049 -0.707144 0.005445  0.349212 0.714651 0
0  -4.277409 -10.326573 -2.581948  -0.382682 -0.923876 -0.002892  0.343533 0.695058 0
0  -7.903619 -7.903616 -2.581948  -0.707104 -0.707104 -0.002892  0.341493 0.713943 0
beerkeg
0  -4.277462 -10.326701 -4.467087  -0.382772 -0.923824 0.005851  0.351828 0.696320 0
0  0.000000 -11.177404 -2.581948  -0.000000 -0.999996 -0.002891  0.347000 0.674471 0
0  -4.277409 -10.326573 -2.581948  -0.382682 -0.923876 -0.002892  0.343533 0.695058 0
beerkeg
0  0.000000 -11.177543 -4.421605  -0.000068 -0.999980 0.006306  0.355980 0.676392 0
0  4.277409 -10.326573 -2.581948  0.382682 -0.923876 -0.002892  0.352320 0.651238 0
0  0.000000 -11.177404 -2.581948  -0.000000 -0.999996 -0.002891  0.347000 0.674471 0
beerkeg
0  4.277462 -10.326701 -4.467087  0.382767 -0.923826 0.005959  0.362777 0.654349 0
0  7.903619 -7.903616 -2.581948  0.707104 -0.707104 -0.002892  0.360612 0.623916 0
0  4.277409 -10.326573 -2.581948  0.382682 -0.923876 -0.002892  0.352320 0.651238 0
beerkeg
0  7.903718 -7.903715 -4.469485  0.707144 -0.707049 0.005445  0.372829 0.629046 0
0  10.326576 -4.277407 -2.581949  0.923876 -0.382682 -0.002892  0.373982 0.591922 0
0  7.903619 -7.903616 -2.581948  0.707104 -0.707104 -0.002892  0.360612 0.623916 0
beerkeg
0  -11.228637 0.000000 2.625175  -0.999960 0.000000 -0.008945  0.320024 0.749549 0
0  -10.385744 -4.301915 5.413618  -0.923872 -0.382681 0.003919  0.308227 0.731934 0
0  -11.241448 0.000001 5.413617  -0.999992 0.000000 0.003920  0.308775 0.749847 0
beerkeg
0  10.385744 4.301917 5.413617  0.923872 0.382681 0.003919  0.308951 0.925082 0
0  7.939847 7.939842 2.625174  0.707079 0.707078 -0.008945  0.330837 0.883738 0
0  7.948905 7.948903 5.413616  0.707101 0.707101 0.003919  0.309195 0.884986 0
beerkeg
0  10.326703 -4.277460 -4.467088  0.923824 -0.382773 0.005851  0.388669 0.599562 0
0  11.177404 -0.000000 -2.581949  0.999996 -0.000000 -0.002892  0.395276 0.552433 0
0  10.326576 -4.277407 -2.581949  0.923876 -0.382682 -0.002892  0.373982 0.591922 0
beerkeg
0  -4.304572 10.392149 -7.379991  -0.384701 0.922410 0.034137  0.367069 0.797789 0
0  -7.916222 7.916217 -6.122111  -0.707287 0.706593 0.021702  0.357759 0.781666 0
0  -4.284229 10.343038 -5.978601  -0.383512 0.923198 0.024977  0.361368 0.799433 0
beerkeg
0  4.284229 10.343038 -5.978601  0.383245 0.923312 0.024858  0.376444 0.839088 0
0  7.903718 7.903713 -4.469488  0.707144 0.707049 0.005445  0.380444 0.867392 0
0  7.916222 7.916217 -6.122111  0.707288 0.706593 0.021702  0.390009 0.861653 0
beerkeg
0  10.343041 4.284225 -5.978599  0.923120 0.383728 0.024544  0.408676 0.888475 0
0  11.177542 -0.000001 -4.421607  0.999980 0.000000 0.006253  0.425261 0.929814 0
0  11.195226 -0.000001 -5.811716  0.999649 0.000000 0.026506  0.436223 0.919210 0
beerkeg
0  -3.944375 3.944369 -14.880725  0.109982 -0.115724 -0.987174  0.413284 0.764692 0
0  -5.658019 2.343624 -14.499710  0.510035 -0.373452 -0.774853  0.407620 0.755719 0
0  -4.330461 4.330455 -15.179877  0.497726 -0.500345 -0.708465  0.410402 0.765939 0
beerkeg
0  -10.326576 -4.277407 -2.581949  -0.923876 -0.382682 -0.002892  0.340664 0.731744 0
0  -7.913652 -7.913649 -0.158994  -0.707074 -0.707074 -0.009584  0.331368 0.713372 0
0  -10.339682 -4.282835 -0.158994  -0.923837 -0.382666 -0.009584  0.330964 0.731590 0
beerkeg
0  -7.903619 -7.903616 -2.581948  -0.707104 -0.707104 -0.002892  0.341493 0.713943 0
0  -4.282838 -10.339681 -0.158994  -0.382666 -0.923837 -0.009585  0.332538 0.693924 0
0  -7.913652 -7.913649 -0.158994  -0.707074 -0.707074 -0.009584  0.331368 0.713372 0
beerkeg
0  -4.277409 -10.326573 -2.581948  -0.382682 -0.923876 -0.002892  0.343533 0.695058 0
0  0.000000 -11.191591 -0.158993  -0.000000 -0.999954 -0.009584  0.334677 0.672510 0
0  -4.282838 -10.339681 -0.158994  -0.382666 -0.923837 -0.009585  0.332538 0.693924 0
beerkeg
0  0.000000 -11.177404 -2.581948  -0.000000 -0.999996 -0.002891  0.347000 0.674471 0
0  4.282838 -10.339681 -0.158994  0.382666 -0.923837 -0.009584  0.338149 0.648301 0
0  0.000000 -11.191591 -0.158993  -0.000000 -0.999954 -0.009584  0.334677 0.672510 0
beerkeg
0  4.277409 -10.326573 -2.581948  0.382682 -0.923876 -0.002892  0.352320 0.651238 0
0  7.913652 -7.913649 -0.158994  0.707074 -0.707074 -0.009584  0.343708 0.619444 0
0  4.282838 -10.339681 -0.158994  0.382666 -0.923837 -0.009584  0.338149 0.648301 0
beerkeg
0  7.903619 -7.903616 -2.581948  0.707104 -0.707104 -0.002892  0.360612 0.623916 0
0  10.339682 -4.282835 -0.158994  0.923837 -0.382666 -0.009584  0.352962 0.583700 0
0  7.913652 -7.913649 -0.158994  0.707074 -0.707074 -0.009584  0.343708 0.619444 0
beerkeg
0  -11.241448 0.000001 5.413617  -0.999992 0.000000 0.003920  0.308775 0.749847 0
0  -10.352422 -4.288112 8.312499  -0.922758 -0.382219 0.049262  0.296415 0.732460 0
0  -11.205379 0.000001 8.312498  -0.998786 0.000000 0.049261  0.297161 0.750153 0
beerkeg
0  10.352422 4.288115 8.312497  0.922758 0.382219 0.049261  0.279326 0.921606 0
0  7.948905 7.948903 5.413616  0.707101 0.707101 0.003919  0.309195 0.884986 0
0  7.923401 7.923400 8.312497  0.706248 0.706248 0.049261  0.286625 0.883293 0
beerkeg
0  10.326576 -4.277407 -2.581949  0.923876 -0.382682 -0.002892  0.373982 0.591922 0
0  11.191591 -0.000000 -0.158995  0.999954 0.000000 -0.009584  0.368406 0.539054 0
0  10.339682 -4.282835 -0.158994  0.923837 -0.382666 -0.009584  0.352962 0.583700 0
beerkeg
0  -4.284229 10.343038 -5.978601  -0.383512 0.923198 0.024977  0.361368 0.799433 0
0  -7.903718 7.903713 -4.469488  -0.707144 0.707049 0.005445  0.351236 0.782836 0
0  -4.277462 10.326699 -4.467091  -0.382767 0.923826 0.005959  0.354982 0.801055 0
beerkeg
0  4.277462 10.326699 -4.467091  0.382706 0.923851 0.005908  0.368646 0.842559 0
0  7.903619 7.903615 -2.581951  0.707104 0.707104 -0.002892  0.368473 0.873335 0
0  7.903718 7.903713 -4.469488  0.707144 0.707049 0.005445  0.380444 0.867392 0
beerkeg
0  10.326703 4.277458 -4.467089  0.923824 0.382772 0.005851  0.398457 0.896188 0
0  11.177404 -0.000000 -2.581949  0.999996 -0.000000 -0.002892  0.408496 0.943245 0
0  11.177542 -0.000001 -4.421607  0.999980 0.000000 0.006253  0.425261 0.929814 0
beerkeg
0  -10.339682 -4.282835 -0.158994  -0.923837 -0.382666 -0.009584  0.330964 0.731590 0
0  -7.939847 -7.939841 2.625176  -0.707079 -0.707078 -0.008944  0.319479 0.713121 0
0  -10.373908 -4.297012 2.625176  -0.923843 -0.382668 -0.008945  0.319642 0.731671 0
beerkeg
0  -7.913652 -7.913649 -0.158994  -0.707074 -0.707074 -0.009584  0.331368 0.713372 0
0  -4.297015 -10.373906 2.625176  -0.382668 -0.923842 -0.008945  0.319615 0.693365 0
0  -7.939847 -7.939841 2.625176  -0.707079 -0.707078 -0.008944  0.319479 0.713121 0
beerkeg
0  -4.282838 -10.339681 -0.158994  -0.382666 -0.923837 -0.009585  0.332538 0.693924 0
0  0.000000 -11.228636 2.625177  -0.000000 -0.999960 -0.008944  0.320101 0.671586 0
0  -4.297015 -10.373906 2.625176  -0.382668 -0.923842 -0.008945  0.319615 0.693365 0
beerkeg
0  0.000000 -11.191591 -0.158993  -0.000000 -0.999954 -0.009584  0.334677 0.672510 0
0  4.297015 -10.373906 2.625176  0.382668 -0.923842 -0.008944  0.321114 0.646363 0
0  0.000000 -11.228636 2.625177  -0.000000 -0.999960 -0.008944  0.320101 0.671586 0
beerkeg
0  4.282838 -10.339681 -0.158994  0.382666 -0.923837 -0.009584  0.338149 0.648301 0
0  7.939847 -7.939841 2.625176  0.707079 -0.707078 -0.008944  0.323028 0.616308 0
0  4.297015 -10.373906 2.625176  0.382668 -0.923842 -0.008944  0.321114 0.646363 0
beerkeg
0  7.913652 -7.913649 -0.158994  0.707074 -0.707074 -0.009584  0.343708 0.619444 0
0  10.373908 -4.297012 2.625176  0.923843 -0.382668 -0.008945  0.326582 0.578523 0
0  7.939847 -7.939841 2.625176  0.707079 -0.707078 -0.008944  0.323028 0.616308 0
beerkeg
0  -11.205379 0.000001 8.312498  -0.998786 0.000000 0.049261  0.297161 0.750153 0
0  -10.159826 -4.208336 10.714403  -0.910150 -0.376996 0.171755  0.286610 0.733071 0
0  -10.996917 0.000002 10.714402  -0.985140 -0.000000 0.171755  0.287491 0.750350 0
beerkeg
0  10.159826 4.208340 10.714401  0.910150 0.376997 0.171756  0.255597 0.914979 0
0  7.923401 7.923400 8.312497  0.706248 0.706248 0.049261  0.286625 0.883293 0
0  7.775996 7.775995 10.714400  0.696599 0.696599 0.171755  0.268345 0.878899 0
beerkeg
0  10.339682 -4.282835 -0.158994  0.923837 -0.382666 -0.009584  0.352962 0.583700 0
0  11.228637 0.000000 2.625175  0.999960 -0.000000 -0.008945  0.333443 0.529520 0
0  10.373908 -4.297012 2.625176  0.923843 -0.382668 -0.008945  0.326582 0.578523 0
beerkeg
0  -4.277462 10.326699 -4.467091  -0.382767 0.923826 0.005959  0.354982 0.801055 0
0  -7.903619 7.903615 -2.581951  -0.707104 0.707104 -0.002892  0.343526 0.784023 0
0  -4.277409 10.326573 -2.581951  -0.382682 0.923876 -0.002893  0.346720 0.802826 0
beerkeg
0  4.277409 10.326573 -2.581951  0.382682 0.923876 -0.002893  0.358309 0.846352 0
0  7.913652 7.913649 -0.158996  0.707074 0.707074 -0.009584  0.351672 0.879302 0
0  7.903619 7.903615 -2.581951  0.707104 0.707104 -0.002892  0.368473 0.873335 0
beerkeg
0  10.326576 4.277406 -2.581950  0.923876 0.382682 -0.002892  0.384172 0.905008 0
0  11.191591 -0.000000 -0.158995  0.999954 0.000000 -0.009584  0.382397 0.958699 0
0  11.177404 -0.000000 -2.581949  0.999996 -0.000000 -0.002892  0.408496 0.943245 0
beerkeg
0  -2.031254 4.903874 -14.407843  -0.100485 0.648233 -0.754782  0.419408 0.773347 0
0  -3.944375 3.944369 -14.880725  0.109982 -0.115724 -0.987174  0.413284 0.764692 0
0  -2.134681 5.153569 -14.284579  0.186997 0.054376 -0.980854  0.418411 0.774133 0
beerkeg
0  -10.373908 -4.297012 2.625176  -0.923843 -0.382668 -0.008945  0.319642 0.731671 0
0  -7.948905 -7.948901 5.413619  -0.707101 -0.707101 0.003919  0.307492 0.713406 0
0  -10.385744 -4.301915 5.413618  -0.923872 -0.382681 0.003919  0.308227 0.731934 0
beerkeg
0  -7.939847 -7.939841 2.625176  -0.707079 -0.707078 -0.008944  0.319479 0.713121 0
0  -4.301918 -10.385742 5.413619  -0.382681 -0.923872 0.003919  0.306559 0.693617 0
0  -7.948905 -7.948901 5.413619  -0.707101 -0.707101 0.003919  0.307492 0.713406 0
beerkeg
0  -4.297015 -10.373906 2.625176  -0.382668 -0.923842 -0.008945  0.319615 0.693365 0
0  0.000000 -11.241447 5.413619  0.000000 -0.999992 0.003919  0.305362 0.672013 0
0  -4.301918 -10.385742 5.413619  -0.382681 -0.923872 0.003919  0.306559 0.693617 0
beerkeg
0  0.000000 -11.228636 2.625177  -0.000000 -0.999960 -0.008944  0.320101 0.671586 0
0  4.301918 -10.385742 5.413619  0.382681 -0.923872 0.003919  0.303741 0.646339 0
0  0.000000 -11.241447 5.413619  0.000000 -0.999992 0.003919  0.305362 0.672013 0
beerkeg
0  4.297015 -10.373906 2.625176  0.382668 -0.923842 -0.008944  0.321114 0.646363 0
0  7.948905 -7.948901 5.413619  0.707102 -0.707101 0.003919  0.301667 0.616210 0
0  4.301918 -10.385742 5.413619  0.382681 -0.923872 0.003919  0.303741 0.646339 0
beerkeg
0  7.939847 -7.939841 2.625176  0.707079 -0.707078 -0.008944  0.323028 0.616308 0
0  10.385744 -4.301915 5.413618  0.923872 -0.382681 0.003919  0.299004 0.577871 0
0  7.948905 -7.948901 5.413619  0.707102 -0.707101 0.003919  0.301667 0.616210 0
beerkeg
0  -10.996917 0.000002 10.714402  -0.985140 -0.000000 0.171755  0.287491 0.750350 0
0  -9.665609 -4.003625 12.706217  -0.862982 -0.357459 0.357051  0.278120 0.733729 0
0  -10.461980 0.000002 12.706216  -0.934085 -0.000000 0.357051  0.279118 0.750517 0
beerkeg
0  9.665609 4.003629 12.706215  0.862982 0.357459 0.357051  0.236498 0.906087 0
0  7.775996 7.775995 10.714400  0.696599 0.696599 0.171755  0.268345 0.878899 0
0  7.397738 7.397738 12.706215  0.660498 0.660498 0.357051  0.253257 0.873267 0
beerkeg
0  10.373908 -4.297012 2.625176  0.923843 -0.382668 -0.008945  0.326582 0.578523 0
0  11.241448 0.000001 5.413617  0.999992 0.000000 0.003920  0.296462 0.527416 0
0  10.385744 -4.301915 5.413618  0.923872 -0.382681 0.003919  0.299004 0.577871 0
beerkeg
0  -4.277409 10.326573 -2.581951  -0.382682 0.923876 -0.002893  0.346720 0.802826 0
0  -7.913652 7.913649 -0.158996  -0.707074 0.707074 -0.009584  0.333417 0.785136 0
0  -4.282838 10.339681 -0.158997  -0.382666 0.923837 -0.009584  0.335740 0.804557 0
beerkeg
0  4.282838 10.339681 -0.158997  0.382666 0.923837 -0.009584  0.344154 0.850434 0
0  7.939847 7.939842 2.625174  0.707079 0.707078 -0.008945  0.330837 0.883738 0
0  7.913652 7.913649 -0.158996  0.707074 0.707074 -0.009584  0.351672 0.879302 0
beerkeg
0  10.339682 4.282835 -0.158996  0.923837 0.382666 -0.009584  0.363463 0.914413 0
0  11.228637 0.000000 2.625175  0.999960 -0.000000 -0.008945  0.347807 0.971241 0
0  11.191591 -0.000000 -0.158995  0.999954 0.000000 -0.009584  0.382397 0.958699 0
beerkeg
0  -3.486564 3.486559 -15.556450  -0.584635 0.580510 -0.566754  0.417833 0.762601 0
0  -4.903879 2.031249 -14.407840  -0.648096 0.101499 -0.754765  0.411029 0.754812 0
0  -3.753267 3.753262 -14.962024  -0.431151 0.427294 -0.794688  0.414577 0.764112 0
beerkeg
0  -10.385744 -4.301915 5.413618  -0.923872 -0.382681 0.003919  0.308227 0.731934 0
0  -7.923401 -7.923397 8.312499  -0.706248 -0.706248 0.049261  0.295100 0.714217 0
0  -10.352422 -4.288112 8.312499  -0.922758 -0.382219 0.049262  0.296415 0.732460 0
beerkeg
0  -7.948905 -7.948901 5.413619  -0.707101 -0.707101 0.003919  0.307492 0.713406 0
0  -4.288115 -10.352419 8.312500  -0.382219 -0.922758 0.049262  0.293066 0.694879 0
0  -7.923401 -7.923397 8.312499  -0.706248 -0.706248 0.049261  0.295100 0.714217 0
beerkeg
0  -4.301918 -10.385742 5.413619  -0.382681 -0.923872 0.003919  0.306559 0.693617 0
0  0.000000 -11.205379 8.312500  0.000000 -0.998786 0.049262  0.290216 0.673520 0
0  -4.288115 -10.352419 8.312500  -0.382219 -0.922758 0.049262  0.293066 0.694879 0
beerkeg
0  0.000000 -11.241447 5.413619  0.000000 -0.999992 0.003919  0.305362 0.672013 0
0  4.288115 -10.352419 8.312500  0.382219 -0.922758 0.049262  0.285893 0.648990 0
0  0.000000 -11.205379 8.312500  0.000000 -0.998786 0.049262  0.290216 0.673520 0
beerkeg
0  4.301918 -10.385742 5.413619  0.382681 -0.923872 0.003919  0.303741 0.646339 0
0  7.923401 -7.923397 8.312499  0.706248 -0.706248 0.049262  0.279757 0.619640 0
0  4.288115 -10.352419 8.312500  0.382219 -0.922758 0.049262  0.285893 0.648990 0
beerkeg
0  7.948905 -7.948901 5.413619  0.707102 -0.707101 0.003919  0.301667 0.616210 0
0  10.352422 -4.288112 8.312499  0.922758 -0.382219 0.049262  0.270528 0.582614 0
0  7.923401 -7.923397 8.312499  0.706248 -0.706248 0.049262  0.279757 0.619640 0
beerkeg
0  -10.461980 0.000002 12.706216  -0.934085 -0.000000 0.357051  0.279118 0.750517 0
0  -8.818918 -3.652913 14.478189  -0.774038 -0.320617 0.545957  0.269690 0.734568 0
0  -9.545528 0.000002 14.478188  -0.837813 0.000000 0.545957  0.270716 0.750699 0
beerkeg
0  8.818918 3.652918 14.478188  0.774039 0.320617 0.545957  0.219676 0.894190 0
0  7.397738 7.397738 12.706215  0.660498 0.660498 0.357051  0.253257 0.873267 0
0  6.749708 6.749709 14.478188  0.592423 0.592423 0.545957  0.239090 0.865974 0
beerkeg
0  10.385744 -4.301915 5.413618  0.923872 -0.382681 0.003919  0.299004 0.577871 0
0  11.205379 0.000001 8.312498  0.998786 0.000000 0.049261  0.255801 0.531446 0
0  10.352422 -4.288112 8.312499  0.922758 -0.382219 0.049262  0.270528 0.582614 0
beerkeg
0  -4.282838 10.339681 -0.158997  -0.382666 0.923837 -0.009584  0.335740 0.804557 0
0  -7.939847 7.939842 2.625174  -0.707079 0.707078 -0.008945  0.321498 0.786016 0
0  -4.297015 10.373906 2.625173  -0.382668 0.923842 -0.008945  0.322754 0.805949 0
beerkeg
0  4.297015 10.373906 2.625173  0.382668 0.923842 -0.008945  0.327031 0.853463 0
0  7.948905 7.948903 5.413616  0.707101 0.707101 0.003919  0.309195 0.884986 0
0  7.939847 7.939842 2.625174  0.707079 0.707078 -0.008945  0.330837 0.883738 0
beerkeg
0  10.373908 4.297013 2.625174  0.923843 0.382668 -0.008945  0.337109 0.921637 0
0  11.241448 0.000001 5.413617  0.999992 0.000000 0.003920  0.310057 0.976510 0
0  11.228637 0.000000 2.625175  0.999960 -0.000000 -0.008945  0.347807 0.971241 0
beerkeg
0  -10.352422 -4.288112 8.312499  -0.922758 -0.382219 0.049262  0.296415 0.732460 0
0  -7.775996 -7.775991 10.714402  -0.696599 -0.696599 0.171756  0.284854 0.715386 0
0  -10.159826 -4.208336 10.714403  -0.910150 -0.376996 0.171755  0.286610 0.733071 0
beerkeg
0  -7.923401 -7.923397 8.312499  -0.706248 -0.706248 0.049261  0.295100 0.714217 0
0  -4.208339 -10.159822 10.714403  -0.376997 -0.910150 0.171756  0.281994 0.696538 0
0  -7.775996 -7.775991 10.714402  -0.696599 -0.696599 0.171756  0.284854 0.715386 0
beerkeg
0  -4.288115 -10.352419 8.312500  -0.382219 -0.922758 0.049262  0.293066 0.694879 0
0  0.000000 -10.996914 10.714403  -0.000000 -0.985140 0.171756  0.277839 0.675871 0
0  -4.208339 -10.159822 10.714403  -0.376997 -0.910150 0.171756  0.281994 0.696538 0
beerkeg
0  0.000000 -11.205379 8.312500  0.000000 -0.998786 0.049262  0.290216 0.673520 0
0  4.208339 -10.159822 10.714403  0.376997 -0.910150 0.171756  0.271450 0.652409 0
0  0.000000 -10.996914 10.714403  -0.000000 -0.985140 0.171756  0.277839 0.675871 0
beerkeg
0  4.288115 -10.352419 8.312500  0.382219 -0.922758 0.049262  0.285893 0.648990 0
0  7.775996 -7.775991 10.714402  0.696599 -0.696599 0.171755  0.262227 0.624863 0
0  4.208339 -10.159822 10.714403  0.376997 -0.910150 0.171756  0.271450 0.652409 0
beerkeg
0  7.923401 -7.923397 8.312499  0.706248 -0.706248 0.049262  0.279757 0.619640 0
0  10.159826 -4.208336 10.714403  0.910150 -0.376997 0.171756  0.248039 0.590680 0
0  7.775996 -7.775991 10.714402  0.696599 -0.696599 0.171755  0.262227 0.624863 0
beerkeg
0  -9.545528 0.000002 14.478188  -0.837813 0.000000 0.545957  0.270716 0.750699 0
0  -7.551769 -3.128042 16.132389  -0.655293 -0.271431 0.704923  0.259850 0.735705 0
0  -8.173974 0.000003 16.132389  -0.709284 0.000000 0.704923  0.260959 0.750934 0
beerkeg
0  7.551769 3.128047 16.132389  0.655293 0.271431 0.704923  0.202898 0.878469 0
0  6.749708 6.749709 14.478188  0.592423 0.592423 0.545957  0.239090 0.865974 0
0  5.779874 5.779874 16.132389  0.501539 0.501540 0.704923  0.224150 0.855714 0
beerkeg
0  10.352422 -4.288112 8.312499  0.922758 -0.382219 0.049262  0.270528 0.582614 0
0  10.996917 0.000002 10.714402  0.985140 -0.000000 0.171755  0.224262 0.544972 0
0  10.159826 -4.208336 10.714403  0.910150 -0.376997 0.171756  0.248039 0.590680 0
beerkeg
0  -4.297015 10.373906 2.625173  -0.382668 0.923842 -0.008945  0.322754 0.805949 0
0  -7.948905 7.948903 5.413616  -0.707101 0.707101 0.003919  0.309441 0.786358 0
0  -4.301918 10.385744 5.413615  -0.382681 0.923872 0.003919  0.309582 0.806366 0
beerkeg
0  4.301918 10.385744 5.413615  0.382681 0.923872 0.003919  0.309459 0.854222 0
0  7.923401 7.923400 8.312497  0.706248 0.706248 0.049261  0.286625 0.883293 0
0  7.948905 7.948903 5.413616  0.707101 0.707101 0.003919  0.309195 0.884986 0
beerkeg
0  10.385744 4.301917 5.413617  0.923872 0.382681 0.003919  0.308951 0.925082 0
0  11.205379 0.000001 8.312498  0.998786 0.000000 0.049261  0.267754 0.975245 0
0  11.241448 0.000001 5.413617  0.999992 0.000000 0.003920  0.310057 0.976510 0
beerkeg
0  -3.133485 3.133480 -16.227243  -0.521280 0.514989 -0.680480  0.421430 0.760850 0
0  -4.555415 1.886911 -15.062879  -0.819417 0.236867 -0.521967  0.414077 0.754452 0
0  -3.486564 3.486559 -15.556450  -0.584635 0.580510 -0.566754  0.417833 0.762601 0
beerkeg
0  -10.159826 -4.208336 10.714403  -0.910150 -0.376996 0.171755  0.286610 0.733071 0
0  -7.397738 -7.397734 12.706217  -0.660498 -0.660498 0.357051  0.276070 0.716587 0
0  -9.665609 -4.003625 12.706217  -0.862982 -0.357459 0.357051  0.278120 0.733729 0
beerkeg
0  -7.775996 -7.775991 10.714402  -0.696599 -0.696599 0.171756  0.284854 0.715386 0
0  -4.003628 -9.665606 12.706218  -0.357459 -0.862982 0.357051  0.272555 0.698507 0
0  -7.397738 -7.397734 12.706217  -0.660498 -0.660498 0.357051  0.276070 0.716587 0
beerkeg
0  -4.208339 -10.159822 10.714403  -0.376997 -0.910150 0.171756  0.281994 0.696538 0
0  0.000000 -10.461977 12.706218  0.000000 -0.934085 0.357051  0.267280 0.678694 0
0  -4.003628 -9.665606 12.706218  -0.357459 -0.862982 0.357051  0.272555 0.698507 0
beerkeg
0  0.000000 -10.996914 10.714403  -0.000000 -0.985140 0.171756  0.277839 0.675871 0
0  4.003628 -9.665606 12.706218  0.357459 -0.862982 0.357051  0.259475 0.656773 0
0  0.000000 -10.461977 12.706218  0.000000 -0.934085 0.357051  0.267280 0.678694 0
beerkeg
0  4.208339 -10.159822 10.714403  0.376997 -0.910150 0.171756  0.271450 0.652409 0
0  7.397738 -7.397734 12.706217  0.660498 -0.660498 0.357051  0.247704 0.630947 0
0  4.003628 -9.665606 12.706218  0.357459 -0.862982 0.357051  0.259475 0.656773 0
beerkeg
0  7.775996 -7.775991 10.714402  0.696599 -0.696599 0.171755  0.262227 0.624863 0
0  9.665609 -4.003625 12.706217  0.862982 -0.357459 0.357051  0.230315 0.600550 0
0  7.397738 -7.397734 12.706217  0.660498 -0.660498 0.357051  0.247704 0.630947 0
beerkeg
0  -8.173974 0.000003 16.132389  -0.709284 0.000000 0.704923  0.260959 0.750934 0
0  -6.074327 -2.516067 17.428717  -0.524204 -0.217132 0.823447  0.249242 0.737181 0
0  -6.574806 0.000003 17.428717  -0.567394 -0.000000 0.823447  0.250282 0.751155 0
beerkeg
0  6.074327 2.516072 17.428717  0.524203 0.217132 0.823447  0.188862 0.859451 0
0  5.779874 5.779874 16.132389  0.501539 0.501540 0.704923  0.224150 0.855714 0
0  4.649090 4.649092 17.428717  0.401209 0.401208 0.823446  0.210607 0.842868 0
beerkeg
0  10.159826 -4.208336 10.714403  0.910150 -0.376997 0.171756  0.248039 0.590680 0
0  10.461980 0.000002 12.706216  0.934085 -0.000000 0.357051  0.200859 0.561558 0
0  9.665609 -4.003625 12.706217  0.862982 -0.357459 0.357051  0.230315 0.600550 0
beerkeg
0  -4.301918 10.385744 5.413615  -0.382681 0.923872 0.003919  0.309582 0.806366 0
0  -7.923401 7.923400 8.312497  -0.706248 0.706248 0.049261  0.296936 0.786214 0
0  -4.288115 10.352421 8.312496  -0.382219 0.922758 0.049262  0.295899 0.805816 0
beerkeg
0  4.288115 10.352421 8.312496  0.382219 0.922758 0.049262  0.291259 0.852590 0
0  7.775996 7.775995 10.714400  0.696599 0.696599 0.171755  0.268345 0.878899 0
0  7.923401 7.923400 8.312497  0.706248 0.706248 0.049261  0.286625 0.883293 0
beerkeg
0  10.352422 4.288115 8.312497  0.922758 0.382219 0.049261  0.279326 0.921606 0
0  10.996917 0.000002 10.714402  0.985140 -0.000000 0.171755  0.234446 0.963344 0
0  11.205379 0.000001 8.312498  0.998786 0.000000 0.049261  0.267754 0.975245 0
beerkeg
0  -9.665609 -4.003625 12.706217  -0.862982 -0.357459 0.357051  0.278120 0.733729 0
0  -6.749708 -6.749704 14.478189  -0.592423 -0.592423 0.545958  0.267212 0.718089 0
0  -8.818918 -3.652913 14.478189  -0.774038 -0.320617 0.545957  0.269690 0.734568 0
beerkeg
0  -7.397738 -7.397734 12.706217  -0.660498 -0.660498 0.357051  0.276070 0.716587 0
0  -3.652917 -8.818914 14.478190  -0.320617 -0.774038 0.545958  0.263178 0.700844 0
0  -6.749708 -6.749704 14.478189  -0.592423 -0.592423 0.545958  0.267212 0.718089 0
beerkeg
0  -4.003628 -9.665606 12.706218  -0.357459 -0.862982 0.357051  0.272555 0.698507 0
0  0.000000 -9.545527 14.478190  0.000000 -0.837813 0.545957  0.257008 0.682273 0
0  -3.652917 -8.818914 14.478190  -0.320617 -0.774038 0.545958  0.263178 0.700844 0
beerkeg
0  0.000000 -10.461977 12.706218  0.000000 -0.934085 0.357051  0.267280 0.678694 0
0  3.652917 -8.818914 14.478190  0.320617 -0.774038 0.545958  0.247964 0.661946 0
0  0.000000 -9.545527 14.478190  0.000000 -0.837813 0.545957  0.257008 0.682273 0
beerkeg
0  4.003628 -9.665606 12.706218  0.357459 -0.862982 0.357051  0.259475 0.656773 0
0  6.749708 -6.749704 14.478189  0.592423 -0.592423 0.545958  0.234487 0.638958 0
0  3.652917 -8.818914 14.478190  0.320617 -0.774038 0.545958  0.247964 0.661946 0
beerkeg
0  7.397738 -7.397734 12.706217  0.660498 -0.660498 0.357051  0.247704 0.630947 0
0  8.818918 -3.652913 14.478189  0.774038 -0.320617 0.545957  0.214372 0.612480 0
0  6.749708 -6.749704 14.478189  0.592423 -0.592423 0.545958  0.234487 0.638958 0
beerkeg
0  -6.574806 0.000003 17.428717  -0.567394 -0.000000 0.823447  0.250282 0.751155 0
0  -4.764006 -1.973313 18.217854  -0.404235 -0.167439 0.899199  0.239841 0.738636 0
0  -5.156522 0.000003 18.217854  -0.437540 0.000000 0.899199  0.240840 0.751443 0
beerkeg
0  4.764006 1.973319 18.217854  0.404234 0.167439 0.899199  0.180120 0.841841 0
0  4.649090 4.649092 17.428717  0.401209 0.401208 0.823446  0.210607 0.842868 0
0  3.646213 3.646214 18.217854  0.309388 0.309388 0.899199  0.200249 0.830234 0
beerkeg
0  9.665609 -4.003625 12.706217  0.862982 -0.357459 0.357051  0.230315 0.600550 0
0  9.545528 0.000002 14.478188  0.837813 0.000000 0.545957  0.181928 0.581641 0
0  8.818918 -3.652913 14.478189  0.774038 -0.320617 0.545957  0.214372 0.612480 0
beerkeg
0  -4.288115 10.352421 8.312496  -0.382219 0.922758 0.049262  0.295899 0.805816 0
0  -7.775996 7.775995 10.714400  -0.696599 0.696599 0.171755  0.286586 0.785566 0
0  -4.208339 10.159825 10.714399  -0.376997 0.910150 0.171755  0.284630 0.804707 0
beerkeg
0  4.208339 10.159825 10.714399  0.376997 0.910150 0.171756  0.276465 0.849854 0
0  7.397738 7.397738 12.706215  0.660498 0.660498 0.357051  0.253257 0.873267 0
0  7.775996 7.775995 10.714400  0.696599 0.696599 0.171755  0.268345 0.878899 0
beerkeg
0  10.159826 4.208340 10.714401  0.910150 0.376997 0.171756  0.255597 0.914979 0
0  10.461980 0.000002 12.706216  0.934085 -0.000000 0.357051  0.209439 0.947812 0
0  10.996917 0.000002 10.714402  0.985140 -0.000000 0.171755  0.234446 0.963344 0
beerkeg
0  -2.692676 2.692671 -16.764902  -0.431331 0.422774 -0.797004  0.424822 0.759110 0
0  -4.094094 1.695826 -15.813973  -0.757561 0.201898 -0.620757  0.417850 0.753808 0
0  -3.133485 3.133480 -16.227243  -0.521280 0.514989 -0.680480  0.421430 0.760850 0
beerkeg
0  -8.818918 -3.652913 14.478189  -0.774038 -0.320617 0.545957  0.269690 0.734568 0
0  -5.779874 -5.779869 16.132389  -0.501539 -0.501539 0.704923  0.257133 0.720235 0
0  -7.551769 -3.128042 16.132389  -0.655293 -0.271431 0.704923  0.259850 0.735705 0
beerkeg
0  -6.749708 -6.749704 14.478189  -0.592423 -0.592423 0.545958  0.267212 0.718089 0
0  -3.128046 -7.551764 16.132391  -0.271432 -0.655293 0.704923  0.252535 0.704186 0
0  -5.779874 -5.779869 16.132389  -0.501539 -0.501539 0.704923  0.257133 0.720235 0
beerkeg
0  -3.652917 -8.818914 14.478190  -0.320617 -0.774038 0.545958  0.263178 0.700844 0
0  0.000000 -8.173971 16.132391  0.000000 -0.709284 0.704923  0.245556 0.687274 0
0  -3.128046 -7.551764 16.132391  -0.271432 -0.655293 0.704923  0.252535 0.704186 0
beerkeg
0  0.000000 -9.545527 14.478190  0.000000 -0.837813 0.545957  0.257008 0.682273 0
0  3.128046 -7.551764 16.132391  0.271431 -0.655293 0.704923  0.235487 0.669173 0
0  0.000000 -8.173971 16.132391  0.000000 -0.709284 0.704923  0.245556 0.687274 0
beerkeg
0  3.652917 -8.818914 14.478190  0.320617 -0.774038 0.545958  0.247964 0.661946 0
0  5.779874 -5.779869 16.132389  0.501540 -0.501539 0.704923  0.220874 0.649692 0
0  3.128046 -7.551764 16.132391  0.271431 -0.655293 0.704923  0.235487 0.669173 0
beerkeg
0  6.749708 -6.749704 14.478189  0.592423 -0.592423 0.545958  0.234487 0.638958 0
0  7.551769 -3.128042 16.132389  0.655293 -0.271431 0.704923  0.198794 0.628516 0
0  5.779874 -5.779869 16.132389  0.501540 -0.501539 0.704923  0.220874 0.649692 0
beerkeg
0  -5.156522 0.000003 18.217854  -0.437540 0.000000 0.899199  0.240840 0.751443 0
0  -3.701262 -1.533110 18.682817  -0.312946 -0.129626 0.940884  0.231345 0.740192 0
0  -4.006217 0.000003 18.682817  -0.338730 0.000000 0.940884  0.232255 0.751587 0
beerkeg
0  3.701262 1.533117 18.682817  0.312945 0.129626 0.940884  0.174912 0.826603 0
0  3.646213 3.646214 18.217854  0.309388 0.309388 0.899199  0.200249 0.830234 0
0  2.832824 2.832826 18.682817  0.239519 0.239519 0.940884  0.192769 0.818568 0
beerkeg
0  8.818918 -3.652913 14.478189  0.774038 -0.320617 0.545957  0.214372 0.612480 0
0  8.173974 0.000003 16.132389  0.709284 0.000000 0.704923  0.166326 0.607292 0
0  7.551769 -3.128042 16.132389  0.655293 -0.271431 0.704923  0.198794 0.628516 0
beerkeg
0  -4.208339 10.159825 10.714399  -0.376997 0.910150 0.171755  0.284630 0.804707 0
0  -7.397738 7.397738 12.706215  -0.660498 0.660498 0.357051  0.277582 0.784780 0
0  -4.003628 9.665610 12.706214  -0.357459 0.862982 0.357051  0.274977 0.803175 0
beerkeg
0  4.003628 9.665610 12.706214  0.357459 0.862982 0.357051  0.263956 0.846318 0
0  6.749708 6.749709 14.478188  0.592423 0.592423 0.545957  0.239090 0.865974 0
0  7.397738 7.397738 12.706215  0.660498 0.660498 0.357051  0.253257 0.873267 0
beerkeg
0  9.665609 4.003629 12.706215  0.862982 0.357459 0.357051  0.236498 0.906087 0
0  9.545528 0.000002 14.478188  0.837813 0.000000 0.545957  0.187351 0.929019 0
0  10.461980 0.000002 12.706216  0.934085 -0.000000 0.357051  0.209439 0.947812 0
beerkeg
0  -7.551769 -3.128042 16.132389  -0.655293 -0.271431 0.704923  0.259850 0.735705 0
0  -4.649090 -4.649086 17.428717  -0.401208 -0.401208 0.823447  0.246407 0.723023 0
0  -6.074327 -2.516067 17.428717  -0.524204 -0.217132 0.823447  0.249242 0.737181 0
beerkeg
0  -5.779874 -5.779869 16.132389  -0.501539 -0.501539 0.704923  0.257133 0.720235 0
0  -2.516070 -6.074325 17.428719  -0.217132 -0.524203 0.823447  0.241405 0.708509 0
0  -4.649090 -4.649086 17.428717  -0.401208 -0.401208 0.823447  0.246407 0.723023 0
beerkeg
0  -3.128046 -7.551764 16.132391  -0.271432 -0.655293 0.704923  0.252535 0.704186 0
0  0.000000 -6.574803 17.428719  0.000000 -0.567393 0.823447  0.234104 0.693601 0
0  -2.516070 -6.074325 17.428719  -0.217132 -0.524203 0.823447  0.241405 0.708509 0
beerkeg
0  0.000000 -8.173971 16.132391  0.000000 -0.709284 0.704923  0.245556 0.687274 0
0  2.516070 -6.074325 17.428719  0.217133 -0.524203 0.823447  0.223074 0.678133 0
0  0.000000 -6.574803 17.428719  0.000000 -0.567393 0.823447  0.234104 0.693601 0
beerkeg
0  3.128046 -7.551764 16.132391  0.271431 -0.655293 0.704923  0.235487 0.669173 0
0  4.649090 -4.649086 17.428717  0.401209 -0.401208 0.823446  0.207924 0.662572 0
0  2.516070 -6.074325 17.428719  0.217133 -0.524203 0.823447  0.223074 0.678133 0
beerkeg
0  5.779874 -5.779869 16.132389  0.501540 -0.501539 0.704923  0.220874 0.649692 0
0  6.074327 -2.516067 17.428717  0.524203 -0.217132 0.823447  0.186374 0.647478 0
0  4.649090 -4.649086 17.428717  0.401209 -0.401208 0.823446  0.207924 0.662572 0
beerkeg
0  -4.006217 0.000003 18.682817  -0.338730 0.000000 0.940884  0.232255 0.751587 0
0  -2.700756 -1.118687 19.013954  -0.274742 -0.113801 0.954760  0.222279 0.741903 0
0  -2.923277 0.000003 19.013952  -0.297379 -0.000000 0.954760  0.223380 0.751729 0
beerkeg
0  2.700756 1.118693 19.013954  0.274741 0.113801 0.954760  0.170863 0.810893 0
0  2.832824 2.832826 18.682817  0.239519 0.239519 0.940884  0.192769 0.818568 0
0  2.067070 2.067072 19.013954  0.210280 0.210278 0.954760  0.186022 0.805861 0
beerkeg
0  7.551769 -3.128042 16.132389  0.655293 -0.271431 0.704923  0.198794 0.628516 0
0  6.574806 0.000003 17.428717  0.567393 -0.000000 0.823447  0.155228 0.635224 0
0  6.074327 -2.516067 17.428717  0.524203 -0.217132 0.823447  0.186374 0.647478 0
beerkeg
0  -4.003628 9.665610 12.706214  -0.357459 0.862982 0.357051  0.274977 0.803175 0
0  -6.749708 6.749709 14.478188  -0.592423 0.592423 0.545957  0.268681 0.783614 0
0  -3.652917 8.818918 14.478187  -0.320617 0.774039 0.545957  0.265380 0.801187 0
beerkeg
0  3.652917 8.818918 14.478187  0.320617 0.774038 0.545957  0.251817 0.841598 0
0  5.779874 5.779874 16.132389  0.501539 0.501540 0.704923  0.224150 0.855714 0
0  6.749708 6.749709 14.478188  0.592423 0.592423 0.545957  0.239090 0.865974 0
beerkeg
0  8.818918 3.652918 14.478188  0.774039 0.320617 0.545957  0.219676 0.894190 0
0  8.173974 0.000003 16.132389  0.709284 0.000000 0.704923  0.169659 0.902603 0
0  9.545528 0.000002 14.478188  0.837813 0.000000 0.545957  0.187351 0.929019 0
beerkeg
0  -2.140902 2.140897 -17.267035  -0.340516 0.330622 -0.880192  0.428676 0.757014 0
0  -3.518151 1.457262 -16.443262  -0.655598 0.149358 -0.740192  0.421642 0.752971 0
0  -2.692676 2.692671 -16.764902  -0.431331 0.422774 -0.797004  0.424822 0.759110 0
beerkeg
0  -6.074327 -2.516067 17.428717  -0.524204 -0.217132 0.823447  0.249242 0.737181 0
0  -3.646213 -3.646209 18.217854  -0.309388 -0.309388 0.899199  0.236611 0.725837 0
0  -4.764006 -1.973313 18.217854  -0.404235 -0.167439 0.899199  0.239841 0.738636 0
beerkeg
0  -4.649090 -4.649086 17.428717  -0.401208 -0.401208 0.823447  0.246407 0.723023 0
0  -1.973316 -4.764002 18.217854  -0.167439 -0.404234 0.899199  0.231670 0.712957 0
0  -3.646213 -3.646209 18.217854  -0.309388 -0.309388 0.899199  0.236611 0.725837 0
beerkeg
0  -2.516070 -6.074325 17.428719  -0.217132 -0.524203 0.823447  0.241405 0.708509 0
0  0.000000 -5.156520 18.217854  -0.000001 -0.437540 0.899199  0.223850 0.700109 0
0  -1.973316 -4.764002 18.217854  -0.167439 -0.404234 0.899199  0.231670 0.712957 0
beerkeg
0  0.000000 -6.574803 17.428719  0.000000 -0.567393 0.823447  0.234104 0.693601 0
0  1.973316 -4.764002 18.217854  0.167439 -0.404234 0.899199  0.213091 0.687281 0
0  0.000000 -5.156520 18.217854  -0.000001 -0.437540 0.899199  0.223850 0.700109 0
beerkeg
0  2.516070 -6.074325 17.428719  0.217133 -0.524203 0.823447  0.223074 0.678133 0
0  3.646213 -3.646209 18.217854  0.309388 -0.309387 0.899199  0.198515 0.675153 0
0  1.973316 -4.764002 18.217854  0.167439 -0.404234 0.899199  0.213091 0.687281 0
beerkeg
0  4.649090 -4.649086 17.428717  0.401209 -0.401208 0.823446  0.207924 0.662572 0
0  4.764006 -1.973313 18.217854  0.404235 -0.167439 0.899198  0.178754 0.664764 0
0  3.646213 -3.646209 18.217854  0.309388 -0.309387 0.899199  0.198515 0.675153 0
beerkeg
0  -2.923277 0.000003 19.013952  -0.297379 -0.000000 0.954760  0.223380 0.751729 0
0  -2.042113 -0.845868 19.241180  -0.495416 -0.205208 0.844069  0.215557 0.743319 0
0  -2.210367 0.000003 19.241182  -0.536235 -0.000001 0.844069  0.216476 0.751819 0
beerkeg
0  2.042113 0.845875 19.241180  0.495416 0.205208 0.844069  0.168666 0.799227 0
0  2.067070 2.067072 19.013954  0.210280 0.210278 0.954760  0.186022 0.805861 0
0  1.562966 1.562969 19.241180  0.379176 0.379175 0.844069  0.181782 0.795880 0
beerkeg
0  6.074327 -2.516067 17.428717  0.524203 -0.217132 0.823447  0.186374 0.647478 0
0  5.156522 0.000003 18.217854  0.437540 -0.000000 0.899199  0.152637 0.658910 0
0  4.764006 -1.973313 18.217854  0.404235 -0.167439 0.899198  0.178754 0.664764 0
beerkeg
0  -3.652917 8.818918 14.478187  -0.320617 0.774039 0.545957  0.265380 0.801187 0
0  -5.779874 5.779874 16.132389  -0.501539 0.501540 0.704923  0.258477 0.781908 0
0  -3.128046 7.551770 16.132387  -0.271431 0.655293 0.704923  0.254398 0.798307 0
beerkeg
0  3.128046 7.551770 16.132387  0.271431 0.655293 0.704923  0.238482 0.834800 0
0  4.649090 4.649092 17.428717  0.401209 0.401208 0.823446  0.210607 0.842868 0
0  5.779874 5.779874 16.132389  0.501539 0.501540 0.704923  0.224150 0.855714 0
beerkeg
0  7.551769 3.128047 16.132389  0.655293 0.271431 0.704923  0.202898 0.878469 0
0  6.574806 0.000003 17.428717  0.567393 -0.000000 0.823447  0.156645 0.873806 0
0  8.173974 0.000003 16.132389  0.709284 0.000000 0.704923  0.169659 0.902603 0
beerkeg
0  -4.764006 -1.973313 18.217854  -0.404235 -0.167439 0.899199  0.239841 0.738636 0
0  -2.832824 -2.832820 18.682817  -0.239518 -0.239518 0.940884  0.228288 0.728738 0
0  -3.701262 -1.533110 18.682817  -0.312946 -0.129626 0.940884  0.231345 0.740192 0
beerkeg
0  -3.646213 -3.646209 18.217854  -0.309388 -0.309388 0.899199  0.236611 0.725837 0
0  -1.533113 -3.701259 18.682817  -0.129626 -0.312946 0.940884  0.223249 0.717484 0
0  -2.832824 -2.832820 18.682817  -0.239518 -0.239518 0.940884  0.228288 0.728738 0
beerkeg
0  -1.973316 -4.764002 18.217854  -0.167439 -0.404234 0.899199  0.231670 0.712957 0
0  0.000000 -4.006215 18.682817  -0.000000 -0.338730 0.940883  0.215791 0.706489 0
0  -1.533113 -3.701259 18.682817  -0.129626 -0.312946 0.940884  0.223249 0.717484 0
beerkeg
0  0.000000 -5.156520 18.217854  -0.000001 -0.437540 0.899199  0.223850 0.700109 0
0  1.533113 -3.701259 18.682817  0.129626 -0.312946 0.940884  0.205371 0.695809 0
0  0.000000 -4.006215 18.682817  -0.000000 -0.338730 0.940883  0.215791 0.706489 0
beerkeg
0  1.973316 -4.764002 18.217854  0.167439 -0.404234 0.899199  0.213091 0.687281 0
0  2.832824 -2.832820 18.682817  0.239518 -0.239519 0.940884  0.191484 0.686569 0
0  1.533113 -3.701259 18.682817  0.129626 -0.312946 0.940884  0.205371 0.695809 0
beerkeg
0  3.646213 -3.646209 18.217854  0.309388 -0.309387 0.899199  0.198515 0.675153 0
0  3.701262 -1.533110 18.682817  0.312945 -0.129626 0.940884  0.174097 0.679632 0
0  2.832824 -2.832820 18.682817  0.239518 -0.239519 0.940884  0.191484 0.686569 0
beerkeg
0  -2.210367 0.000003 19.241182  -0.536235 -0.000001 0.844069  0.216476 0.751819 0
0  -1.905720 -0.789373 19.421104  -0.907929 -0.376079 -0.185013  0.213420 0.743766 0
0  -2.062737 0.000003 19.421104  -0.982737 0.000001 -0.185008  0.214295 0.751836 0
beerkeg
0  1.905720 0.789379 19.421104  0.907931 0.376075 -0.185011  0.168101 0.795548 0
0  1.562966 1.562969 19.241180  0.379176 0.379175 0.844069  0.181782 0.795880 0
0  1.458575 1.458579 19.421104  0.694900 0.694899 -0.185010  0.180774 0.792624 0
beerkeg
0  4.764006 -1.973313 18.217854  0.404235 -0.167439 0.899198  0.178754 0.664764 0
0  4.006217 0.000003 18.682817  0.338730 0.000000 0.940884  0.152565 0.677229 0
0  3.701262 -1.533110 18.682817  0.312945 -0.129626 0.940884  0.174097 0.679632 0
beerkeg
0  -3.128046 7.551770 16.132387  -0.271431 0.655293 0.704923  0.254398 0.798307 0
0  -4.649090 4.649092 17.428717  -0.401208 0.401208 0.823446  0.247478 0.779557 0
0  -2.516070 6.074330 17.428715  -0.217132 0.524204 0.823446  0.243085 0.794407 0
beerkeg
0  2.516070 6.074330 17.428715  0.217132 0.524204 0.823446  0.225292 0.826113 0
0  3.646213 3.646214 18.217854  0.309388 0.309388 0.899199  0.200249 0.830234 0
0  4.649090 4.649092 17.428717  0.401209 0.401208 0.823446  0.210607 0.842868 0
beerkeg
0  6.074327 2.516072 17.428717  0.524203 0.217132 0.823447  0.188862 0.859451 0
0  5.156522 0.000003 18.217854  0.437540 -0.000000 0.899199  0.152859 0.848963 0
0  6.574806 0.000003 17.428717  0.567393 -0.000000 0.823447  0.156645 0.873806 0
beerkeg
0  -3.701262 -1.533110 18.682817  -0.312946 -0.129626 0.940884  0.231345 0.740192 0
0  -2.067070 -2.067066 19.013954  -0.210278 -0.210278 0.954760  0.219451 0.732151 0
0  -2.700756 -1.118687 19.013954  -0.274742 -0.113801 0.954760  0.222279 0.741903 0
beerkeg
0  -2.832824 -2.832820 18.682817  -0.239518 -0.239518 0.940884  0.228288 0.728738 0
0  -1.118690 -2.700753 19.013954  -0.113801 -0.274741 0.954760  0.214672 0.722674 0
0  -2.067070 -2.067066 19.013954  -0.210278 -0.210278 0.954760  0.219451 0.732151 0
beerkeg
0  -1.533113 -3.701259 18.682817  -0.129626 -0.312946 0.940884  0.223249 0.717484 0
0  0.000000 -2.923275 19.013954  0.000000 -0.297378 0.954760  0.207488 0.713816 0
0  -1.118690 -2.700753 19.013954  -0.113801 -0.274741 0.954760  0.214672 0.722674 0
beerkeg
0  0.000000 -4.006215 18.682817  -0.000000 -0.338730 0.940883  0.215791 0.706489 0
0  1.118690 -2.700753 19.013954  0.113802 -0.274741 0.954760  0.197903 0.705635 0
0  0.000000 -2.923275 19.013954  0.000000 -0.297378 0.954760  0.207488 0.713816 0
beerkeg
0  1.533113 -3.701259 18.682817  0.129626 -0.312946 0.940884  0.205371 0.695809 0
0  2.067070 -2.067066 19.013954  0.210279 -0.210278 0.954760  0.185771 0.698960 0
0  1.118690 -2.700753 19.013954  0.113802 -0.274741 0.954760  0.197903 0.705635 0
beerkeg
0  2.832824 -2.832820 18.682817  0.239518 -0.239519 0.940884  0.191484 0.686569 0
0  2.700756 -1.118687 19.013954  0.274741 -0.113801 0.954760  0.170910 0.694782 0
0  2.067070 -2.067066 19.013954  0.210279 -0.210278 0.954760  0.185771 0.698960 0
beerkeg
0  -2.062737 0.000003 19.421104  -0.982737 0.000001 -0.185008  0.214295 0.751836 0
0  -2.000879 -0.828789 19.483940  -0.319755 -0.132444 -0.938198  0.212280 0.744030 0
0  -2.165736 0.000003 19.483942  -0.346088 -0.000000 -0.938202  0.213173 0.751852 0
beerkeg
0  2.000879 0.828795 19.483940  0.319749 0.132444 -0.938200  0.167800 0.793629 0
0  1.458575 1.458579 19.421104  0.694900 0.694899 -0.185010  0.180774 0.792624 0
0  1.531407 1.531410 19.483940  0.244729 0.244725 -0.938199  0.180294 0.790984 0
beerkeg
0  3.701262 -1.533110 18.682817  0.312945 -0.129626 0.940884  0.174097 0.679632 0
0  2.923277 0.000003 19.013952  0.297378 -0.000000 0.954760  0.154655 0.693909 0
0  2.700756 -1.118687 19.013954  0.274741 -0.113801 0.954760  0.170910 0.694782 0
beerkeg
0  -2.516070 6.074330 17.428715  -0.217132 0.524204 0.823446  0.243085 0.794407 0
0  -3.646213 3.646214 18.217854  -0.309388 0.309388 0.899199  0.237520 0.777190 0
0  -1.973316 4.764008 18.217854  -0.167440 0.404235 0.899199  0.232731 0.790316 0
beerkeg
0  1.973316 4.764008 18.217854  0.167439 0.404235 0.899199  0.214833 0.817070 0
0  2.832824 2.832826 18.682817  0.239519 0.239519 0.940884  0.192769 0.818568 0
0  3.646213 3.646214 18.217854  0.309388 0.309388 0.899199  0.200249 0.830234 0
beerkeg
0  4.764006 1.973319 18.217854  0.404234 0.167439 0.899199  0.180120 0.841841 0
0  4.006217 0.000003 18.682817  0.338730 0.000000 0.940884  0.152576 0.830013 0
0  5.156522 0.000003 18.217854  0.437540 -0.000000 0.899199  0.152859 0.848963 0
beerkeg
0  -2.700756 -1.118687 19.013954  -0.274742 -0.113801 0.954760  0.222279 0.741903 0
0  -1.562966 -1.562963 19.241180  -0.379176 -0.379174 0.844069  0.212825 0.735010 0
0  -2.042113 -0.845868 19.241180  -0.495416 -0.205208 0.844069  0.215557 0.743319 0
beerkeg
0  -2.067070 -2.067066 19.013954  -0.210278 -0.210278 0.954760  0.219451 0.732151 0
0  -0.845871 -2.042110 19.241180  -0.205207 -0.495416 0.844069  0.208323 0.727011 0
0  -1.562966 -1.562963 19.241180  -0.379176 -0.379174 0.844069  0.212825 0.735010 0
beerkeg
0  -1.118690 -2.700753 19.013954  -0.113801 -0.274741 0.954760  0.214672 0.722674 0
0  0.000000 -2.210365 19.241180  -0.000001 -0.536235 0.844069  0.201787 0.719709 0
0  -0.845871 -2.042110 19.241180  -0.205207 -0.495416 0.844069  0.208323 0.727011 0
beerkeg
0  0.000000 -2.923275 19.013954  0.000000 -0.297378 0.954760  0.207488 0.713816 0
0  0.845871 -2.042110 19.241180  0.205210 -0.495416 0.844069  0.193014 0.713338 0
0  0.000000 -2.210365 19.241180  -0.000001 -0.536235 0.844069  0.201787 0.719709 0
beerkeg
0  1.118690 -2.700753 19.013954  0.113802 -0.274741 0.954760  0.197903 0.705635 0
0  1.562966 -1.562963 19.241180  0.379174 -0.379175 0.844069  0.181863 0.708706 0
0  0.845871 -2.042110 19.241180  0.205210 -0.495416 0.844069  0.193014 0.713338 0
beerkeg
0  2.067070 -2.067066 19.013954  0.210279 -0.210278 0.954760  0.185771 0.698960 0
0  2.042113 -0.845868 19.241180  0.495417 -0.205209 0.844068  0.169189 0.706024 0
0  1.562966 -1.562963 19.241180  0.379174 -0.379175 0.844069  0.181863 0.708706 0
beerkeg
0  -2.165736 0.000003 19.483942  -0.346088 -0.000000 -0.938202  0.213173 0.751852 0
0  -2.121179 -0.878619 19.510302  -0.256905 -0.106407 -0.960561  0.211147 0.744304 0
0  -2.295948 0.000003 19.510302  -0.278036 -0.000002 -0.960571  0.211999 0.751869 0
beerkeg
0  2.121179 0.878625 19.510302  0.256896 0.106409 -0.960563  0.167492 0.791686 0
0  1.531407 1.531410 19.483940  0.244729 0.244725 -0.938199  0.180294 0.790984 0
0  1.623480 1.623484 19.510302  0.196620 0.196616 -0.960564  0.179786 0.789257 0
beerkeg
0  2.700756 -1.118687 19.013954  0.274741 -0.113801 0.954760  0.170910 0.694782 0
0  2.210367 0.000003 19.241182  0.536233 -0.000000 0.844070  0.156103 0.704758 0
0  2.042113 -0.845868 19.241180  0.495417 -0.205209 0.844068  0.169189 0.706024 0
beerkeg
0  -1.973316 4.764008 18.217854  -0.167440 0.404235 0.899199  0.232731 0.790316 0
0  -2.832824 2.832826 18.682817  -0.239519 0.239519 0.940883  0.228970 0.774517 0
0  -1.533113 3.701265 18.682817  -0.129627 0.312946 0.940883  0.224245 0.786102 0
beerkeg
0  1.533113 3.701265 18.682817  0.129627 0.312946 0.940883  0.206195 0.808520 0
0  2.067070 2.067072 19.013954  0.210280 0.210278 0.954760  0.186022 0.805861 0
0  2.832824 2.832826 18.682817  0.239519 0.239519 0.940884  0.192769 0.818568 0
beerkeg
0  3.701262 1.533117 18.682817  0.312945 0.129626 0.940884  0.174912 0.826603 0
0  2.923277 0.000003 19.013952  0.297378 -0.000000 0.954760  0.153762 0.812557 0
0  4.006217 0.000003 18.682817  0.338730 0.000000 0.940884  0.152576 0.830013 0
beerkeg
0  -1.814722 0.751678 -17.596067  -0.277645 0.006417 -0.960662  0.431952 0.750245 0
0  -3.027692 -0.000003 -16.956221  -0.572715 0.003292 -0.819748  0.425029 0.746316 0
0  -2.797222 1.158644 -17.045677  -0.543161 0.105948 -0.832917  0.426046 0.751863 0
beerkeg
0  -2.042113 -0.845868 19.241180  -0.495416 -0.205208 0.844069  0.215557 0.743319 0
0  -1.458575 -1.458572 19.421104  -0.694902 -0.694897 -0.185010  0.210637 0.735971 0
0  -1.905720 -0.789373 19.421104  -0.907929 -0.376079 -0.185013  0.213420 0.743766 0
beerkeg
0  -1.562966 -1.562963 19.241180  -0.379176 -0.379174 0.844069  0.212825 0.735010 0
0  -0.789376 -1.905718 19.421104  -0.376076 -0.907931 -0.185010  0.206325 0.728522 0
0  -1.458575 -1.458572 19.421104  -0.694902 -0.694897 -0.185010  0.210637 0.735971 0
beerkeg
0  -0.845871 -2.042110 19.241180  -0.205207 -0.495416 0.844069  0.208323 0.727011 0
0  0.000000 -2.062735 19.421104  0.000001 -0.982737 -0.185010  0.200111 0.721693 0
0  -0.789376 -1.905718 19.421104  -0.376076 -0.907931 -0.185010  0.206325 0.728522 0
beerkeg
0  0.000000 -2.210365 19.241180  -0.000001 -0.536235 0.844069  0.201787 0.719709 0
0  0.789376 -1.905718 19.421104  0.376077 -0.907930 -0.185012  0.191614 0.715963 0
0  0.000000 -2.062735 19.421104  0.000001 -0.982737 -0.185010  0.200111 0.721693 0
beerkeg
0  0.845871 -2.042110 19.241180  0.205210 -0.495416 0.844069  0.193014 0.713338 0
0  1.458575 -1.458572 19.421104  0.694898 -0.694902 -0.185011  0.180955 0.711865 0
0  0.789376 -1.905718 19.421104  0.376077 -0.907930 -0.185012  0.191614 0.715963 0
beerkeg
0  1.562966 -1.562963 19.241180  0.379174 -0.379175 0.844069  0.181863 0.708706 0
0  1.905720 -0.789373 19.421104  0.907932 -0.376074 -0.185009  0.168754 0.709555 0
0  1.458575 -1.458572 19.421104  0.694898 -0.694902 -0.185011  0.180955 0.711865 0
beerkeg
0  -2.295948 0.000003 19.510302  -0.278036 -0.000002 -0.960571  0.211999 0.751869 0
0  -2.228976 -0.923269 19.552397  -0.921974 -0.381882 0.064256  0.210036 0.744570 0
0  -2.412626 0.000003 19.552393  -0.997935 -0.000008 0.064228  0.210931 0.751865 0
beerkeg
0  2.228976 0.923276 19.552397  0.921971 0.381891 0.064257  0.167228 0.789831 0
0  1.623480 1.623484 19.510302  0.196620 0.196616 -0.960564  0.179786 0.789257 0
0  1.705984 1.705988 19.552397  0.705647 0.705644 0.064252  0.179349 0.787653 0
beerkeg
0  2.042113 -0.845868 19.241180  0.495417 -0.205209 0.844068  0.169189 0.706024 0
0  2.062737 0.000003 19.421104  0.982737 -0.000001 -0.185010  0.156155 0.707979 0
0  1.905720 -0.789373 19.421104  0.907932 -0.376074 -0.185009  0.168754 0.709555 0
beerkeg
0  -1.533113 3.701265 18.682817  -0.129627 0.312946 0.940883  0.224245 0.786102 0
0  -2.067070 2.067072 19.013954  -0.210279 0.210278 0.954760  0.220011 0.771413 0
0  -1.118690 2.700759 19.013954  -0.113802 0.274741 0.954760  0.215154 0.781125 0
beerkeg
0  1.118690 2.700759 19.013954  0.113802 0.274741 0.954760  0.198509 0.798831 0
0  1.562966 1.562969 19.241180  0.379176 0.379175 0.844069  0.181782 0.795880 0
0  2.067070 2.067072 19.013954  0.210280 0.210278 0.954760  0.186022 0.805861 0
beerkeg
0  2.700756 1.118693 19.013954  0.274741 0.113801 0.954760  0.170863 0.810893 0
0  2.210367 0.000003 19.241182  0.536233 -0.000000 0.844070  0.154731 0.800994 0
0  2.923277 0.000003 19.013952  0.297378 -0.000000 0.954760  0.153762 0.812557 0
beerkeg
0  -1.905720 -0.789373 19.421104  -0.907929 -0.376079 -0.185013  0.213420 0.743766 0
0  -1.531407 -1.531404 19.483940  -0.244723 -0.244725 -0.938200  0.209581 0.736446 0
0  -2.000879 -0.828789 19.483940  -0.319755 -0.132444 -0.938198  0.212280 0.744030 0
beerkeg
0  -1.458575 -1.458572 19.421104  -0.694902 -0.694897 -0.185010  0.210637 0.735971 0
0  -0.828792 -2.000876 19.483940  -0.132442 -0.319750 -0.938200  0.205387 0.729220 0
0  -1.531407 -1.531404 19.483940  -0.244723 -0.244725 -0.938200  0.209581 0.736446 0
beerkeg
0  -0.789376 -1.905718 19.421104  -0.376076 -0.907931 -0.185010  0.206325 0.728522 0
0  0.000000 -2.165734 19.483940  0.000001 -0.346095 -0.938199  0.199273 0.722710 0
0  -0.828792 -2.000876 19.483940  -0.132442 -0.319750 -0.938200  0.205387 0.729220 0
beerkeg
0  0.000000 -2.062735 19.421104  0.000001 -0.982737 -0.185010  0.200111 0.721693 0
0  0.828792 -2.000876 19.483940  0.132443 -0.319750 -0.938200  0.190944 0.717293 0
0  0.000000 -2.165734 19.483940  0.000001 -0.346095 -0.938199  0.199273 0.722710 0
beerkeg
0  0.789376 -1.905718 19.421104  0.376077 -0.907930 -0.185012  0.191614 0.715963 0
0  1.531407 -1.531404 19.483940  0.244723 -0.244726 -0.938200  0.180523 0.713456 0
0  0.828792 -2.000876 19.483940  0.132443 -0.319750 -0.938200  0.190944 0.717293 0
beerkeg
0  1.458575 -1.458572 19.421104  0.694898 -0.694902 -0.185011  0.180955 0.711865 0
0  2.000879 -0.828789 19.483940  0.319753 -0.132444 -0.938198  0.168517 0.711389 0
0  1.531407 -1.531404 19.483940  0.244723 -0.244726 -0.938200  0.180523 0.713456 0
beerkeg
0  0.878621 2.121183 19.510302  0.106408 0.256891 -0.960565  0.190157 0.785515 0
0  1.705984 1.705988 19.552397  0.705647 0.705644 0.064252  0.179349 0.787653 0
0  1.623480 1.623484 19.510302  0.196620 0.196616 -0.960564  0.179786 0.789257 0
beerkeg
0  1.905720 -0.789373 19.421104  0.907932 -0.376074 -0.185009  0.168754 0.709555 0
0  2.165736 0.000003 19.483942  0.346087 -0.000000 -0.938202  0.155613 0.709739 0
0  2.000879 -0.828789 19.483940  0.319753 -0.132444 -0.938198  0.168517 0.711389 0
beerkeg
0  -1.118690 2.700759 19.013954  -0.113802 0.274741 0.954760  0.215154 0.781125 0
0  -1.562966 1.562969 19.241180  -0.379176 0.379175 0.844069  0.213186 0.768592 0
0  -0.845871 2.042116 19.241180  -0.205208 0.495416 0.844069  0.208806 0.776916 0
beerkeg
0  0.845871 2.042116 19.241180  0.205208 0.495416 0.844069  0.192975 0.790895 0
0  1.458575 1.458579 19.421104  0.694900 0.694899 -0.185010  0.180774 0.792624 0
0  1.562966 1.562969 19.241180  0.379176 0.379175 0.844069  0.181782 0.795880 0
beerkeg
0  2.042113 0.845875 19.241180  0.495416 0.205208 0.844069  0.168666 0.799227 0
0  2.062737 0.000003 19.421104  0.982737 -0.000001 -0.185010  0.154666 0.797532 0
0  2.210367 0.000003 19.241182  0.536233 -0.000000 0.844070  0.154731 0.800994 0
beerkeg
0  -0.957381 0.957377 -17.655037  0.137390 -0.144462 -0.979926  0.436686 0.752154 0
0  -1.814722 0.751678 -17.596067  -0.277645 0.006417 -0.960662  0.431952 0.750245 0
0  -1.388928 1.388924 -17.709002  -0.135013 0.124399 -0.983004  0.433730 0.754036 0
beerkeg
0  -2.000879 -0.828789 19.483940  -0.319755 -0.132444 -0.938198  0.212280 0.744030 0
0  -1.623480 -1.623477 19.510302  -0.196616 -0.196616 -0.960564  0.208477 0.736974 0
0  -2.121179 -0.878619 19.510302  -0.256905 -0.106407 -0.960561  0.211147 0.744304 0
beerkeg
0  -1.531407 -1.531404 19.483940  -0.244723 -0.244725 -0.938200  0.209581 0.736446 0
0  -0.878621 -2.121176 19.510302  -0.106406 -0.256891 -0.960565  0.204363 0.730017 0
0  -1.623480 -1.623477 19.510302  -0.196616 -0.196616 -0.960564  0.208477 0.736974 0
beerkeg
0  -0.828792 -2.000876 19.483940  -0.132442 -0.319750 -0.938200  0.205387 0.729220 0
0  0.000000 -2.295945 19.510302  0.000001 -0.278057 -0.960564  0.198391 0.723810 0
0  -0.878621 -2.121176 19.510302  -0.106406 -0.256891 -0.960565  0.204363 0.730017 0
beerkeg
0  0.000000 -2.165734 19.483940  0.000001 -0.346095 -0.938199  0.199273 0.722710 0
0  0.878621 -2.121176 19.510302  0.106407 -0.256891 -0.960565  0.190243 0.718681 0
0  0.000000 -2.295945 19.510302  0.000001 -0.278057 -0.960564  0.198391 0.723810 0
beerkeg
0  0.828792 -2.000876 19.483940  0.132443 -0.319750 -0.938200  0.190944 0.717293 0
0  1.623480 -1.623477 19.510302  0.196619 -0.196616 -0.960564  0.180061 0.715128 0
0  0.878621 -2.121176 19.510302  0.106407 -0.256891 -0.960565  0.190243 0.718681 0
beerkeg
0  1.531407 -1.531404 19.483940  0.244723 -0.244726 -0.938200  0.180523 0.713456 0
0  2.121179 -0.878619 19.510302  0.256897 -0.106409 -0.960563  0.168267 0.713255 0
0  1.623480 -1.623477 19.510302  0.196619 -0.196616 -0.960564  0.180061 0.715128 0
beerkeg
0  1.705984 1.705988 19.552397  0.705647 0.705644 0.064252  0.179349 0.787653 0
0  0.738539 1.782993 19.651806  0.250829 0.605552 0.755243  0.187268 0.779205 0
0  1.364642 1.364645 19.651806  0.463467 0.463471 0.755244  0.178069 0.781610 0
beerkeg
0  1.929894 0.000003 19.651810  0.655451 -0.000002 0.755238  0.153834 0.782205 0
0  2.228976 0.923276 19.552397  0.921971 0.381891 0.064257  0.167228 0.789831 0
0  1.782990 0.738542 19.651806  0.605549 0.250830 0.755245  0.166699 0.782150 0
beerkeg
0  2.000879 -0.828789 19.483940  0.319753 -0.132444 -0.938198  0.168517 0.711389 0
0  2.295948 0.000003 19.510302  0.278042 -0.000000 -0.960569  0.154966 0.711684 0
0  2.121179 -0.878619 19.510302  0.256897 -0.106409 -0.960563  0.168267 0.713255 0
beerkeg
0  -0.845871 2.042116 19.241180  -0.205208 0.495416 0.844069  0.208806 0.776916 0
0  -1.458575 1.458579 19.421104  -0.694901 0.694898 -0.185009  0.211004 0.767717 0
0  -0.789376 1.905724 19.421104  -0.376075 0.907931 -0.185011  0.206684 0.775417 0
beerkeg
0  0.789376 1.905724 19.421104  0.376076 0.907931 -0.185010  0.191544 0.788211 0
0  1.531407 1.531410 19.483940  0.244729 0.244725 -0.938199  0.180294 0.790984 0
0  1.458575 1.458579 19.421104  0.694900 0.694899 -0.185010  0.180774 0.792624 0
beerkeg
0  1.905720 0.789379 19.421104  0.907931 0.376075 -0.185011  0.168101 0.795548 0
0  2.165736 0.000003 19.483942  0.346087 -0.000000 -0.938202  0.154026 0.795649 0
0  2.062737 0.000003 19.421104  0.982737 -0.000001 -0.185010  0.154666 0.797532 0
beerkeg
0  -2.121179 -0.878619 19.510302  -0.256905 -0.106407 -0.960561  0.211147 0.744304 0
0  -1.705984 -1.705981 19.552397  -0.705645 -0.705646 0.064252  0.207473 0.737462 0
0  -2.228976 -0.923269 19.552397  -0.921974 -0.381882 0.064256  0.210036 0.744570 0
beerkeg
0  -1.623480 -1.623477 19.510302  -0.196616 -0.196616 -0.960564  0.208477 0.736974 0
0  -0.923272 -2.228973 19.552397  -0.381893 -0.921971 0.064250  0.203500 0.730684 0
0  -1.705984 -1.705981 19.552397  -0.705645 -0.705646 0.064252  0.207473 0.737462 0
beerkeg
0  -0.878621 -2.121176 19.510302  -0.106406 -0.256891 -0.960565  0.204363 0.730017 0
0  0.000000 -2.412624 19.552397  0.000004 -0.997934 0.064250  0.197602 0.724793 0
0  -0.923272 -2.228973 19.552397  -0.381893 -0.921971 0.064250  0.203500 0.730684 0
beerkeg
0  0.000000 -2.295945 19.510302  0.000001 -0.278057 -0.960564  0.198391 0.723810 0
0  0.923272 -2.228973 19.552397  0.381887 -0.921973 0.064249  0.189600 0.720061 0
0  0.000000 -2.412624 19.552397  0.000004 -0.997934 0.064250  0.197602 0.724793 0
beerkeg
0  0.878621 -2.121176 19.510302  0.106407 -0.256891 -0.960565  0.190243 0.718681 0
0  1.705984 -1.705981 19.552397  0.705647 -0.705644 0.064254  0.179694 0.716670 0
0  0.923272 -2.228973 19.552397  0.381887 -0.921973 0.064249  0.189600 0.720061 0
beerkeg
0  1.623480 -1.623477 19.510302  0.196619 -0.196616 -0.960564  0.180061 0.715128 0
0  2.228976 -0.923269 19.552397  0.921972 -0.381889 0.064256  0.168067 0.714907 0
0  1.705984 -1.705981 19.552397  0.705647 -0.705644 0.064254  0.179694 0.716670 0
beerkeg
0  2.324038 -0.962646 19.563501  0.914894 -0.372731 -0.155051  0.171953 0.742496 0
0  2.512078 0.000003 20.350174  0.914727 0.000000 -0.404073  0.156637 0.740297 0
0  2.320858 -0.961328 20.350170  0.845099 -0.350048 -0.404071  0.168365 0.735391 0
beerkeg
0  2.121179 -0.878619 19.510302  0.256897 -0.106409 -0.960563  0.168267 0.713255 0
0  2.412626 0.000003 19.552393  0.997935 -0.000000 0.064232  0.154347 0.713718 0
0  2.228976 -0.923269 19.552397  0.921972 -0.381889 0.064256  0.168067 0.714907 0
beerkeg
0  -0.789376 1.905724 19.421104  -0.376075 0.907931 -0.185011  0.206684 0.775417 0
0  -1.531407 1.531410 19.483940  -0.244730 0.244725 -0.938199  0.209929 0.767257 0
0  -0.828792 2.000883 19.483940  -0.132444 0.319750 -0.938200  0.205667 0.774682 0
beerkeg
0  0.828792 2.000883 19.483940  0.132444 0.319750 -0.938199  0.190880 0.786938 0
0  1.623480 1.623484 19.510302  0.196620 0.196616 -0.960564  0.179786 0.789257 0
0  1.531407 1.531410 19.483940  0.244729 0.244725 -0.938199  0.180294 0.790984 0
beerkeg
0  2.000879 0.828795 19.483940  0.319749 0.132444 -0.938200  0.167800 0.793629 0
0  2.295948 0.000003 19.510302  0.278042 -0.000000 -0.960569  0.153270 0.793561 0
0  2.165736 0.000003 19.483942  0.346087 -0.000000 -0.938202  0.154026 0.795649 0
beerkeg
0  -0.396301 0.956752 -17.488737  0.208520 -0.301127 -0.930506  0.440393 0.752919 0
0  -0.957381 0.957377 -17.655037  0.137390 -0.144462 -0.979926  0.436686 0.752154 0
0  -0.518131 1.250874 -17.588095  0.139194 -0.096039 -0.985597  0.438947 0.754641 0
beerkeg
0  -2.228976 -0.923269 19.552397  -0.921974 -0.381882 0.064256  0.210036 0.744570 0
0  -1.364642 -1.364639 19.651806  -0.463467 -0.463471 0.755243  0.203847 0.739290 0
0  -1.782990 -0.738536 19.651806  -0.605554 -0.250828 0.755241  0.205949 0.745562 0
beerkeg
0  -1.705984 -1.705981 19.552397  -0.705645 -0.705646 0.064252  0.207473 0.737462 0
0  -0.738539 -1.782987 19.651806  -0.250830 -0.605551 0.755243  0.200029 0.733577 0
0  -1.364642 -1.364639 19.651806  -0.463467 -0.463471 0.755243  0.203847 0.739290 0
beerkeg
0  -0.923272 -2.228973 19.552397  -0.381893 -0.921971 0.064250  0.203500 0.730684 0
0  0.000000 -1.929892 19.651806  0.000001 -0.655444 0.755244  0.194563 0.728685 0
0  -0.738539 -1.782987 19.651806  -0.250830 -0.605551 0.755243  0.200029 0.733577 0
beerkeg
0  0.000000 -2.412624 19.552397  0.000004 -0.997934 0.064250  0.197602 0.724793 0
0  0.738539 -1.782987 19.651806  0.250828 -0.605553 0.755242  0.187378 0.724993 0
0  0.000000 -1.929892 19.651806  0.000001 -0.655444 0.755244  0.194563 0.728685 0
beerkeg
0  0.923272 -2.228973 19.552397  0.381887 -0.921973 0.064249  0.189600 0.720061 0
0  1.364642 -1.364639 19.651806  0.463467 -0.463470 0.755244  0.178407 0.722699 0
0  0.738539 -1.782987 19.651806  0.250828 -0.605553 0.755242  0.187378 0.724993 0
beerkeg
0  1.705984 -1.705981 19.552397  0.705647 -0.705644 0.064254  0.179694 0.716670 0
0  1.782990 -0.738536 19.651806  0.605550 -0.250830 0.755244  0.167658 0.721884 0
0  1.364642 -1.364639 19.651806  0.463467 -0.463470 0.755244  0.178407 0.722699 0
beerkeg
0  -0.828792 2.000883 19.483940  -0.132444 0.319750 -0.938200  0.205667 0.774682 0
0  -1.623480 1.623484 19.510302  -0.196622 0.196616 -0.960563  0.208809 0.766743 0
0  -0.878621 2.121183 19.510302  -0.106407 0.256891 -0.960565  0.204618 0.773876 0
beerkeg
0  -2.121179 0.878625 19.510302  -0.256894 0.106409 -0.960564  0.211156 0.759352 0
0  -2.412626 0.000003 19.552393  -0.997935 -0.000008 0.064228  0.210931 0.751865 0
0  -2.228976 0.923276 19.552397  -0.921971 0.381891 0.064257  0.210180 0.759141 0
beerkeg
0  2.121179 0.878625 19.510302  0.256896 0.106409 -0.960563  0.167492 0.791686 0
0  2.412626 0.000003 19.552393  0.997935 -0.000000 0.064232  0.152553 0.791375 0
0  2.295948 0.000003 19.510302  0.278042 -0.000000 -0.960569  0.153270 0.793561 0
beerkeg
0  -0.287680 0.694516 -17.353277  0.212705 -0.334411 -0.918110  0.441786 0.751161 0
0  -0.732269 0.732265 -17.535799  0.281154 -0.285119 -0.916329  0.438470 0.750956 0
0  -0.396301 0.956752 -17.488737  0.208520 -0.301127 -0.930506  0.440393 0.752919 0
beerkeg
0  -2.192912 0.000003 20.370148  -0.365355 0.000000 -0.930868  0.044557 0.804987 0
0  -2.529300 -1.047668 20.583969  0.396575 0.164267 0.903185  0.040792 0.821255 0
0  -2.737695 0.000003 20.583969  0.429254 0.000000 0.903184  0.040804 0.804240 0
beerkeg
0  2.025987 0.839195 20.370148  0.337543 0.139816 -0.930869  0.122516 0.804992 0
0  1.935843 1.935846 20.583969  -0.303530 -0.303525 0.903184  0.119760 0.788526 0
0  2.529300 1.047675 20.583969  -0.396577 -0.164267 0.903185  0.126268 0.804245 0
beerkeg
0  0.962648 2.324041 19.563501  0.372732 0.914894 -0.155048  0.183513 0.764869 0
0  0.000000 2.512083 20.350170  0.000000 0.914727 -0.404073  0.189958 0.767562 0
0  0.961331 2.320861 20.350170  0.350051 0.845097 -0.404073  0.184210 0.769623 0
beerkeg
0  0.000000 2.412630 19.552397  -0.000004 0.997934 0.064250  0.197626 0.779308 0
0  0.878621 2.121183 19.510302  0.106408 0.256891 -0.960565  0.190157 0.785515 0
0  0.000000 2.295952 19.510302  -0.000001 0.278057 -0.960565  0.198486 0.780392 0
beerkeg
0  -0.839191 -2.025983 20.370148  -0.139815 -0.337545 -0.930868  0.061430 0.845825 0
0  0.000000 -2.737692 20.583969  -0.000004 0.429250 0.903186  0.075012 0.855512 0
0  -1.047671 -2.529297 20.583969  0.164269 0.396575 0.903186  0.059307 0.849003 0
beerkeg
0  1.778742 -1.778739 19.563501  0.702615 -0.694473 -0.155048  0.178194 0.739317 0
0  2.320858 -0.961328 20.350170  0.845099 -0.350048 -0.404071  0.168365 0.735391 0
0  1.776308 -1.776305 20.350170  0.646810 -0.646809 -0.404072  0.177444 0.733787 0
beerkeg
0  -1.822834 -1.822830 20.405832  -0.442824 -0.453746 -0.773318  0.692160 0.746600 0
0  -2.837261 -1.175229 20.384438  -0.444051 -0.183932 -0.876920  0.692328 0.749466 0
0  -2.381647 -0.986508 20.405832  -0.582757 -0.249744 -0.773319  0.693474 0.749117 0
beerkeg
0  -1.364642 1.364645 19.651806  -0.463468 0.463470 0.755244  0.203939 0.764420 0
0  -0.721623 1.742155 19.831129  -0.360600 0.870572 -0.334771  0.198862 0.769137 0
0  -0.738539 1.782993 19.651806  -0.250827 0.605553 0.755243  0.200115 0.770247 0
beerkeg
0  2.515520 0.000003 19.563503  0.987890 0.005757 -0.155050  0.164718 0.751575 0
0  2.320858 0.961335 20.350170  0.845098 0.350050 -0.404073  0.167735 0.768213 0
0  2.512078 0.000003 20.350174  0.914727 0.000000 -0.404073  0.155791 0.762716 0
beerkeg
0  -3.266846 0.649819 20.777380  -0.876521 0.174349 0.448680  0.691754 0.752939 0
0  -3.330847 0.000003 20.777380  -0.879791 0.000000 0.475361  0.691929 0.751871 0
0  -2.949572 0.000003 20.755989  0.324721 0.000000 0.945810  0.691534 0.751874 0
beerkeg
0  0.000000 2.192916 20.370148  -0.000000 0.365356 -0.930868  0.091280 0.773738 0
0  -1.047671 2.529304 20.583969  0.164270 -0.396575 0.903185  0.075028 0.769990 0
0  0.000000 2.737699 20.583969  0.000004 -0.429250 0.903186  0.092024 0.769990 0
beerkeg
0  1.929894 0.000003 19.651810  0.655451 -0.000002 0.755238  0.155534 0.721893 0
0  2.228976 -0.923269 19.552397  0.921972 -0.381889 0.064256  0.168067 0.714907 0
0  2.412626 0.000003 19.552393  0.997935 -0.000000 0.064232  0.154347 0.713718 0
beerkeg
0  -0.923272 2.228979 19.552397  -0.381891 0.921972 0.064249  0.203656 0.773149 0
0  -1.364642 1.364645 19.651806  -0.463468 0.463470 0.755244  0.203939 0.764420 0
0  -0.738539 1.782993 19.651806  -0.250827 0.605553 0.755243  0.200115 0.770247 0
beerkeg
0  1.353940 -0.000003 -17.562580  -0.114159 -0.000000 -0.993463  0.457950 0.753239 0
0  0.956755 0.396297 -17.488737  -0.300359 -0.209570 -0.930519  0.452421 0.753558 0
0  1.250878 0.518127 -17.588095  -0.094364 -0.140947 -0.985510  0.453881 0.756220 0
beerkeg
0  -0.447250 0.185253 -17.257366  0.099874 -0.114850 -0.988350  0.441293 0.747148 0
0  -0.342311 0.342307 -17.275925  0.126413 -0.124217 -0.984170  0.441973 0.748416 0
0  0.000000 -0.000003 -17.320127  0.000001 -0.000000 -1.000000  0.445351 0.745619 0
beerkeg
0  0.956755 0.396297 -17.488737  -0.300359 -0.209570 -0.930519  0.452421 0.753558 0
0  0.957381 0.957377 -17.655037  -0.144462 -0.137391 -0.979926  0.449659 0.757666 0
0  1.250878 0.518127 -17.588095  -0.094364 -0.140947 -0.985510  0.453881 0.756220 0
beerkeg
0  2.529300 -1.047668 20.583969  -0.396581 0.164267 0.903183  0.681022 0.749661 0
0  2.949572 0.000003 20.755989  -0.324720 -0.000000 0.945810  0.678607 0.751852 0
0  2.737695 0.000003 20.583969  -0.429252 0.000000 0.903185  0.680383 0.751864 0
beerkeg
0  -2.737695 0.000003 20.583969  0.429254 0.000000 0.903184  0.690390 0.751886 0
0  -2.725049 -1.128750 20.755989  0.300004 0.124266 0.945810  0.691154 0.749867 0
0  -2.529300 -1.047668 20.583969  0.396575 0.164267 0.903185  0.690081 0.750246 0
beerkeg
0  2.529300 1.047675 20.583969  -0.396577 -0.164267 0.903185  0.680891 0.754045 0
0  2.085663 2.085666 20.755989  -0.229615 -0.229613 0.945809  0.681457 0.756979 0
0  1.935843 1.935846 20.583969  -0.303530 -0.303525 0.903184  0.682306 0.755677 0
beerkeg
0  -1.047671 -2.529297 20.583969  0.164269 0.396575 0.903186  0.687961 0.747632 0
0  0.000000 -2.949569 20.755989  -0.000001 0.324721 0.945810  0.686529 0.745786 0
0  0.000000 -2.737692 20.583969  -0.000004 0.429250 0.903186  0.686304 0.747033 0
beerkeg
0  0.000000 2.737699 20.583969  0.000004 -0.429250 0.903186  0.686280 0.756611 0
0  -1.128753 2.725053 20.755989  0.124267 -0.300004 0.945809  0.688631 0.757100 0
0  -1.047671 2.529304 20.583969  0.164270 -0.396575 0.903185  0.688014 0.756052 0
beerkeg
0  -2.529300 1.047675 20.583969  0.396582 -0.164267 0.903183  0.690132 0.753515 0
0  -2.949572 0.000003 20.755989  0.324721 0.000000 0.945810  0.691534 0.751874 0
0  -2.737695 0.000003 20.583969  0.429254 0.000000 0.903184  0.690390 0.751886 0
beerkeg
0  -1.935843 -1.935840 20.583969  0.303529 0.303525 0.903185  0.689262 0.748760 0
0  -1.128753 -2.725046 20.755989  0.124266 0.300004 0.945810  0.688614 0.746599 0
0  -1.047671 -2.529297 20.583969  0.164269 0.396575 0.903186  0.687961 0.747632 0
beerkeg
0  1.047671 2.529304 20.583969  -0.164269 -0.396575 0.903185  0.684256 0.756456 0
0  0.000000 2.949576 20.755989  0.000001 -0.324721 0.945810  0.686481 0.757885 0
0  0.000000 2.737699 20.583969  0.000004 -0.429250 0.903186  0.686280 0.756611 0
beerkeg
0  1.935843 -1.935840 20.583969  -0.303527 0.303526 0.903185  0.682524 0.747993 0
0  2.725049 -1.128750 20.755989  -0.300006 0.124265 0.945809  0.679522 0.748810 0
0  2.529300 -1.047668 20.583969  -0.396581 0.164267 0.903183  0.681022 0.749661 0
beerkeg
0  -1.047671 2.529304 20.583969  0.164270 -0.396575 0.903185  0.688014 0.756052 0
0  -2.085663 2.085666 20.755989  0.229614 -0.229613 0.945809  0.690225 0.755689 0
0  -1.935843 1.935846 20.583969  0.303527 -0.303526 0.903185  0.689324 0.754962 0
beerkeg
0  0.000000 -2.737692 20.583969  -0.000004 0.429250 0.903186  0.686304 0.747033 0
0  1.128753 -2.725046 20.755989  -0.124267 0.300003 0.945809  0.684116 0.745714 0
0  1.047671 -2.529297 20.583969  -0.164270 0.396575 0.903185  0.684408 0.747117 0
beerkeg
0  1.935843 1.935846 20.583969  -0.303530 -0.303525 0.903184  0.682306 0.755677 0
0  1.128753 2.725053 20.755989  -0.124266 -0.300004 0.945810  0.683982 0.757929 0
0  1.047671 2.529304 20.583969  -0.164269 -0.396575 0.903185  0.684256 0.756456 0
beerkeg
0  1.047671 -2.529297 20.583969  -0.164270 0.396575 0.903185  0.684408 0.747117 0
0  2.085663 -2.085659 20.755989  -0.229614 0.229613 0.945809  0.681620 0.746691 0
0  1.935843 -1.935840 20.583969  -0.303527 0.303526 0.903185  0.682524 0.747993 0
beerkeg
0  -2.529300 -1.047668 20.583969  0.396575 0.164267 0.903185  0.690081 0.750246 0
0  -2.085663 -2.085659 20.755989  0.229615 0.229613 0.945809  0.690195 0.748030 0
0  -1.935843 -1.935840 20.583969  0.303529 0.303525 0.903185  0.689262 0.748760 0
beerkeg
0  2.737695 0.000003 20.583969  -0.429252 0.000000 0.903185  0.680383 0.751864 0
0  2.725049 1.128756 20.755989  -0.300002 -0.124266 0.945810  0.679463 0.754857 0
0  2.529300 1.047675 20.583969  -0.396577 -0.164267 0.903185  0.680891 0.754045 0
beerkeg
0  -1.935843 1.935846 20.583969  0.303527 -0.303526 0.903185  0.689324 0.754962 0
0  -2.725049 1.128756 20.755989  0.300004 -0.124265 0.945809  0.691207 0.753880 0
0  -2.529300 1.047675 20.583969  0.396582 -0.164267 0.903183  0.690132 0.753515 0
beerkeg
0  -2.381647 -0.986508 20.405832  -0.582757 -0.249744 -0.773319  0.693474 0.749117 0
0  -3.071029 0.000003 20.384438  -0.480636 0.000000 -0.876920  0.692710 0.751864 0
0  -2.577876 0.000003 20.405832  -0.633970 -0.007721 -0.773319  0.693899 0.751882 0
beerkeg
0  -2.769499 1.850522 20.777380  -0.743076 0.496508 0.448684  0.691060 0.754974 0
0  -3.077302 1.274663 20.777380  -0.812820 0.336681 0.475363  0.691579 0.754007 0
0  -2.725049 1.128756 20.755989  0.300004 -0.124265 0.945809  0.691207 0.753880 0
beerkeg
0  0.962648 -2.324035 19.563501  0.383367 -0.910489 -0.155049  0.183779 0.738834 0
0  1.776308 -1.776305 20.350170  0.646810 -0.646809 -0.404072  0.177444 0.733787 0
0  0.961331 -2.320855 20.350170  0.350051 -0.845098 -0.404072  0.184366 0.734256 0
beerkeg
0  0.000000 -2.515518 19.563501  0.005756 -0.987890 -0.155049  0.188348 0.739936 0
0  0.961331 -2.320855 20.350170  0.350051 -0.845098 -0.404072  0.184366 0.734256 0
0  0.000000 -2.512076 20.350170  -0.000000 -0.914727 -0.404072  0.189981 0.736286 0
beerkeg
0  -2.025987 0.839195 20.370148  -0.337546 0.139815 -0.930868  0.050482 0.790647 0
0  -2.737695 0.000003 20.583969  0.429254 0.000000 0.903184  0.040804 0.804240 0
0  -2.529300 1.047675 20.583969  0.396582 -0.164267 0.903183  0.047305 0.788527 0
beerkeg
0  1.929894 0.000003 19.651810  0.655451 -0.000002 0.755238  0.155534 0.721893 0
0  1.742152 -0.721620 19.831129  0.870572 -0.360601 -0.334770  0.167600 0.724685 0
0  1.782990 -0.738536 19.651806  0.605550 -0.250830 0.755244  0.167658 0.721884 0
beerkeg
0  -2.577876 0.000003 20.405832  -0.633970 -0.007721 -0.773319  0.693899 0.751882 0
0  -2.837261 1.175236 20.384438  -0.444051 0.183932 -0.876919  0.692351 0.754245 0
0  -2.381647 0.986514 20.405832  -0.588667 0.235476 -0.773319  0.693489 0.754643 0
beerkeg
0  -0.962648 -2.324035 19.563501  -0.372732 -0.914894 -0.155048  0.191927 0.742100 0
0  0.000000 -2.512076 20.350170  -0.000000 -0.914727 -0.404072  0.189981 0.736286 0
0  -0.961331 -2.320855 20.350170  -0.350051 -0.845097 -0.404072  0.194352 0.739276 0
beerkeg
0  1.782990 -0.738536 19.651806  0.605550 -0.250830 0.755244  0.167658 0.721884 0
0  1.333385 -1.333382 19.831129  0.666305 -0.666307 -0.334772  0.178058 0.724993 0
0  1.364642 -1.364639 19.651806  0.463467 -0.463470 0.755244  0.178407 0.722699 0
beerkeg
0  -1.550623 -1.550620 20.370148  -0.258344 -0.258346 -0.930868  0.050469 0.834850 0
0  -1.047671 -2.529297 20.583969  0.164269 0.396575 0.903186  0.059307 0.849003 0
0  -1.935843 -1.935840 20.583969  0.303529 0.303525 0.903185  0.047290 0.836973 0
beerkeg
0  -1.778742 -1.778739 19.563501  -0.694473 -0.702614 -0.155049  0.194525 0.744966 0
0  -0.961331 -2.320855 20.350170  -0.350051 -0.845097 -0.404072  0.194352 0.739276 0
0  -1.776308 -1.776305 20.350170  -0.646810 -0.646810 -0.404072  0.197467 0.743045 0
beerkeg
0  -1.850520 2.769501 20.777380  -0.496508 0.743078 0.448682  0.689691 0.756695 0
0  -2.355265 2.355268 20.777380  -0.622103 0.622106 0.475365  0.690541 0.755940 0
0  -2.085663 2.085666 20.755989  0.229614 -0.229613 0.945809  0.690225 0.755689 0
beerkeg
0  0.839191 2.025990 20.370148  0.139815 0.337545 -0.930868  0.105611 0.779678 0
0  0.000000 2.737699 20.583969  0.000004 -0.429250 0.903186  0.092024 0.769990 0
0  1.047671 2.529304 20.583969  -0.164269 -0.396575 0.903185  0.107734 0.776498 0
beerkeg
0  -2.381647 0.986514 20.405832  -0.588667 0.235476 -0.773319  0.693489 0.754643 0
0  -2.171546 2.171549 20.384438  -0.339862 0.339861 -0.876920  0.691213 0.756434 0
0  -1.822834 1.822837 20.405832  -0.453746 0.442823 -0.773319  0.692202 0.757203 0
beerkeg
0  1.364642 -1.364639 19.651806  0.463467 -0.463470 0.755244  0.178407 0.722699 0
0  0.721623 -1.742148 19.831129  0.360601 -0.870572 -0.334771  0.186673 0.726870 0
0  0.738539 -1.782987 19.651806  0.250828 -0.605553 0.755242  0.187378 0.724993 0
beerkeg
0  1.550623 -1.550620 20.370148  0.258344 -0.258345 -0.930868  0.105593 0.845824 0
0  2.529300 -1.047668 20.583969  -0.396581 0.164267 0.903183  0.119750 0.836980 0
0  1.935843 -1.935840 20.583969  -0.303527 0.303526 0.903185  0.107718 0.849006 0
beerkeg
0  -2.324038 0.962652 19.563501  -0.914893 0.372732 -0.155052  0.696121 0.755478 0
0  -1.919140 1.702155 19.641172  -0.601887 0.682001 -0.415459  0.694520 0.758180 0
0  -1.778742 1.778745 19.563501  -0.702614 0.694474 -0.155049  0.694565 0.758869 0
beerkeg
0  -1.778742 1.778745 19.563501  -0.702614 0.694474 -0.155049  0.694565 0.758869 0
0  -1.912067 1.695082 20.324505  -0.806191 0.591626 -0.005988  0.692605 0.756920 0
0  -1.822834 1.822837 20.405832  -0.453746 0.442823 -0.773319  0.692202 0.757203 0
beerkeg
0  -1.822834 1.822837 20.405832  -0.453746 0.442823 -0.773319  0.692202 0.757203 0
0  -2.297764 1.117845 20.324505  -0.834286 0.550590 0.028596  0.693502 0.755133 0
0  -2.381647 0.986514 20.405832  -0.588667 0.235476 -0.773319  0.693489 0.754643 0
beerkeg
0  -2.381647 0.986514 20.405832  -0.588667 0.235476 -0.773319  0.693489 0.754643 0
0  -2.307006 1.121673 19.641172  -0.834210 0.328104 -0.443216  0.695597 0.755863 0
0  -2.324038 0.962652 19.563501  -0.914893 0.372732 -0.155052  0.696121 0.755478 0
beerkeg
0  0.986511 2.381650 20.405832  0.235475 0.588667 -0.773319  0.683591 0.760996 0
0  1.121669 2.307009 19.641172  0.328108 0.834212 -0.443211  0.682768 0.764318 0
0  0.962648 2.324041 19.563501  0.372732 0.914894 -0.155048  0.683513 0.764869 0
beerkeg
0  0.962648 2.324041 19.563501  0.372732 0.914894 -0.155048  0.683513 0.764869 0
0  1.702152 1.919144 19.641172  0.682001 0.601887 -0.415460  0.678990 0.763850 0
0  1.778742 1.778745 19.563501  0.694473 0.702615 -0.155050  0.677954 0.764238 0
beerkeg
0  1.778742 1.778745 19.563501  0.694473 0.702615 -0.155050  0.677954 0.764238 0
0  1.695078 1.912070 20.324505  0.591645 0.806176 -0.005989  0.680182 0.760515 0
0  1.822834 1.822837 20.405832  0.442824 0.453746 -0.773318  0.679638 0.760037 0
beerkeg
0  1.822834 1.822837 20.405832  0.442824 0.453746 -0.773318  0.679638 0.760037 0
0  1.117841 2.297768 20.324505  0.550578 0.834294 0.028598  0.682936 0.761176 0
0  0.986511 2.381650 20.405832  0.235475 0.588667 -0.773319  0.683591 0.760996 0
beerkeg
0  -1.778742 1.778745 19.563501  -0.702614 0.694474 -0.155049  0.694565 0.758869 0
0  -1.121669 2.307009 19.641172  -0.295084 0.860419 -0.415456  0.692073 0.761062 0
0  -0.962648 2.324041 19.563501  -0.383368 0.910488 -0.155048  0.691894 0.761767 0
beerkeg
0  -0.962648 2.324041 19.563501  -0.383368 0.910488 -0.155048  0.691894 0.761767 0
0  -1.117841 2.297768 20.324505  -0.518424 0.855103 -0.005991  0.690564 0.759178 0
0  -0.986511 2.381650 20.405832  -0.249747 0.582755 -0.773319  0.690065 0.759328 0
beerkeg
0  -0.986511 2.381650 20.405832  -0.249747 0.582755 -0.773319  0.690065 0.759328 0
0  -1.695078 1.912070 20.324505  -0.560081 0.827944 0.028600  0.692056 0.757692 0
0  -1.822834 1.822837 20.405832  -0.453746 0.442823 -0.773319  0.692202 0.757203 0
beerkeg
0  -1.822834 1.822837 20.405832  -0.453746 0.442823 -0.773319  0.692202 0.757203 0
0  -1.702152 1.919144 19.641172  -0.645145 0.622371 -0.443218  0.693913 0.759085 0
0  -1.778742 1.778745 19.563501  -0.702614 0.694474 -0.155049  0.694565 0.758869 0
beerkeg
0  0.000000 2.577880 20.405832  -0.007723 0.633970 -0.773319  0.687161 0.760782 0
0  0.153434 2.560644 19.641172  -0.016114 0.896271 -0.443215  0.687437 0.763635 0
0  0.000000 2.515525 19.563501  -0.005756 0.987890 -0.155049  0.688196 0.763881 0
beerkeg
0  0.000000 2.515525 19.563501  -0.005756 0.987890 -0.155049  0.688196 0.763881 0
0  0.838160 2.424443 19.641172  0.399756 0.817061 -0.415458  0.684227 0.764290 0
0  0.962648 2.324041 19.563501  0.372732 0.914894 -0.155048  0.683513 0.764869 0
beerkeg
0  0.962648 2.324041 19.563501  0.372732 0.914894 -0.155048  0.683513 0.764869 0
0  0.834332 2.415201 20.324505  0.238092 0.971224 -0.005991  0.684194 0.761256 0
0  0.986511 2.381650 20.405832  0.235475 0.588667 -0.773319  0.683591 0.760996 0
beerkeg
0  0.986511 2.381650 20.405832  0.235475 0.588667 -0.773319  0.683591 0.760996 0
0  0.153434 2.550641 20.324505  0.189403 0.981483 0.028599  0.686684 0.761094 0
0  0.000000 2.577880 20.405832  -0.007723 0.633970 -0.773319  0.687161 0.760782 0
beerkeg
0  2.577876 0.000003 20.405832  0.633970 0.007722 -0.773319  0.674014 0.751773 0
0  2.560639 -0.153431 19.641176  0.896283 0.016116 -0.443190  0.667325 0.750020 0
0  2.515520 0.000003 19.563503  0.987890 0.005757 -0.155050  0.664718 0.751575 0
beerkeg
0  2.515520 0.000003 19.563503  0.987890 0.005757 -0.155050  0.664718 0.751575 0
0  2.424439 -0.838157 19.641172  0.817056 -0.399756 -0.415468  0.671771 0.744004 0
0  2.324038 -0.962646 19.563501  0.914894 -0.372731 -0.155051  0.671953 0.742496 0
beerkeg
0  2.324038 -0.962646 19.563501  0.914894 -0.372731 -0.155051  0.671953 0.742496 0
0  2.415198 -0.834329 20.324505  0.971225 -0.238088 -0.005988  0.675301 0.747002 0
0  2.381647 -0.986508 20.405832  0.588667 -0.235477 -0.773318  0.675999 0.746469 0
beerkeg
0  2.381647 -0.986508 20.405832  0.588667 -0.235477 -0.773318  0.675999 0.746469 0
0  2.550636 -0.153431 20.324505  0.981483 -0.189403 0.028596  0.673869 0.750735 0
0  2.577876 0.000003 20.405832  0.633970 0.007722 -0.773319  0.674014 0.751773 0
beerkeg
0  2.577876 0.000003 20.405832  0.633970 0.007722 -0.773319  0.674014 0.751773 0
0  2.415198 0.834336 20.324505  0.979252 0.200619 0.028597  0.675174 0.756516 0
0  2.381647 0.986514 20.405832  0.582757 0.249744 -0.773319  0.675869 0.757099 0
beerkeg
0  2.381647 0.986514 20.405832  0.582757 0.249744 -0.773319  0.675869 0.757099 0
0  2.424439 0.838164 19.641172  0.821885 0.357869 -0.443210  0.671500 0.759448 0
0  2.324038 0.962652 19.563501  0.910489 0.383367 -0.155049  0.671630 0.760986 0
beerkeg
0  2.324038 0.962652 19.563501  0.910489 0.383367 -0.155049  0.671630 0.760986 0
0  2.560639 0.153437 19.641176  0.907842 -0.056649 -0.415468  0.667276 0.753240 0
0  2.515520 0.000003 19.563503  0.987890 0.005757 -0.155050  0.664718 0.751575 0
beerkeg
0  2.515520 0.000003 19.563503  0.987890 0.005757 -0.155050  0.664718 0.751575 0
0  2.550636 0.153437 20.324505  0.988409 0.151699 -0.005991  0.673834 0.752757 0
0  2.577876 0.000003 20.405832  0.633970 0.007722 -0.773319  0.674014 0.751773 0
beerkeg
0  2.324038 0.962652 19.563501  0.910489 0.383367 -0.155049  0.671630 0.760986 0
0  2.297764 1.117845 20.324505  0.855120 0.518396 -0.005990  0.676225 0.757886 0
0  2.381647 0.986514 20.405832  0.582757 0.249744 -0.773319  0.675869 0.757099 0
beerkeg
0  2.381647 0.986514 20.405832  0.582757 0.249744 -0.773319  0.675869 0.757099 0
0  1.912067 1.695082 20.324505  0.827935 0.560095 0.028598  0.678870 0.759926 0
0  1.822834 1.822837 20.405832  0.442824 0.453746 -0.773318  0.679638 0.760037 0
beerkeg
0  1.822834 1.822837 20.405832  0.442824 0.453746 -0.773318  0.679638 0.760037 0
0  1.919140 1.702155 19.641172  0.622363 0.645153 -0.443217  0.677354 0.763292 0
0  1.778742 1.778745 19.563501  0.694473 0.702615 -0.155050  0.677954 0.764238 0
beerkeg
0  1.778742 1.778745 19.563501  0.694473 0.702615 -0.155050  0.677954 0.764238 0
0  2.307006 1.121673 19.641172  0.860419 0.295081 -0.415460  0.673112 0.761024 0
0  2.324038 0.962652 19.563501  0.910489 0.383367 -0.155049  0.671630 0.760986 0
beerkeg
0  -2.515520 0.000003 19.563503  -0.987890 -0.005755 -0.155050  0.696667 0.751883 0
0  -2.424439 0.838164 19.641172  -0.817054 0.399757 -0.415472  0.695897 0.754862 0
0  -2.324038 0.962652 19.563501  -0.914893 0.372732 -0.155052  0.696121 0.755478 0
beerkeg
0  -2.324038 0.962652 19.563501  -0.914893 0.372732 -0.155052  0.696121 0.755478 0
0  -2.415198 0.834336 20.324505  -0.971226 0.238084 -0.005989  0.693773 0.754264 0
0  -2.381647 0.986514 20.405832  -0.588667 0.235476 -0.773319  0.693489 0.754643 0
beerkeg
0  -2.381647 0.986514 20.405832  -0.588667 0.235476 -0.773319  0.693489 0.754643 0
0  -2.550636 0.153437 20.324505  -0.981482 0.189406 0.028596  0.694062 0.752339 0
0  -2.577876 0.000003 20.405832  -0.633970 -0.007721 -0.773319  0.693899 0.751882 0
beerkeg
0  -2.577876 0.000003 20.405832  -0.633970 -0.007721 -0.773319  0.693899 0.751882 0
0  -2.560639 0.153437 19.641176  -0.896274 -0.016112 -0.443208  0.696270 0.752401 0
0  -2.515520 0.000003 19.563503  -0.987890 -0.005755 -0.155050  0.696667 0.751883 0
beerkeg
0  -2.324038 -0.962646 19.563501  -0.910489 -0.383367 -0.155049  0.696070 0.748311 0
0  -2.560639 -0.153431 19.641176  -0.907849 0.056652 -0.415453  0.696261 0.751366 0
0  -2.515520 0.000003 19.563503  -0.987890 -0.005755 -0.155050  0.696667 0.751883 0
beerkeg
0  -2.515520 0.000003 19.563503  -0.987890 -0.005755 -0.155050  0.696667 0.751883 0
0  -2.550636 -0.153431 20.324505  -0.988409 -0.151699 -0.005991  0.694058 0.751435 0
0  -2.577876 0.000003 20.405832  -0.633970 -0.007721 -0.773319  0.693899 0.751882 0
beerkeg
0  -2.577876 0.000003 20.405832  -0.633970 -0.007721 -0.773319  0.693899 0.751882 0
0  -2.415198 -0.834329 20.324505  -0.979252 -0.200619 0.028597  0.693765 0.749505 0
0  -2.381647 -0.986508 20.405832  -0.582757 -0.249744 -0.773319  0.693474 0.749117 0
beerkeg
0  -2.381647 -0.986508 20.405832  -0.582757 -0.249744 -0.773319  0.693474 0.749117 0
0  -2.424439 -0.838157 19.641172  -0.821879 -0.357871 -0.443218  0.695857 0.748916 0
0  -2.324038 -0.962646 19.563501  -0.910489 -0.383367 -0.155049  0.696070 0.748311 0
beerkeg
0  -1.778742 -1.778739 19.563501  -0.694473 -0.702614 -0.155049  0.694525 0.744966 0
0  -2.307006 -1.121666 19.641172  -0.860421 -0.295079 -0.415457  0.695548 0.747933 0
0  -2.324038 -0.962646 19.563501  -0.910489 -0.383367 -0.155049  0.696070 0.748311 0
beerkeg
0  -2.324038 -0.962646 19.563501  -0.910489 -0.383367 -0.155049  0.696070 0.748311 0
0  -2.297764 -1.117838 20.324505  -0.855120 -0.518396 -0.005989  0.693485 0.748647 0
0  -2.381647 -0.986508 20.405832  -0.582757 -0.249744 -0.773319  0.693474 0.749117 0
beerkeg
0  -2.381647 -0.986508 20.405832  -0.582757 -0.249744 -0.773319  0.693474 0.749117 0
0  -1.912067 -1.695075 20.324505  -0.827935 -0.560094 0.028597  0.692575 0.746888 0
0  -1.822834 -1.822830 20.405832  -0.442824 -0.453746 -0.773318  0.692160 0.746600 0
beerkeg
0  -1.822834 -1.822830 20.405832  -0.442824 -0.453746 -0.773318  0.692160 0.746600 0
0  -1.919140 -1.702149 19.641172  -0.622364 -0.645153 -0.443217  0.694486 0.745642 0
0  -1.778742 -1.778739 19.563501  -0.694473 -0.702614 -0.155049  0.694525 0.744966 0
beerkeg
0  -0.962648 -2.324035 19.563501  -0.372732 -0.914894 -0.155048  0.691927 0.742100 0
0  -1.702152 -1.919137 19.641172  -0.682001 -0.601887 -0.415460  0.693881 0.744750 0
0  -1.778742 -1.778739 19.563501  -0.694473 -0.702614 -0.155049  0.694525 0.744966 0
beerkeg
0  -1.778742 -1.778739 19.563501  -0.694473 -0.702614 -0.155049  0.694525 0.744966 0
0  -1.695078 -1.912063 20.324505  -0.591645 -0.806176 -0.005986  0.692021 0.746131 0
0  -1.822834 -1.822830 20.405832  -0.442824 -0.453746 -0.773318  0.692160 0.746600 0
beerkeg
0  -1.822834 -1.822830 20.405832  -0.442824 -0.453746 -0.773318  0.692160 0.746600 0
0  -1.117841 -2.297761 20.324505  -0.550578 -0.834294 0.028596  0.690557 0.744675 0
0  -0.986511 -2.381644 20.405832  -0.235475 -0.588667 -0.773319  0.690045 0.744519 0
beerkeg
0  -0.986511 -2.381644 20.405832  -0.235475 -0.588667 -0.773319  0.690045 0.744519 0
0  -1.121669 -2.307003 19.641172  -0.328108 -0.834211 -0.443212  0.692103 0.742797 0
0  -0.962648 -2.324035 19.563501  -0.372732 -0.914894 -0.155048  0.691927 0.742100 0
beerkeg
0  0.000000 -2.515518 19.563501  0.005756 -0.987890 -0.155049  0.688348 0.739936 0
0  -0.838160 -2.424436 19.641172  -0.399756 -0.817062 -0.415457  0.691206 0.742076 0
0  -0.962648 -2.324035 19.563501  -0.372732 -0.914894 -0.155048  0.691927 0.742100 0
beerkeg
0  -0.962648 -2.324035 19.563501  -0.372732 -0.914894 -0.155048  0.691927 0.742100 0
0  -0.834332 -2.415194 20.324505  -0.238092 -0.971224 -0.005991  0.689756 0.744064 0
0  -0.986511 -2.381644 20.405832  -0.235475 -0.588667 -0.773319  0.690045 0.744519 0
beerkeg
0  -0.986511 -2.381644 20.405832  -0.235475 -0.588667 -0.773319  0.690045 0.744519 0
0  -0.153434 -2.550634 20.324505  -0.189403 -0.981483 0.028598  0.687805 0.742964 0
0  0.000000 -2.577873 20.405832  0.007723 -0.633970 -0.773319  0.687249 0.742954 0
beerkeg
0  0.000000 -2.577873 20.405832  0.007723 -0.633970 -0.773319  0.687249 0.742954 0
0  -0.153434 -2.560637 19.641172  0.016114 -0.896270 -0.443216  0.688744 0.740605 0
0  0.000000 -2.515518 19.563501  0.005756 -0.987890 -0.155049  0.688348 0.739936 0
beerkeg
0  0.962648 -2.324035 19.563501  0.383367 -0.910489 -0.155049  0.683779 0.738834 0
0  0.153434 -2.560637 19.641172  -0.056651 -0.907846 -0.415459  0.687597 0.740157 0
0  0.000000 -2.515518 19.563501  0.005756 -0.987890 -0.155049  0.688348 0.739936 0
beerkeg
0  0.000000 -2.515518 19.563501  0.005756 -0.987890 -0.155049  0.688348 0.739936 0
0  0.153434 -2.550634 20.324505  0.151712 -0.988407 -0.005986  0.686789 0.742625 0
0  0.000000 -2.577873 20.405832  0.007723 -0.633970 -0.773319  0.687249 0.742954 0
beerkeg
0  0.000000 -2.577873 20.405832  0.007723 -0.633970 -0.773319  0.687249 0.742954 0
0  0.834332 -2.415194 20.324505  0.200616 -0.979253 0.028596  0.684352 0.742356 0
0  0.986511 -2.381644 20.405832  0.249747 -0.582755 -0.773319  0.683761 0.742585 0
beerkeg
0  0.986511 -2.381644 20.405832  0.249747 -0.582755 -0.773319  0.683761 0.742585 0
0  0.838160 -2.424436 19.641172  0.357875 -0.821880 -0.443214  0.684462 0.739420 0
0  0.962648 -2.324035 19.563501  0.383367 -0.910489 -0.155049  0.683779 0.738834 0
beerkeg
0  1.778742 -1.778739 19.563501  0.702615 -0.694473 -0.155048  0.678194 0.739317 0
0  1.121669 -2.307003 19.641172  0.295075 -0.860421 -0.415460  0.683039 0.739359 0
0  0.962648 -2.324035 19.563501  0.383367 -0.910489 -0.155049  0.683779 0.738834 0
beerkeg
0  0.962648 -2.324035 19.563501  0.383367 -0.910489 -0.155049  0.683779 0.738834 0
0  1.117841 -2.297761 20.324505  0.518424 -0.855103 -0.005989  0.683144 0.742410 0
0  0.986511 -2.381644 20.405832  0.249747 -0.582755 -0.773319  0.683761 0.742585 0
beerkeg
0  0.986511 -2.381644 20.405832  0.249747 -0.582755 -0.773319  0.683761 0.742585 0
0  1.695078 -1.912063 20.324505  0.560081 -0.827944 0.028598  0.680416 0.743082 0
0  1.822834 -1.822830 20.405832  0.453746 -0.442823 -0.773319  0.679854 0.743578 0
beerkeg
0  1.822834 -1.822830 20.405832  0.453746 -0.442823 -0.773319  0.679854 0.743578 0
0  1.702152 -1.919137 19.641172  0.645155 -0.622365 -0.443211  0.679242 0.739722 0
0  1.778742 -1.778739 19.563501  0.702615 -0.694473 -0.155048  0.678194 0.739317 0
beerkeg
0  2.324038 -0.962646 19.563501  0.914894 -0.372731 -0.155051  0.671953 0.742496 0
0  1.919140 -1.702149 19.641172  0.601887 -0.682001 -0.415459  0.677587 0.740261 0
0  1.778742 -1.778739 19.563501  0.702615 -0.694473 -0.155048  0.678194 0.739317 0
beerkeg
0  1.778742 -1.778739 19.563501  0.702615 -0.694473 -0.155048  0.678194 0.739317 0
0  1.912067 -1.695075 20.324505  0.806191 -0.591626 -0.005988  0.679099 0.743666 0
0  1.822834 -1.822830 20.405832  0.453746 -0.442823 -0.773319  0.679854 0.743578 0
beerkeg
0  1.822834 -1.822830 20.405832  0.453746 -0.442823 -0.773319  0.679854 0.743578 0
0  2.297764 -1.117838 20.324505  0.834286 -0.550590 0.028596  0.676387 0.745663 0
0  2.381647 -0.986508 20.405832  0.588667 -0.235477 -0.773318  0.675999 0.746469 0
beerkeg
0  2.381647 -0.986508 20.405832  0.588667 -0.235477 -0.773318  0.675999 0.746469 0
0  2.307006 -1.121666 19.641172  0.834210 -0.328105 -0.443216  0.673397 0.742458 0
0  2.324038 -0.962646 19.563501  0.914894 -0.372731 -0.155051  0.671953 0.742496 0
beerkeg
0  0.000000 2.577880 20.405832  -0.007723 0.633970 -0.773319  0.687161 0.760782 0
0  -0.834332 2.415201 20.324505  -0.200616 0.979253 0.028599  0.689763 0.759767 0
0  -0.986511 2.381650 20.405832  -0.249747 0.582755 -0.773319  0.690065 0.759328 0
beerkeg
0  -0.986511 2.381650 20.405832  -0.249747 0.582755 -0.773319  0.690065 0.759328 0
0  -0.838160 2.424443 19.641172  -0.357875 0.821881 -0.443213  0.691165 0.761773 0
0  -0.962648 2.324041 19.563501  -0.383368 0.910488 -0.155048  0.691894 0.761767 0
beerkeg
0  -0.962648 2.324041 19.563501  -0.383368 0.910488 -0.155048  0.691894 0.761767 0
0  -0.153434 2.560644 19.641172  0.056651 0.907846 -0.415459  0.688616 0.763211 0
0  0.000000 2.515525 19.563501  -0.005756 0.987890 -0.155049  0.688196 0.763881 0
beerkeg
0  0.000000 2.515525 19.563501  -0.005756 0.987890 -0.155049  0.688196 0.763881 0
0  -0.153434 2.550641 20.324505  -0.151712 0.988407 -0.005991  0.687731 0.760795 0
0  0.000000 2.577880 20.405832  -0.007723 0.633970 -0.773319  0.687161 0.760782 0
beerkeg
0  2.025987 -0.839188 20.370148  0.337545 -0.139816 -0.930868  0.116572 0.834856 0
0  2.737695 0.000003 20.583969  -0.429252 0.000000 0.903185  0.126265 0.821264 0
0  2.529300 -1.047668 20.583969  -0.396581 0.164267 0.903183  0.119750 0.836980 0
beerkeg
0  -0.649817 3.266849 20.777380  -0.174350 0.876519 0.448683  0.687707 0.757900 0
0  -1.274661 3.077305 20.777380  -0.336679 0.812819 0.475365  0.688842 0.757451 0
0  -1.128753 2.725053 20.755989  0.124267 -0.300004 0.945809  0.688631 0.757100 0
beerkeg
0  -0.839191 2.025990 20.370148  -0.139816 0.337545 -0.930868  0.075773 0.773736 0
0  -1.935843 1.935846 20.583969  0.303527 -0.303526 0.903185  0.059319 0.776495 0
0  -1.047671 2.529304 20.583969  0.164270 -0.396575 0.903185  0.075028 0.769990 0
beerkeg
0  0.000000 -2.192909 20.370148  0.000000 -0.365356 -0.930868  0.075756 0.851764 0
0  1.047671 -2.529297 20.583969  -0.164270 0.396575 0.903185  0.092007 0.855510 0
0  0.000000 -2.737692 20.583969  -0.000004 0.429250 0.903186  0.075012 0.855512 0
beerkeg
0  -1.822834 1.822837 20.405832  -0.453746 0.442823 -0.773319  0.692202 0.757203 0
0  -1.175232 2.837264 20.384438  -0.183931 0.444050 -0.876920  0.689334 0.758193 0
0  -0.986511 2.381650 20.405832  -0.249747 0.582755 -0.773319  0.690065 0.759328 0
beerkeg
0  0.649817 3.266849 20.777380  0.174351 0.876519 0.448683  0.685236 0.758389 0
0  0.000000 3.330850 20.777380  0.000001 0.879788 0.475367  0.686573 0.758348 0
0  0.000000 2.949576 20.755989  0.000001 -0.324721 0.945810  0.686481 0.757885 0
beerkeg
0  1.550623 1.550627 20.370148  0.258344 0.258346 -0.930868  0.116581 0.790652 0
0  1.047671 2.529304 20.583969  -0.164269 -0.396575 0.903185  0.107734 0.776498 0
0  1.935843 1.935846 20.583969  -0.303530 -0.303525 0.903184  0.119760 0.788526 0
beerkeg
0  -0.986511 2.381650 20.405832  -0.249747 0.582755 -0.773319  0.690065 0.759328 0
0  0.000000 3.071033 20.384438  0.000000 0.480637 -0.876920  0.686781 0.759300 0
0  0.000000 2.577880 20.405832  -0.007723 0.633970 -0.773319  0.687161 0.760782 0
beerkeg
0  0.839191 -2.025983 20.370148  0.139815 -0.337545 -0.930868  0.091261 0.851764 0
0  1.935843 -1.935840 20.583969  -0.303527 0.303526 0.903185  0.107718 0.849006 0
0  1.047671 -2.529297 20.583969  -0.164270 0.396575 0.903185  0.092007 0.855510 0
beerkeg
0  -2.025987 -0.839188 20.370148  -0.337543 -0.139816 -0.930869  0.044544 0.820510 0
0  -1.935843 -1.935840 20.583969  0.303529 0.303525 0.903185  0.047290 0.836973 0
0  -2.529300 -1.047668 20.583969  0.396575 0.164267 0.903185  0.040792 0.821255 0
beerkeg
0  2.192912 0.000003 20.370148  0.365353 -0.000000 -0.930869  0.122511 0.820516 0
0  2.529300 1.047675 20.583969  -0.396577 -0.164267 0.903185  0.126268 0.804245 0
0  2.737695 0.000003 20.583969  -0.429252 0.000000 0.903185  0.126265 0.821264 0
beerkeg
0  1.850520 2.769501 20.777380  0.496507 0.743078 0.448683  0.682530 0.757929 0
0  1.274661 3.077305 20.777380  0.336680 0.812819 0.475365  0.683898 0.758430 0
0  1.128753 2.725053 20.755989  -0.124266 -0.300004 0.945810  0.683982 0.757929 0
beerkeg
0  3.266846 -0.649812 20.777380  0.876519 -0.174350 0.448683  0.678475 0.750169 0
0  3.330847 0.000003 20.777380  0.879791 0.000000 0.475361  0.677958 0.751846 0
0  2.949572 0.000003 20.755989  -0.324720 -0.000000 0.945810  0.678607 0.751852 0
beerkeg
0  0.000000 2.577880 20.405832  -0.007723 0.633970 -0.773319  0.687161 0.760782 0
0  1.175232 2.837264 20.384438  0.183932 0.444050 -0.876920  0.683728 0.759494 0
0  0.986511 2.381650 20.405832  0.235475 0.588667 -0.773319  0.683591 0.760996 0
beerkeg
0  -1.550623 1.550627 20.370148  -0.258344 0.258345 -0.930869  0.061445 0.779675 0
0  -2.529300 1.047675 20.583969  0.396582 -0.164267 0.903183  0.047305 0.788527 0
0  -1.935843 1.935846 20.583969  0.303527 -0.303526 0.903185  0.059319 0.776495 0
beerkeg
0  2.769499 1.850522 20.777380  0.743076 0.496508 0.448684  0.680044 0.756297 0
0  2.355265 2.355268 20.777380  0.622104 0.622105 0.475366  0.681162 0.757428 0
0  2.085663 2.085666 20.755989  -0.229615 -0.229613 0.945809  0.681457 0.756979 0
beerkeg
0  -1.850520 -2.769494 20.777380  -0.496507 -0.743078 0.448683  0.689673 0.747016 0
0  -2.355265 -2.355261 20.777380  -0.622104 -0.622105 0.475365  0.690505 0.747791 0
0  -2.171546 -2.171542 20.384438  -0.339862 -0.339861 -0.876920  0.691155 0.747302 0
beerkeg
0  -2.769499 -1.850515 20.777380  -0.743076 -0.496508 0.448684  0.691022 0.748762 0
0  -3.077302 -1.274656 20.777380  -0.812819 -0.336682 0.475364  0.691540 0.749734 0
0  -2.837261 -1.175229 20.384438  -0.444051 -0.183932 -0.876920  0.692328 0.749466 0
beerkeg
0  -3.266846 -0.649812 20.777380  -0.876519 -0.174350 0.448683  0.691734 0.750802 0
0  -3.330847 0.000003 20.777380  -0.879791 0.000000 0.475361  0.691929 0.751871 0
0  -3.071029 0.000003 20.384438  -0.480636 0.000000 -0.876920  0.692710 0.751864 0
beerkeg
0  -3.266846 0.649819 20.777380  -0.876521 0.174349 0.448680  0.691754 0.752939 0
0  -3.077302 1.274663 20.777380  -0.812820 0.336681 0.475363  0.691579 0.754007 0
0  -2.837261 1.175236 20.384438  -0.444051 0.183932 -0.876919  0.692351 0.754245 0
beerkeg
0  -2.769499 1.850522 20.777380  -0.743076 0.496508 0.448684  0.691060 0.754974 0
0  -2.355265 2.355268 20.777380  -0.622103 0.622106 0.475365  0.690541 0.755940 0
0  -2.171546 2.171549 20.384438  -0.339862 0.339861 -0.876920  0.691213 0.756434 0
beerkeg
0  -1.850520 2.769501 20.777380  -0.496508 0.743078 0.448682  0.689691 0.756695 0
0  -1.274661 3.077305 20.777380  -0.336679 0.812819 0.475365  0.688842 0.757451 0
0  -1.175232 2.837264 20.384438  -0.183931 0.444050 -0.876920  0.689334 0.758193 0
beerkeg
0  -0.649817 3.266849 20.777380  -0.174350 0.876519 0.448683  0.687707 0.757900 0
0  0.000000 3.330850 20.777380  0.000001 0.879788 0.475367  0.686573 0.758348 0
0  0.000000 3.071033 20.384438  0.000000 0.480637 -0.876920  0.686781 0.759300 0
beerkeg
0  0.649817 3.266849 20.777380  0.174351 0.876519 0.448683  0.685236 0.758389 0
0  1.274661 3.077305 20.777380  0.336680 0.812819 0.475365  0.683898 0.758430 0
0  1.175232 2.837264 20.384438  0.183932 0.444050 -0.876920  0.683728 0.759494 0
beerkeg
0  -0.649817 -3.266842 20.777380  -0.174351 -0.876519 0.448683  0.687733 0.745787 0
0  -1.274661 -3.077298 20.777380  -0.336680 -0.812819 0.475365  0.688841 0.746241 0
0  -1.175232 -2.837257 20.384438  -0.183932 -0.444050 -0.876920  0.689343 0.745510 0
beerkeg
0  0.649817 -3.266842 20.777380  0.174350 -0.876519 0.448683  0.685330 0.745288 0
0  0.000000 -3.330844 20.777380  -0.000001 -0.879788 0.475366  0.686626 0.745334 0
0  0.000000 -3.071026 20.384438  -0.000000 -0.480637 -0.876920  0.686846 0.744403 0
beerkeg
0  3.266846 0.649819 20.777380  0.876521 0.174349 0.448680  0.678442 0.753506 0
0  3.330847 0.000003 20.777380  0.879791 0.000000 0.475361  0.677958 0.751846 0
0  3.071029 0.000003 20.384438  0.480636 0.000000 -0.876920  0.676564 0.751840 0
beerkeg
0  1.850520 -2.769494 20.777380  0.496508 -0.743078 0.448682  0.682677 0.745733 0
0  1.274661 -3.077298 20.777380  0.336679 -0.812819 0.475365  0.684035 0.745243 0
0  1.175232 -2.837257 20.384438  0.183931 -0.444050 -0.876920  0.683868 0.744202 0
beerkeg
0  2.769499 -1.850515 20.777380  0.743076 -0.496508 0.448684  0.680155 0.747358 0
0  2.355265 -2.355261 20.777380  0.622103 -0.622106 0.475365  0.681318 0.746224 0
0  2.171546 -2.171542 20.384438  0.339862 -0.339861 -0.876920  0.680682 0.745226 0
beerkeg
0  2.769499 1.850522 20.777380  0.743076 0.496508 0.448684  0.680044 0.756297 0
0  3.077302 1.274663 20.777380  0.812819 0.336683 0.475363  0.678926 0.755167 0
0  2.837261 1.175236 20.384438  0.444050 0.183932 -0.876920  0.677743 0.755881 0
beerkeg
0  3.266846 -0.649812 20.777380  0.876519 -0.174350 0.448683  0.678475 0.750169 0
0  3.077302 -1.274656 20.777380  0.812820 -0.336681 0.475363  0.678992 0.748492 0
0  2.837261 -1.175229 20.384438  0.444051 -0.183932 -0.876919  0.677826 0.747800 0
beerkeg
0  1.850520 2.769501 20.777380  0.496507 0.743078 0.448683  0.682530 0.757929 0
0  2.355265 2.355268 20.777380  0.622104 0.622105 0.475366  0.681162 0.757428 0
0  2.171546 2.171549 20.384438  0.339862 0.339861 -0.876920  0.680569 0.758411 0
beerkeg
0  -0.986511 -2.381644 20.405832  -0.235475 -0.588667 -0.773319  0.690045 0.744519 0
0  -2.171546 -2.171542 20.384438  -0.339862 -0.339861 -0.876920  0.691155 0.747302 0
0  -1.822834 -1.822830 20.405832  -0.442824 -0.453746 -0.773318  0.692160 0.746600 0
beerkeg
0  -2.769499 -1.850515 20.777380  -0.743076 -0.496508 0.448684  0.691022 0.748762 0
0  -2.355265 -2.355261 20.777380  -0.622104 -0.622105 0.475365  0.690505 0.747791 0
0  -2.085663 -2.085659 20.755989  0.229615 0.229613 0.945809  0.690195 0.748030 0
beerkeg
0  0.000000 -2.577873 20.405832  0.007723 -0.633970 -0.773319  0.687249 0.742954 0
0  -1.175232 -2.837257 20.384438  -0.183932 -0.444050 -0.876920  0.689343 0.745510 0
0  -0.986511 -2.381644 20.405832  -0.235475 -0.588667 -0.773319  0.690045 0.744519 0
beerkeg
0  -1.850520 -2.769494 20.777380  -0.496507 -0.743078 0.448683  0.689673 0.747016 0
0  -1.274661 -3.077298 20.777380  -0.336680 -0.812819 0.475365  0.688841 0.746241 0
0  -1.128753 -2.725046 20.755989  0.124266 0.300004 0.945810  0.688614 0.746599 0
beerkeg
0  0.986511 -2.381644 20.405832  0.249747 -0.582755 -0.773319  0.683761 0.742585 0
0  0.000000 -3.071026 20.384438  -0.000000 -0.480637 -0.876920  0.686846 0.744403 0
0  0.000000 -2.577873 20.405832  0.007723 -0.633970 -0.773319  0.687249 0.742954 0
beerkeg
0  2.381647 0.986514 20.405832  0.582757 0.249744 -0.773319  0.675869 0.757099 0
0  3.071029 0.000003 20.384438  0.480636 0.000000 -0.876920  0.676564 0.751840 0
0  2.577876 0.000003 20.405832  0.633970 0.007722 -0.773319  0.674014 0.751773 0
beerkeg
0  -0.649817 -3.266842 20.777380  -0.174351 -0.876519 0.448683  0.687733 0.745787 0
0  0.000000 -3.330844 20.777380  -0.000001 -0.879788 0.475366  0.686626 0.745334 0
0  0.000000 -2.949569 20.755989  -0.000001 0.324721 0.945810  0.686529 0.745786 0
beerkeg
0  1.822834 -1.822830 20.405832  0.453746 -0.442823 -0.773319  0.679854 0.743578 0
0  1.175232 -2.837257 20.384438  0.183931 -0.444050 -0.876920  0.683868 0.744202 0
0  0.986511 -2.381644 20.405832  0.249747 -0.582755 -0.773319  0.683761 0.742585 0
beerkeg
0  0.649817 -3.266842 20.777380  0.174350 -0.876519 0.448683  0.685330 0.745288 0
0  1.274661 -3.077298 20.777380  0.336679 -0.812819 0.475365  0.684035 0.745243 0
0  1.128753 -2.725046 20.755989  -0.124267 0.300003 0.945809  0.684116 0.745714 0
beerkeg
0  2.381647 -0.986508 20.405832  0.588667 -0.235477 -0.773318  0.675999 0.746469 0
0  2.171546 -2.171542 20.384438  0.339862 -0.339861 -0.876920  0.680682 0.745226 0
0  1.822834 -1.822830 20.405832  0.453746 -0.442823 -0.773319  0.679854 0.743578 0
beerkeg
0  1.822834 1.822837 20.405832  0.442824 0.453746 -0.773318  0.679638 0.760037 0
0  2.837261 1.175236 20.384438  0.444050 0.183932 -0.876920  0.677743 0.755881 0
0  2.381647 0.986514 20.405832  0.582757 0.249744 -0.773319  0.675869 0.757099 0
beerkeg
0  1.850520 -2.769494 20.777380  0.496508 -0.743078 0.448682  0.682677 0.745733 0
0  2.355265 -2.355261 20.777380  0.622103 -0.622106 0.475365  0.681318 0.746224 0
0  2.085663 -2.085659 20.755989  -0.229614 0.229613 0.945809  0.681620 0.746691 0
beerkeg
0  3.266846 0.649819 20.777380  0.876521 0.174349 0.448680  0.678442 0.753506 0
0  3.077302 1.274663 20.777380  0.812819 0.336683 0.475363  0.678926 0.755167 0
0  2.725049 1.128756 20.755989  -0.300002 -0.124266 0.945810  0.679463 0.754857 0
beerkeg
0  2.577876 0.000003 20.405832  0.633970 0.007722 -0.773319  0.674014 0.751773 0
0  2.837261 -1.175229 20.384438  0.444051 -0.183932 -0.876919  0.677826 0.747800 0
0  2.381647 -0.986508 20.405832  0.588667 -0.235477 -0.773318  0.675999 0.746469 0
beerkeg
0  0.986511 2.381650 20.405832  0.235475 0.588667 -0.773319  0.683591 0.760996 0
0  2.171546 2.171549 20.384438  0.339862 0.339861 -0.876920  0.680569 0.758411 0
0  1.822834 1.822837 20.405832  0.442824 0.453746 -0.773318  0.679638 0.760037 0
beerkeg
0  2.769499 -1.850515 20.777380  0.743076 -0.496508 0.448684  0.680155 0.747358 0
0  3.077302 -1.274656 20.777380  0.812820 -0.336681 0.475363  0.678992 0.748492 0
0  2.725049 -1.128750 20.755989  -0.300006 0.124265 0.945809  0.679522 0.748810 0
beerkeg
0  -0.111290 -0.268675 20.408562  0.027353 0.066051 0.997441  0.545533 0.674735 0
0  0.000000 -0.290818 -15.976908  -0.000001 0.746200 0.665722  0.545590 0.566561 0
0  -0.111290 -0.268680 -15.976908  0.285558 0.689398 0.665723  0.545586 0.566568 0
beerkeg
0  2.529300 1.047675 20.583969  -0.396577 -0.164267 0.903185  0.574988 0.855512 0
0  0.205637 0.205640 20.408562  -0.050544 -0.050552 0.997442  0.584508 0.893026 0
0  0.268678 0.111294 20.408562  -0.066052 -0.027357 0.997441  0.582450 0.893026 0
beerkeg
0  1.935843 1.935846 20.583969  -0.303530 -0.303525 0.903184  0.591970 0.855512 0
0  0.111290 0.268681 20.408562  -0.027351 -0.066051 0.997441  0.586409 0.893813 0
0  0.205637 0.205640 20.408562  -0.050544 -0.050552 0.997442  0.584508 0.893026 0
beerkeg
0  1.047671 2.529304 20.583969  -0.164269 -0.396575 0.903185  0.607658 0.862011 0
0  0.000000 0.290819 20.408562  -0.000017 -0.071494 0.997441  0.587864 0.895268 0
0  0.111290 0.268681 20.408562  -0.027351 -0.066051 0.997441  0.586409 0.893813 0
beerkeg
0  0.000000 2.737699 20.583969  0.000004 -0.429250 0.903186  0.619666 0.874019 0
0  -0.111290 0.268681 20.408562  0.027336 -0.066053 0.997442  0.588651 0.897170 0
0  0.000000 0.290819 20.408562  -0.000017 -0.071494 0.997441  0.587864 0.895268 0
beerkeg
0  -1.047671 2.529304 20.583969  0.164270 -0.396575 0.903185  0.626165 0.889708 0
0  -0.205637 0.205640 20.408562  0.050545 -0.050555 0.997442  0.588651 0.899227 0
0  -0.111290 0.268681 20.408562  0.027336 -0.066053 0.997442  0.588651 0.897170 0
beerkeg
0  -1.935843 1.935846 20.583969  0.303527 -0.303526 0.903185  0.626165 0.906689 0
0  -0.268678 0.111294 20.408562  0.066047 -0.027360 0.997441  0.587864 0.901129 0
0  -0.205637 0.205640 20.408562  0.050545 -0.050555 0.997442  0.588651 0.899227 0
beerkeg
0  -2.529300 1.047675 20.583969  0.396582 -0.164267 0.903183  0.619666 0.922378 0
0  -0.290815 0.000003 20.408562  0.071491 -0.000001 0.997441  0.586409 0.902584 0
0  -0.268678 0.111294 20.408562  0.066047 -0.027360 0.997441  0.587864 0.901129 0
beerkeg
0  -2.737695 0.000003 20.583969  0.429254 0.000000 0.903184  0.607658 0.934386 0
0  -0.268678 -0.111287 20.408562  0.066059 0.027357 0.997441  0.584508 0.903371 0
0  -0.290815 0.000003 20.408562  0.071491 -0.000001 0.997441  0.586409 0.902584 0
beerkeg
0  -2.529300 -1.047668 20.583969  0.396575 0.164267 0.903185  0.591969 0.940885 0
0  -0.205637 -0.205634 20.408562  0.050551 0.050552 0.997441  0.582450 0.903371 0
0  -0.268678 -0.111287 20.408562  0.066059 0.027357 0.997441  0.584508 0.903371 0
beerkeg
0  -1.935843 -1.935840 20.583969  0.303529 0.303525 0.903185  0.574988 0.940885 0
0  -0.111290 -0.268675 20.408562  0.027353 0.066051 0.997441  0.580549 0.902584 0
0  -0.205637 -0.205634 20.408562  0.050551 0.050552 0.997441  0.582450 0.903371 0
beerkeg
0  -1.047671 -2.529297 20.583969  0.164269 0.396575 0.903186  0.559299 0.934386 0
0  0.000000 -0.290812 20.408562  0.000017 0.071494 0.997441  0.579093 0.901129 0
0  -0.111290 -0.268675 20.408562  0.027353 0.066051 0.997441  0.580549 0.902584 0
beerkeg
0  0.000000 -2.737692 20.583969  -0.000004 0.429250 0.903186  0.547291 0.922378 0
0  0.111290 -0.268675 20.408562  -0.027338 0.066053 0.997442  0.578306 0.899227 0
0  0.000000 -0.290812 20.408562  0.000017 0.071494 0.997441  0.579093 0.901129 0
beerkeg
0  1.047671 -2.529297 20.583969  -0.164270 0.396575 0.903185  0.540792 0.906689 0
0  0.205637 -0.205634 20.408562  -0.050546 0.050555 0.997441  0.578306 0.897170 0
0  0.111290 -0.268675 20.408562  -0.027338 0.066053 0.997442  0.578306 0.899227 0
beerkeg
0  1.935843 -1.935840 20.583969  -0.303527 0.303526 0.903185  0.540792 0.889708 0
0  0.268678 -0.111287 20.408562  -0.066047 0.027361 0.997441  0.579093 0.895268 0
0  0.205637 -0.205634 20.408562  -0.050546 0.050555 0.997441  0.578306 0.897170 0
beerkeg
0  2.529300 -1.047668 20.583969  -0.396581 0.164267 0.903183  0.547291 0.874019 0
0  0.290815 0.000003 20.408562  -0.071490 0.000002 0.997441  0.580549 0.893813 0
0  0.268678 -0.111287 20.408562  -0.066047 0.027361 0.997441  0.579093 0.895268 0
beerkeg
0  2.737695 0.000003 20.583969  -0.429252 0.000000 0.903185  0.559299 0.862011 0
0  0.268678 0.111294 20.408562  -0.066052 -0.027357 0.997441  0.582450 0.893026 0
0  0.290815 0.000003 20.408562  -0.071490 0.000002 0.997441  0.580549 0.893813 0
beerkeg
0  -0.290815 -0.000003 -15.976908  0.746198 0.000001 0.665724  0.545579 0.566588 0
0  0.000000 -0.290818 -15.976908  -0.000001 0.746200 0.665722  0.545590 0.566561 0
0  0.290815 -0.000003 -15.976908  -0.746199 -0.000001 0.665723  0.545600 0.566587 0
beerkeg
0  0.000000 0.290819 20.408562  -0.000017 -0.071494 0.997441  0.545532 0.674683 0
0  -0.111290 0.268675 -15.976908  0.285554 -0.689398 0.665724  0.545586 0.566599 0
0  0.000000 0.290813 -15.976908  0.000006 -0.746200 0.665722  0.545590 0.566600 0
beerkeg
0  0.000000 -0.290812 20.408562  0.000017 0.071494 0.997441  0.545532 0.674750 0
0  0.111290 -0.268680 -15.976908  -0.285560 0.689397 0.665723  0.545595 0.566568 0
0  0.000000 -0.290818 -15.976908  -0.000001 0.746200 0.665722  0.545590 0.566561 0
beerkeg
0  -0.111290 0.268681 20.408562  0.027336 -0.066053 0.997442  0.545532 0.674684 0
0  -0.205637 0.205634 -15.976908  0.527614 -0.527653 0.665736  0.545583 0.566597 0
0  -0.111290 0.268675 -15.976908  0.285554 -0.689398 0.665724  0.545586 0.566599 0
beerkeg
0  0.111290 -0.268675 20.408562  -0.027338 0.066053 0.997442  0.545532 0.674735 0
0  0.205637 -0.205640 -15.976908  -0.527641 0.527643 0.665723  0.545598 0.566575 0
0  0.111290 -0.268680 -15.976908  -0.285560 0.689397 0.665723  0.545595 0.566568 0
beerkeg
0  -0.205637 0.205640 20.408562  0.050545 -0.050555 0.997442  0.545533 0.674687 0
0  -0.268678 0.111288 -15.976908  0.689416 -0.285551 0.665707  0.545581 0.566593 0
0  -0.205637 0.205634 -15.976908  0.527614 -0.527653 0.665736  0.545583 0.566597 0
beerkeg
0  0.205637 -0.205634 20.408562  -0.050546 0.050555 0.997441  0.545532 0.674721 0
0  0.268678 -0.111293 -15.976908  -0.689382 0.285564 0.665737  0.545600 0.566582 0
0  0.205637 -0.205640 -15.976908  -0.527641 0.527643 0.665723  0.545598 0.566575 0
beerkeg
0  -0.268678 0.111294 20.408562  0.066047 -0.027360 0.997441  0.545533 0.674693 0
0  -0.290815 -0.000003 -15.976908  0.746198 0.000001 0.665724  0.545579 0.566588 0
0  -0.268678 0.111288 -15.976908  0.689416 -0.285551 0.665707  0.545581 0.566593 0
beerkeg
0  0.268678 0.111294 20.408562  -0.066052 -0.027357 0.997441  0.545532 0.674693 0
0  0.205637 0.205634 -15.976908  -0.527642 -0.527644 0.665722  0.545596 0.566597 0
0  0.268678 0.111288 -15.976908  -0.689415 -0.285553 0.665707  0.545599 0.566593 0
beerkeg
0  0.268678 -0.111287 20.408562  -0.066047 0.027361 0.997441  0.545532 0.674709 0
0  0.290815 -0.000003 -15.976908  -0.746199 -0.000001 0.665723  0.545600 0.566587 0
0  0.268678 -0.111293 -15.976908  -0.689382 0.285564 0.665737  0.545600 0.566582 0
beerkeg
0  -0.290815 0.000003 20.408562  0.071491 -0.000001 0.997441  0.545533 0.674700 0
0  -0.268678 -0.111293 -15.976908  0.689381 0.285566 0.665737  0.545581 0.566582 0
0  -0.290815 -0.000003 -15.976908  0.746198 0.000001 0.665724  0.545579 0.566588 0
beerkeg
0  0.290815 0.000003 20.408562  -0.071490 0.000002 0.997441  0.545532 0.674700 0
0  0.268678 0.111288 -15.976908  -0.689415 -0.285553 0.665707  0.545599 0.566593 0
0  0.290815 -0.000003 -15.976908  -0.746199 -0.000001 0.665723  0.545600 0.566587 0
beerkeg
0  -0.268678 -0.111287 20.408562  0.066059 0.027357 0.997441  0.545533 0.674709 0
0  -0.205637 -0.205640 -15.976908  0.527639 0.527645 0.665723  0.545583 0.566576 0
0  -0.268678 -0.111293 -15.976908  0.689381 0.285566 0.665737  0.545581 0.566582 0
beerkeg
0  0.205637 0.205640 20.408562  -0.050544 -0.050552 0.997442  0.545532 0.674687 0
0  0.111290 0.268675 -15.976908  -0.285565 -0.689397 0.665721  0.545593 0.566600 0
0  0.205637 0.205634 -15.976908  -0.527642 -0.527644 0.665722  0.545596 0.566597 0
beerkeg
0  -0.205637 -0.205634 20.408562  0.050551 0.050552 0.997441  0.545533 0.674721 0
0  -0.111290 -0.268680 -15.976908  0.285558 0.689398 0.665723  0.545586 0.566568 0
0  -0.205637 -0.205640 -15.976908  0.527639 0.527645 0.665723  0.545583 0.566576 0
beerkeg
0  0.111290 0.268681 20.408562  -0.027351 -0.066051 0.997441  0.545532 0.674684 0
0  0.000000 0.290813 -15.976908  0.000006 -0.746200 0.665722  0.545590 0.566600 0
0  0.111290 0.268675 -15.976908  -0.285565 -0.689397 0.665721  0.545593 0.566600 0
beerkeg
0  -0.268678 -0.111287 20.408562  0.066059 0.027357 0.997441  0.542910 0.946940 0
0  -0.290815 0.000003 21.334360  -0.746203 0.000000 0.665719  0.554448 0.955063 0
0  -0.290815 0.000003 20.408562  0.071491 -0.000001 0.997441  0.546875 0.943006 0
beerkeg
0  0.268678 0.111294 20.408562  -0.066052 -0.027357 0.997441  0.566759 0.963070 0
0  0.290815 0.000003 21.334360  0.746203 0.000000 0.665719  0.555066 0.954839 0
0  0.290815 0.000003 20.408562  -0.071490 0.000002 0.997441  0.562751 0.967078 0
beerkeg
0  -0.205637 -0.205634 20.408562  0.050551 0.050552 0.997441  0.540792 0.952091 0
0  -0.268678 -0.111287 21.334360  -0.689402 -0.285559 0.665718  0.554514 0.955170 0
0  -0.268678 -0.111287 20.408562  0.066059 0.027357 0.997441  0.542910 0.946940 0
beerkeg
0  0.111290 0.268681 20.408562  -0.027351 -0.066051 0.997441  0.568919 0.952231 0
0  0.205637 0.205641 21.334360  0.527622 0.527654 0.665730  0.554921 0.954672 0
0  0.205637 0.205640 20.408562  -0.050544 -0.050552 0.997442  0.568917 0.957856 0
beerkeg
0  -0.111290 -0.268675 20.408562  0.027353 0.066051 0.997441  0.540803 0.957635 0
0  -0.205637 -0.205634 21.334360  -0.527645 -0.527645 0.665719  0.554620 0.955239 0
0  -0.205637 -0.205634 20.408562  0.050551 0.050552 0.997441  0.540792 0.952091 0
beerkeg
0  0.000000 0.290819 20.408562  -0.000017 -0.071494 0.997441  0.566775 0.947037 0
0  0.111290 0.268681 21.334360  0.285558 0.689401 0.665720  0.554790 0.954637 0
0  0.111290 0.268681 20.408562  -0.027351 -0.066051 0.997441  0.568919 0.952231 0
beerkeg
0  -0.111290 -0.268675 20.408562  0.027353 0.066051 0.997441  0.540803 0.957635 0
0  0.000000 -0.290812 21.334360  -0.000000 -0.746203 0.665718  0.554861 0.955221 0
0  -0.111290 -0.268674 21.334360  -0.285561 -0.689400 0.665719  0.554745 0.955266 0
beerkeg
0  -0.111290 0.268681 20.408562  0.027336 -0.066053 0.997442  0.562817 0.943063 0
0  0.000000 0.290819 21.334360  0.000000 0.746203 0.665718  0.554659 0.954651 0
0  0.000000 0.290819 20.408562  -0.000017 -0.071494 0.997441  0.566775 0.947037 0
beerkeg
0  0.111290 -0.268675 20.408562  -0.027338 0.066053 0.997442  0.546493 0.967062 0
0  0.000000 -0.290812 21.334360  -0.000000 -0.746203 0.665718  0.554861 0.955221 0
0  0.000000 -0.290812 20.408562  0.000017 0.071494 0.997441  0.542427 0.962996 0
beerkeg
0  -0.205637 0.205640 20.408562  0.050545 -0.050555 0.997442  0.557645 0.940903 0
0  -0.111290 0.268681 21.334360  -0.285557 0.689401 0.665720  0.554546 0.954714 0
0  -0.111290 0.268681 20.408562  0.027336 -0.066053 0.997442  0.562817 0.943063 0
beerkeg
0  0.205637 -0.205634 20.408562  -0.050546 0.050555 0.997441  0.551787 0.969255 0
0  0.111290 -0.268674 21.334360  0.285560 -0.689400 0.665720  0.554969 0.955161 0
0  0.111290 -0.268675 20.408562  -0.027338 0.066053 0.997442  0.546493 0.967062 0
beerkeg
0  -0.268678 0.111294 20.408562  0.066047 -0.027360 0.997441  0.552049 0.940885 0
0  -0.205637 0.205641 21.334360  -0.527598 0.527663 0.665742  0.554465 0.954814 0
0  -0.205637 0.205640 20.408562  0.050545 -0.050555 0.997442  0.557645 0.940903 0
beerkeg
0  0.268678 -0.111287 20.408562  -0.066047 0.027361 0.997441  0.557496 0.969255 0
0  0.205637 -0.205634 21.334360  0.527645 -0.527645 0.665719  0.555045 0.955068 0
0  0.205637 -0.205634 20.408562  -0.050546 0.050555 0.997441  0.551787 0.969255 0
beerkeg
0  -0.290815 0.000003 20.408562  0.071491 -0.000001 0.997441  0.546875 0.943006 0
0  -0.268678 0.111294 21.334360  -0.689399 0.285561 0.665721  0.554431 0.954937 0
0  -0.268678 0.111294 20.408562  0.066047 -0.027360 0.997441  0.552049 0.940885 0
beerkeg
0  0.205637 0.205640 20.408562  -0.050544 -0.050552 0.997442  0.568917 0.957856 0
0  0.268678 0.111294 21.334360  0.689400 0.285560 0.665720  0.555011 0.954739 0
0  0.268678 0.111294 20.408562  -0.066052 -0.027357 0.997441  0.566759 0.963070 0
beerkeg
0  0.290815 0.000003 20.408562  -0.071490 0.000002 0.997441  0.562751 0.967078 0
0  0.268678 -0.111287 21.334360  0.689401 -0.285559 0.665719  0.555078 0.954955 0
0  0.268678 -0.111287 20.408562  -0.066047 0.027361 0.997441  0.557496 0.969255 0
beerkeg
0  -0.111290 0.268681 21.334360  -0.285557 0.689401 0.665720  0.554546 0.954714 0
0  -0.268678 -0.111287 21.334360  -0.689402 -0.285559 0.665718  0.554514 0.955170 0
0  0.111290 -0.268674 21.334360  0.285560 -0.689400 0.665720  0.554969 0.955161 0
beerkeg
0  0.000000 -1.885688 19.831129  -0.000000 -0.942300 -0.334771  0.193583 0.730108 0
0  -0.961331 -2.320855 20.350170  -0.350051 -0.845097 -0.404072  0.194352 0.739276 0
0  -0.721623 -1.742148 19.831129  -0.360606 -0.870569 -0.334772  0.198795 0.734670 0
beerkeg
0  0.000000 1.885695 19.831129  0.000000 0.942299 -0.334771  0.193586 0.773871 0
0  0.961331 2.320861 20.350170  0.350051 0.845097 -0.404073  0.184210 0.769623 0
0  0.721623 1.742155 19.831129  0.360606 0.870569 -0.334773  0.186568 0.777266 0
beerkeg
0  -0.721623 -1.742148 19.831129  -0.360606 -0.870569 -0.334772  0.198795 0.734670 0
0  -1.776308 -1.776305 20.350170  -0.646810 -0.646810 -0.404072  0.197467 0.743045 0
0  -1.333385 -1.333382 19.831129  -0.666304 -0.666308 -0.334772  0.202451 0.740001 0
beerkeg
0  -1.333385 -1.333382 19.831129  -0.666304 -0.666308 -0.334772  0.202451 0.740001 0
0  -2.320858 -0.961328 20.350170  -0.845098 -0.350050 -0.404072  0.199402 0.747320 0
0  -1.742152 -0.721620 19.831129  -0.870572 -0.360602 -0.334770  0.204480 0.745929 0
beerkeg
0  0.721623 1.742155 19.831129  0.360606 0.870569 -0.334773  0.186568 0.777266 0
0  1.776308 1.776311 20.350170  0.646810 0.646810 -0.404072  0.177043 0.770061 0
0  1.333385 1.333389 19.831129  0.666304 0.666308 -0.334772  0.177714 0.779205 0
beerkeg
0  -1.742152 -0.721620 19.831129  -0.870572 -0.360602 -0.334770  0.204480 0.745929 0
0  -2.512078 0.000003 20.350174  -0.914727 0.000001 -0.404073  0.199929 0.751877 0
0  -1.885691 0.000003 19.831133  -0.942299 0.000000 -0.334773  0.205670 0.751880 0
beerkeg
0  1.742152 0.721626 19.831129  0.870571 0.360602 -0.334771  0.166736 0.779250 0
0  2.512078 0.000003 20.350174  0.914727 0.000000 -0.404073  0.155791 0.762716 0
0  1.885691 0.000003 19.831133  0.942299 -0.000002 -0.334773  0.154010 0.779007 0
beerkeg
0  -1.885691 0.000003 19.831133  -0.942299 0.000000 -0.334773  0.205670 0.751880 0
0  -2.320858 0.961335 20.350170  -0.845099 0.350049 -0.404071  0.199444 0.756437 0
0  -1.742152 0.721626 19.831129  -0.870572 0.360601 -0.334771  0.204628 0.757812 0
beerkeg
0  -1.742152 0.721626 19.831129  -0.870572 0.360601 -0.334771  0.204628 0.757812 0
0  -1.776308 1.776311 20.350170  -0.646810 0.646809 -0.404072  0.197513 0.760696 0
0  -1.333385 1.333389 19.831129  -0.666304 0.666307 -0.334773  0.202546 0.763700 0
beerkeg
0  1.333385 1.333389 19.831129  0.666304 0.666308 -0.334772  0.177714 0.779205 0
0  2.320858 0.961335 20.350170  0.845098 0.350050 -0.404073  0.167735 0.768213 0
0  1.742152 0.721626 19.831129  0.870571 0.360602 -0.334771  0.166736 0.779250 0
beerkeg
0  0.721623 -1.742148 19.831129  0.360601 -0.870572 -0.334771  0.186673 0.726870 0
0  0.000000 -2.512076 20.350170  -0.000000 -0.914727 -0.404072  0.189981 0.736286 0
0  0.000000 -1.885688 19.831129  -0.000000 -0.942300 -0.334771  0.193583 0.730108 0
beerkeg
0  1.333385 -1.333382 19.831129  0.666305 -0.666307 -0.334772  0.178058 0.724993 0
0  0.961331 -2.320855 20.350170  0.350051 -0.845098 -0.404072  0.184366 0.734256 0
0  0.721623 -1.742148 19.831129  0.360601 -0.870572 -0.334771  0.186673 0.726870 0
beerkeg
0  1.742152 -0.721620 19.831129  0.870572 -0.360601 -0.334770  0.167600 0.724685 0
0  1.776308 -1.776305 20.350170  0.646810 -0.646809 -0.404072  0.177444 0.733787 0
0  1.333385 -1.333382 19.831129  0.666305 -0.666307 -0.334772  0.178058 0.724993 0
beerkeg
0  1.885691 0.000003 19.831133  0.942299 -0.000002 -0.334773  0.155666 0.724862 0
0  2.320858 -0.961328 20.350170  0.845099 -0.350048 -0.404071  0.168365 0.735391 0
0  1.742152 -0.721620 19.831129  0.870572 -0.360601 -0.334770  0.167600 0.724685 0
beerkeg
0  -1.333385 1.333389 19.831129  -0.666304 0.666307 -0.334773  0.202546 0.763700 0
0  -0.961331 2.320861 20.350170  -0.350051 0.845097 -0.404073  0.194395 0.764528 0
0  -0.721623 1.742155 19.831129  -0.360600 0.870572 -0.334771  0.198862 0.769137 0
beerkeg
0  -0.721623 1.742155 19.831129  -0.360600 0.870572 -0.334771  0.198862 0.769137 0
0  0.000000 2.512083 20.350170  0.000000 0.914727 -0.404073  0.189958 0.767562 0
0  0.000000 1.885695 19.831129  0.000000 0.942299 -0.334771  0.193586 0.773871 0
beerkeg
0  -0.962648 2.324041 19.563501  -0.383368 0.910488 -0.155048  0.191894 0.761767 0
0  -1.776308 1.776311 20.350170  -0.646810 0.646809 -0.404072  0.197513 0.760696 0
0  -0.961331 2.320861 20.350170  -0.350051 0.845097 -0.404073  0.194395 0.764528 0
beerkeg
0  -1.782990 -0.738536 19.651806  -0.605554 -0.250828 0.755241  0.205949 0.745562 0
0  -1.885691 0.000003 19.831133  -0.942299 0.000000 -0.334773  0.205670 0.751880 0
0  -1.929894 0.000003 19.651810  -0.655453 -0.000002 0.755236  0.207144 0.751869 0
beerkeg
0  1.782990 0.738542 19.651806  0.605549 0.250830 0.755245  0.166699 0.782150 0
0  1.885691 0.000003 19.831133  0.942299 -0.000002 -0.334773  0.154010 0.779007 0
0  1.929894 0.000003 19.651810  0.655451 -0.000002 0.755238  0.153834 0.782205 0
beerkeg
0  1.778742 1.778745 19.563501  0.694473 0.702615 -0.155050  0.177954 0.764238 0
0  0.961331 2.320861 20.350170  0.350051 0.845097 -0.404073  0.184210 0.769623 0
0  1.776308 1.776311 20.350170  0.646810 0.646810 -0.404072  0.177043 0.770061 0
beerkeg
0  -1.364642 -1.364639 19.651806  -0.463467 -0.463471 0.755243  0.203847 0.739290 0
0  -1.742152 -0.721620 19.831129  -0.870572 -0.360602 -0.334770  0.204480 0.745929 0
0  -1.782990 -0.738536 19.651806  -0.605554 -0.250828 0.755241  0.205949 0.745562 0
beerkeg
0  0.738539 1.782993 19.651806  0.250829 0.605552 0.755243  0.187268 0.779205 0
0  1.333385 1.333389 19.831129  0.666304 0.666308 -0.334772  0.177714 0.779205 0
0  1.364642 1.364645 19.651806  0.463467 0.463471 0.755244  0.178069 0.781610 0
beerkeg
0  -1.778742 1.778745 19.563501  -0.702614 0.694474 -0.155049  0.194565 0.758869 0
0  -2.320858 0.961335 20.350170  -0.845099 0.350049 -0.404071  0.199444 0.756437 0
0  -1.776308 1.776311 20.350170  -0.646810 0.646809 -0.404072  0.197513 0.760696 0
beerkeg
0  -0.738539 -1.782987 19.651806  -0.250830 -0.605551 0.755243  0.200029 0.733577 0
0  -1.333385 -1.333382 19.831129  -0.666304 -0.666308 -0.334772  0.202451 0.740001 0
0  -1.364642 -1.364639 19.651806  -0.463467 -0.463471 0.755243  0.203847 0.739290 0
beerkeg
0  -2.324038 0.962652 19.563501  -0.914893 0.372732 -0.155052  0.196121 0.755478 0
0  -2.512078 0.000003 20.350174  -0.914727 0.000001 -0.404073  0.199929 0.751877 0
0  -2.320858 0.961335 20.350170  -0.845099 0.350049 -0.404071  0.199444 0.756437 0
beerkeg
0  0.000000 -1.929892 19.651806  0.000001 -0.655444 0.755244  0.194563 0.728685 0
0  -0.721623 -1.742148 19.831129  -0.360606 -0.870569 -0.334772  0.198795 0.734670 0
0  -0.738539 -1.782987 19.651806  -0.250830 -0.605551 0.755243  0.200029 0.733577 0
beerkeg
0  -2.515520 0.000003 19.563503  -0.987890 -0.005755 -0.155050  0.196667 0.751883 0
0  -2.320858 -0.961328 20.350170  -0.845098 -0.350050 -0.404072  0.199402 0.747320 0
0  -2.512078 0.000003 20.350174  -0.914727 0.000001 -0.404073  0.199929 0.751877 0
beerkeg
0  0.000000 1.929898 19.651806  0.000000 0.655444 0.755243  0.194574 0.775332 0
0  0.721623 1.742155 19.831129  0.360606 0.870569 -0.334773  0.186568 0.777266 0
0  0.738539 1.782993 19.651806  0.250829 0.605552 0.755243  0.187268 0.779205 0
beerkeg
0  0.738539 -1.782987 19.651806  0.250828 -0.605553 0.755242  0.187378 0.724993 0
0  0.000000 -1.885688 19.831129  -0.000000 -0.942300 -0.334771  0.193583 0.730108 0
0  0.000000 -1.929892 19.651806  0.000001 -0.655444 0.755244  0.194563 0.728685 0
beerkeg
0  1.364642 1.364645 19.651806  0.463467 0.463471 0.755244  0.178069 0.781610 0
0  1.742152 0.721626 19.831129  0.870571 0.360602 -0.334771  0.166736 0.779250 0
0  1.782990 0.738542 19.651806  0.605549 0.250830 0.755245  0.166699 0.782150 0
beerkeg
0  0.000000 2.515525 19.563501  -0.005756 0.987890 -0.155049  0.188196 0.763881 0
0  -0.961331 2.320861 20.350170  -0.350051 0.845097 -0.404073  0.194395 0.764528 0
0  0.000000 2.512083 20.350170  0.000000 0.914727 -0.404073  0.189958 0.767562 0
beerkeg
0  -2.324038 -0.962646 19.563501  -0.910489 -0.383367 -0.155049  0.196070 0.748311 0
0  -1.776308 -1.776305 20.350170  -0.646810 -0.646810 -0.404072  0.197467 0.743045 0
0  -2.320858 -0.961328 20.350170  -0.845098 -0.350050 -0.404072  0.199402 0.747320 0
beerkeg
0  0.484100 -0.000003 -17.250608  -0.120935 0.000653 -0.992660  0.450135 0.743496 0
0  0.447250 -0.185259 -17.257366  -0.099881 0.114850 -0.988349  0.448865 0.742053 0
0  0.000000 -0.000003 -17.320127  0.000001 -0.000000 -1.000000  0.445351 0.745619 0
beerkeg
0  2.228976 0.923276 19.552397  0.921971 0.381891 0.064257  0.167228 0.789831 0
0  1.705984 1.705988 19.552397  0.705647 0.705644 0.064252  0.179349 0.787653 0
0  1.364642 1.364645 19.651806  0.463467 0.463471 0.755244  0.178069 0.781610 0
beerkeg
0  0.000000 1.929898 19.651806  0.000000 0.655444 0.755243  0.194574 0.775332 0
0  0.738539 1.782993 19.651806  0.250829 0.605552 0.755243  0.187268 0.779205 0
0  0.923272 2.228979 19.552397  0.381890 0.921972 0.064250  0.189572 0.784295 0
beerkeg
0  -1.929894 0.000003 19.651810  -0.655453 -0.000002 0.755236  0.207144 0.751869 0
0  -1.885691 0.000003 19.831133  -0.942299 0.000000 -0.334773  0.205670 0.751880 0
0  -1.742152 0.721626 19.831129  -0.870572 0.360601 -0.334771  0.204628 0.757812 0
beerkeg
0  -1.782990 0.738542 19.651806  -0.605549 0.250830 0.755245  0.206120 0.758188 0
0  -1.742152 0.721626 19.831129  -0.870572 0.360601 -0.334771  0.204628 0.757812 0
0  -1.333385 1.333389 19.831129  -0.666304 0.666307 -0.334773  0.202546 0.763700 0
beerkeg
0  -0.185257 0.447247 -17.257366  0.113501 -0.098644 -0.988629  0.443050 0.749419 0
0  -0.287680 0.694516 -17.353277  0.212705 -0.334411 -0.918110  0.441786 0.751161 0
0  0.000000 0.751739 -17.341619  0.000416 -0.374634 -0.927173  0.443734 0.752182 0
beerkeg
0  2.324038 0.962652 19.563501  0.910489 0.383367 -0.155049  0.171630 0.760986 0
0  1.778742 1.778745 19.563501  0.694473 0.702615 -0.155050  0.177954 0.764238 0
0  1.776308 1.776311 20.350170  0.646810 0.646810 -0.404072  0.177043 0.770061 0
beerkeg
0  -2.725049 -1.128750 20.755989  0.300004 0.124266 0.945810  0.691154 0.749867 0
0  -2.949572 0.000003 20.755989  0.324721 0.000000 0.945810  0.691534 0.751874 0
0  -3.266846 -0.649812 20.777380  -0.876519 -0.174350 0.448683  0.691734 0.750802 0
beerkeg
0  -2.949572 0.000003 20.755989  0.324721 0.000000 0.945810  0.691534 0.751874 0
0  -3.330847 0.000003 20.777380  -0.879791 0.000000 0.475361  0.691929 0.751871 0
0  -3.266846 -0.649812 20.777380  -0.876519 -0.174350 0.448683  0.691734 0.750802 0
beerkeg
0  -0.751743 -0.000003 -17.341619  0.374638 0.000417 -0.927171  0.439000 0.745839 0
0  -0.694520 -0.287681 -17.353277  0.334414 0.212704 -0.918109  0.439221 0.743819 0
0  -0.956755 -0.396303 -17.488737  0.301131 0.208521 -0.930505  0.437172 0.743262 0
beerkeg
0  -0.342311 0.342307 -17.275925  0.126413 -0.124217 -0.984170  0.441973 0.748416 0
0  -0.531562 0.531558 -17.384787  0.302304 -0.303848 -0.903487  0.440257 0.749696 0
0  -0.287680 0.694516 -17.353277  0.212705 -0.334411 -0.918110  0.441786 0.751161 0
beerkeg
0  1.250878 0.518127 -17.588095  -0.094364 -0.140947 -0.985510  0.453881 0.756220 0
0  0.957381 0.957377 -17.655037  -0.144462 -0.137391 -0.979926  0.449659 0.757666 0
0  1.388928 1.388924 -17.709002  0.124400 0.135013 -0.983004  0.450181 0.762182 0
beerkeg
0  -0.694520 -0.287681 -17.353277  0.334414 0.212704 -0.918109  0.439221 0.743819 0
0  -0.531562 -0.531564 -17.384787  0.303848 0.302305 -0.903486  0.439988 0.741906 0
0  -0.732269 -0.732271 -17.535799  0.285123 0.281153 -0.916328  0.438120 0.740773 0
beerkeg
0  -0.447250 0.185253 -17.257366  0.099874 -0.114850 -0.988350  0.441293 0.747148 0
0  -0.694520 0.287676 -17.353277  0.332141 -0.211397 -0.919235  0.439360 0.747840 0
0  -0.531562 0.531558 -17.384787  0.302304 -0.303848 -0.903487  0.440257 0.749696 0
beerkeg
0  -0.531562 -0.531564 -17.384787  0.303848 0.302305 -0.903486  0.439988 0.741906 0
0  -0.287680 -0.694521 -17.353277  0.211396 0.332140 -0.919236  0.441412 0.740340 0
0  -0.396301 -0.956757 -17.488737  0.206908 0.300963 -0.930919  0.439902 0.738684 0
beerkeg
0  -0.484100 -0.000003 -17.250608  0.120932 -0.000653 -0.992661  0.441026 0.745769 0
0  -0.751743 -0.000003 -17.341619  0.374638 0.000417 -0.927171  0.439000 0.745839 0
0  -0.694520 0.287676 -17.353277  0.332141 -0.211397 -0.919235  0.439360 0.747840 0
beerkeg
0  -0.287680 -0.694521 -17.353277  0.211396 0.332140 -0.919236  0.441412 0.740340 0
0  0.000000 -0.751745 -17.341619  -0.000418 0.374634 -0.927173  0.443282 0.739188 0
0  0.000000 -1.035586 -17.471062  -0.001249 0.340060 -0.940403  0.442305 0.737044 0
beerkeg
0  -0.447250 -0.185259 -17.257366  0.098642 0.113502 -0.988629  0.441197 0.744375 0
0  -0.694520 -0.287681 -17.353277  0.334414 0.212704 -0.918109  0.439221 0.743819 0
0  -0.751743 -0.000003 -17.341619  0.374638 0.000417 -0.927171  0.439000 0.745839 0
beerkeg
0  0.000000 -0.751745 -17.341619  -0.000418 0.374634 -0.927173  0.443282 0.739188 0
0  0.287680 -0.694521 -17.353277  -0.212707 0.334411 -0.918109  0.445516 0.738607 0
0  0.396301 -0.956757 -17.488737  -0.208519 0.301127 -0.930507  0.445234 0.736121 0
beerkeg
0  -0.342311 -0.342312 -17.275925  0.124220 0.126414 -0.984169  0.441787 0.743064 0
0  -0.531562 -0.531564 -17.384787  0.303848 0.302305 -0.903486  0.439988 0.741906 0
0  -0.694520 -0.287681 -17.353277  0.334414 0.212704 -0.918109  0.439221 0.743819 0
beerkeg
0  0.287680 -0.694521 -17.353277  -0.212707 0.334411 -0.918109  0.445516 0.738607 0
0  0.531562 -0.531564 -17.384787  -0.302304 0.303848 -0.903487  0.447978 0.738695 0
0  0.732269 -0.732271 -17.535799  -0.281154 0.285119 -0.916329  0.448483 0.736022 0
beerkeg
0  -0.185257 -0.447252 -17.257366  0.114850 0.099878 -0.988349  0.442792 0.741990 0
0  -0.287680 -0.694521 -17.353277  0.211396 0.332140 -0.919236  0.441412 0.740340 0
0  -0.531562 -0.531564 -17.384787  0.303848 0.302305 -0.903486  0.439988 0.741906 0
beerkeg
0  0.447250 0.185253 -17.257366  -0.099126 -0.115260 -0.988377  0.449109 0.748932 0
0  0.342311 0.342307 -17.275925  -0.126413 -0.124217 -0.984170  0.447601 0.749903 0
0  0.531562 0.531558 -17.384787  -0.304608 -0.301544 -0.903485  0.448458 0.752347 0
beerkeg
0  0.531562 -0.531564 -17.384787  -0.302304 0.303848 -0.903487  0.447978 0.738695 0
0  0.694520 -0.287681 -17.353277  -0.332141 0.211397 -0.919235  0.450415 0.739799 0
0  0.956755 -0.396303 -17.488737  -0.300963 0.206906 -0.930920  0.451841 0.737213 0
beerkeg
0  0.000000 -0.484102 -17.250608  0.000658 0.120935 -0.992660  0.444100 0.741258 0
0  0.000000 -0.751745 -17.341619  -0.000418 0.374634 -0.927173  0.443282 0.739188 0
0  -0.287680 -0.694521 -17.353277  0.211396 0.332140 -0.919236  0.441412 0.740340 0
beerkeg
0  -0.732269 0.732265 -17.535799  0.281154 -0.285119 -0.916329  0.438470 0.750956 0
0  -0.956755 0.396297 -17.488737  0.300963 -0.206906 -0.930919  0.437353 0.748537 0
0  -1.250878 0.518127 -17.588095  0.094579 -0.135675 -0.986229  0.435339 0.749198 0
beerkeg
0  0.185257 -0.447252 -17.257366  -0.113501 0.098644 -0.988629  0.445636 0.740967 0
0  0.287680 -0.694521 -17.353277  -0.212707 0.334411 -0.918109  0.445516 0.738607 0
0  0.000000 -0.751745 -17.341619  -0.000418 0.374634 -0.927173  0.443282 0.739188 0
beerkeg
0  0.000000 1.964236 -17.551966  0.003541 0.288479 -0.957480  0.440191 0.760193 0
0  0.751682 1.814718 -17.596067  0.006419 0.277644 -0.960663  0.444876 0.761888 0
0  0.518131 1.250874 -17.588095  -0.135677 -0.094578 -0.986229  0.445628 0.757636 0
beerkeg
0  0.342311 -0.342312 -17.275925  -0.126410 0.124217 -0.984170  0.447294 0.741191 0
0  0.531562 -0.531564 -17.384787  -0.302304 0.303848 -0.903487  0.447978 0.738695 0
0  0.287680 -0.694521 -17.353277  -0.212707 0.334411 -0.918109  0.445516 0.738607 0
beerkeg
0  -0.878621 2.121183 19.510302  -0.106407 0.256891 -0.960565  0.204618 0.773876 0
0  -1.623480 1.623484 19.510302  -0.196622 0.196616 -0.960563  0.208809 0.766743 0
0  -1.705984 1.705988 19.552397  -0.705649 0.705643 0.064254  0.207784 0.766285 0
beerkeg
0  0.447250 -0.185259 -17.257366  -0.099881 0.114850 -0.988349  0.448865 0.742053 0
0  0.694520 -0.287681 -17.353277  -0.332141 0.211397 -0.919235  0.450415 0.739799 0
0  0.531562 -0.531564 -17.384787  -0.302304 0.303848 -0.903487  0.447978 0.738695 0
beerkeg
0  0.484100 -0.000003 -17.250608  -0.120935 0.000653 -0.992660  0.450135 0.743496 0
0  0.751743 -0.000003 -17.341619  -0.374138 0.000264 -0.927373  0.452596 0.741777 0
0  0.694520 -0.287681 -17.353277  -0.332141 0.211397 -0.919235  0.450415 0.739799 0
beerkeg
0  -0.531562 0.531558 -17.384787  0.302304 -0.303848 -0.903487  0.440257 0.749696 0
0  -0.694520 0.287676 -17.353277  0.332141 -0.211397 -0.919235  0.439360 0.747840 0
0  -0.956755 0.396297 -17.488737  0.300963 -0.206906 -0.930919  0.437353 0.748537 0
beerkeg
0  1.457266 3.518146 -16.443260  0.149356 0.655596 -0.740193  0.440624 0.774528 0
0  2.692676 2.692671 -16.764902  0.422774 0.431331 -0.797004  0.449694 0.776012 0
0  2.140902 2.140897 -17.267035  0.330621 0.340517 -0.880192  0.450265 0.770030 0
beerkeg
0  0.694520 -0.287681 -17.353277  -0.332141 0.211397 -0.919235  0.450415 0.739799 0
0  0.751743 -0.000003 -17.341619  -0.374138 0.000264 -0.927373  0.452596 0.741777 0
0  1.035584 -0.000003 -17.471062  -0.339794 -0.000000 -0.940500  0.455029 0.739588 0
beerkeg
0  0.694520 0.287676 -17.353277  -0.332730 -0.213453 -0.918547  0.450816 0.751074 0
0  0.531562 0.531558 -17.384787  -0.304608 -0.301544 -0.903485  0.448458 0.752347 0
0  0.732269 0.732265 -17.535799  -0.285123 -0.281153 -0.916328  0.449150 0.754983 0
beerkeg
0  -0.738539 1.782993 19.651806  -0.250827 0.605553 0.755243  0.200115 0.770247 0
0  -0.721623 1.742155 19.831129  -0.360600 0.870572 -0.334771  0.198862 0.769137 0
0  0.000000 1.885695 19.831129  0.000000 0.942299 -0.334771  0.193586 0.773871 0
beerkeg
0  0.000000 2.295952 19.510302  -0.000001 0.278057 -0.960565  0.198486 0.780392 0
0  0.878621 2.121183 19.510302  0.106408 0.256891 -0.960565  0.190157 0.785515 0
0  0.828792 2.000883 19.483940  0.132444 0.319750 -0.938199  0.190880 0.786938 0
beerkeg
0  0.751743 -0.000003 -17.341619  -0.374138 0.000264 -0.927373  0.452855 0.748945 0
0  0.484100 -0.000003 -17.250608  -0.120935 0.000653 -0.992660  0.450276 0.747401 0
0  0.447250 0.185253 -17.257366  -0.099126 -0.115260 -0.988377  0.449109 0.748932 0
beerkeg
0  -1.705984 1.705988 19.552397  -0.705649 0.705643 0.064254  0.207784 0.766285 0
0  -2.228976 0.923276 19.552397  -0.921971 0.381891 0.064257  0.210180 0.759141 0
0  -1.782990 0.738542 19.651806  -0.605549 0.250830 0.755245  0.206120 0.758188 0
beerkeg
0  -0.738539 1.782993 19.651806  -0.250827 0.605553 0.755243  0.200115 0.770247 0
0  0.000000 1.929898 19.651806  0.000000 0.655444 0.755243  0.194574 0.775332 0
0  0.000000 2.412630 19.552397  -0.000004 0.997934 0.064250  0.197626 0.779308 0
beerkeg
0  -0.694520 0.287676 -17.353277  0.332141 -0.211397 -0.919235  0.439360 0.747840 0
0  -0.751743 -0.000003 -17.341619  0.374638 0.000417 -0.927171  0.439000 0.745839 0
0  -1.035584 -0.000003 -17.471062  0.340057 0.001249 -0.940404  0.436887 0.745912 0
beerkeg
0  -1.035584 -0.000003 -17.471062  0.340057 0.001249 -0.940404  0.436887 0.745912 0
0  -0.956755 -0.396303 -17.488737  0.301131 0.208521 -0.930505  0.437172 0.743262 0
0  -1.250878 -0.518132 -17.588095  0.096037 0.139193 -0.985597  0.435117 0.742741 0
beerkeg
0  -0.956755 -0.396303 -17.488737  0.301131 0.208521 -0.930505  0.437172 0.743262 0
0  -0.732269 -0.732271 -17.535799  0.285123 0.281153 -0.916328  0.438120 0.740773 0
0  -0.957381 -0.957382 -17.655037  0.144462 0.137391 -0.979926  0.436259 0.739701 0
beerkeg
0  -0.732269 -0.732271 -17.535799  0.285123 0.281153 -0.916328  0.438120 0.740773 0
0  -0.396301 -0.956757 -17.488737  0.206908 0.300963 -0.930919  0.439902 0.738684 0
0  -0.518131 -1.250880 -17.588095  0.135675 0.094578 -0.986229  0.438342 0.737067 0
beerkeg
0  -0.396301 -0.956757 -17.488737  0.206908 0.300963 -0.930919  0.439902 0.738684 0
0  0.000000 -1.035586 -17.471062  -0.001249 0.340060 -0.940403  0.442305 0.737044 0
0  0.000000 -1.353943 -17.562580  -0.002273 0.115015 -0.993361  0.441226 0.734932 0
beerkeg
0  0.000000 -1.035586 -17.471062  -0.001249 0.340060 -0.940403  0.442305 0.737044 0
0  0.396301 -0.956757 -17.488737  -0.208519 0.301127 -0.930507  0.445234 0.736121 0
0  0.518131 -1.250880 -17.588095  -0.139194 0.096039 -0.985597  0.444792 0.733624 0
beerkeg
0  0.396301 -0.956757 -17.488737  -0.208519 0.301127 -0.930507  0.445234 0.736121 0
0  0.732269 -0.732271 -17.535799  -0.281154 0.285119 -0.916329  0.448483 0.736022 0
0  0.957381 -0.957382 -17.655037  -0.137390 0.144462 -0.979926  0.448804 0.733315 0
beerkeg
0  0.732269 -0.732271 -17.535799  -0.281154 0.285119 -0.916329  0.448483 0.736022 0
0  0.956755 -0.396303 -17.488737  -0.300963 0.206906 -0.930920  0.451841 0.737213 0
0  1.250878 -0.518132 -17.588095  -0.094579 0.135675 -0.986229  0.453108 0.734460 0
beerkeg
0  -1.250878 0.518127 -17.588095  0.094579 -0.135675 -0.986229  0.435339 0.749198 0
0  -1.353940 -0.000003 -17.562580  0.115013 0.002272 -0.993361  0.434784 0.745984 0
0  -1.964240 -0.000003 -17.551966  -0.288479 0.003542 -0.957480  0.431252 0.746105 0
beerkeg
0  0.956755 -0.396303 -17.488737  -0.300963 0.206906 -0.930920  0.451841 0.737213 0
0  1.035584 -0.000003 -17.471062  -0.339794 -0.000000 -0.940500  0.455029 0.739588 0
0  1.353940 -0.000003 -17.562580  -0.114159 -0.000000 -0.993463  0.457368 0.737144 0
beerkeg
0  0.396301 0.956752 -17.488737  -0.206907 -0.300963 -0.930919  0.445896 0.755110 0
0  0.732269 0.732265 -17.535799  -0.285123 -0.281153 -0.916328  0.449150 0.754983 0
0  0.531562 0.531558 -17.384787  -0.304608 -0.301544 -0.903485  0.448458 0.752347 0
beerkeg
0  -2.228976 0.923276 19.552397  -0.921971 0.381891 0.064257  0.210180 0.759141 0
0  -2.412626 0.000003 19.552393  -0.997935 -0.000008 0.064228  0.210931 0.751865 0
0  -1.929894 0.000003 19.651810  -0.655453 -0.000002 0.755236  0.207144 0.751869 0
beerkeg
0  0.000000 2.165740 19.483940  0.000000 0.346095 -0.938199  0.199405 0.781513 0
0  0.828792 2.000883 19.483940  0.132444 0.319750 -0.938199  0.190880 0.786938 0
0  0.789376 1.905724 19.421104  0.376076 0.907931 -0.185010  0.191544 0.788211 0
beerkeg
0  1.035584 -0.000003 -17.471062  -0.339794 -0.000000 -0.940500  0.455440 0.750961 0
0  0.751743 -0.000003 -17.341619  -0.374138 0.000264 -0.927373  0.452855 0.748945 0
0  0.694520 0.287676 -17.353277  -0.332730 -0.213453 -0.918547  0.450816 0.751074 0
beerkeg
0  -1.623480 1.623484 19.510302  -0.196622 0.196616 -0.960563  0.208809 0.766743 0
0  -2.121179 0.878625 19.510302  -0.256894 0.106409 -0.960564  0.211156 0.759352 0
0  -2.228976 0.923276 19.552397  -0.921971 0.381891 0.064257  0.210180 0.759141 0
beerkeg
0  -0.923272 2.228979 19.552397  -0.381891 0.921972 0.064249  0.203656 0.773149 0
0  0.000000 2.412630 19.552397  -0.000004 0.997934 0.064250  0.197626 0.779308 0
0  0.000000 2.295952 19.510302  -0.000001 0.278057 -0.960565  0.198486 0.780392 0
beerkeg
0  -1.250878 -0.518132 -17.588095  0.096037 0.139193 -0.985597  0.435117 0.742741 0
0  -0.957381 -0.957382 -17.655037  0.144462 0.137391 -0.979926  0.436259 0.739701 0
0  -1.388928 -1.388929 -17.709002  -0.124400 -0.135013 -0.983004  0.433184 0.738027 0
beerkeg
0  -0.956755 0.396297 -17.488737  0.300963 -0.206906 -0.930919  0.437353 0.748537 0
0  -1.035584 -0.000003 -17.471062  0.340057 0.001249 -0.940404  0.436887 0.745912 0
0  -1.353940 -0.000003 -17.562580  0.115013 0.002272 -0.993361  0.434784 0.745984 0
beerkeg
0  -0.957381 -0.957382 -17.655037  0.144462 0.137391 -0.979926  0.436259 0.739701 0
0  -0.518131 -1.250880 -17.588095  0.135675 0.094578 -0.986229  0.438342 0.737067 0
0  -0.751682 -1.814723 -17.596067  -0.006420 -0.277644 -0.960663  0.435627 0.734442 0
beerkeg
0  0.287680 0.694516 -17.353277  -0.211106 -0.333071 -0.918966  0.446005 0.752608 0
0  0.531562 0.531558 -17.384787  -0.304608 -0.301544 -0.903485  0.448458 0.752347 0
0  0.342311 0.342307 -17.275925  -0.126413 -0.124217 -0.984170  0.447601 0.749903 0
beerkeg
0  -0.518131 -1.250880 -17.588095  0.135675 0.094578 -0.986229  0.438342 0.737067 0
0  0.000000 -1.353943 -17.562580  -0.002273 0.115015 -0.993361  0.441226 0.734932 0
0  0.000000 -1.964242 -17.551966  -0.003540 -0.288479 -0.957480  0.439201 0.731450 0
beerkeg
0  0.000000 0.484096 -17.250608  -0.000658 -0.120935 -0.992660  0.444407 0.750058 0
0  0.000000 0.751739 -17.341619  0.000416 -0.374634 -0.927173  0.443734 0.752182 0
0  0.287680 0.694516 -17.353277  -0.211106 -0.333071 -0.918966  0.446005 0.752608 0
beerkeg
0  0.000000 -1.353943 -17.562580  -0.002273 0.115015 -0.993361  0.441226 0.734932 0
0  0.518131 -1.250880 -17.588095  -0.139194 0.096039 -0.985597  0.444792 0.733624 0
0  0.751682 -1.814723 -17.596067  0.000364 -0.275602 -0.961272  0.443750 0.729441 0
beerkeg
0  0.518131 -1.250880 -17.588095  -0.139194 0.096039 -0.985597  0.444792 0.733624 0
0  0.957381 -0.957382 -17.655037  -0.137390 0.144462 -0.979926  0.448804 0.733315 0
0  1.388928 -1.388929 -17.709002  0.135013 -0.124399 -0.983004  0.449011 0.728782 0
beerkeg
0  0.957381 -0.957382 -17.655037  -0.137390 0.144462 -0.979926  0.448804 0.733315 0
0  1.250878 -0.518132 -17.588095  -0.094579 0.135675 -0.986229  0.453108 0.734460 0
0  1.814722 -0.751684 -17.596067  0.277644 -0.006417 -0.960663  0.454894 0.729534 0
beerkeg
0  1.250878 -0.518132 -17.588095  -0.094579 0.135675 -0.986229  0.453108 0.734460 0
0  1.353940 -0.000003 -17.562580  -0.114159 -0.000000 -0.993463  0.457368 0.737144 0
0  1.964240 -0.000003 -17.551966  0.289682 -0.000000 -0.957123  0.461099 0.732432 0
beerkeg
0  0.000000 1.964236 -17.551966  0.003541 0.288479 -0.957480  0.440191 0.760193 0
0  -0.751682 1.814718 -17.596067  -0.000364 0.275602 -0.961272  0.436415 0.757450 0
0  -1.158648 2.797218 -17.045675  -0.101606 0.543989 -0.832918  0.431803 0.762152 0
beerkeg
0  1.158648 2.797218 -17.045675  0.105949 0.543162 -0.832916  0.442745 0.769195 0
0  2.140902 2.140897 -17.267035  0.330621 0.340517 -0.880192  0.450265 0.770030 0
0  1.388928 1.388924 -17.709002  0.124400 0.135013 -0.983004  0.450181 0.762182 0
beerkeg
0  0.518131 1.250874 -17.588095  -0.135677 -0.094578 -0.986229  0.445628 0.757636 0
0  0.957381 0.957377 -17.655037  -0.144462 -0.137391 -0.979926  0.449659 0.757666 0
0  0.732269 0.732265 -17.535799  -0.285123 -0.281153 -0.916328  0.449150 0.754983 0
beerkeg
0  -2.412626 0.000003 19.552393  -0.997935 -0.000008 0.064228  0.210931 0.751865 0
0  -2.228976 -0.923269 19.552397  -0.921974 -0.381882 0.064256  0.210036 0.744570 0
0  -1.782990 -0.738536 19.651806  -0.605554 -0.250828 0.755241  0.205949 0.745562 0
beerkeg
0  0.000000 2.062741 19.421104  0.000000 0.982737 -0.185011  0.200283 0.782536 0
0  0.789376 1.905724 19.421104  0.376076 0.907931 -0.185010  0.191544 0.788211 0
0  0.845871 2.042116 19.241180  0.205208 0.495416 0.844069  0.192975 0.790895 0
beerkeg
0  0.751682 1.814718 -17.596067  0.006419 0.277644 -0.960663  0.444876 0.761888 0
0  1.388928 1.388924 -17.709002  0.124400 0.135013 -0.983004  0.450181 0.762182 0
0  0.957381 0.957377 -17.655037  -0.144462 -0.137391 -0.979926  0.449659 0.757666 0
beerkeg
0  -1.531407 1.531410 19.483940  -0.244730 0.244725 -0.938199  0.209929 0.767257 0
0  -2.000879 0.828795 19.483940  -0.319746 0.132444 -0.938201  0.212280 0.759592 0
0  -2.121179 0.878625 19.510302  -0.256894 0.106409 -0.960564  0.211156 0.759352 0
beerkeg
0  -0.878621 2.121183 19.510302  -0.106407 0.256891 -0.960565  0.204618 0.773876 0
0  0.000000 2.295952 19.510302  -0.000001 0.278057 -0.960565  0.198486 0.780392 0
0  0.000000 2.165740 19.483940  0.000000 0.346095 -0.938199  0.199405 0.781513 0
beerkeg
0  -1.353940 -0.000003 -17.562580  0.115013 0.002272 -0.993361  0.434784 0.745984 0
0  -1.250878 -0.518132 -17.588095  0.096037 0.139193 -0.985597  0.435117 0.742741 0
0  -1.814722 -0.751684 -17.596067  -0.275601 -0.000365 -0.961272  0.431669 0.741927 0
beerkeg
0  0.000000 1.035581 -17.471062  0.001251 -0.340060 -0.940403  0.442906 0.754391 0
0  0.396301 0.956752 -17.488737  -0.206907 -0.300963 -0.930919  0.445896 0.755110 0
0  0.287680 0.694516 -17.353277  -0.211106 -0.333071 -0.918966  0.446005 0.752608 0
beerkeg
0  0.000000 0.751739 -17.341619  0.000416 -0.374634 -0.927173  0.443734 0.752182 0
0  -0.287680 0.694516 -17.353277  0.212705 -0.334411 -0.918110  0.441786 0.751161 0
0  -0.396301 0.956752 -17.488737  0.208520 -0.301127 -0.930506  0.440393 0.752919 0
beerkeg
0  -1.964240 -0.000003 -17.551966  -0.288479 0.003542 -0.957480  0.431252 0.746105 0
0  -1.814722 -0.751684 -17.596067  -0.275601 -0.000365 -0.961272  0.431669 0.741927 0
0  -2.797222 -1.158649 -17.045677  -0.543989 -0.101605 -0.832918  0.425670 0.740715 0
beerkeg
0  1.964240 -0.000003 -17.551966  0.289682 -0.000000 -0.957123  0.462011 0.757688 0
0  1.353940 -0.000003 -17.562580  -0.114159 -0.000000 -0.993463  0.457950 0.753239 0
0  1.250878 0.518127 -17.588095  -0.094364 -0.140947 -0.985510  0.453881 0.756220 0
beerkeg
0  -2.000879 0.828795 19.483940  -0.319746 0.132444 -0.938201  0.212280 0.759592 0
0  -2.165736 0.000003 19.483942  -0.346088 -0.000000 -0.938202  0.213173 0.751852 0
0  -2.295948 0.000003 19.510302  -0.278036 -0.000002 -0.960571  0.211999 0.751869 0
beerkeg
0  0.000000 2.210371 19.241180  0.000000 0.536235 0.844069  0.202041 0.784571 0
0  0.845871 2.042116 19.241180  0.205208 0.495416 0.844069  0.192975 0.790895 0
0  1.118690 2.700759 19.013954  0.113802 0.274741 0.954760  0.198509 0.798831 0
beerkeg
0  -1.458575 1.458579 19.421104  -0.694901 0.694898 -0.185009  0.211004 0.767717 0
0  -1.905720 0.789379 19.421104  -0.907930 0.376077 -0.185013  0.213375 0.759811 0
0  -2.000879 0.828795 19.483940  -0.319746 0.132444 -0.938201  0.212280 0.759592 0
beerkeg
0  -0.828792 2.000883 19.483940  -0.132444 0.319750 -0.938200  0.205667 0.774682 0
0  0.000000 2.165740 19.483940  0.000000 0.346095 -0.938199  0.199405 0.781513 0
0  0.000000 2.062741 19.421104  0.000000 0.982737 -0.185011  0.200283 0.782536 0
beerkeg
0  -1.388928 -1.388929 -17.709002  -0.124400 -0.135013 -0.983004  0.433184 0.738027 0
0  -0.751682 -1.814723 -17.596067  -0.006420 -0.277644 -0.960663  0.435627 0.734442 0
0  -1.158648 -2.797224 -17.045675  -0.105949 -0.543162 -0.832916  0.430712 0.730071 0
beerkeg
0  -0.751682 -1.814723 -17.596067  -0.006420 -0.277644 -0.960663  0.435627 0.734442 0
0  0.000000 -1.964242 -17.551966  -0.003540 -0.288479 -0.957480  0.439201 0.731450 0
0  0.000000 -3.027694 -16.956224  -0.003292 -0.572716 -0.819747  0.435115 0.725536 0
beerkeg
0  0.000000 -1.964242 -17.551966  -0.003540 -0.288479 -0.957480  0.439201 0.731450 0
0  0.751682 -1.814723 -17.596067  0.000364 -0.275602 -0.961272  0.443750 0.729441 0
0  1.158648 -2.797224 -17.045675  0.101606 -0.543989 -0.832918  0.441127 0.722313 0
beerkeg
0  0.000000 1.353937 -17.562580  0.002273 -0.115015 -0.993361  0.441974 0.756575 0
0  0.518131 1.250874 -17.588095  -0.135677 -0.094578 -0.986229  0.445628 0.757636 0
0  0.396301 0.956752 -17.488737  -0.206907 -0.300963 -0.930919  0.445896 0.755110 0
beerkeg
0  0.751682 -1.814723 -17.596067  0.000364 -0.275602 -0.961272  0.443750 0.729441 0
0  1.388928 -1.388929 -17.709002  0.135013 -0.124399 -0.983004  0.449011 0.728782 0
0  2.140902 -2.140903 -17.267035  0.340517 -0.330622 -0.880192  0.448553 0.720966 0
beerkeg
0  0.000000 1.035581 -17.471062  0.001251 -0.340060 -0.940403  0.442906 0.754391 0
0  -0.396301 0.956752 -17.488737  0.208520 -0.301127 -0.930506  0.440393 0.752919 0
0  -0.518131 1.250874 -17.588095  0.139194 -0.096039 -0.985597  0.438947 0.754641 0
beerkeg
0  1.388928 -1.388929 -17.709002  0.135013 -0.124399 -0.983004  0.449011 0.728782 0
0  1.814722 -0.751684 -17.596067  0.277644 -0.006417 -0.960663  0.454894 0.729534 0
0  2.797222 -1.158649 -17.045677  0.543161 -0.105948 -0.832917  0.457047 0.720272 0
beerkeg
0  1.814722 -0.751684 -17.596067  0.277644 -0.006417 -0.960663  0.454894 0.729534 0
0  1.964240 -0.000003 -17.551966  0.289682 -0.000000 -0.957123  0.461099 0.732432 0
0  3.027692 -0.000003 -16.956221  0.572933 0.000000 -0.819602  0.466579 0.722581 0
beerkeg
0  2.797222 1.158644 -17.045677  0.545107 0.098640 -0.832544  0.458810 0.770133 0
0  2.140902 2.140897 -17.267035  0.330621 0.340517 -0.880192  0.450265 0.770030 0
0  2.692676 2.692671 -16.764902  0.422774 0.431331 -0.797004  0.449694 0.776012 0
beerkeg
0  -1.905720 0.789379 19.421104  -0.907930 0.376077 -0.185013  0.213375 0.759811 0
0  -2.062737 0.000003 19.421104  -0.982737 0.000001 -0.185008  0.214295 0.751836 0
0  -2.165736 0.000003 19.483942  -0.346088 -0.000000 -0.938202  0.213173 0.751852 0
beerkeg
0  0.000000 2.923281 19.013954  -0.000000 0.297378 0.954760  0.207996 0.790342 0
0  1.118690 2.700759 19.013954  0.113802 0.274741 0.954760  0.198509 0.798831 0
0  1.533113 3.701265 18.682817  0.129627 0.312946 0.940883  0.206195 0.808520 0
beerkeg
0  3.027692 -0.000003 -16.956221  0.572933 0.000000 -0.819602  0.468185 0.767156 0
0  1.964240 -0.000003 -17.551966  0.289682 -0.000000 -0.957123  0.462011 0.757688 0
0  1.814722 0.751678 -17.596067  0.277854 -0.002380 -0.960620  0.456010 0.761021 0
beerkeg
0  -1.562966 1.562969 19.241180  -0.379176 0.379175 0.844069  0.213186 0.768592 0
0  -2.042113 0.845875 19.241180  -0.495416 0.205209 0.844069  0.215552 0.760216 0
0  -1.905720 0.789379 19.421104  -0.907930 0.376077 -0.185013  0.213375 0.759811 0
beerkeg
0  -0.789376 1.905724 19.421104  -0.376075 0.907931 -0.185011  0.206684 0.775417 0
0  0.000000 2.062741 19.421104  0.000000 0.982737 -0.185011  0.200283 0.782536 0
0  0.000000 2.210371 19.241180  0.000000 0.536235 0.844069  0.202041 0.784571 0
beerkeg
0  -1.814722 -0.751684 -17.596067  -0.275601 -0.000365 -0.961272  0.431669 0.741927 0
0  -1.388928 -1.388929 -17.709002  -0.124400 -0.135013 -0.983004  0.433184 0.738027 0
0  -2.140902 -2.140903 -17.267035  -0.330622 -0.340517 -0.880192  0.427944 0.735401 0
beerkeg
0  0.000000 1.353937 -17.562580  0.002273 -0.115015 -0.993361  0.441974 0.756575 0
0  -0.518131 1.250874 -17.588095  0.139194 -0.096039 -0.985597  0.438947 0.754641 0
0  -0.751682 1.814718 -17.596067  -0.000364 0.275602 -0.961272  0.436415 0.757450 0
beerkeg
0  -0.518131 1.250874 -17.588095  0.139194 -0.096039 -0.985597  0.438947 0.754641 0
0  -0.957381 0.957377 -17.655037  0.137390 -0.144462 -0.979926  0.436686 0.752154 0
0  -1.388928 1.388924 -17.709002  -0.135013 0.124399 -0.983004  0.433730 0.754036 0
beerkeg
0  0.000000 3.027688 -16.956224  0.003292 0.572716 -0.819747  0.436513 0.766385 0
0  1.158648 2.797218 -17.045675  0.105949 0.543162 -0.832916  0.442745 0.769195 0
0  0.751682 1.814718 -17.596067  0.006419 0.277644 -0.960663  0.444876 0.761888 0
beerkeg
0  -2.042113 0.845875 19.241180  -0.495416 0.205209 0.844069  0.215552 0.760216 0
0  -2.210367 0.000003 19.241182  -0.536235 -0.000001 0.844069  0.216476 0.751819 0
0  -2.062737 0.000003 19.421104  -0.982737 0.000001 -0.185008  0.214295 0.751836 0
beerkeg
0  0.000000 4.006221 18.682817  0.000000 0.338730 0.940883  0.216692 0.797525 0
0  1.533113 3.701265 18.682817  0.129627 0.312946 0.940883  0.206195 0.808520 0
0  1.973316 4.764008 18.217854  0.167439 0.404235 0.899199  0.214833 0.817070 0
beerkeg
0  -2.067070 2.067072 19.013954  -0.210279 0.210278 0.954760  0.220011 0.771413 0
0  -2.700756 1.118693 19.013954  -0.274741 0.113801 0.954760  0.222467 0.761511 0
0  -2.042113 0.845875 19.241180  -0.495416 0.205209 0.844069  0.215552 0.760216 0
beerkeg
0  -0.845871 2.042116 19.241180  -0.205208 0.495416 0.844069  0.208806 0.776916 0
0  0.000000 2.210371 19.241180  0.000000 0.536235 0.844069  0.202041 0.784571 0
0  0.000000 2.923281 19.013954  -0.000000 0.297378 0.954760  0.207996 0.790342 0
beerkeg
0  0.000000 3.808015 -16.310106  0.002860 0.690911 -0.722934  0.433428 0.770796 0
0  1.457266 3.518146 -16.443260  0.149356 0.655596 -0.740193  0.440624 0.774528 0
0  1.158648 2.797218 -17.045675  0.105949 0.543162 -0.832916  0.442745 0.769195 0
beerkeg
0  5.987800 2.480224 -14.971867  -0.693306 -0.417944 -0.587068  0.458788 0.805113 0
0  4.582864 4.582859 -15.700870  -0.587827 -0.587414 -0.556241  0.442347 0.801202 0
0  4.870454 4.870448 -16.318396  -0.599616 -0.600992 -0.528459  0.440593 0.804999 0
beerkeg
0  -2.700756 1.118693 19.013954  -0.274741 0.113801 0.954760  0.222467 0.761511 0
0  -2.923277 0.000003 19.013952  -0.297379 -0.000000 0.954760  0.223380 0.751729 0
0  -2.210367 0.000003 19.241182  -0.536235 -0.000001 0.844069  0.216476 0.751819 0
beerkeg
0  0.000000 5.156526 18.217854  0.000000 0.437541 0.899199  0.225284 0.803601 0
0  1.973316 4.764008 18.217854  0.167439 0.404235 0.899199  0.214833 0.817070 0
0  2.516070 6.074330 17.428715  0.217132 0.524204 0.823446  0.225292 0.826113 0
beerkeg
0  -2.832824 2.832826 18.682817  -0.239519 0.239519 0.940883  0.228970 0.774517 0
0  -3.701262 1.533117 18.682817  -0.312945 0.129626 0.940884  0.231630 0.762963 0
0  -2.700756 1.118693 19.013954  -0.274741 0.113801 0.954760  0.222467 0.761511 0
beerkeg
0  -1.118690 2.700759 19.013954  -0.113802 0.274741 0.954760  0.215154 0.781125 0
0  0.000000 2.923281 19.013954  -0.000000 0.297378 0.954760  0.207996 0.790342 0
0  0.000000 4.006221 18.682817  0.000000 0.338730 0.940883  0.216692 0.797525 0
beerkeg
0  -0.751682 1.814718 -17.596067  -0.000364 0.275602 -0.961272  0.436415 0.757450 0
0  -1.388928 1.388924 -17.709002  -0.135013 0.124399 -0.983004  0.433730 0.754036 0
0  -2.140902 2.140897 -17.267035  -0.340516 0.330622 -0.880192  0.428676 0.757014 0
beerkeg
0  -1.388928 1.388924 -17.709002  -0.135013 0.124399 -0.983004  0.433730 0.754036 0
0  -1.814722 0.751678 -17.596067  -0.277645 0.006417 -0.960662  0.431952 0.750245 0
0  -2.797222 1.158644 -17.045677  -0.543161 0.105948 -0.832917  0.426046 0.751863 0
beerkeg
0  -2.797222 1.158644 -17.045677  -0.543161 0.105948 -0.832917  0.426046 0.751863 0
0  -3.027692 -0.000003 -16.956221  -0.572715 0.003292 -0.819748  0.425029 0.746316 0
0  -3.808018 -0.000003 -16.310108  -0.690911 0.002860 -0.722934  0.420432 0.746470 0
beerkeg
0  -3.701262 1.533117 18.682817  -0.312945 0.129626 0.940884  0.231630 0.762963 0
0  -4.006217 0.000003 18.682817  -0.338730 0.000000 0.940884  0.232255 0.751587 0
0  -2.923277 0.000003 19.013952  -0.297379 -0.000000 0.954760  0.223380 0.751729 0
beerkeg
0  0.000000 6.574809 17.428715  -0.000000 0.567394 0.823446  0.235915 0.809859 0
0  2.516070 6.074330 17.428715  0.217132 0.524204 0.823446  0.225292 0.826113 0
0  3.128046 7.551770 16.132387  0.271431 0.655293 0.704923  0.238482 0.834800 0
beerkeg
0  -3.646213 3.646214 18.217854  -0.309388 0.309388 0.899199  0.237520 0.777190 0
0  -4.764006 1.973319 18.217854  -0.404234 0.167439 0.899199  0.240128 0.764240 0
0  -3.701262 1.533117 18.682817  -0.312945 0.129626 0.940884  0.231630 0.762963 0
beerkeg
0  -1.533113 3.701265 18.682817  -0.129627 0.312946 0.940883  0.224245 0.786102 0
0  0.000000 4.006221 18.682817  0.000000 0.338730 0.940883  0.216692 0.797525 0
0  0.000000 5.156526 18.217854  0.000000 0.437541 0.899199  0.225284 0.803601 0
beerkeg
0  -2.797222 -1.158649 -17.045677  -0.543989 -0.101605 -0.832918  0.425670 0.740715 0
0  -2.140902 -2.140903 -17.267035  -0.330622 -0.340517 -0.880192  0.427944 0.735401 0
0  -2.692676 -2.692677 -16.764902  -0.422774 -0.431332 -0.797004  0.423962 0.733572 0
beerkeg
0  -2.140902 -2.140903 -17.267035  -0.330622 -0.340517 -0.880192  0.427944 0.735401 0
0  -1.158648 -2.797224 -17.045675  -0.105949 -0.543162 -0.832916  0.430712 0.730071 0
0  -1.457266 -3.518152 -16.443260  -0.149357 -0.655597 -0.740193  0.426876 0.727003 0
beerkeg
0  -1.158648 -2.797224 -17.045675  -0.105949 -0.543162 -0.832916  0.430712 0.730071 0
0  0.000000 -3.027694 -16.956224  -0.003292 -0.572716 -0.819747  0.435115 0.725536 0
0  0.000000 -3.808020 -16.310106  -0.002860 -0.690912 -0.722934  0.431745 0.721354 0
beerkeg
0  0.000000 -3.027694 -16.956224  -0.003292 -0.572716 -0.819747  0.435115 0.725536 0
0  1.158648 -2.797224 -17.045675  0.101606 -0.543989 -0.832918  0.441127 0.722313 0
0  1.457266 -3.518152 -16.443260  0.146173 -0.656759 -0.739798  0.438652 0.717151 0
beerkeg
0  1.158648 -2.797224 -17.045675  0.101606 -0.543989 -0.832918  0.441127 0.722313 0
0  2.140902 -2.140903 -17.267035  0.340517 -0.330622 -0.880192  0.448553 0.720966 0
0  2.692676 -2.692677 -16.764902  0.431332 -0.422774 -0.797004  0.447573 0.715054 0
beerkeg
0  2.140902 -2.140903 -17.267035  0.340517 -0.330622 -0.880192  0.448553 0.720966 0
0  2.797222 -1.158649 -17.045677  0.543161 -0.105948 -0.832917  0.457047 0.720272 0
0  3.518151 -1.457267 -16.443262  0.655597 -0.149358 -0.740192  0.457733 0.712956 0
beerkeg
0  2.797222 -1.158649 -17.045677  0.543161 -0.105948 -0.832917  0.457047 0.720272 0
0  3.027692 -0.000003 -16.956221  0.572933 0.000000 -0.819602  0.466579 0.722581 0
0  3.808018 -0.000003 -16.310108  0.690902 -0.000000 -0.722949  0.469437 0.714180 0
beerkeg
0  0.000000 4.431412 -15.639372  0.002093 0.798026 -0.602619  0.430617 0.774423 0
0  1.695830 4.094090 -15.813976  0.201898 0.757560 -0.620758  0.438435 0.778976 0
0  1.457266 3.518146 -16.443260  0.149356 0.655596 -0.740193  0.440624 0.774528 0
beerkeg
0  3.518151 1.457262 -16.443262  0.657515 0.143453 -0.739659  0.460008 0.777406 0
0  2.692676 2.692671 -16.764902  0.422774 0.431331 -0.797004  0.449694 0.776012 0
0  3.133485 3.133480 -16.227243  0.514991 0.521279 -0.680480  0.448800 0.781226 0
beerkeg
0  -4.764006 1.973319 18.217854  -0.404234 0.167439 0.899199  0.240128 0.764240 0
0  -5.156522 0.000003 18.217854  -0.437540 0.000000 0.899199  0.240840 0.751443 0
0  -4.006217 0.000003 18.682817  -0.338730 0.000000 0.940884  0.232255 0.751587 0
beerkeg
0  0.000000 8.173977 16.132387  0.000000 0.709284 0.704923  0.248115 0.815756 0
0  3.128046 7.551770 16.132387  0.271431 0.655293 0.704923  0.238482 0.834800 0
0  3.652917 8.818918 14.478187  0.320617 0.774038 0.545957  0.251817 0.841598 0
beerkeg
0  -4.649090 4.649092 17.428717  -0.401208 0.401208 0.823446  0.247478 0.779557 0
0  -6.074327 2.516072 17.428717  -0.524203 0.217132 0.823447  0.249786 0.765206 0
0  -4.764006 1.973319 18.217854  -0.404234 0.167439 0.899199  0.240128 0.764240 0
beerkeg
0  -1.973316 4.764008 18.217854  -0.167440 0.404235 0.899199  0.232731 0.790316 0
0  0.000000 5.156526 18.217854  0.000000 0.437541 0.899199  0.225284 0.803601 0
0  0.000000 6.574809 17.428715  -0.000000 0.567394 0.823446  0.235915 0.809859 0
beerkeg
0  -3.027692 -0.000003 -16.956221  -0.572715 0.003292 -0.819748  0.425029 0.746316 0
0  -2.797222 -1.158649 -17.045677  -0.543989 -0.101605 -0.832918  0.425670 0.740715 0
0  -3.518151 -1.457267 -16.443262  -0.656759 -0.146173 -0.739798  0.421204 0.739905 0
beerkeg
0  -3.518151 1.457262 -16.443262  -0.655598 0.149358 -0.740192  0.421642 0.752971 0
0  -3.808018 -0.000003 -16.310108  -0.690911 0.002860 -0.722934  0.420432 0.746470 0
0  -4.431415 -0.000003 -15.639370  -0.798027 0.002092 -0.602618  0.416543 0.746600 0
beerkeg
0  3.808018 -0.000003 -16.310108  0.690902 -0.000000 -0.722949  0.471636 0.775361 0
0  3.027692 -0.000003 -16.956221  0.572933 0.000000 -0.819602  0.468185 0.767156 0
0  2.797222 1.158644 -17.045677  0.545107 0.098640 -0.832544  0.458810 0.770133 0
beerkeg
0  -6.074327 2.516072 17.428717  -0.524203 0.217132 0.823447  0.249786 0.765206 0
0  -6.574806 0.000003 17.428717  -0.567394 -0.000000 0.823447  0.250282 0.751155 0
0  -5.156522 0.000003 18.217854  -0.437540 0.000000 0.899199  0.240840 0.751443 0
beerkeg
0  0.000000 9.545530 14.478187  -0.000000 0.837813 0.545957  0.260041 0.820293 0
0  3.652917 8.818918 14.478187  0.320617 0.774038 0.545957  0.251817 0.841598 0
0  4.003628 9.665610 12.706214  0.357459 0.862982 0.357051  0.263956 0.846318 0
beerkeg
0  -5.779874 5.779874 16.132389  -0.501539 0.501540 0.704923  0.258477 0.781908 0
0  -7.551769 3.128047 16.132389  -0.655293 0.271431 0.704923  0.260412 0.766248 0
0  -6.074327 2.516072 17.428717  -0.524203 0.217132 0.823447  0.249786 0.765206 0
beerkeg
0  -2.516070 6.074330 17.428715  -0.217132 0.524204 0.823446  0.243085 0.794407 0
0  0.000000 6.574809 17.428715  -0.000000 0.567394 0.823446  0.235915 0.809859 0
0  0.000000 8.173977 16.132387  0.000000 0.709284 0.704923  0.248115 0.815756 0
beerkeg
0  -3.518151 -1.457267 -16.443262  -0.656759 -0.146173 -0.739798  0.421204 0.739905 0
0  -2.692676 -2.692677 -16.764902  -0.422774 -0.431332 -0.797004  0.423962 0.733572 0
0  -3.133485 -3.133485 -16.227243  -0.514990 -0.521279 -0.680480  0.420466 0.732067 0
beerkeg
0  -2.692676 -2.692677 -16.764902  -0.422774 -0.431332 -0.797004  0.423962 0.733572 0
0  -1.457266 -3.518152 -16.443260  -0.149357 -0.655597 -0.740193  0.426876 0.727003 0
0  -1.695830 -4.094095 -15.813974  -0.201898 -0.757560 -0.620757  0.423533 0.724434 0
beerkeg
0  -1.457266 -3.518152 -16.443260  -0.149357 -0.655597 -0.740193  0.426876 0.727003 0
0  0.000000 -3.808020 -16.310106  -0.002860 -0.690912 -0.722934  0.431745 0.721354 0
0  0.000000 -4.431417 -15.639370  -0.002093 -0.798027 -0.602619  0.428702 0.717935 0
beerkeg
0  0.000000 -3.808020 -16.310106  -0.002860 -0.690912 -0.722934  0.431745 0.721354 0
0  1.457266 -3.518152 -16.443260  0.146173 -0.656759 -0.739798  0.438652 0.717151 0
0  1.695830 -4.094095 -15.813974  0.200001 -0.758610 -0.620088  0.436172 0.712875 0
beerkeg
0  1.457266 -3.518152 -16.443260  0.146173 -0.656759 -0.739798  0.438652 0.717151 0
0  2.692676 -2.692677 -16.764902  0.431332 -0.422774 -0.797004  0.447573 0.715054 0
0  3.133485 -3.133485 -16.227243  0.521279 -0.514990 -0.680480  0.446326 0.709930 0
beerkeg
0  2.692676 -2.692677 -16.764902  0.431332 -0.422774 -0.797004  0.447573 0.715054 0
0  3.518151 -1.457267 -16.443262  0.655597 -0.149358 -0.740192  0.457733 0.712956 0
0  4.094094 -1.695831 -15.813973  0.757561 -0.201898 -0.620757  0.457864 0.706562 0
beerkeg
0  3.518151 -1.457267 -16.443262  0.655597 -0.149358 -0.740192  0.457733 0.712956 0
0  3.808018 -0.000003 -16.310108  0.690902 -0.000000 -0.722949  0.469437 0.714180 0
0  4.431415 -0.000003 -15.639370  0.797909 -0.000000 -0.602778  0.471133 0.706795 0
beerkeg
0  0.000000 4.930743 -14.850644  0.001405 0.862106 -0.506726  0.427744 0.777823 0
0  1.886915 4.555411 -15.062880  0.236867 0.819417 -0.521967  0.435874 0.783175 0
0  1.695830 4.094090 -15.813976  0.201898 0.757560 -0.620758  0.438435 0.778976 0
beerkeg
0  4.094094 1.695826 -15.813973  0.759071 0.197904 -0.620198  0.460585 0.783797 0
0  3.133485 3.133480 -16.227243  0.514991 0.521279 -0.680480  0.448800 0.781226 0
0  3.486564 3.486559 -15.556450  0.580512 0.584634 -0.566754  0.447513 0.786682 0
beerkeg
0  -7.551769 3.128047 16.132389  -0.655293 0.271431 0.704923  0.260412 0.766248 0
0  -8.173974 0.000003 16.132389  -0.709284 0.000000 0.704923  0.260959 0.750934 0
0  -6.574806 0.000003 17.428717  -0.567394 -0.000000 0.823447  0.250282 0.751155 0
beerkeg
0  0.000000 10.461981 12.706214  0.000000 0.934085 0.357051  0.270658 0.823456 0
0  4.003628 9.665610 12.706214  0.357459 0.862982 0.357051  0.263956 0.846318 0
0  4.208339 10.159825 10.714399  0.376997 0.910150 0.171756  0.276465 0.849854 0
beerkeg
0  -6.749708 6.749709 14.478188  -0.592423 0.592423 0.545957  0.268681 0.783614 0
0  -8.818918 3.652918 14.478188  -0.774038 0.320617 0.545957  0.270417 0.766919 0
0  -7.551769 3.128047 16.132389  -0.655293 0.271431 0.704923  0.260412 0.766248 0
beerkeg
0  -3.128046 7.551770 16.132387  -0.271431 0.655293 0.704923  0.254398 0.798307 0
0  0.000000 8.173977 16.132387  0.000000 0.709284 0.704923  0.248115 0.815756 0
0  0.000000 9.545530 14.478187  -0.000000 0.837813 0.545957  0.260041 0.820293 0
beerkeg
0  1.695830 4.094090 -15.813976  0.201898 0.757560 -0.620758  0.438435 0.778976 0
0  3.133485 3.133480 -16.227243  0.514991 0.521279 -0.680480  0.448800 0.781226 0
0  2.692676 2.692671 -16.764902  0.422774 0.431331 -0.797004  0.449694 0.776012 0
beerkeg
0  -3.808018 -0.000003 -16.310108  -0.690911 0.002860 -0.722934  0.420432 0.746470 0
0  -3.518151 -1.457267 -16.443262  -0.656759 -0.146173 -0.739798  0.421204 0.739905 0
0  -4.094094 -1.695831 -15.813973  -0.758611 -0.200002 -0.620087  0.417367 0.739324 0
beerkeg
0  0.000000 3.027688 -16.956224  0.003292 0.572716 -0.819747  0.436513 0.766385 0
0  -1.158648 2.797218 -17.045675  -0.101606 0.543989 -0.832918  0.431803 0.762152 0
0  -1.457266 3.518146 -16.443260  -0.146173 0.656758 -0.739799  0.428178 0.765479 0
beerkeg
0  -1.158648 2.797218 -17.045675  -0.101606 0.543989 -0.832918  0.431803 0.762152 0
0  -2.140902 2.140897 -17.267035  -0.340516 0.330622 -0.880192  0.428676 0.757014 0
0  -2.692676 2.692671 -16.764902  -0.431331 0.422774 -0.797004  0.424822 0.759110 0
beerkeg
0  -4.094094 1.695826 -15.813973  -0.757561 0.201898 -0.620757  0.417850 0.753808 0
0  -4.431415 -0.000003 -15.639370  -0.798027 0.002092 -0.602618  0.416543 0.746600 0
0  -4.930746 -0.000002 -14.850643  -0.862106 0.001405 -0.506725  0.412792 0.746725 0
beerkeg
0  4.431415 -0.000003 -15.639370  0.797909 -0.000000 -0.602778  0.473854 0.782636 0
0  3.808018 -0.000003 -16.310108  0.690902 -0.000000 -0.722949  0.471636 0.775361 0
0  3.518151 1.457262 -16.443262  0.657515 0.143453 -0.739659  0.460008 0.777406 0
beerkeg
0  -8.818918 3.652918 14.478188  -0.774038 0.320617 0.545957  0.270417 0.766919 0
0  -9.545528 0.000002 14.478188  -0.837813 0.000000 0.545957  0.270716 0.750699 0
0  -8.173974 0.000003 16.132389  -0.709284 0.000000 0.704923  0.260959 0.750934 0
beerkeg
0  0.000000 10.996918 10.714399  0.000000 0.985140 0.171755  0.281472 0.825903 0
0  4.208339 10.159825 10.714399  0.376997 0.910150 0.171756  0.276465 0.849854 0
0  4.288115 10.352421 8.312496  0.382219 0.922758 0.049262  0.291259 0.852590 0
beerkeg
0  -7.397738 7.397738 12.706215  -0.660498 0.660498 0.357051  0.277582 0.784780 0
0  -9.665609 4.003629 12.706215  -0.862982 0.357459 0.357051  0.279006 0.767336 0
0  -8.818918 3.652918 14.478188  -0.774038 0.320617 0.545957  0.270417 0.766919 0
beerkeg
0  -3.652917 8.818918 14.478187  -0.320617 0.774039 0.545957  0.265380 0.801187 0
0  0.000000 9.545530 14.478187  -0.000000 0.837813 0.545957  0.260041 0.820293 0
0  0.000000 10.461981 12.706214  0.000000 0.934085 0.357051  0.270658 0.823456 0
beerkeg
0  -4.094094 -1.695831 -15.813973  -0.758611 -0.200002 -0.620087  0.417367 0.739324 0
0  -3.133485 -3.133485 -16.227243  -0.514990 -0.521279 -0.680480  0.420466 0.732067 0
0  -3.486564 -3.486564 -15.556448  -0.580512 -0.584634 -0.566753  0.416765 0.730561 0
beerkeg
0  -3.133485 -3.133485 -16.227243  -0.514990 -0.521279 -0.680480  0.420466 0.732067 0
0  -1.695830 -4.094095 -15.813974  -0.201898 -0.757560 -0.620757  0.423533 0.724434 0
0  -1.886915 -4.555416 -15.062878  -0.236867 -0.819417 -0.521967  0.420238 0.721867 0
beerkeg
0  -1.695830 -4.094095 -15.813974  -0.201898 -0.757560 -0.620757  0.423533 0.724434 0
0  0.000000 -4.431417 -15.639370  -0.002093 -0.798027 -0.602619  0.428702 0.717935 0
0  0.000000 -4.930748 -14.850642  -0.001405 -0.862106 -0.506726  0.425614 0.714745 0
beerkeg
0  0.000000 -4.431417 -15.639370  -0.002093 -0.798027 -0.602619  0.428702 0.717935 0
0  1.695830 -4.094095 -15.813974  0.200001 -0.758610 -0.620088  0.436172 0.712875 0
0  1.886915 -4.555416 -15.062878  0.235859 -0.820052 -0.521426  0.433340 0.708874 0
beerkeg
0  1.695830 -4.094095 -15.813974  0.200001 -0.758610 -0.620088  0.436172 0.712875 0
0  3.133485 -3.133485 -16.227243  0.521279 -0.514990 -0.680480  0.446326 0.709930 0
0  3.486564 -3.486564 -15.556448  0.584635 -0.580511 -0.566753  0.444672 0.704594 0
beerkeg
0  3.133485 -3.133485 -16.227243  0.521279 -0.514990 -0.680480  0.446326 0.709930 0
0  4.094094 -1.695831 -15.813973  0.757561 -0.201898 -0.620757  0.457864 0.706562 0
0  4.555415 -1.886916 -15.062879  0.819417 -0.236867 -0.521967  0.457765 0.700157 0
beerkeg
0  4.094094 -1.695831 -15.813973  0.757561 -0.201898 -0.620757  0.457864 0.706562 0
0  4.431415 -0.000003 -15.639370  0.797909 -0.000000 -0.602778  0.471133 0.706795 0
0  4.930746 -0.000002 -14.850643  0.862024 -0.000000 -0.506867  0.472175 0.699403 0
beerkeg
0  0.000000 5.307916 -14.166066  0.001573 0.672395 -0.740191  0.425367 0.780448 0
0  2.031254 4.903874 -14.407843  0.101499 0.648097 -0.754764  0.433528 0.786370 0
0  1.886915 4.555411 -15.062880  0.236867 0.819417 -0.521967  0.435874 0.783175 0
beerkeg
0  4.555415 1.886911 -15.062879  0.820373 0.234421 -0.521570  0.460932 0.790219 0
0  3.486564 3.486559 -15.556450  0.580512 0.584634 -0.566754  0.447513 0.786682 0
0  3.753267 3.753262 -14.962024  0.427294 0.431150 -0.794689  0.446075 0.791543 0
beerkeg
0  -9.665609 4.003629 12.706215  -0.862982 0.357459 0.357051  0.279006 0.767336 0
0  -10.461980 0.000002 12.706216  -0.934085 -0.000000 0.357051  0.279118 0.750517 0
0  -9.545528 0.000002 14.478188  -0.837813 0.000000 0.545957  0.270716 0.750699 0
beerkeg
0  0.000000 11.205381 8.312496  -0.000000 0.998786 0.049262  0.294172 0.827607 0
0  4.288115 10.352421 8.312496  0.382219 0.922758 0.049262  0.291259 0.852590 0
0  4.301918 10.385744 5.413615  0.382681 0.923872 0.003919  0.309459 0.854222 0
beerkeg
0  1.886915 4.555411 -15.062880  0.236867 0.819417 -0.521967  0.435874 0.783175 0
0  3.486564 3.486559 -15.556450  0.580512 0.584634 -0.566754  0.447513 0.786682 0
0  3.133485 3.133480 -16.227243  0.514991 0.521279 -0.680480  0.448800 0.781226 0
beerkeg
0  -7.775996 7.775995 10.714400  -0.696599 0.696599 0.171755  0.286586 0.785566 0
0  -10.159826 4.208340 10.714401  -0.910150 0.376997 0.171756  0.287503 0.767674 0
0  -9.665609 4.003629 12.706215  -0.862982 0.357459 0.357051  0.279006 0.767336 0
beerkeg
0  -4.003628 9.665610 12.706214  -0.357459 0.862982 0.357051  0.274977 0.803175 0
0  0.000000 10.461981 12.706214  0.000000 0.934085 0.357051  0.270658 0.823456 0
0  0.000000 10.996918 10.714399  0.000000 0.985140 0.171755  0.281472 0.825903 0
beerkeg
0  -4.431415 -0.000003 -15.639370  -0.798027 0.002092 -0.602618  0.416543 0.746600 0
0  -4.094094 -1.695831 -15.813973  -0.758611 -0.200002 -0.620087  0.417367 0.739324 0
0  -4.555415 -1.886916 -15.062879  -0.820052 -0.235858 -0.521426  0.413563 0.738933 0
beerkeg
0  0.000000 3.808015 -16.310106  0.002860 0.690911 -0.722934  0.433428 0.770796 0
0  -1.457266 3.518146 -16.443260  -0.146173 0.656758 -0.739799  0.428178 0.765479 0
0  -1.695830 4.094090 -15.813976  -0.200002 0.758610 -0.620089  0.425008 0.768273 0
beerkeg
0  -1.457266 3.518146 -16.443260  -0.146173 0.656758 -0.739799  0.428178 0.765479 0
0  -2.692676 2.692671 -16.764902  -0.431331 0.422774 -0.797004  0.424822 0.759110 0
0  -3.133485 3.133480 -16.227243  -0.521280 0.514989 -0.680480  0.421430 0.760850 0
beerkeg
0  -4.555415 1.886911 -15.062879  -0.819417 0.236867 -0.521967  0.414077 0.754452 0
0  -4.930746 -0.000002 -14.850643  -0.862106 0.001405 -0.506725  0.412792 0.746725 0
0  -5.307920 -0.000002 -14.166062  -0.672392 0.001573 -0.740194  0.409824 0.746823 0
beerkeg
0  4.930746 -0.000002 -14.850643  0.862024 -0.000000 -0.506867  0.475418 0.789965 0
0  4.431415 -0.000003 -15.639370  0.797909 -0.000000 -0.602778  0.473854 0.782636 0
0  4.094094 1.695826 -15.813973  0.759071 0.197904 -0.620198  0.460585 0.783797 0
beerkeg
0  -10.159826 4.208340 10.714401  -0.910150 0.376997 0.171756  0.287503 0.767674 0
0  -10.996917 0.000002 10.714402  -0.985140 -0.000000 0.171755  0.287491 0.750350 0
0  -10.461980 0.000002 12.706216  -0.934085 -0.000000 0.357051  0.279118 0.750517 0
beerkeg
0  0.000000 11.241449 5.413615  -0.000000 0.999992 0.003919  0.309599 0.828327 0
0  4.301918 10.385744 5.413615  0.382681 0.923872 0.003919  0.309459 0.854222 0
0  4.297015 10.373906 2.625173  0.382668 0.923842 -0.008945  0.327031 0.853463 0
beerkeg
0  -7.923401 7.923400 8.312497  -0.706248 0.706248 0.049261  0.296936 0.786214 0
0  -10.352422 4.288115 8.312497  -0.922758 0.382219 0.049261  0.297332 0.767878 0
0  -10.159826 4.208340 10.714401  -0.910150 0.376997 0.171756  0.287503 0.767674 0
beerkeg
0  -4.208339 10.159825 10.714399  -0.376997 0.910150 0.171755  0.284630 0.804707 0
0  0.000000 10.996918 10.714399  0.000000 0.985140 0.171755  0.281472 0.825903 0
0  0.000000 11.205381 8.312496  -0.000000 0.998786 0.049262  0.294172 0.827607 0
beerkeg
0  -4.555415 -1.886916 -15.062879  -0.820052 -0.235858 -0.521426  0.413563 0.738933 0
0  -3.486564 -3.486564 -15.556448  -0.580512 -0.584634 -0.566753  0.416765 0.730561 0
0  -3.753267 -3.753267 -14.962022  -0.427295 -0.431150 -0.794688  0.413421 0.729273 0
beerkeg
0  -3.486564 -3.486564 -15.556448  -0.580512 -0.584634 -0.566753  0.416765 0.730561 0
0  -1.886915 -4.555416 -15.062878  -0.236867 -0.819417 -0.521967  0.420238 0.721867 0
0  -2.031254 -4.903879 -14.407841  -0.101498 -0.648097 -0.754764  0.417619 0.719757 0
beerkeg
0  -1.886915 -4.555416 -15.062878  -0.236867 -0.819417 -0.521967  0.420238 0.721867 0
0  0.000000 -4.930748 -14.850642  -0.001405 -0.862106 -0.506726  0.425614 0.714745 0
0  0.000000 -5.307921 -14.166064  -0.001573 -0.672395 -0.740191  0.423074 0.712293 0
beerkeg
0  0.000000 -4.930748 -14.850642  -0.001405 -0.862106 -0.506726  0.425614 0.714745 0
0  1.886915 -4.555416 -15.062878  0.235859 -0.820052 -0.521426  0.433340 0.708874 0
0  2.031254 -4.903879 -14.407841  0.100487 -0.648233 -0.754782  0.430791 0.705856 0
beerkeg
0  1.886915 -4.555416 -15.062878  0.235859 -0.820052 -0.521426  0.433340 0.708874 0
0  3.486564 -3.486564 -15.556448  0.584635 -0.580511 -0.566753  0.444672 0.704594 0
0  3.753267 -3.753267 -14.962022  0.431150 -0.427295 -0.794688  0.442911 0.699862 0
beerkeg
0  3.486564 -3.486564 -15.556448  0.584635 -0.580511 -0.566753  0.444672 0.704594 0
0  4.555415 -1.886916 -15.062879  0.819417 -0.236867 -0.521967  0.457765 0.700157 0
0  4.903879 -2.031254 -14.407840  0.648097 -0.101499 -0.754764  0.457588 0.694944 0
beerkeg
0  4.555415 -1.886916 -15.062879  0.819417 -0.236867 -0.521967  0.457765 0.700157 0
0  4.930746 -0.000002 -14.850643  0.862024 -0.000000 -0.506867  0.472175 0.699403 0
0  5.307920 -0.000002 -14.166062  0.672490 0.000000 -0.740106  0.472720 0.693426 0
beerkeg
0  5.578187 -0.000002 -14.021638  0.043821 -0.000000 -0.999039  0.476791 0.798211 0
0  5.307920 -0.000002 -14.166062  0.672490 0.000000 -0.740106  0.476383 0.795913 0
0  4.903879 2.031249 -14.407840  0.648768 0.099022 -0.754516  0.461118 0.795452 0
beerkeg
0  -10.352422 4.288115 8.312497  -0.922758 0.382219 0.049261  0.297332 0.767878 0
0  -11.205379 0.000001 8.312498  -0.998786 0.000000 0.049261  0.297161 0.750153 0
0  -10.996917 0.000002 10.714402  -0.985140 -0.000000 0.171755  0.287491 0.750350 0
beerkeg
0  0.000000 11.228636 2.625173  0.000000 0.999960 -0.008945  0.324502 0.827798 0
0  4.297015 10.373906 2.625173  0.382668 0.923842 -0.008945  0.327031 0.853463 0
0  4.282838 10.339681 -0.158997  0.382666 0.923837 -0.009584  0.344154 0.850434 0
beerkeg
0  2.031254 4.903874 -14.407843  0.101499 0.648097 -0.754764  0.433528 0.786370 0
0  3.753267 3.753262 -14.962024  0.427294 0.431150 -0.794689  0.446075 0.791543 0
0  3.486564 3.486559 -15.556450  0.580512 0.584634 -0.566754  0.447513 0.786682 0
beerkeg
0  -7.948905 7.948903 5.413616  -0.707101 0.707101 0.003919  0.309441 0.786358 0
0  -10.385744 4.301917 5.413617  -0.923872 0.382681 0.003919  0.309179 0.767765 0
0  -10.352422 4.288115 8.312497  -0.922758 0.382219 0.049261  0.297332 0.767878 0
beerkeg
0  -4.288115 10.352421 8.312496  -0.382219 0.922758 0.049262  0.295899 0.805816 0
0  0.000000 11.205381 8.312496  -0.000000 0.998786 0.049262  0.294172 0.827607 0
0  0.000000 11.241449 5.413615  -0.000000 0.999992 0.003919  0.309599 0.828327 0
beerkeg
0  -4.930746 -0.000002 -14.850643  -0.862106 0.001405 -0.506725  0.412792 0.746725 0
0  -4.555415 -1.886916 -15.062879  -0.820052 -0.235858 -0.521426  0.413563 0.738933 0
0  -4.903879 -2.031254 -14.407840  -0.648233 -0.100486 -0.754782  0.410500 0.738775 0
beerkeg
0  0.000000 4.431412 -15.639372  0.002093 0.798026 -0.602619  0.430617 0.774423 0
0  -1.695830 4.094090 -15.813976  -0.200002 0.758610 -0.620089  0.425008 0.768273 0
0  -1.886915 4.555411 -15.062880  -0.235858 0.820052 -0.521426  0.421886 0.771060 0
beerkeg
0  -1.695830 4.094090 -15.813976  -0.200002 0.758610 -0.620089  0.425008 0.768273 0
0  -3.133485 3.133480 -16.227243  -0.521280 0.514989 -0.680480  0.421430 0.760850 0
0  -3.486564 3.486559 -15.556450  -0.584635 0.580510 -0.566754  0.417833 0.762601 0
beerkeg
0  -3.753267 3.753262 -14.962024  -0.431151 0.427294 -0.794688  0.414577 0.764112 0
0  -4.903879 2.031249 -14.407840  -0.648096 0.101499 -0.754765  0.411029 0.754812 0
0  -5.153573 2.134676 -14.284577  -0.055177 -0.186051 -0.980990  0.409895 0.755013 0
beerkeg
0  0.000000 6.124191 -14.192673  0.001846 -0.577731 -0.816225  0.422611 0.783331 0
0  2.343629 5.658014 -14.499711  -0.373451 -0.510036 -0.774853  0.431247 0.790342 0
0  2.134681 5.153569 -14.284579  -0.186049 0.055178 -0.980990  0.432692 0.787604 0
beerkeg
0  5.307920 -0.000002 -14.166062  0.672490 0.000000 -0.740106  0.476383 0.795913 0
0  4.930746 -0.000002 -14.850643  0.862024 -0.000000 -0.506867  0.475418 0.789965 0
0  4.555415 1.886911 -15.062879  0.820373 0.234421 -0.521570  0.460932 0.790219 0
beerkeg
0  -10.385744 4.301917 5.413617  -0.923872 0.382681 0.003919  0.309179 0.767765 0
0  -11.241448 0.000001 5.413617  -0.999992 0.000000 0.003920  0.308775 0.749847 0
0  -11.205379 0.000001 8.312498  -0.998786 0.000000 0.049261  0.297161 0.750153 0
beerkeg
0  0.000000 11.191591 -0.158997  0.000000 0.999954 -0.009584  0.339153 0.826034 0
0  4.282838 10.339681 -0.158997  0.382666 0.923837 -0.009584  0.344154 0.850434 0
0  4.277409 10.326573 -2.581951  0.382682 0.923876 -0.002893  0.358309 0.846352 0
beerkeg
0  -7.939847 7.939842 2.625174  -0.707079 0.707078 -0.008945  0.321498 0.786016 0
0  -10.373908 4.297013 2.625174  -0.923843 0.382668 -0.008945  0.320619 0.767465 0
0  -10.385744 4.301917 5.413617  -0.923872 0.382681 0.003919  0.309179 0.767765 0
beerkeg
0  -4.301918 10.385744 5.413615  -0.382681 0.923872 0.003919  0.309582 0.806366 0
0  0.000000 11.241449 5.413615  -0.000000 0.999992 0.003919  0.309599 0.828327 0
0  0.000000 11.228636 2.625173  0.000000 0.999960 -0.008945  0.324502 0.827798 0
beerkeg
0  -5.307920 -0.000002 -14.166062  -0.672392 0.001573 -0.740194  0.409824 0.746823 0
0  -4.903879 -2.031254 -14.407840  -0.648233 -0.100486 -0.754782  0.410500 0.738775 0
0  -5.153573 -2.134681 -14.284577  -0.054376 0.186997 -0.980854  0.409356 0.738649 0
beerkeg
0  -4.903879 -2.031254 -14.407840  -0.648233 -0.100486 -0.754782  0.410500 0.738775 0
0  -3.753267 -3.753267 -14.962022  -0.427295 -0.431150 -0.794688  0.413421 0.729273 0
0  -3.944375 -3.944374 -14.880723  0.115724 0.109984 -0.987174  0.412095 0.728781 0
beerkeg
0  -3.753267 -3.753267 -14.962022  -0.427295 -0.431150 -0.794688  0.413421 0.729273 0
0  -2.031254 -4.903879 -14.407841  -0.101498 -0.648097 -0.754764  0.417619 0.719757 0
0  -2.134681 -5.153574 -14.284577  0.186050 -0.055177 -0.980990  0.416574 0.719040 0
beerkeg
0  -2.031254 -4.903879 -14.407841  -0.101498 -0.648097 -0.754764  0.417619 0.719757 0
0  0.000000 -5.307921 -14.166064  -0.001573 -0.672395 -0.740191  0.423074 0.712293 0
0  0.000000 -5.578188 -14.021637  -0.002720 -0.043277 -0.999059  0.422087 0.711377 0
beerkeg
0  0.000000 -5.307921 -14.166064  -0.001573 -0.672395 -0.740191  0.423074 0.712293 0
0  2.031254 -4.903879 -14.407841  0.100487 -0.648233 -0.754782  0.430791 0.705856 0
0  2.134681 -5.153574 -14.284577  -0.186997 -0.054376 -0.980854  0.429877 0.704685 0
beerkeg
0  2.031254 -4.903879 -14.407841  0.100487 -0.648233 -0.754782  0.430791 0.705856 0
0  3.753267 -3.753267 -14.962022  0.431150 -0.427295 -0.794688  0.442911 0.699862 0
0  3.944375 -3.944374 -14.880723  -0.109984 0.115723 -0.987174  0.442145 0.698013 0
beerkeg
0  3.753267 -3.753267 -14.962022  0.431150 -0.427295 -0.794688  0.442911 0.699862 0
0  4.903879 -2.031254 -14.407840  0.648097 -0.101499 -0.754764  0.457588 0.694944 0
0  5.153573 -2.134681 -14.284577  0.055177 0.186050 -0.980990  0.457324 0.692981 0
beerkeg
0  -5.153573 2.134676 -14.284577  -0.055177 -0.186051 -0.980990  0.409895 0.755013 0
0  -5.578187 -0.000002 -14.021638  -0.043275 0.002720 -0.999059  0.408695 0.746860 0
0  -6.124195 -0.000002 -14.192670  0.577731 0.001846 -0.816225  0.406497 0.746933 0
beerkeg
0  4.903879 -2.031254 -14.407840  0.648097 -0.101499 -0.754764  0.457588 0.694944 0
0  5.307920 -0.000002 -14.166062  0.672490 0.000000 -0.740106  0.472720 0.693426 0
0  5.578187 -0.000002 -14.021638  0.043821 -0.000000 -0.999039  0.472965 0.691116 0
beerkeg
0  -10.373908 4.297013 2.625174  -0.923843 0.382668 -0.008945  0.320619 0.767465 0
0  -11.228637 0.000000 2.625175  -0.999960 0.000000 -0.008945  0.320024 0.749549 0
0  -11.241448 0.000001 5.413617  -0.999992 0.000000 0.003920  0.308775 0.749847 0
beerkeg
0  0.000000 11.177404 -2.581951  0.000000 0.999996 -0.002892  0.351475 0.823321 0
0  4.277409 10.326573 -2.581951  0.382682 0.923876 -0.002893  0.358309 0.846352 0
0  4.277462 10.326699 -4.467091  0.382706 0.923851 0.005908  0.368646 0.842559 0
beerkeg
0  4.903879 2.031249 -14.407840  0.648768 0.099022 -0.754516  0.461118 0.795452 0
0  3.753267 3.753262 -14.962024  0.427294 0.431150 -0.794689  0.446075 0.791543 0
0  3.944375 3.944369 -14.880725  -0.115723 -0.109984 -0.987174  0.445435 0.793448 0
beerkeg
0  -7.913652 7.913649 -0.158996  -0.707074 0.707074 -0.009584  0.333417 0.785136 0
0  -10.339682 4.282835 -0.158996  -0.923837 0.382666 -0.009584  0.331950 0.766917 0
0  -10.373908 4.297013 2.625174  -0.923843 0.382668 -0.008945  0.320619 0.767465 0
beerkeg
0  -4.297015 10.373906 2.625173  -0.382668 0.923842 -0.008945  0.322754 0.805949 0
0  0.000000 11.228636 2.625173  0.000000 0.999960 -0.008945  0.324502 0.827798 0
0  0.000000 11.191591 -0.158997  0.000000 0.999954 -0.009584  0.339153 0.826034 0
beerkeg
0  -5.153573 -2.134681 -14.284577  -0.054376 0.186997 -0.980854  0.409356 0.738649 0
0  -3.944375 -3.944374 -14.880723  0.115724 0.109984 -0.987174  0.412095 0.728781 0
0  -4.330461 -4.330460 -15.179875  0.500346 0.497726 -0.708465  0.409142 0.727728 0
beerkeg
0  -4.903879 2.031249 -14.407840  -0.648096 0.101499 -0.754765  0.411029 0.754812 0
0  -5.307920 -0.000002 -14.166062  -0.672392 0.001573 -0.740194  0.409824 0.746823 0
0  -5.578187 -0.000002 -14.021638  -0.043275 0.002720 -0.999059  0.408695 0.746860 0
beerkeg
0  -3.944375 -3.944374 -14.880723  0.115724 0.109984 -0.987174  0.412095 0.728781 0
0  -2.134681 -5.153574 -14.284577  0.186050 -0.055177 -0.980990  0.416574 0.719040 0
0  -2.343629 -5.658019 -14.499709  0.373451 0.510036 -0.774854  0.414223 0.717879 0
beerkeg
0  -2.134681 -5.153574 -14.284577  0.186050 -0.055177 -0.980990  0.416574 0.719040 0
0  0.000000 -5.578188 -14.021637  -0.002720 -0.043277 -0.999059  0.422087 0.711377 0
0  0.000000 -6.124196 -14.192671  -0.001846 0.577731 -0.816225  0.420141 0.709610 0
beerkeg
0  0.000000 4.930743 -14.850644  0.001405 0.862106 -0.506726  0.427744 0.777823 0
0  -1.886915 4.555411 -15.062880  -0.235858 0.820052 -0.521426  0.421886 0.771060 0
0  -2.031254 4.903874 -14.407843  -0.100485 0.648233 -0.754782  0.419408 0.773347 0
beerkeg
0  0.000000 -5.578188 -14.021637  -0.002720 -0.043277 -0.999059  0.422087 0.711377 0
0  2.134681 -5.153574 -14.284577  -0.186997 -0.054376 -0.980854  0.429877 0.704685 0
0  2.343629 -5.658019 -14.499709  -0.373430 0.508545 -0.775843  0.428256 0.702061 0
beerkeg
0  -1.886915 4.555411 -15.062880  -0.235858 0.820052 -0.521426  0.421886 0.771060 0
0  -3.486564 3.486559 -15.556450  -0.584635 0.580510 -0.566754  0.417833 0.762601 0
0  -3.753267 3.753262 -14.962024  -0.431151 0.427294 -0.794688  0.414577 0.764112 0
beerkeg
0  2.134681 -5.153574 -14.284577  -0.186997 -0.054376 -0.980854  0.429877 0.704685 0
0  3.944375 -3.944374 -14.880723  -0.109984 0.115723 -0.987174  0.442145 0.698013 0
0  4.330461 -4.330460 -15.179875  -0.497726 0.500345 -0.708465  0.440284 0.693972 0
beerkeg
0  3.944375 -3.944374 -14.880723  -0.109984 0.115723 -0.987174  0.442145 0.698013 0
0  5.153573 -2.134681 -14.284577  0.055177 0.186050 -0.980990  0.457324 0.692981 0
0  5.658019 -2.343629 -14.499710  -0.510035 0.373452 -0.774853  0.456138 0.689126 0
beerkeg
0  5.153573 -2.134681 -14.284577  0.055177 0.186050 -0.980990  0.457324 0.692981 0
0  5.578187 -0.000002 -14.021638  0.043821 -0.000000 -0.999039  0.472965 0.691116 0
0  6.124195 -0.000002 -14.192670  -0.578316 -0.000000 -0.815813  0.472967 0.686504 0
beerkeg
0  0.000000 6.481144 -14.637627  0.000765 -0.790884 -0.611965  0.420809 0.785129 0
0  2.480228 5.987795 -14.971869  -0.417552 -0.693716 -0.586863  0.429948 0.793049 0
0  2.343629 5.658014 -14.499711  -0.373451 -0.510036 -0.774853  0.431247 0.790342 0
beerkeg
0  6.363554 2.635867 -15.542887  -0.719363 -0.420491 -0.552904  0.457154 0.809489 0
0  4.870454 4.870448 -16.318396  -0.599616 -0.600992 -0.528459  0.440593 0.804999 0
0  5.230614 5.230608 -17.166021  -0.590615 -0.592928 -0.547367  0.438291 0.809481 0
beerkeg
0  2.134681 5.153569 -14.284579  -0.186049 0.055178 -0.980990  0.432692 0.787604 0
0  3.944375 3.944369 -14.880725  -0.115723 -0.109984 -0.987174  0.445435 0.793448 0
0  3.753267 3.753262 -14.962024  0.427294 0.431150 -0.794689  0.446075 0.791543 0
beerkeg
0  -10.339682 4.282835 -0.158996  -0.923837 0.382666 -0.009584  0.331950 0.766917 0
0  -11.191591 -0.000000 -0.158995  -0.999954 -0.000000 -0.009584  0.331178 0.749242 0
0  -11.228637 0.000000 2.625175  -0.999960 0.000000 -0.008945  0.320024 0.749549 0
beerkeg
0  0.000000 11.177541 -4.421609  0.000068 0.999980 0.006306  0.360396 0.820825 0
0  4.277462 10.326699 -4.467091  0.382706 0.923851 0.005908  0.368646 0.842559 0
0  4.284229 10.343038 -5.978601  0.383245 0.923312 0.024858  0.376444 0.839088 0
beerkeg
0  2.343629 5.658014 -14.499711  -0.373451 -0.510036 -0.774853  0.431247 0.790342 0
0  4.330461 4.330455 -15.179877  -0.500345 -0.497726 -0.708465  0.443850 0.797624 0
0  3.944375 3.944369 -14.880725  -0.115723 -0.109984 -0.987174  0.445435 0.793448 0
beerkeg
0  -7.903619 7.903615 -2.581951  -0.707104 0.707104 -0.002892  0.343526 0.784023 0
0  -10.326576 4.277406 -2.581950  -0.923876 0.382682 -0.002892  0.341677 0.766202 0
0  -10.339682 4.282835 -0.158996  -0.923837 0.382666 -0.009584  0.331950 0.766917 0
beerkeg
0  -4.282838 10.339681 -0.158997  -0.382666 0.923837 -0.009584  0.335740 0.804557 0
0  0.000000 11.191591 -0.158997  0.000000 0.999954 -0.009584  0.339153 0.826034 0
0  0.000000 11.177404 -2.581951  0.000000 0.999996 -0.002892  0.351475 0.823321 0
beerkeg
0  -5.578187 -0.000002 -14.021638  -0.043275 0.002720 -0.999059  0.408695 0.746860 0
0  -5.153573 -2.134681 -14.284577  -0.054376 0.186997 -0.980854  0.409356 0.738649 0
0  -5.658019 -2.343629 -14.499710  0.508544 0.373430 -0.775844  0.407041 0.738095 0
beerkeg
0  -5.658019 2.343624 -14.499710  0.510035 -0.373452 -0.774853  0.407620 0.755719 0
0  -6.124195 -0.000002 -14.192670  0.577731 0.001846 -0.816225  0.406497 0.746933 0
0  -6.481148 -0.000002 -14.637626  0.790885 0.000765 -0.611965  0.404382 0.747002 0
beerkeg
0  6.124195 -0.000002 -14.192670  -0.578316 -0.000000 -0.815813  0.477118 0.802832 0
0  5.578187 -0.000002 -14.021638  0.043821 -0.000000 -0.999039  0.476791 0.798211 0
0  5.153573 2.134676 -14.284577  0.056022 -0.189366 -0.980307  0.460990 0.797437 0
beerkeg
0  -10.326576 4.277406 -2.581950  -0.923876 0.382682 -0.002892  0.341677 0.766202 0
0  -11.177404 -0.000000 -2.581949  -0.999996 -0.000000 -0.002891  0.340769 0.748980 0
0  -11.191591 -0.000000 -0.158995  -0.999954 -0.000000 -0.009584  0.331178 0.749242 0
beerkeg
0  0.000000 11.195225 -5.811719  0.000293 0.999645 0.026630  0.366853 0.818658 0
0  4.284229 10.343038 -5.978601  0.383245 0.923312 0.024858  0.376444 0.839088 0
0  4.304572 10.392149 -7.379991  0.384357 0.922552 0.034177  0.383243 0.835605 0
beerkeg
0  -7.903718 7.903713 -4.469488  -0.707144 0.707049 0.005445  0.351236 0.782836 0
0  -10.326703 4.277458 -4.467089  -0.923824 0.382772 0.005851  0.349053 0.765570 0
0  -10.326576 4.277406 -2.581950  -0.923876 0.382682 -0.002892  0.341677 0.766202 0
beerkeg
0  -4.277409 10.326573 -2.581951  -0.382682 0.923876 -0.002893  0.346720 0.802826 0
0  0.000000 11.177404 -2.581951  0.000000 0.999996 -0.002892  0.351475 0.823321 0
0  0.000000 11.177541 -4.421609  0.000068 0.999980 0.006306  0.360396 0.820825 0
beerkeg
0  -5.658019 -2.343629 -14.499710  0.508544 0.373430 -0.775844  0.407041 0.738095 0
0  -4.330461 -4.330460 -15.179875  0.500346 0.497726 -0.708465  0.409142 0.727728 0
0  -4.582864 -4.582864 -15.700868  0.587828 0.587413 -0.556240  0.406580 0.726850 0
beerkeg
0  -4.330461 -4.330460 -15.179875  0.500346 0.497726 -0.708465  0.409142 0.727728 0
0  -2.343629 -5.658019 -14.499709  0.373451 0.510036 -0.774854  0.414223 0.717879 0
0  -2.480228 -5.987800 -14.971867  0.417552 0.693716 -0.586863  0.411877 0.716944 0
beerkeg
0  -2.343629 -5.658019 -14.499709  0.373451 0.510036 -0.774854  0.414223 0.717879 0
0  0.000000 -6.124196 -14.192671  -0.001846 0.577731 -0.816225  0.420141 0.709610 0
0  0.000000 -6.481149 -14.637625  -0.000765 0.790884 -0.611965  0.418229 0.707943 0
beerkeg
0  0.000000 5.578183 -14.021639  0.002719 0.043276 -0.999059  0.424441 0.781431 0
0  2.134681 5.153569 -14.284579  -0.186049 0.055178 -0.980990  0.432692 0.787604 0
0  2.031254 4.903874 -14.407843  0.101499 0.648097 -0.754764  0.433528 0.786370 0
beerkeg
0  0.000000 -6.124196 -14.192671  -0.001846 0.577731 -0.816225  0.420141 0.709610 0
0  2.343629 -5.658019 -14.499709  -0.373430 0.508545 -0.775843  0.428256 0.702061 0
0  2.480228 -5.987800 -14.971867  -0.417276 0.693600 -0.587197  0.426783 0.699459 0
beerkeg
0  0.000000 5.307916 -14.166066  0.001573 0.672395 -0.740191  0.425367 0.780448 0
0  -2.031254 4.903874 -14.407843  -0.100485 0.648233 -0.754782  0.419408 0.773347 0
0  -2.134681 5.153569 -14.284579  0.186997 0.054376 -0.980854  0.418411 0.774133 0
beerkeg
0  2.343629 -5.658019 -14.499709  -0.373430 0.508545 -0.775843  0.428256 0.702061 0
0  4.330461 -4.330460 -15.179875  -0.497726 0.500345 -0.708465  0.440284 0.693972 0
0  4.582864 -4.582864 -15.700868  -0.587414 0.587828 -0.556240  0.438548 0.690521 0
beerkeg
0  4.330461 -4.330460 -15.179875  -0.497726 0.500345 -0.708465  0.440284 0.693972 0
0  5.658019 -2.343629 -14.499710  -0.510035 0.373452 -0.774853  0.456138 0.689126 0
0  5.987800 -2.480229 -14.971867  -0.693717 0.417551 -0.586863  0.454607 0.685510 0
beerkeg
0  5.658019 -2.343629 -14.499710  -0.510035 0.373452 -0.774853  0.456138 0.689126 0
0  6.124195 -0.000002 -14.192670  -0.578316 -0.000000 -0.815813  0.472967 0.686504 0
0  6.481148 -0.000002 -14.637626  -0.790963 -0.000000 -0.611864  0.472345 0.682272 0
beerkeg
0  0.000000 6.887856 -15.181075  0.000276 -0.819825 -0.572614  0.418550 0.787287 0
0  2.635871 6.363549 -15.542888  -0.421000 -0.719392 -0.552481  0.428269 0.796234 0
0  2.480228 5.987795 -14.971869  -0.417552 -0.693716 -0.586863  0.429948 0.793049 0
beerkeg
0  5.153573 2.134676 -14.284577  0.056022 -0.189366 -0.980307  0.460990 0.797437 0
0  3.944375 3.944369 -14.880725  -0.115723 -0.109984 -0.987174  0.445435 0.793448 0
0  4.330461 4.330455 -15.179877  -0.500345 -0.497726 -0.708465  0.443850 0.797624 0
beerkeg
0  -10.326703 4.277458 -4.467089  -0.923824 0.382772 0.005851  0.349053 0.765570 0
0  -11.177542 -0.000001 -4.421607  -0.999980 0.000067 0.006306  0.347881 0.748770 0
0  -11.177404 -0.000000 -2.581949  -0.999996 -0.000000 -0.002891  0.340769 0.748980 0
beerkeg
0  0.000000 11.248383 -7.088147  0.000412 0.999291 0.037639  0.372527 0.816490 0
0  4.304572 10.392149 -7.379991  0.384357 0.922552 0.034177  0.383243 0.835605 0
0  4.318803 10.426505 -8.584738  0.383453 0.923492 0.011244  0.388729 0.832446 0
beerkeg
0  2.480228 5.987795 -14.971869  -0.417552 -0.693716 -0.586863  0.429948 0.793049 0
0  4.582864 4.582859 -15.700870  -0.587827 -0.587414 -0.556241  0.442347 0.801202 0
0  4.330461 4.330455 -15.179877  -0.500345 -0.497726 -0.708465  0.443850 0.797624 0
beerkeg
0  -7.916222 7.916217 -6.122111  -0.707287 0.706593 0.021702  0.357759 0.781666 0
0  -10.343041 4.284225 -5.978599  -0.923120 0.383728 0.024544  0.354823 0.764996 0
0  -10.326703 4.277458 -4.467089  -0.923824 0.382772 0.005851  0.349053 0.765570 0
beerkeg
0  -4.277462 10.326699 -4.467091  -0.382767 0.923826 0.005959  0.354982 0.801055 0
0  0.000000 11.177541 -4.421609  0.000068 0.999980 0.006306  0.360396 0.820825 0
0  0.000000 11.195225 -5.811719  0.000293 0.999645 0.026630  0.366853 0.818658 0
beerkeg
0  -6.124195 -0.000002 -14.192670  0.577731 0.001846 -0.816225  0.406497 0.746933 0
0  -5.658019 -2.343629 -14.499710  0.508544 0.373430 -0.775844  0.407041 0.738095 0
0  -5.987800 -2.480229 -14.971867  0.693600 0.417276 -0.587197  0.404844 0.737432 0
beerkeg
0  0.000000 5.578183 -14.021639  0.002719 0.043276 -0.999059  0.424441 0.781431 0
0  -2.134681 5.153569 -14.284579  0.186997 0.054376 -0.980854  0.418411 0.774133 0
0  -2.343629 5.658014 -14.499711  0.373429 -0.508545 -0.775843  0.416137 0.775452 0
beerkeg
0  -2.134681 5.153569 -14.284579  0.186997 0.054376 -0.980854  0.418411 0.774133 0
0  -3.944375 3.944369 -14.880725  0.109982 -0.115724 -0.987174  0.413284 0.764692 0
0  -4.330461 4.330455 -15.179877  0.497726 -0.500345 -0.708465  0.410402 0.765939 0
beerkeg
0  -5.987800 2.480224 -14.971867  0.693716 -0.417552 -0.586864  0.405470 0.756525 0
0  -6.481148 -0.000002 -14.637626  0.790885 0.000765 -0.611965  0.404382 0.747002 0
0  -6.887861 -0.000002 -15.181073  0.819825 0.000276 -0.572614  0.401795 0.747087 0
beerkeg
0  6.481148 -0.000002 -14.637626  -0.790963 -0.000000 -0.611864  0.476791 0.807116 0
0  6.124195 -0.000002 -14.192670  -0.578316 -0.000000 -0.815813  0.477118 0.802832 0
0  5.658019 2.343624 -14.499710  -0.508255 -0.375169 -0.775193  0.460071 0.801383 0
beerkeg
0  -10.343041 4.284225 -5.978599  -0.923120 0.383728 0.024544  0.354823 0.764996 0
0  -11.195226 -0.000001 -5.811716  -0.999645 0.000293 0.026631  0.353144 0.748613 0
0  -11.177542 -0.000001 -4.421607  -0.999980 0.000067 0.006306  0.347881 0.748770 0
beerkeg
0  0.000000 11.285570 -8.180895  0.000158 0.999911 0.013318  0.377183 0.814509 0
0  4.318803 10.426505 -8.584738  0.383453 0.923492 0.011244  0.388729 0.832446 0
0  4.315125 10.417625 -9.679119  0.375987 0.925472 -0.046210  0.393436 0.829471 0
beerkeg
0  -7.953811 7.953804 -7.810589  -0.707298 0.706328 0.028825  0.364164 0.780367 0
0  -10.392153 4.304568 -7.379989  -0.922229 0.385119 0.034300  0.360027 0.764424 0
0  -10.343041 4.284225 -5.978599  -0.923120 0.383728 0.024544  0.354823 0.764996 0
beerkeg
0  -4.284229 10.343038 -5.978601  -0.383512 0.923198 0.024977  0.361368 0.799433 0
0  0.000000 11.195225 -5.811719  0.000293 0.999645 0.026630  0.366853 0.818658 0
0  0.000000 11.248383 -7.088147  0.000412 0.999291 0.037639  0.372527 0.816490 0
beerkeg
0  -5.987800 -2.480229 -14.971867  0.693600 0.417276 -0.587197  0.404844 0.737432 0
0  -4.582864 -4.582864 -15.700868  0.587828 0.587413 -0.556240  0.406580 0.726850 0
0  -4.870454 -4.870454 -16.318396  0.599617 0.600991 -0.528459  0.403824 0.725944 0
beerkeg
0  -4.582864 -4.582864 -15.700868  0.587828 0.587413 -0.556240  0.406580 0.726850 0
0  -2.480228 -5.987800 -14.971867  0.417552 0.693716 -0.586863  0.411877 0.716944 0
0  -2.635871 -6.363554 -15.542886  0.421000 0.719391 -0.552481  0.409081 0.715850 0
beerkeg
0  -2.480228 -5.987800 -14.971867  0.417552 0.693716 -0.586863  0.411877 0.716944 0
0  0.000000 -6.481149 -14.637625  -0.000765 0.790884 -0.611965  0.418229 0.707943 0
0  0.000000 -6.887861 -15.181073  -0.000276 0.819825 -0.572614  0.415839 0.705947 0
beerkeg
0  0.000000 -6.481149 -14.637625  -0.000765 0.790884 -0.611965  0.418229 0.707943 0
0  2.480228 -5.987800 -14.971867  -0.417276 0.693600 -0.587197  0.426783 0.699459 0
0  2.635871 -6.363554 -15.542886  -0.420281 0.719336 -0.553100  0.424900 0.696407 0
beerkeg
0  2.480228 -5.987800 -14.971867  -0.417276 0.693600 -0.587197  0.426783 0.699459 0
0  4.582864 -4.582864 -15.700868  -0.587414 0.587828 -0.556240  0.438548 0.690521 0
0  4.870454 -4.870454 -16.318396  -0.600991 0.599617 -0.528459  0.436548 0.686869 0
beerkeg
0  4.582864 -4.582864 -15.700868  -0.587414 0.587828 -0.556240  0.438548 0.690521 0
0  5.987800 -2.480229 -14.971867  -0.693717 0.417551 -0.586863  0.454607 0.685510 0
0  6.363554 -2.635872 -15.542887  -0.719392 0.421000 -0.552480  0.452683 0.681278 0
beerkeg
0  5.987800 -2.480229 -14.971867  -0.693717 0.417551 -0.586863  0.454607 0.685510 0
0  6.481148 -0.000002 -14.637626  -0.790963 -0.000000 -0.611864  0.472345 0.682272 0
0  6.887861 -0.000002 -15.181073  -0.819961 0.000000 -0.572419  0.471433 0.677268 0
beerkeg
0  0.000000 7.397201 -15.962942  -0.000183 -0.820761 -0.571271  0.415195 0.790324 0
0  2.830788 6.834120 -16.351049  -0.420722 -0.716515 -0.556416  0.425841 0.800595 0
0  2.635871 6.363549 -15.542888  -0.421000 -0.719392 -0.552481  0.428269 0.796234 0
beerkeg
0  5.658019 2.343624 -14.499710  -0.508255 -0.375169 -0.775193  0.460071 0.801383 0
0  4.330461 4.330455 -15.179877  -0.500345 -0.497726 -0.708465  0.443850 0.797624 0
0  4.582864 4.582859 -15.700870  -0.587827 -0.587414 -0.556241  0.442347 0.801202 0
beerkeg
0  -10.392153 4.304568 -7.379989  -0.922229 0.385119 0.034300  0.360027 0.764424 0
0  -11.248385 -0.000001 -7.088144  -0.999291 0.000411 0.037639  0.357862 0.748471 0
0  -11.195226 -0.000001 -5.811716  -0.999645 0.000293 0.026631  0.353144 0.748613 0
beerkeg
0  0.000000 11.275959 -9.177677  -0.000334 0.998844 -0.048063  0.381273 0.812615 0
0  4.315125 10.417625 -9.679119  0.375987 0.925472 -0.046210  0.393436 0.829471 0
0  4.285119 10.345185 -10.585295  0.358988 0.924125 -0.130848  0.397161 0.826927 0
beerkeg
0  2.635871 6.363549 -15.542888  -0.421000 -0.719392 -0.552481  0.428269 0.796234 0
0  4.870454 4.870448 -16.318396  -0.599616 -0.600992 -0.528459  0.440593 0.804999 0
0  4.582864 4.582859 -15.700870  -0.587827 -0.587414 -0.556241  0.442347 0.801202 0
beerkeg
0  -7.980106 7.980100 -9.268043  -0.707188 0.706985 0.007591  0.369457 0.779178 0
0  -10.426509 4.318799 -8.584736  -0.923351 0.383782 0.011580  0.364377 0.763907 0
0  -10.392153 4.304568 -7.379989  -0.922229 0.385119 0.034300  0.360027 0.764424 0
beerkeg
0  -4.304572 10.392149 -7.379991  -0.384701 0.922410 0.034137  0.367069 0.797789 0
0  0.000000 11.248383 -7.088147  0.000412 0.999291 0.037639  0.372527 0.816490 0
0  0.000000 11.285570 -8.180895  0.000158 0.999911 0.013318  0.377183 0.814509 0
beerkeg
0  -6.481148 -0.000002 -14.637626  0.790885 0.000765 -0.611965  0.404382 0.747002 0
0  -5.987800 -2.480229 -14.971867  0.693600 0.417276 -0.587197  0.404844 0.737432 0
0  -6.363554 -2.635872 -15.542887  0.719336 0.420281 -0.553100  0.402218 0.736687 0
beerkeg
0  0.000000 6.124191 -14.192673  0.001846 -0.577731 -0.816225  0.422611 0.783331 0
0  -2.343629 5.658014 -14.499711  0.373429 -0.508545 -0.775843  0.416137 0.775452 0
0  -2.480228 5.987795 -14.971869  0.417276 -0.693600 -0.587196  0.413851 0.776543 0
beerkeg
0  -2.343629 5.658014 -14.499711  0.373429 -0.508545 -0.775843  0.416137 0.775452 0
0  -4.330461 4.330455 -15.179877  0.497726 -0.500345 -0.708465  0.410402 0.765939 0
0  -4.582864 4.582859 -15.700870  0.587414 -0.587827 -0.556240  0.407899 0.766986 0
beerkeg
0  -6.363554 2.635867 -15.542887  0.719391 -0.421001 -0.552481  0.402895 0.757441 0
0  -6.887861 -0.000002 -15.181073  0.819825 0.000276 -0.572614  0.401795 0.747087 0
0  -7.397203 -0.000003 -15.962941  0.820762 -0.000183 -0.571270  0.398065 0.747208 0
beerkeg
0  6.887861 -0.000002 -15.181073  -0.819961 0.000000 -0.572419  0.476229 0.812195 0
0  6.481148 -0.000002 -14.637626  -0.790963 -0.000000 -0.611864  0.476791 0.807116 0
0  5.987800 2.480224 -14.971867  -0.693306 -0.417944 -0.587068  0.458788 0.805113 0
beerkeg
0  -10.426509 4.318799 -8.584736  -0.923351 0.383782 0.011580  0.364377 0.763907 0
0  -11.285571 -0.000001 -8.180892  -0.999911 0.000158 0.013318  0.361811 0.748351 0
0  -11.248385 -0.000001 -7.088144  -0.999291 0.000411 0.037639  0.357862 0.748471 0
beerkeg
0  0.000000 11.197550 -10.012786  -0.000866 0.990519 -0.137370  0.384609 0.810951 0
0  4.285119 10.345185 -10.585295  0.358988 0.924125 -0.130848  0.397161 0.826927 0
0  4.227602 10.206327 -11.405350  0.338459 0.918368 -0.205050  0.400443 0.824541 0
beerkeg
0  -7.973311 7.973304 -10.568152  -0.705857 0.706883 -0.045627  0.373989 0.778074 0
0  -10.417631 4.315121 -9.679117  -0.925689 0.375495 -0.045863  0.368230 0.763420 0
0  -10.426509 4.318799 -8.584736  -0.923351 0.383782 0.011580  0.364377 0.763907 0
beerkeg
0  -4.318803 10.426505 -8.584738  -0.383539 0.923458 0.011095  0.371785 0.796272 0
0  0.000000 11.285570 -8.180895  0.000158 0.999911 0.013318  0.377183 0.814509 0
0  0.000000 11.275959 -9.177677  -0.000334 0.998844 -0.048063  0.381273 0.812615 0
beerkeg
0  -6.363554 -2.635872 -15.542887  0.719336 0.420281 -0.553100  0.402218 0.736687 0
0  -4.870454 -4.870454 -16.318396  0.599617 0.600991 -0.528459  0.403824 0.725944 0
0  -5.230614 -5.230614 -17.166021  0.590616 0.592927 -0.547367  0.400514 0.724913 0
beerkeg
0  -4.870454 -4.870454 -16.318396  0.599617 0.600991 -0.528459  0.403824 0.725944 0
0  -2.635871 -6.363554 -15.542886  0.421000 0.719391 -0.552481  0.409081 0.715850 0
0  -2.830788 -6.834126 -16.351046  0.420722 0.716515 -0.556416  0.405201 0.714474 0
beerkeg
0  -2.635871 -6.363554 -15.542886  0.421000 0.719391 -0.552481  0.409081 0.715850 0
0  0.000000 -6.887861 -15.181073  -0.000276 0.819825 -0.572614  0.415839 0.705947 0
0  0.000000 -7.397205 -15.962940  0.000183 0.820761 -0.571272  0.412302 0.703151 0
beerkeg
0  0.000000 -6.887861 -15.181073  -0.000276 0.819825 -0.572614  0.415839 0.705947 0
0  2.635871 -6.363554 -15.542886  -0.420281 0.719336 -0.553100  0.424900 0.696407 0
0  2.830788 -6.834126 -16.351046  -0.419650 0.716958 -0.556655  0.422196 0.692237 0
beerkeg
0  2.635871 -6.363554 -15.542886  -0.420281 0.719336 -0.553100  0.424900 0.696407 0
0  4.870454 -4.870454 -16.318396  -0.600991 0.599617 -0.528459  0.436548 0.686869 0
0  5.230614 -5.230614 -17.166021  -0.592928 0.590615 -0.547367  0.433958 0.682576 0
beerkeg
0  4.870454 -4.870454 -16.318396  -0.600991 0.599617 -0.528459  0.436548 0.686869 0
0  6.363554 -2.635872 -15.542887  -0.719392 0.421000 -0.552480  0.452683 0.681278 0
0  6.834125 -2.830789 -16.351048  -0.716515 0.420722 -0.556417  0.449782 0.675633 0
beerkeg
0  6.363554 -2.635872 -15.542887  -0.719392 0.421000 -0.552480  0.452683 0.681278 0
0  6.887861 -0.000002 -15.181073  -0.819961 0.000000 -0.572419  0.471433 0.677268 0
0  7.397203 -0.000003 -15.962941  -0.820825 0.000000 -0.571180  0.469787 0.670340 0
beerkeg
0  0.000000 7.776502 -16.474087  0.000792 -0.214249 -0.976779  0.412739 0.792431 0
0  2.975941 7.184549 -16.878082  -0.289960 -0.155568 -0.944310  0.424153 0.803539 0
0  2.830788 6.834120 -16.351049  -0.420722 -0.716515 -0.556416  0.425841 0.800595 0
beerkeg
0  6.834125 2.830784 -16.351048  -0.717126 -0.419468 -0.556576  0.454638 0.815350 0
0  5.230614 5.230608 -17.166021  -0.590615 -0.592928 -0.547367  0.438291 0.809481 0
0  5.498821 5.498816 -17.713902  -0.216309 -0.216107 -0.952107  0.436815 0.812177 0
beerkeg
0  -10.417631 4.315121 -9.679117  -0.925689 0.375495 -0.045863  0.368230 0.763420 0
0  -11.275961 -0.000001 -9.177676  -0.998844 -0.000334 -0.048063  0.365345 0.748243 0
0  -11.285571 -0.000001 -8.180892  -0.999911 0.000158 0.013318  0.361811 0.748351 0
beerkeg
0  0.000000 11.047250 -10.781296  -0.001166 0.976776 -0.214259  0.387651 0.809342 0
0  4.227602 10.206327 -11.405350  0.338459 0.918368 -0.205050  0.400443 0.824541 0
0  4.152661 10.025402 -12.219415  0.325435 0.914859 -0.239010  0.403634 0.822102 0
beerkeg
0  2.830788 6.834120 -16.351049  -0.420722 -0.716515 -0.556416  0.425841 0.800595 0
0  5.230614 5.230608 -17.166021  -0.590615 -0.592928 -0.547367  0.438291 0.809481 0
0  4.870454 4.870448 -16.318396  -0.599616 -0.600992 -0.528459  0.440593 0.804999 0
beerkeg
0  -7.917867 7.917861 -11.613586  -0.700477 0.702585 -0.125323  0.377528 0.777157 0
0  -10.345191 4.285115 -10.585293  -0.924677 0.357633 -0.130657  0.371373 0.763005 0
0  -10.417631 4.315121 -9.679117  -0.925689 0.375495 -0.045863  0.368230 0.763420 0
beerkeg
0  -4.315125 10.417625 -9.679119  -0.375616 0.925613 -0.046410  0.375921 0.794822 0
0  0.000000 11.275959 -9.177677  -0.000334 0.998844 -0.048063  0.381273 0.812615 0
0  0.000000 11.197550 -10.012786  -0.000866 0.990519 -0.137370  0.384609 0.810951 0
beerkeg
0  -6.887861 -0.000002 -15.181073  0.819825 0.000276 -0.572614  0.401795 0.747087 0
0  -6.363554 -2.635872 -15.542887  0.719336 0.420281 -0.553100  0.402218 0.736687 0
0  -6.834125 -2.830789 -16.351048  0.716958 0.419651 -0.556655  0.398616 0.735652 0
beerkeg
0  0.000000 6.481144 -14.637627  0.000765 -0.790884 -0.611965  0.420809 0.785129 0
0  -2.480228 5.987795 -14.971869  0.417276 -0.693600 -0.587196  0.413851 0.776543 0
0  -2.635871 6.363549 -15.542888  0.420281 -0.719337 -0.553099  0.411126 0.777824 0
beerkeg
0  -2.480228 5.987795 -14.971869  0.417276 -0.693600 -0.587196  0.413851 0.776543 0
0  -4.582864 4.582859 -15.700870  0.587414 -0.587827 -0.556240  0.407899 0.766986 0
0  -4.870454 4.870448 -16.318396  0.600991 -0.599617 -0.528459  0.405203 0.768073 0
beerkeg
0  -6.834125 2.830784 -16.351048  0.716515 -0.420722 -0.556417  0.399365 0.758710 0
0  -7.397203 -0.000003 -15.962941  0.820762 -0.000183 -0.571270  0.398065 0.747208 0
0  -7.776505 -0.000003 -16.474085  0.214246 0.000793 -0.976779  0.395409 0.747294 0
beerkeg
0  7.397203 -0.000003 -15.962941  -0.820825 0.000000 -0.571180  0.475069 0.819256 0
0  6.887861 -0.000002 -15.181073  -0.819961 0.000000 -0.572419  0.476229 0.812195 0
0  6.363554 2.635867 -15.542887  -0.719363 -0.420491 -0.552904  0.457154 0.809489 0
beerkeg
0  -10.345191 4.285115 -10.585293  -0.924677 0.357633 -0.130657  0.371373 0.763005 0
0  -11.197553 -0.000002 -10.012784  -0.990520 -0.000865 -0.137369  0.368281 0.748153 0
0  -11.275961 -0.000001 -9.177676  -0.998844 -0.000334 -0.048063  0.365345 0.748243 0
beerkeg
0  0.000000 10.851418 -11.559395  -0.001053 0.969108 -0.246633  0.390707 0.807642 0
0  4.152661 10.025402 -12.219415  0.325435 0.914859 -0.239010  0.403634 0.822102 0
0  4.075841 9.839944 -13.010058  0.313595 0.910512 -0.269491  0.406661 0.819689 0
beerkeg
0  -7.811589 7.811584 -12.527433  -0.692217 0.694674 -0.195611  0.380568 0.776329 0
0  -10.206332 4.227597 -11.405348  -0.919032 0.336608 -0.205125  0.374216 0.762616 0
0  -10.345191 4.285115 -10.585293  -0.924677 0.357633 -0.130657  0.371373 0.763005 0
beerkeg
0  -4.285119 10.345185 -10.585295  -0.358161 0.924423 -0.131006  0.379262 0.793562 0
0  0.000000 11.197550 -10.012786  -0.000866 0.990519 -0.137370  0.384609 0.810951 0
0  0.000000 11.047250 -10.781296  -0.001166 0.976776 -0.214259  0.387651 0.809342 0
beerkeg
0  -6.834125 -2.830789 -16.351048  0.716958 0.419651 -0.556655  0.398616 0.735652 0
0  -5.230614 -5.230614 -17.166021  0.590616 0.592927 -0.547367  0.400514 0.724913 0
0  -5.498821 -5.498821 -17.713902  0.216312 0.216106 -0.952107  0.398502 0.724309 0
beerkeg
0  -5.230614 -5.230614 -17.166021  0.590616 0.592927 -0.547367  0.400514 0.724913 0
0  -2.830788 -6.834126 -16.351046  0.420722 0.716515 -0.556416  0.405201 0.714474 0
0  -2.975941 -7.184555 -16.878078  0.289958 0.155568 -0.944311  0.402567 0.713651 0
beerkeg
0  -2.830788 -6.834126 -16.351046  0.420722 0.716515 -0.556416  0.405201 0.714474 0
0  0.000000 -7.397205 -15.962940  0.000183 0.820761 -0.571272  0.412302 0.703151 0
0  0.000000 -7.776508 -16.474083  -0.000793 0.214249 -0.976779  0.409723 0.701219 0
beerkeg
0  0.000000 -7.397205 -15.962940  0.000183 0.820761 -0.571272  0.412302 0.703151 0
0  2.830788 -6.834126 -16.351046  -0.419650 0.716958 -0.556655  0.422196 0.692237 0
0  2.975941 -7.184555 -16.878078  -0.289706 0.157427 -0.944080  0.420323 0.689428 0
beerkeg
0  2.830788 -6.834126 -16.351046  -0.419650 0.716958 -0.556655  0.422196 0.692237 0
0  5.230614 -5.230614 -17.166021  -0.592928 0.590615 -0.547367  0.433958 0.682576 0
0  5.498821 -5.498821 -17.713902  -0.216106 0.216311 -0.952107  0.432310 0.680000 0
beerkeg
0  5.230614 -5.230614 -17.166021  -0.592928 0.590615 -0.547367  0.433958 0.682576 0
0  6.834125 -2.830789 -16.351048  -0.716515 0.420722 -0.556417  0.449782 0.675633 0
0  7.184556 -2.975942 -16.878080  -0.155567 0.289957 -0.944311  0.447638 0.671894 0
beerkeg
0  6.834125 -2.830789 -16.351048  -0.716515 0.420722 -0.556417  0.449782 0.675633 0
0  7.397203 -0.000003 -15.962941  -0.820825 0.000000 -0.571180  0.469787 0.670340 0
0  7.776505 -0.000003 -16.474085  -0.213684 0.000000 -0.976903  0.468556 0.665714 0
beerkeg
0  8.050835 -0.000003 -16.366962  0.572427 0.000000 -0.819956  0.474197 0.826184 0
0  7.776505 -0.000003 -16.474085  -0.213684 0.000000 -0.976903  0.474161 0.823981 0
0  7.184556 2.975936 -16.878080  -0.156700 -0.290234 -0.944039  0.452748 0.819250 0
beerkeg
0  1.814722 0.751678 -17.596067  0.277854 -0.002380 -0.960620  0.456010 0.761021 0
0  1.388928 1.388924 -17.709002  0.124400 0.135013 -0.983004  0.450181 0.762182 0
0  2.140902 2.140897 -17.267035  0.330621 0.340517 -0.880192  0.450265 0.770030 0
beerkeg
0  -10.206332 4.227597 -11.405348  -0.919032 0.336608 -0.205125  0.374216 0.762616 0
0  -11.047254 -0.000002 -10.781294  -0.976776 -0.001166 -0.214259  0.371001 0.748068 0
0  -11.197553 -0.000002 -10.012784  -0.990520 -0.000865 -0.137369  0.368281 0.748153 0
beerkeg
0  0.000000 10.650679 -12.331964  -0.000649 0.962656 -0.270728  0.393694 0.805895 0
0  4.075841 9.839944 -13.010058  0.313595 0.910512 -0.269491  0.406661 0.819689 0
0  3.991522 9.636378 -13.716649  0.287373 0.894243 -0.343142  0.409344 0.817463 0
beerkeg
0  2.975941 7.184549 -16.878082  -0.289960 -0.155568 -0.944310  0.424153 0.803539 0
0  5.498821 5.498816 -17.713902  -0.216309 -0.216107 -0.952107  0.436815 0.812177 0
0  5.230614 5.230608 -17.166021  -0.590615 -0.592928 -0.547367  0.438291 0.809481 0
beerkeg
0  -7.673115 7.673108 -13.400791  -0.686997 0.688943 -0.231068  0.383428 0.775514 0
0  -10.025406 4.152656 -12.219414  -0.915387 0.323756 -0.239265  0.377044 0.762223 0
0  -10.206332 4.227597 -11.405348  -0.919032 0.336608 -0.205125  0.374216 0.762616 0
beerkeg
0  -4.227602 10.206327 -11.405350  -0.337432 0.918741 -0.205071  0.382254 0.792366 0
0  0.000000 11.047250 -10.781296  -0.001166 0.976776 -0.214259  0.387651 0.809342 0
0  0.000000 10.851418 -11.559395  -0.001053 0.969108 -0.246633  0.390707 0.807642 0
beerkeg
0  -7.397203 -0.000003 -15.962941  0.820762 -0.000183 -0.571270  0.398065 0.747208 0
0  -6.834125 -2.830789 -16.351048  0.716958 0.419651 -0.556655  0.398616 0.735652 0
0  -7.184556 -2.975942 -16.878080  0.157422 0.289704 -0.944081  0.396202 0.734928 0
beerkeg
0  0.000000 6.887856 -15.181075  0.000276 -0.819825 -0.572614  0.418550 0.787287 0
0  -2.635871 6.363549 -15.542888  0.420281 -0.719337 -0.553099  0.411126 0.777824 0
0  -2.830788 6.834120 -16.351049  0.419652 -0.716959 -0.556653  0.407334 0.779457 0
beerkeg
0  -2.635871 6.363549 -15.542888  0.420281 -0.719337 -0.553099  0.411126 0.777824 0
0  -4.870454 4.870448 -16.318396  0.600991 -0.599617 -0.528459  0.405203 0.768073 0
0  -5.230614 5.230608 -17.166021  0.592927 -0.590615 -0.547368  0.401961 0.769320 0
beerkeg
0  -5.498821 5.498816 -17.713902  0.216107 -0.216311 -0.952107  0.399988 0.770056 0
0  -7.184556 2.975936 -16.878080  0.155567 -0.289957 -0.944311  0.397000 0.759591 0
0  -7.438002 3.080917 -16.794096  -0.536710 0.033735 -0.843092  0.395941 0.759761 0
beerkeg
0  8.359676 -0.000003 -16.057745  0.737344 0.000000 -0.675517  0.474230 0.829528 0
0  8.050835 -0.000003 -16.366962  0.572427 0.000000 -0.819956  0.474197 0.826184 0
0  7.438002 3.080917 -16.794096  0.536990 0.032035 -0.842980  0.452243 0.821037 0
beerkeg
0  7.776505 -0.000003 -16.474085  -0.213684 0.000000 -0.976903  0.474161 0.823981 0
0  7.397203 -0.000003 -15.962941  -0.820825 0.000000 -0.571180  0.475069 0.819256 0
0  6.834125 2.830784 -16.351048  -0.717126 -0.419468 -0.556576  0.454638 0.815350 0
beerkeg
0  -10.025406 4.152656 -12.219414  -0.915387 0.323756 -0.239265  0.377044 0.762223 0
0  -10.851420 -0.000002 -11.559393  -0.969108 -0.001052 -0.246634  0.373775 0.747982 0
0  -11.047254 -0.000002 -10.781294  -0.976776 -0.001166 -0.214259  0.371001 0.748068 0
beerkeg
0  0.000000 10.430343 -13.041414  -0.000165 0.942012 -0.335580  0.396436 0.804210 0
0  3.991522 9.636378 -13.716649  0.287373 0.894243 -0.343142  0.409344 0.817463 0
0  3.887958 9.386352 -14.340224  0.240772 0.853824 -0.461534  0.411761 0.815376 0
beerkeg
0  -7.531172 7.531165 -14.217872  -0.679546 0.680790 -0.273391  0.386052 0.774734 0
0  -9.839949 4.075837 -13.010056  -0.910837 0.312497 -0.269671  0.379785 0.761845 0
0  -10.025406 4.152656 -12.219414  -0.915387 0.323756 -0.239265  0.377044 0.762223 0
beerkeg
0  -4.152661 10.025402 -12.219415  -0.324583 0.915192 -0.238891  0.385201 0.791120 0
0  0.000000 10.851418 -11.559395  -0.001053 0.969108 -0.246633  0.390707 0.807642 0
0  0.000000 10.650679 -12.331964  -0.000649 0.962656 -0.270728  0.393694 0.805895 0
beerkeg
0  -7.776505 -0.000003 -16.474085  0.214246 0.000793 -0.976779  0.395409 0.747294 0
0  -7.184556 -2.975942 -16.878080  0.157422 0.289704 -0.944081  0.396202 0.734928 0
0  -7.438002 -3.080922 -16.794096  -0.536481 -0.033332 -0.843254  0.395136 0.734827 0
beerkeg
0  -7.184556 -2.975942 -16.878080  0.157422 0.289704 -0.944081  0.396202 0.734928 0
0  -5.498821 -5.498821 -17.713902  0.216312 0.216106 -0.952107  0.398502 0.724309 0
0  -5.692801 -5.692800 -17.667006  -0.281721 -0.283739 -0.916584  0.397689 0.724068 0
beerkeg
0  -5.498821 -5.498821 -17.713902  0.216312 0.216106 -0.952107  0.398502 0.724309 0
0  -2.975941 -7.184555 -16.878078  0.289958 0.155568 -0.944311  0.402567 0.713651 0
0  -3.080922 -7.438002 -16.794096  -0.033734 -0.536713 -0.843090  0.401532 0.713105 0
beerkeg
0  -2.975941 -7.184555 -16.878078  0.289958 0.155568 -0.944311  0.402567 0.713651 0
0  0.000000 -7.776508 -16.474083  -0.000793 0.214249 -0.976779  0.409723 0.701219 0
0  0.000000 -8.050836 -16.366961  -0.001503 -0.572321 -0.820028  0.408548 0.700376 0
beerkeg
0  0.000000 -7.776508 -16.474083  -0.000793 0.214249 -0.976779  0.409723 0.701219 0
0  2.975941 -7.184555 -16.878078  -0.289706 0.157427 -0.944080  0.420323 0.689428 0
0  3.080922 -7.438002 -16.794096  0.033330 -0.536478 -0.843256  0.419290 0.688421 0
beerkeg
0  2.975941 -7.184555 -16.878078  -0.289706 0.157427 -0.944080  0.420323 0.689428 0
0  5.498821 -5.498821 -17.713902  -0.216106 0.216311 -0.952107  0.432310 0.680000 0
0  5.692801 -5.692800 -17.667006  0.283740 -0.281721 -0.916583  0.431632 0.678962 0
beerkeg
0  5.498821 -5.498821 -17.713902  -0.216106 0.216311 -0.952107  0.432310 0.680000 0
0  7.184556 -2.975942 -16.878080  -0.155567 0.289957 -0.944311  0.447638 0.671894 0
0  7.438002 -3.080922 -16.794096  0.536711 -0.033735 -0.843092  0.447013 0.670156 0
beerkeg
0  -5.692801 5.692794 -17.667006  -0.283736 0.281718 -0.916585  0.399191 0.770350 0
0  -7.438002 3.080917 -16.794096  -0.536710 0.033735 -0.843092  0.395941 0.759761 0
0  -7.723334 3.199106 -16.516708  -0.698460 0.126551 -0.704371  0.394407 0.759905 0
beerkeg
0  8.706594 -0.000003 -15.652540  0.757839 -0.000000 -0.652441  0.474168 0.833689 0
0  8.359676 -0.000003 -16.057745  0.737344 0.000000 -0.675517  0.474230 0.829528 0
0  7.723334 3.199106 -16.516708  0.698955 0.124736 -0.704204  0.451639 0.823614 0
beerkeg
0  7.184556 -2.975942 -16.878080  -0.155567 0.289957 -0.944311  0.447638 0.671894 0
0  7.776505 -0.000003 -16.474085  -0.213684 0.000000 -0.976903  0.468556 0.665714 0
0  8.050835 -0.000003 -16.366962  0.572427 0.000000 -0.819956  0.468439 0.663526 0
beerkeg
0  -9.839949 4.075837 -13.010056  -0.910837 0.312497 -0.269671  0.379785 0.761845 0
0  -10.650682 -0.000002 -12.331964  -0.962656 -0.000649 -0.270727  0.376530 0.747896 0
0  -10.851420 -0.000002 -11.559393  -0.969108 -0.001052 -0.246634  0.373775 0.747982 0
beerkeg
0  0.000000 10.159715 -13.687181  0.000400 0.896254 -0.443540  0.398997 0.802564 0
0  3.887958 9.386352 -14.340224  0.240772 0.853824 -0.461534  0.411761 0.815376 0
0  3.759250 9.075625 -14.862957  0.189504 0.799347 -0.570204  0.413930 0.813411 0
beerkeg
0  7.184556 2.975936 -16.878080  -0.156700 -0.290234 -0.944039  0.452748 0.819250 0
0  5.498821 5.498816 -17.713902  -0.216309 -0.216107 -0.952107  0.436815 0.812177 0
0  5.692801 5.692794 -17.667006  0.281720 0.283736 -0.916585  0.436206 0.813265 0
beerkeg
0  -7.375371 7.375363 -14.922699  -0.658639 0.659339 -0.362585  0.388310 0.774038 0
0  -9.636383 3.991517 -13.716647  -0.894409 0.286717 -0.343258  0.382267 0.761508 0
0  -9.839949 4.075837 -13.010056  -0.910837 0.312497 -0.269671  0.379785 0.761845 0
beerkeg
0  -4.075841 9.839944 -13.010058  -0.313112 0.910721 -0.269346  0.388020 0.789848 0
0  0.000000 10.650679 -12.331964  -0.000649 0.962656 -0.270728  0.393694 0.805895 0
0  0.000000 10.430343 -13.041414  -0.000165 0.942012 -0.335580  0.396436 0.804210 0
beerkeg
0  -8.050835 -0.000003 -16.366962  -0.572322 0.001504 -0.820028  0.394219 0.747333 0
0  -7.438002 -3.080922 -16.794096  -0.536481 -0.033332 -0.843254  0.395136 0.734827 0
0  -7.723334 -3.199111 -16.516708  -0.698473 -0.126251 -0.704412  0.393598 0.734782 0
beerkeg
0  -7.184556 2.975936 -16.878080  0.155567 -0.289957 -0.944311  0.397000 0.759591 0
0  -7.776505 -0.000003 -16.474085  0.214246 0.000793 -0.976779  0.395409 0.747294 0
0  -8.050835 -0.000003 -16.366962  -0.572322 0.001504 -0.820028  0.394219 0.747333 0
beerkeg
0  -7.438002 -3.080922 -16.794096  -0.536481 -0.033332 -0.843254  0.395136 0.734827 0
0  -5.692801 -5.692800 -17.667006  -0.281721 -0.283739 -0.916584  0.397689 0.724068 0
0  -5.911185 -5.911184 -17.440546  -0.443807 -0.446339 -0.777057  0.396547 0.723735 0
beerkeg
0  -5.692801 -5.692800 -17.667006  -0.281721 -0.283739 -0.916584  0.397689 0.724068 0
0  -3.080922 -7.438002 -16.794096  -0.033734 -0.536713 -0.843090  0.401532 0.713105 0
0  -3.199111 -7.723336 -16.516706  -0.126553 -0.698462 -0.704369  0.400086 0.712240 0
beerkeg
0  0.000000 7.397201 -15.962942  -0.000183 -0.820761 -0.571271  0.415195 0.790324 0
0  -2.830788 6.834120 -16.351049  0.419652 -0.716959 -0.556653  0.407334 0.779457 0
0  -2.975941 7.184549 -16.878082  0.289705 -0.157426 -0.944081  0.404752 0.780454 0
beerkeg
0  -3.080922 -7.438002 -16.794096  -0.033734 -0.536713 -0.843090  0.401532 0.713105 0
0  0.000000 -8.050836 -16.366961  -0.001503 -0.572321 -0.820028  0.408548 0.700376 0
0  0.000000 -8.359678 -16.057743  -0.001641 -0.737291 -0.675574  0.406816 0.699168 0
beerkeg
0  -2.830788 6.834120 -16.351049  0.419652 -0.716959 -0.556653  0.407334 0.779457 0
0  -5.230614 5.230608 -17.166021  0.592927 -0.590615 -0.547368  0.401961 0.769320 0
0  -5.498821 5.498816 -17.713902  0.216107 -0.216311 -0.952107  0.399988 0.770056 0
beerkeg
0  0.000000 -8.050836 -16.366961  -0.001503 -0.572321 -0.820028  0.408548 0.700376 0
0  3.080922 -7.438002 -16.794096  0.033330 -0.536478 -0.843256  0.419290 0.688421 0
0  3.199111 -7.723336 -16.516706  0.126253 -0.698475 -0.704410  0.417694 0.687088 0
beerkeg
0  3.080922 -7.438002 -16.794096  0.033330 -0.536478 -0.843256  0.419290 0.688421 0
0  5.692801 -5.692800 -17.667006  0.283740 -0.281721 -0.916583  0.431632 0.678962 0
0  5.911185 -5.911184 -17.440546  0.446339 -0.443807 -0.777057  0.430661 0.677510 0
beerkeg
0  5.692801 -5.692800 -17.667006  0.283740 -0.281721 -0.916583  0.431632 0.678962 0
0  7.438002 -3.080922 -16.794096  0.536711 -0.033735 -0.843092  0.447013 0.670156 0
0  7.723334 -3.199111 -16.516708  0.698459 -0.126552 -0.704372  0.446237 0.667641 0
beerkeg
0  -5.911185 5.911179 -17.440550  -0.446336 0.443804 -0.777060  0.398070 0.770757 0
0  -7.723334 3.199106 -16.516708  -0.698460 0.126551 -0.704371  0.394407 0.759905 0
0  -8.043845 3.331866 -16.149446  -0.720358 0.135902 -0.680158  0.392578 0.760095 0
beerkeg
0  9.115719 -0.000002 -15.177500  0.771132 -0.000000 -0.636675  0.473937 0.838688 0
0  8.706594 -0.000003 -15.652540  0.757839 -0.000000 -0.652441  0.474168 0.833689 0
0  8.043845 3.331866 -16.149446  0.720841 0.134293 -0.679966  0.450817 0.826708 0
beerkeg
0  7.438002 -3.080922 -16.794096  0.536711 -0.033735 -0.843092  0.447013 0.670156 0
0  8.050835 -0.000003 -16.366962  0.572427 0.000000 -0.819956  0.468439 0.663526 0
0  8.359676 -0.000003 -16.057745  0.737344 0.000000 -0.675517  0.468238 0.660206 0
beerkeg
0  3.080922 7.437996 -16.794100  0.033734 0.536713 -0.843090  0.423186 0.804617 0
0  5.692801 5.692794 -17.667006  0.281720 0.283736 -0.916585  0.436206 0.813265 0
0  5.498821 5.498816 -17.713902  -0.216309 -0.216107 -0.952107  0.436815 0.812177 0
beerkeg
0  -9.636383 3.991517 -13.716647  -0.894409 0.286717 -0.343258  0.382267 0.761508 0
0  -10.430346 -0.000002 -13.041412  -0.942012 -0.000166 -0.335580  0.379102 0.747815 0
0  -10.650682 -0.000002 -12.331964  -0.962656 -0.000649 -0.270727  0.376530 0.747896 0
beerkeg
0  0.000000 9.823389 -14.244112  0.000904 0.837194 -0.546905  0.401367 0.800978 0
0  3.759250 9.075625 -14.862957  0.189504 0.799347 -0.570204  0.413930 0.813411 0
0  3.625568 8.752888 -15.309019  0.159485 0.761427 -0.628326  0.415889 0.811582 0
beerkeg
0  7.438002 3.080917 -16.794096  0.536990 0.032035 -0.842980  0.452243 0.821037 0
0  5.692801 5.692794 -17.667006  0.281720 0.283736 -0.916585  0.436206 0.813265 0
0  5.911185 5.911179 -17.440550  0.443805 0.446336 -0.777060  0.435331 0.814788 0
beerkeg
0  -7.184007 7.184000 -15.523471  -0.612030 0.612271 -0.500544  0.390296 0.773408 0
0  -9.386356 3.887953 -14.340221  -0.853863 0.240463 -0.461622  0.384552 0.761196 0
0  -9.636383 3.991517 -13.716647  -0.894409 0.286717 -0.343258  0.382267 0.761508 0
beerkeg
0  -3.991522 9.636378 -13.716649  -0.287359 0.894317 -0.342961  0.390540 0.788641 0
0  0.000000 10.430343 -13.041414  -0.000165 0.942012 -0.335580  0.396436 0.804210 0
0  0.000000 10.159715 -13.687181  0.000400 0.896254 -0.443540  0.398997 0.802564 0
beerkeg
0  -8.359676 -0.000003 -16.057745  -0.737292 0.001641 -0.675573  0.392485 0.747388 0
0  -7.723334 -3.199111 -16.516708  -0.698473 -0.126251 -0.704412  0.393598 0.734782 0
0  -8.043845 -3.331871 -16.149446  -0.720330 -0.135923 -0.680184  0.391762 0.734710 0
beerkeg
0  -7.438002 3.080917 -16.794096  -0.536710 0.033735 -0.843092  0.395941 0.759761 0
0  -8.050835 -0.000003 -16.366962  -0.572322 0.001504 -0.820028  0.394219 0.747333 0
0  -8.359676 -0.000003 -16.057745  -0.737292 0.001641 -0.675573  0.392485 0.747388 0
beerkeg
0  -7.723334 -3.199111 -16.516708  -0.698473 -0.126251 -0.704412  0.393598 0.734782 0
0  -5.911185 -5.911184 -17.440546  -0.443807 -0.446339 -0.777057  0.396547 0.723735 0
0  -6.156493 -6.156491 -17.131418  -0.470456 -0.472827 -0.745054  0.395171 0.723341 0
beerkeg
0  -5.911185 -5.911184 -17.440546  -0.443807 -0.446339 -0.777057  0.396547 0.723735 0
0  -3.199111 -7.723336 -16.516706  -0.126553 -0.698462 -0.704369  0.400086 0.712240 0
0  -3.331871 -8.043844 -16.149445  -0.135901 -0.720356 -0.680161  0.398330 0.711248 0
beerkeg
0  -3.199111 -7.723336 -16.516706  -0.126553 -0.698462 -0.704369  0.400086 0.712240 0
0  0.000000 -8.359678 -16.057743  -0.001641 -0.737291 -0.675574  0.406816 0.699168 0
0  0.000000 -8.706597 -15.652538  -0.001758 -0.757779 -0.652509  0.404729 0.697764 0
beerkeg
0  0.000000 -8.359678 -16.057743  -0.001641 -0.737291 -0.675574  0.406816 0.699168 0
0  3.199111 -7.723336 -16.516706  0.126253 -0.698475 -0.704410  0.417694 0.687088 0
0  3.331871 -8.043844 -16.149445  0.135923 -0.720330 -0.680184  0.415780 0.685501 0
beerkeg
0  3.199111 -7.723336 -16.516706  0.126253 -0.698475 -0.704410  0.417694 0.687088 0
0  5.911185 -5.911184 -17.440546  0.446339 -0.443807 -0.777057  0.430661 0.677510 0
0  6.156493 -6.156491 -17.131418  0.472826 -0.470454 -0.745056  0.429462 0.675773 0
beerkeg
0  5.911185 -5.911184 -17.440546  0.446339 -0.443807 -0.777057  0.430661 0.677510 0
0  7.723334 -3.199111 -16.516708  0.698459 -0.126552 -0.704372  0.446237 0.667641 0
0  8.043845 -3.331871 -16.149446  0.720357 -0.135903 -0.680158  0.445209 0.664628 0
beerkeg
0  8.043845 3.331866 -16.149446  0.720841 0.134293 -0.679966  0.450817 0.826708 0
0  6.156493 6.156486 -17.131422  0.470667 0.472019 -0.745433  0.434247 0.816612 0
0  6.445788 6.445781 -16.765215  0.486293 0.485712 -0.726363  0.432932 0.818740 0
beerkeg
0  9.075631 3.759245 -14.862954  0.799246 0.189553 -0.570329  0.447264 0.836841 0
0  8.752892 3.625563 -15.309019  0.761188 0.160006 -0.628483  0.448549 0.833523 0
0  6.699175 6.699169 -16.407494  0.516178 0.515220 -0.684185  0.431651 0.820724 0
beerkeg
0  7.723334 -3.199111 -16.516708  0.698459 -0.126552 -0.704372  0.446237 0.667641 0
0  8.359676 -0.000003 -16.057745  0.737344 0.000000 -0.675517  0.468238 0.660206 0
0  8.706594 -0.000003 -15.652540  0.757839 -0.000000 -0.652441  0.467885 0.656084 0
beerkeg
0  3.199111 7.723330 -16.516710  0.126553 0.698462 -0.704368  0.421675 0.806062 0
0  5.911185 5.911179 -17.440550  0.443805 0.446336 -0.777060  0.435331 0.814788 0
0  5.692801 5.692794 -17.667006  0.281720 0.283736 -0.916585  0.436206 0.813265 0
beerkeg
0  -9.386356 3.887953 -14.340221  -0.853863 0.240463 -0.461622  0.384552 0.761196 0
0  -10.159718 -0.000002 -13.687180  -0.896254 0.000400 -0.443541  0.381543 0.747738 0
0  -10.430346 -0.000002 -13.041412  -0.942012 -0.000166 -0.335580  0.379102 0.747815 0
beerkeg
0  0.000000 9.474058 -14.727910  0.001240 0.798301 -0.602257  0.403535 0.799470 0
0  3.625568 8.752888 -15.309019  0.159485 0.761427 -0.628326  0.415889 0.811582 0
0  3.488436 8.421821 -15.719167  0.141185 0.734237 -0.664051  0.417777 0.809789 0
beerkeg
0  7.723334 3.199106 -16.516708  0.698955 0.124736 -0.704204  0.451639 0.823614 0
0  5.911185 5.911179 -17.440550  0.443805 0.446336 -0.777060  0.435331 0.814788 0
0  6.156493 6.156486 -17.131422  0.470667 0.472019 -0.745433  0.434247 0.816612 0
beerkeg
0  -6.946188 6.946181 -16.007765  -0.556006 0.555698 -0.618107  0.392055 0.772835 0
0  -9.075631 3.759245 -14.862954  -0.799246 0.189553 -0.570329  0.386654 0.760895 0
0  -9.386356 3.887953 -14.340221  -0.853863 0.240463 -0.461622  0.384552 0.761196 0
beerkeg
0  -3.887958 9.386352 -14.340224  -0.241281 0.853760 -0.461386  0.392833 0.787489 0
0  0.000000 10.159715 -13.687181  0.000400 0.896254 -0.443540  0.398997 0.802564 0
0  0.000000 9.823389 -14.244112  0.000904 0.837194 -0.546905  0.401367 0.800978 0
beerkeg
0  -8.706594 -0.000003 -15.652540  -0.757779 0.001758 -0.652509  0.390426 0.747455 0
0  -8.043845 -3.331871 -16.149446  -0.720330 -0.135923 -0.680184  0.391762 0.734710 0
0  -8.421825 -3.488436 -15.719163  -0.733886 -0.142725 -0.664109  0.389646 0.734577 0
beerkeg
0  -7.723334 3.199106 -16.516708  -0.698460 0.126551 -0.704371  0.394407 0.759905 0
0  -8.359676 -0.000003 -16.057745  -0.737292 0.001641 -0.675573  0.392485 0.747388 0
0  -8.706594 -0.000003 -15.652540  -0.757779 0.001758 -0.652509  0.390426 0.747455 0
beerkeg
0  -8.043845 -3.331871 -16.149446  -0.720330 -0.135923 -0.680184  0.391762 0.734710 0
0  -6.156493 -6.156491 -17.131418  -0.470456 -0.472827 -0.745054  0.395171 0.723341 0
0  -6.445788 -6.445787 -16.765211  -0.484838 -0.486582 -0.726753  0.393553 0.722890 0
beerkeg
0  -6.156493 -6.156491 -17.131418  -0.470456 -0.472827 -0.745054  0.395171 0.723341 0
0  -3.331871 -8.043844 -16.149445  -0.135901 -0.720356 -0.680161  0.398330 0.711248 0
0  -3.488436 -8.421826 -15.719165  -0.142220 -0.733819 -0.664291  0.396252 0.710180 0
beerkeg
0  0.000000 8.050830 -16.366964  0.001503 0.572321 -0.820028  0.411619 0.793355 0
0  3.080922 7.437996 -16.794100  0.033734 0.536713 -0.843090  0.423186 0.804617 0
0  2.975941 7.184549 -16.878082  -0.289960 -0.155568 -0.944310  0.424153 0.803539 0
beerkeg
0  -3.331871 -8.043844 -16.149445  -0.135901 -0.720356 -0.680161  0.398330 0.711248 0
0  0.000000 -8.706597 -15.652538  -0.001758 -0.757779 -0.652509  0.404729 0.697764 0
0  0.000000 -9.115721 -15.177498  -0.001541 -0.771189 -0.636605  0.402302 0.696196 0
beerkeg
0  0.000000 7.776502 -16.474087  0.000792 -0.214249 -0.976779  0.412739 0.792431 0
0  -2.975941 7.184549 -16.878082  0.289705 -0.157426 -0.944081  0.404752 0.780454 0
0  -3.080922 7.437996 -16.794100  -0.033332 0.536478 -0.843256  0.403751 0.781069 0
beerkeg
0  0.000000 -8.706597 -15.652538  -0.001758 -0.757779 -0.652509  0.404729 0.697764 0
0  3.331871 -8.043844 -16.149445  0.135923 -0.720330 -0.680184  0.415780 0.685501 0
0  3.488436 -8.421826 -15.719165  0.142725 -0.733886 -0.664109  0.413577 0.683648 0
beerkeg
0  3.331871 -8.043844 -16.149445  0.135923 -0.720330 -0.680184  0.415780 0.685501 0
0  6.156493 -6.156491 -17.131418  0.472826 -0.470454 -0.745056  0.429462 0.675773 0
0  6.445788 -6.445787 -16.765211  0.486582 -0.484837 -0.726754  0.428013 0.673751 0
beerkeg
0  6.156493 -6.156491 -17.131418  0.472826 -0.470454 -0.745056  0.429462 0.675773 0
0  8.043845 -3.331871 -16.149446  0.720357 -0.135903 -0.680158  0.445209 0.664628 0
0  8.421825 -3.488436 -15.719163  0.733822 -0.142221 -0.664288  0.443834 0.661150 0
beerkeg
0  -9.823392 -0.000002 -14.244110  -0.837194 0.000903 -0.546906  0.383838 0.747665 0
0  -9.075631 -3.759250 -14.862952  -0.799149 -0.190438 -0.570171  0.385807 0.734292 0
0  -9.386356 -3.887957 -14.340219  -0.853760 -0.241281 -0.461386  0.383694 0.734125 0
beerkeg
0  9.386356 3.887953 -14.340221  0.853864 0.240462 -0.461622  0.445730 0.840462 0
0  9.075631 3.759245 -14.862954  0.799246 0.189553 -0.570329  0.447264 0.836841 0
0  6.946188 6.946181 -16.007765  0.556006 0.555698 -0.618107  0.430259 0.822795 0
beerkeg
0  8.043845 -3.331871 -16.149446  0.720357 -0.135903 -0.680158  0.445209 0.664628 0
0  8.706594 -0.000003 -15.652540  0.757839 -0.000000 -0.652441  0.467885 0.656084 0
0  9.115719 -0.000002 -15.177500  0.771132 -0.000000 -0.636675  0.467304 0.651142 0
beerkeg
0  3.331871 8.043839 -16.149448  0.134649 0.720347 -0.680419  0.419862 0.807782 0
0  6.156493 6.156486 -17.131422  0.470667 0.472019 -0.745433  0.434247 0.816612 0
0  5.911185 5.911179 -17.440550  0.443805 0.446336 -0.777060  0.435331 0.814788 0
beerkeg
0  -9.075631 3.759245 -14.862954  -0.799246 0.189553 -0.570329  0.386654 0.760895 0
0  -9.823392 -0.000002 -14.244110  -0.837194 0.000903 -0.546906  0.383838 0.747665 0
0  -10.159718 -0.000002 -13.687180  -0.896254 0.000400 -0.443541  0.381543 0.747738 0
beerkeg
0  0.000000 9.115715 -15.177502  0.001541 0.771188 -0.636605  0.405635 0.797957 0
0  3.488436 8.421821 -15.719167  0.141185 0.734237 -0.664051  0.417777 0.809789 0
0  3.331871 8.043839 -16.149448  0.134649 0.720347 -0.680419  0.419862 0.807782 0
beerkeg
0  -6.699175 6.699169 -16.407494  -0.516178 0.515219 -0.684185  0.393633 0.772308 0
0  -8.752892 3.625563 -15.309019  -0.761188 0.160006 -0.628483  0.388586 0.760620 0
0  -9.075631 3.759245 -14.862954  -0.799246 0.189553 -0.570329  0.386654 0.760895 0
beerkeg
0  -3.759250 9.075625 -14.862957  -0.190438 0.799148 -0.570171  0.394926 0.786407 0
0  0.000000 9.823389 -14.244112  0.000904 0.837194 -0.546905  0.401367 0.800978 0
0  0.000000 9.474058 -14.727910  0.001240 0.798301 -0.602257  0.403535 0.799470 0
beerkeg
0  -9.115719 -0.000002 -15.177500  -0.771187 0.001541 -0.636606  0.388067 0.747530 0
0  -8.421825 -3.488436 -15.719163  -0.733886 -0.142725 -0.664109  0.389646 0.734577 0
0  -8.752892 -3.625567 -15.309017  -0.761132 -0.160712 -0.628371  0.387750 0.734442 0
beerkeg
0  -8.043845 3.331866 -16.149446  -0.720358 0.135902 -0.680158  0.392578 0.760095 0
0  -8.706594 -0.000003 -15.652540  -0.757779 0.001758 -0.652509  0.390426 0.747455 0
0  -9.115719 -0.000002 -15.177500  -0.771187 0.001541 -0.636606  0.388067 0.747530 0
beerkeg
0  -8.421825 -3.488436 -15.719163  -0.733886 -0.142725 -0.664109  0.389646 0.734577 0
0  -6.445788 -6.445787 -16.765211  -0.484838 -0.486582 -0.726753  0.393553 0.722890 0
0  -6.699175 -6.699174 -16.407490  -0.515220 -0.516178 -0.684184  0.392030 0.722477 0
beerkeg
0  -6.445788 -6.445787 -16.765211  -0.484838 -0.486582 -0.726753  0.393553 0.722890 0
0  -3.488436 -8.421826 -15.719165  -0.142220 -0.733819 -0.664291  0.396252 0.710180 0
0  -3.625568 -8.752893 -15.309017  -0.160008 -0.761188 -0.628483  0.394366 0.709266 0
beerkeg
0  0.000000 8.359673 -16.057747  0.001641 0.737292 -0.675573  0.409963 0.794679 0
0  3.199111 7.723330 -16.516710  0.126553 0.698462 -0.704368  0.421675 0.806062 0
0  3.080922 7.437996 -16.794100  0.033734 0.536713 -0.843090  0.423186 0.804617 0
beerkeg
0  -3.488436 -8.421826 -15.719165  -0.142220 -0.733819 -0.664291  0.396252 0.710180 0
0  0.000000 -9.115721 -15.177498  -0.001541 -0.771189 -0.636605  0.402302 0.696196 0
0  0.000000 -9.474064 -14.727906  -0.001240 -0.798301 -0.602257  0.400117 0.694831 0
beerkeg
0  0.000000 8.050830 -16.366964  0.001503 0.572321 -0.820028  0.411619 0.793355 0
0  -3.080922 7.437996 -16.794100  -0.033332 0.536478 -0.843256  0.403751 0.781069 0
0  -3.199111 7.723330 -16.516710  -0.126253 0.698475 -0.704410  0.402360 0.782030 0
beerkeg
0  0.000000 -9.115721 -15.177498  -0.001541 -0.771189 -0.636605  0.402302 0.696196 0
0  3.488436 -8.421826 -15.719165  0.142725 -0.733886 -0.664109  0.413577 0.683648 0
0  3.625568 -8.752893 -15.309017  0.160713 -0.761133 -0.628369  0.411584 0.681994 0
beerkeg
0  3.488436 -8.421826 -15.719165  0.142725 -0.733886 -0.664109  0.413577 0.683648 0
0  6.445788 -6.445787 -16.765211  0.486582 -0.484837 -0.726754  0.428013 0.673751 0
0  6.699175 -6.699174 -16.407490  0.516177 -0.515219 -0.684186  0.426609 0.671870 0
beerkeg
0  6.445788 -6.445787 -16.765211  0.486582 -0.484837 -0.726754  0.428013 0.673751 0
0  8.421825 -3.488436 -15.719163  0.733822 -0.142221 -0.664288  0.443834 0.661150 0
0  8.752892 -3.625567 -15.309017  0.761187 -0.160007 -0.628484  0.442490 0.658028 0
beerkeg
0  -10.159718 -0.000002 -13.687180  -0.896254 0.000400 -0.443541  0.381543 0.747738 0
0  -9.386356 -3.887957 -14.340219  -0.853760 -0.241281 -0.461386  0.383694 0.734125 0
0  -9.636383 -3.991521 -13.716645  -0.894317 -0.287359 -0.342961  0.381397 0.733959 0
beerkeg
0  9.636383 3.991517 -13.716647  0.894409 0.286717 -0.343258  0.443928 0.844409 0
0  9.386356 3.887953 -14.340221  0.853864 0.240462 -0.461622  0.445730 0.840462 0
0  7.184007 7.184000 -15.523471  0.612030 0.612271 -0.500544  0.428659 0.825078 0
beerkeg
0  8.421825 -3.488436 -15.719163  0.733822 -0.142221 -0.664288  0.443834 0.661150 0
0  9.115719 -0.000002 -15.177500  0.771132 -0.000000 -0.636675  0.467304 0.651142 0
0  9.474061 -0.000002 -14.727908  0.798269 0.000000 -0.602302  0.466595 0.646637 0
beerkeg
0  -3.331871 8.043839 -16.149448  -0.135922 0.720330 -0.680183  0.400668 0.783138 0
0  -6.156493 6.156486 -17.131422  -0.472826 0.470454 -0.745056  0.396719 0.771240 0
0  -6.445788 6.445781 -16.765215  -0.486582 0.484837 -0.726754  0.395130 0.771796 0
beerkeg
0  -8.752892 3.625563 -15.309019  -0.761188 0.160006 -0.628483  0.388586 0.760620 0
0  -9.474061 -0.000002 -14.727908  -0.798301 0.001240 -0.602258  0.385971 0.747597 0
0  -9.823392 -0.000002 -14.244110  -0.837194 0.000903 -0.546906  0.383838 0.747665 0
beerkeg
0  8.752892 3.625563 -15.309019  0.761188 0.160006 -0.628483  0.448549 0.833523 0
0  8.421825 3.488430 -15.719165  0.734237 0.141919 -0.663894  0.449680 0.830295 0
0  6.445788 6.445781 -16.765215  0.486293 0.485712 -0.726363  0.432932 0.818740 0
beerkeg
0  3.331871 8.043839 -16.149448  0.134649 0.720347 -0.680419  0.419862 0.807782 0
0  3.488436 8.421821 -15.719167  0.141185 0.734237 -0.664051  0.417777 0.809789 0
0  6.445788 6.445781 -16.765215  0.486293 0.485712 -0.726363  0.432932 0.818740 0
beerkeg
0  -6.445788 6.445781 -16.765215  -0.486582 0.484837 -0.726754  0.395130 0.771796 0
0  -8.421825 3.488430 -15.719165  -0.733822 0.142220 -0.664289  0.390471 0.760364 0
0  -8.752892 3.625563 -15.309019  -0.761188 0.160006 -0.628483  0.388586 0.760620 0
beerkeg
0  -3.625568 8.752888 -15.309019  -0.160712 0.761132 -0.628370  0.396828 0.785381 0
0  0.000000 9.474058 -14.727910  0.001240 0.798301 -0.602257  0.403535 0.799470 0
0  0.000000 9.115715 -15.177502  0.001541 0.771188 -0.636605  0.405635 0.797957 0
beerkeg
0  0.000000 8.706592 -15.652540  0.001758 0.757779 -0.652510  0.407964 0.796225 0
0  -3.331871 8.043839 -16.149448  -0.135922 0.720330 -0.680183  0.400668 0.783138 0
0  -3.488436 8.421821 -15.719167  -0.142725 0.733886 -0.664110  0.398657 0.784342 0
beerkeg
0  -6.156493 6.156486 -17.131422  -0.472826 0.470454 -0.745056  0.396719 0.771240 0
0  -8.043845 3.331866 -16.149446  -0.720358 0.135902 -0.680158  0.392578 0.760095 0
0  -8.421825 3.488430 -15.719165  -0.733822 0.142220 -0.664289  0.390471 0.760364 0
beerkeg
0  -8.752892 -3.625567 -15.309017  -0.761132 -0.160712 -0.628371  0.387750 0.734442 0
0  -6.699175 -6.699174 -16.407490  -0.515220 -0.516178 -0.684184  0.392030 0.722477 0
0  -6.946188 -6.946186 -16.007761  -0.555700 -0.556006 -0.618106  0.390425 0.722054 0
beerkeg
0  -6.699175 -6.699174 -16.407490  -0.515220 -0.516178 -0.684184  0.392030 0.722477 0
0  -3.625568 -8.752893 -15.309017  -0.160008 -0.761188 -0.628483  0.394366 0.709266 0
0  -3.759250 -9.075631 -14.862953  -0.189553 -0.799246 -0.570328  0.392410 0.708369 0
beerkeg
0  0.000000 8.706592 -15.652540  0.001758 0.757779 -0.652510  0.407964 0.796225 0
0  3.331871 8.043839 -16.149448  0.134649 0.720347 -0.680419  0.419862 0.807782 0
0  3.199111 7.723330 -16.516710  0.126553 0.698462 -0.704368  0.421675 0.806062 0
beerkeg
0  -3.625568 -8.752893 -15.309017  -0.160008 -0.761188 -0.628483  0.394366 0.709266 0
0  0.000000 -9.474064 -14.727906  -0.001240 -0.798301 -0.602257  0.400117 0.694831 0
0  0.000000 -9.823393 -14.244108  -0.000903 -0.837194 -0.546905  0.397866 0.693475 0
beerkeg
0  0.000000 8.359673 -16.057747  0.001641 0.737292 -0.675573  0.409963 0.794679 0
0  -3.199111 7.723330 -16.516710  -0.126253 0.698475 -0.704410  0.402360 0.782030 0
0  -3.331871 8.043839 -16.149448  -0.135922 0.720330 -0.680183  0.400668 0.783138 0
beerkeg
0  0.000000 -9.474064 -14.727906  -0.001240 -0.798301 -0.602257  0.400117 0.694831 0
0  3.625568 -8.752893 -15.309017  0.160713 -0.761133 -0.628369  0.411584 0.681994 0
0  3.759250 -9.075631 -14.862953  0.190439 -0.799150 -0.570168  0.409519 0.680310 0
beerkeg
0  3.625568 -8.752893 -15.309017  0.160713 -0.761133 -0.628369  0.411584 0.681994 0
0  6.699175 -6.699174 -16.407490  0.516177 -0.515219 -0.684186  0.426609 0.671870 0
0  6.946188 -6.946186 -16.007761  0.556007 -0.555697 -0.618108  0.425089 0.669910 0
beerkeg
0  6.699175 -6.699174 -16.407490  0.516177 -0.515219 -0.684186  0.426609 0.671870 0
0  8.752892 -3.625567 -15.309017  0.761187 -0.160007 -0.628484  0.442490 0.658028 0
0  9.075631 -3.759250 -14.862952  0.799246 -0.189554 -0.570329  0.440989 0.654827 0
beerkeg
0  -10.430346 -0.000002 -13.041412  -0.942012 -0.000166 -0.335580  0.379102 0.747815 0
0  -9.636383 -3.991521 -13.716645  -0.894317 -0.287359 -0.342961  0.381397 0.733959 0
0  -9.839949 -4.075840 -13.010055  -0.910721 -0.313112 -0.269347  0.378902 0.733779 0
beerkeg
0  9.839949 4.075837 -13.010056  0.910836 0.312497 -0.269671  0.441771 0.848696 0
0  9.636383 3.991517 -13.716647  0.894409 0.286717 -0.343258  0.443928 0.844409 0
0  7.375371 7.375363 -14.922699  0.658639 0.659339 -0.362585  0.426788 0.827625 0
beerkeg
0  8.752892 -3.625567 -15.309017  0.761187 -0.160007 -0.628484  0.442490 0.658028 0
0  9.474061 -0.000002 -14.727908  0.798269 0.000000 -0.602302  0.466595 0.646637 0
0  9.823392 -0.000002 -14.244110  0.837141 0.000000 -0.546987  0.465681 0.641925 0
beerkeg
0  -8.421825 3.488430 -15.719165  -0.733822 0.142220 -0.664289  0.390471 0.760364 0
0  -9.115719 -0.000002 -15.177500  -0.771187 0.001541 -0.636606  0.388067 0.747530 0
0  -9.474061 -0.000002 -14.727908  -0.798301 0.001240 -0.602258  0.385971 0.747597 0
beerkeg
0  -9.474061 -0.000002 -14.727908  -0.798301 0.001240 -0.602258  0.385971 0.747597 0
0  -8.752892 -3.625567 -15.309017  -0.761132 -0.160712 -0.628371  0.387750 0.734442 0
0  -9.075631 -3.759250 -14.862952  -0.799149 -0.190438 -0.570171  0.385807 0.734292 0
beerkeg
0  3.488436 8.421821 -15.719167  0.141185 0.734237 -0.664051  0.417777 0.809789 0
0  3.625568 8.752888 -15.309019  0.159485 0.761427 -0.628326  0.415889 0.811582 0
0  6.699175 6.699169 -16.407494  0.516178 0.515220 -0.684185  0.431651 0.820724 0
beerkeg
0  8.421825 3.488430 -15.719165  0.734237 0.141919 -0.663894  0.449680 0.830295 0
0  8.752892 3.625563 -15.309019  0.761188 0.160006 -0.628483  0.448549 0.833523 0
0  9.474061 -0.000002 -14.727908  0.798269 0.000000 -0.602302  0.473546 0.843261 0
beerkeg
0  -9.075631 -3.759250 -14.862952  -0.799149 -0.190438 -0.570171  0.385807 0.734292 0
0  -6.946188 -6.946186 -16.007761  -0.555700 -0.556006 -0.618106  0.390425 0.722054 0
0  -7.184007 -7.184005 -15.523469  -0.612270 -0.612030 -0.500544  0.388638 0.721596 0
beerkeg
0  -6.946188 -6.946186 -16.007761  -0.555700 -0.556006 -0.618106  0.390425 0.722054 0
0  -3.759250 -9.075631 -14.862953  -0.189553 -0.799246 -0.570328  0.392410 0.708369 0
0  -3.887958 -9.386355 -14.340220  -0.240463 -0.853864 -0.461621  0.390259 0.707428 0
beerkeg
0  -3.759250 -9.075631 -14.862953  -0.189553 -0.799246 -0.570328  0.392410 0.708369 0
0  0.000000 -9.823393 -14.244108  -0.000903 -0.837194 -0.546905  0.397866 0.693475 0
0  0.000000 -10.159719 -13.687177  -0.000400 -0.896254 -0.443540  0.395410 0.692054 0
beerkeg
0  0.000000 -9.823393 -14.244108  -0.000903 -0.837194 -0.546905  0.397866 0.693475 0
0  3.759250 -9.075631 -14.862953  0.190439 -0.799150 -0.570168  0.409519 0.680310 0
0  3.887958 -9.386355 -14.340220  0.241281 -0.853761 -0.461384  0.407237 0.678503 0
beerkeg
0  3.759250 -9.075631 -14.862953  0.190439 -0.799150 -0.570168  0.409519 0.680310 0
0  6.946188 -6.946186 -16.007761  0.556007 -0.555697 -0.618108  0.425089 0.669910 0
0  7.184007 -7.184005 -15.523469  0.612030 -0.612270 -0.500545  0.423347 0.667754 0
beerkeg
0  6.946188 -6.946186 -16.007761  0.556007 -0.555697 -0.618108  0.425089 0.669910 0
0  9.075631 -3.759250 -14.862952  0.799246 -0.189554 -0.570329  0.440989 0.654827 0
0  9.386356 -3.887957 -14.340219  0.853864 -0.240463 -0.461621  0.439219 0.651345 0
beerkeg
0  -10.650682 -0.000002 -12.331964  -0.962656 -0.000649 -0.270727  0.376530 0.747896 0
0  -9.839949 -4.075840 -13.010055  -0.910721 -0.313112 -0.269347  0.378902 0.733779 0
0  -10.025406 -4.152659 -12.219412  -0.915192 -0.324583 -0.238892  0.376147 0.733575 0
beerkeg
0  10.025406 4.152656 -12.219414  0.915387 0.323756 -0.239265  0.439130 0.853403 0
0  9.839949 4.075837 -13.010056  0.910836 0.312497 -0.269671  0.441771 0.848696 0
0  7.531172 7.531165 -14.217872  0.679546 0.680790 -0.273391  0.424580 0.830481 0
beerkeg
0  9.075631 -3.759250 -14.862952  0.799246 -0.189554 -0.570329  0.440989 0.654827 0
0  9.823392 -0.000002 -14.244110  0.837141 0.000000 -0.546987  0.465681 0.641925 0
0  10.159718 -0.000002 -13.687180  0.896177 -0.000000 -0.443698  0.464443 0.636716 0
beerkeg
0  -3.488436 8.421821 -15.719167  -0.142725 0.733886 -0.664110  0.398657 0.784342 0
0  -6.445788 6.445781 -16.765215  -0.486582 0.484837 -0.726754  0.395130 0.771796 0
0  -6.699175 6.699169 -16.407494  -0.516178 0.515219 -0.684185  0.393633 0.772308 0
beerkeg
0  3.625568 8.752888 -15.309019  0.159485 0.761427 -0.628326  0.415889 0.811582 0
0  3.759250 9.075625 -14.862957  0.189504 0.799347 -0.570204  0.413930 0.813411 0
0  6.946188 6.946181 -16.007765  0.556006 0.555698 -0.618107  0.430259 0.822795 0
beerkeg
0  8.752892 3.625563 -15.309019  0.761188 0.160006 -0.628483  0.448549 0.833523 0
0  9.075631 3.759245 -14.862954  0.799246 0.189553 -0.570329  0.447264 0.836841 0
0  9.823392 -0.000002 -14.244110  0.837141 0.000000 -0.546987  0.472963 0.848056 0
beerkeg
0  -3.199111 7.723330 -16.516710  -0.126253 0.698475 -0.704410  0.402360 0.782030 0
0  -5.911185 5.911179 -17.440550  -0.446336 0.443804 -0.777060  0.398070 0.770757 0
0  -6.156493 6.156486 -17.131422  -0.472826 0.470454 -0.745056  0.396719 0.771240 0
beerkeg
0  -9.386356 -3.887957 -14.340219  -0.853760 -0.241281 -0.461386  0.383694 0.734125 0
0  -7.184007 -7.184005 -15.523469  -0.612270 -0.612030 -0.500544  0.388638 0.721596 0
0  -7.375371 -7.375368 -14.922697  -0.659338 -0.658639 -0.362585  0.386621 0.721095 0
beerkeg
0  -7.184007 -7.184005 -15.523469  -0.612270 -0.612030 -0.500544  0.388638 0.721596 0
0  -3.887958 -9.386355 -14.340220  -0.240463 -0.853864 -0.461621  0.390259 0.707428 0
0  -3.991522 -9.636382 -13.716645  -0.286718 -0.894409 -0.343257  0.387907 0.706430 0
beerkeg
0  -3.887958 -9.386355 -14.340220  -0.240463 -0.853864 -0.461621  0.390259 0.707428 0
0  0.000000 -10.159719 -13.687177  -0.000400 -0.896254 -0.443540  0.395410 0.692054 0
0  0.000000 -10.430346 -13.041410  0.000165 -0.942012 -0.335580  0.392761 0.690586 0
beerkeg
0  0.000000 -10.159719 -13.687177  -0.000400 -0.896254 -0.443540  0.395410 0.692054 0
0  3.887958 -9.386355 -14.340220  0.241281 -0.853761 -0.461384  0.407237 0.678503 0
0  3.991522 -9.636382 -13.716645  0.287359 -0.894317 -0.342960  0.404702 0.676593 0
beerkeg
0  3.887958 -9.386355 -14.340220  0.241281 -0.853761 -0.461384  0.407237 0.678503 0
0  7.184007 -7.184005 -15.523469  0.612030 -0.612270 -0.500545  0.423347 0.667754 0
0  7.375371 -7.375368 -14.922697  0.658639 -0.659338 -0.362585  0.421322 0.665355 0
beerkeg
0  7.184007 -7.184005 -15.523469  0.612030 -0.612270 -0.500545  0.423347 0.667754 0
0  9.386356 -3.887957 -14.340219  0.853864 -0.240463 -0.461621  0.439219 0.651345 0
0  9.636383 -3.991521 -13.716645  0.894409 -0.286717 -0.343257  0.437162 0.647559 0
beerkeg
0  -10.851420 -0.000002 -11.559393  -0.969108 -0.001052 -0.246634  0.373775 0.747982 0
0  -10.025406 -4.152659 -12.219412  -0.915192 -0.324583 -0.238892  0.376147 0.733575 0
0  -10.206332 -4.227601 -11.405346  -0.918741 -0.337431 -0.205072  0.373304 0.733360 0
beerkeg
0  10.206332 4.227597 -11.405348  0.919032 0.336608 -0.205125  0.436123 0.858211 0
0  10.025406 4.152656 -12.219414  0.915387 0.323756 -0.239265  0.439130 0.853403 0
0  7.673115 7.673108 -13.400791  0.686997 0.688943 -0.231068  0.421906 0.833742 0
beerkeg
0  9.386356 -3.887957 -14.340219  0.853864 -0.240463 -0.461621  0.439219 0.651345 0
0  10.159718 -0.000002 -13.687180  0.896177 -0.000000 -0.443698  0.464443 0.636716 0
0  10.430346 -0.000002 -13.041412  0.941947 -0.000000 -0.335763  0.462768 0.631081 0
beerkeg
0  -3.625568 8.752888 -15.309019  -0.160712 0.761132 -0.628370  0.396828 0.785381 0
0  -6.699175 6.699169 -16.407494  -0.516178 0.515219 -0.684185  0.393633 0.772308 0
0  -6.946188 6.946181 -16.007765  -0.556006 0.555698 -0.618107  0.392055 0.772835 0
beerkeg
0  3.759250 9.075625 -14.862957  0.189504 0.799347 -0.570204  0.413930 0.813411 0
0  3.887958 9.386352 -14.340224  0.240772 0.853824 -0.461534  0.411761 0.815376 0
0  7.184007 7.184000 -15.523471  0.612030 0.612271 -0.500544  0.428659 0.825078 0
beerkeg
0  9.075631 3.759245 -14.862954  0.799246 0.189553 -0.570329  0.447264 0.836841 0
0  9.386356 3.887953 -14.340221  0.853864 0.240462 -0.461622  0.445730 0.840462 0
0  10.159718 -0.000002 -13.687180  0.896177 -0.000000 -0.443698  0.472092 0.853375 0
beerkeg
0  -3.080922 7.437996 -16.794100  -0.033332 0.536478 -0.843256  0.403751 0.781069 0
0  -5.692801 5.692794 -17.667006  -0.283736 0.281718 -0.916585  0.399191 0.770350 0
0  -5.911185 5.911179 -17.440550  -0.446336 0.443804 -0.777060  0.398070 0.770757 0
beerkeg
0  -9.636383 -3.991521 -13.716645  -0.894317 -0.287359 -0.342961  0.381397 0.733959 0
0  -7.375371 -7.375368 -14.922697  -0.659338 -0.658639 -0.362585  0.386621 0.721095 0
0  -7.531172 -7.531170 -14.217870  -0.680789 -0.679546 -0.273390  0.384330 0.720547 0
beerkeg
0  -7.375371 -7.375368 -14.922697  -0.659338 -0.658639 -0.362585  0.386621 0.721095 0
0  -3.991522 -9.636382 -13.716645  -0.286718 -0.894409 -0.343257  0.387907 0.706430 0
0  -4.075841 -9.839948 -13.010055  -0.312497 -0.910836 -0.269672  0.385325 0.705391 0
beerkeg
0  -3.991522 -9.636382 -13.716645  -0.286718 -0.894409 -0.343257  0.387907 0.706430 0
0  0.000000 -10.430346 -13.041410  0.000165 -0.942012 -0.335580  0.392761 0.690586 0
0  0.000000 -10.650682 -12.331960  0.000649 -0.962656 -0.270728  0.389931 0.689091 0
beerkeg
0  0.000000 -10.430346 -13.041410  0.000165 -0.942012 -0.335580  0.392761 0.690586 0
0  3.991522 -9.636382 -13.716645  0.287359 -0.894317 -0.342960  0.404702 0.676593 0
0  4.075841 -9.839948 -13.010055  0.313112 -0.910722 -0.269346  0.401895 0.674562 0
beerkeg
0  3.991522 -9.636382 -13.716645  0.287359 -0.894317 -0.342960  0.404702 0.676593 0
0  7.375371 -7.375368 -14.922697  0.658639 -0.659338 -0.362585  0.421322 0.665355 0
0  7.531172 -7.531170 -14.217870  0.679546 -0.680790 -0.273392  0.418940 0.662674 0
beerkeg
0  7.375371 -7.375368 -14.922697  0.658639 -0.659338 -0.362585  0.421322 0.665355 0
0  9.636383 -3.991521 -13.716645  0.894409 -0.286717 -0.343257  0.437162 0.647559 0
0  9.839949 -4.075840 -13.010055  0.910837 -0.312497 -0.269671  0.434731 0.643462 0
beerkeg
0  -11.047254 -0.000002 -10.781294  -0.976776 -0.001166 -0.214259  0.371001 0.748068 0
0  -10.206332 -4.227601 -11.405346  -0.918741 -0.337431 -0.205072  0.373304 0.733360 0
0  -10.345191 -4.285119 -10.585291  -0.924423 -0.358161 -0.131007  0.370448 0.733149 0
beerkeg
0  10.345191 4.285115 -10.585293  0.924677 0.357633 -0.130657  0.432840 0.862976 0
0  10.206332 4.227597 -11.405348  0.919032 0.336608 -0.205125  0.436123 0.858211 0
0  7.811589 7.811584 -12.527433  0.692217 0.694674 -0.195611  0.418858 0.837219 0
beerkeg
0  9.636383 -3.991521 -13.716645  0.894409 -0.286717 -0.343257  0.437162 0.647559 0
0  10.430346 -0.000002 -13.041412  0.941947 -0.000000 -0.335763  0.462768 0.631081 0
0  10.650682 -0.000002 -12.331964  0.962610 0.000000 -0.270890  0.460608 0.625093 0
beerkeg
0  -3.759250 9.075625 -14.862957  -0.190438 0.799148 -0.570171  0.394926 0.786407 0
0  -6.946188 6.946181 -16.007765  -0.556006 0.555698 -0.618107  0.392055 0.772835 0
0  -7.184007 7.184000 -15.523471  -0.612030 0.612271 -0.500544  0.390296 0.773408 0
beerkeg
0  3.887958 9.386352 -14.340224  0.240772 0.853824 -0.461534  0.411761 0.815376 0
0  3.991522 9.636378 -13.716649  0.287373 0.894243 -0.343142  0.409344 0.817463 0
0  7.375371 7.375363 -14.922699  0.658639 0.659339 -0.362585  0.426788 0.827625 0
beerkeg
0  9.386356 3.887953 -14.340221  0.853864 0.240462 -0.461622  0.445730 0.840462 0
0  9.636383 3.991517 -13.716647  0.894409 0.286717 -0.343258  0.443928 0.844409 0
0  10.430346 -0.000002 -13.041412  0.941947 -0.000000 -0.335763  0.470812 0.859155 0
beerkeg
0  -2.975941 7.184549 -16.878082  0.289705 -0.157426 -0.944081  0.404752 0.780454 0
0  -5.498821 5.498816 -17.713902  0.216107 -0.216311 -0.952107  0.399988 0.770056 0
0  -5.692801 5.692794 -17.667006  -0.283736 0.281718 -0.916585  0.399191 0.770350 0
beerkeg
0  -9.839949 -4.075840 -13.010055  -0.910721 -0.313112 -0.269347  0.378902 0.733779 0
0  -7.531172 -7.531170 -14.217870  -0.680789 -0.679546 -0.273390  0.384330 0.720547 0
0  -7.673115 -7.673113 -13.400789  -0.688943 -0.686997 -0.231066  0.381669 0.719937 0
beerkeg
0  -7.531172 -7.531170 -14.217870  -0.680789 -0.679546 -0.273390  0.384330 0.720547 0
0  -4.075841 -9.839948 -13.010055  -0.312497 -0.910836 -0.269672  0.385325 0.705391 0
0  -4.152661 -10.025406 -12.219411  -0.323757 -0.915387 -0.239266  0.382442 0.704307 0
beerkeg
0  -4.075841 -9.839948 -13.010055  -0.312497 -0.910836 -0.269672  0.385325 0.705391 0
0  0.000000 -10.650682 -12.331960  0.000649 -0.962656 -0.270728  0.389931 0.689091 0
0  0.000000 -10.851422 -11.559391  0.001053 -0.969108 -0.246633  0.386854 0.687549 0
beerkeg
0  0.000000 -10.650682 -12.331960  0.000649 -0.962656 -0.270728  0.389931 0.689091 0
0  4.075841 -9.839948 -13.010055  0.313112 -0.910722 -0.269346  0.401895 0.674562 0
0  4.152661 -10.025406 -12.219411  0.324583 -0.915192 -0.238892  0.398736 0.672368 0
beerkeg
0  4.075841 -9.839948 -13.010055  0.313112 -0.910722 -0.269346  0.401895 0.674562 0
0  7.531172 -7.531170 -14.217870  0.679546 -0.680790 -0.273392  0.418940 0.662674 0
0  7.673115 -7.673113 -13.400789  0.686998 -0.688943 -0.231067  0.416072 0.659621 0
beerkeg
0  7.531172 -7.531170 -14.217870  0.679546 -0.680790 -0.273392  0.418940 0.662674 0
0  9.839949 -4.075840 -13.010055  0.910837 -0.312497 -0.269671  0.434731 0.643462 0
0  10.025406 -4.152659 -12.219412  0.915387 -0.323757 -0.239266  0.431791 0.638984 0
beerkeg
0  -11.197553 -0.000002 -10.012784  -0.990520 -0.000865 -0.137369  0.368281 0.748153 0
0  -10.345191 -4.285119 -10.585291  -0.924423 -0.358161 -0.131007  0.370448 0.733149 0
0  -10.417631 -4.315124 -9.679115  -0.925613 -0.375616 -0.046409  0.367290 0.732930 0
beerkeg
0  10.417631 4.315121 -9.679117  0.925689 0.375495 -0.045863  0.428908 0.868143 0
0  10.345191 4.285115 -10.585293  0.924677 0.357633 -0.130657  0.432840 0.862976 0
0  7.917867 7.917861 -11.613586  0.700477 0.702585 -0.125323  0.415469 0.840819 0
beerkeg
0  9.839949 -4.075840 -13.010055  0.910837 -0.312497 -0.269671  0.434731 0.643462 0
0  10.650682 -0.000002 -12.331964  0.962610 0.000000 -0.270890  0.460608 0.625093 0
0  10.851420 -0.000002 -11.559393  0.969069 0.000000 -0.246789  0.457868 0.618643 0
beerkeg
0  -3.887958 9.386352 -14.340224  -0.241281 0.853760 -0.461386  0.392833 0.787489 0
0  -7.184007 7.184000 -15.523471  -0.612030 0.612271 -0.500544  0.390296 0.773408 0
0  -7.375371 7.375363 -14.922699  -0.658639 0.659339 -0.362585  0.388310 0.774038 0
beerkeg
0  3.991522 9.636378 -13.716649  0.287373 0.894243 -0.343142  0.409344 0.817463 0
0  4.075841 9.839944 -13.010058  0.313595 0.910512 -0.269491  0.406661 0.819689 0
0  7.531172 7.531165 -14.217872  0.679546 0.680790 -0.273391  0.424580 0.830481 0
beerkeg
0  9.636383 3.991517 -13.716647  0.894409 0.286717 -0.343258  0.443928 0.844409 0
0  9.839949 4.075837 -13.010056  0.910836 0.312497 -0.269671  0.441771 0.848696 0
0  10.650682 -0.000002 -12.331964  0.962610 0.000000 -0.270890  0.469072 0.865326 0
beerkeg
0  -5.230614 5.230608 -17.166021  0.592927 -0.590615 -0.547368  0.401961 0.769320 0
0  -6.834125 2.830784 -16.351048  0.716515 -0.420722 -0.556417  0.399365 0.758710 0
0  -7.184556 2.975936 -16.878080  0.155567 -0.289957 -0.944311  0.397000 0.759591 0
beerkeg
0  -10.025406 -4.152659 -12.219412  -0.915192 -0.324583 -0.238892  0.376147 0.733575 0
0  -7.673115 -7.673113 -13.400789  -0.688943 -0.686997 -0.231066  0.381669 0.719937 0
0  -7.811589 -7.811587 -12.527431  -0.694674 -0.692218 -0.195610  0.378772 0.719306 0
beerkeg
0  -7.673115 -7.673113 -13.400789  -0.688943 -0.686997 -0.231066  0.381669 0.719937 0
0  -4.152661 -10.025406 -12.219411  -0.323757 -0.915387 -0.239266  0.382442 0.704307 0
0  -4.227602 -10.206331 -11.405346  -0.336608 -0.919031 -0.205125  0.379436 0.703256 0
beerkeg
0  -4.152661 -10.025406 -12.219411  -0.323757 -0.915387 -0.239266  0.382442 0.704307 0
0  0.000000 -10.851422 -11.559391  0.001053 -0.969108 -0.246633  0.386854 0.687549 0
0  0.000000 -11.047254 -10.781292  0.001166 -0.976776 -0.214259  0.383713 0.686059 0
beerkeg
0  0.000000 -10.851422 -11.559391  0.001053 -0.969108 -0.246633  0.386854 0.687549 0
0  4.152661 -10.025406 -12.219411  0.324583 -0.915192 -0.238892  0.398736 0.672368 0
0  4.227602 -10.206331 -11.405346  0.337432 -0.918741 -0.205072  0.395413 0.670159 0
beerkeg
0  4.152661 -10.025406 -12.219411  0.324583 -0.915192 -0.238892  0.398736 0.672368 0
0  7.673115 -7.673113 -13.400789  0.686998 -0.688943 -0.231067  0.416072 0.659621 0
0  7.811589 -7.811587 -12.527431  0.692218 -0.694673 -0.195610  0.412820 0.656381 0
beerkeg
0  7.673115 -7.673113 -13.400789  0.686998 -0.688943 -0.231067  0.416072 0.659621 0
0  10.025406 -4.152659 -12.219412  0.915387 -0.323757 -0.239266  0.431791 0.638984 0
0  10.206332 -4.227601 -11.405346  0.919032 -0.336608 -0.205125  0.428485 0.634434 0
beerkeg
0  -11.275961 -0.000001 -9.177676  -0.998844 -0.000334 -0.048063  0.365345 0.748243 0
0  -10.417631 -4.315124 -9.679115  -0.925613 -0.375616 -0.046409  0.367290 0.732930 0
0  -10.426509 -4.318801 -8.584734  -0.923458 -0.383539 0.011096  0.363421 0.732682 0
beerkeg
0  10.426509 4.318799 -8.584736  0.923351 0.383782 0.011580  0.423643 0.874293 0
0  10.417631 4.315121 -9.679117  0.925689 0.375495 -0.045863  0.428908 0.868143 0
0  7.973311 7.973304 -10.568152  0.705857 0.706883 -0.045627  0.411341 0.844887 0
beerkeg
0  10.025406 -4.152659 -12.219412  0.915387 -0.323757 -0.239266  0.431791 0.638984 0
0  10.851420 -0.000002 -11.559393  0.969069 0.000000 -0.246789  0.457868 0.618643 0
0  11.047254 -0.000002 -10.781294  0.976773 -0.000000 -0.214275  0.454710 0.612188 0
beerkeg
0  -3.991522 9.636378 -13.716649  -0.287359 0.894317 -0.342961  0.390540 0.788641 0
0  -7.375371 7.375363 -14.922699  -0.658639 0.659339 -0.362585  0.388310 0.774038 0
0  -7.531172 7.531165 -14.217872  -0.679546 0.680790 -0.273391  0.386052 0.774734 0
beerkeg
0  4.075841 9.839944 -13.010058  0.313595 0.910512 -0.269491  0.406661 0.819689 0
0  4.152661 10.025402 -12.219415  0.325435 0.914859 -0.239010  0.403634 0.822102 0
0  7.673115 7.673108 -13.400791  0.686997 0.688943 -0.231068  0.421906 0.833742 0
beerkeg
0  9.839949 4.075837 -13.010056  0.910836 0.312497 -0.269671  0.441771 0.848696 0
0  10.025406 4.152656 -12.219414  0.915387 0.323756 -0.239265  0.439130 0.853403 0
0  10.851420 -0.000002 -11.559393  0.969069 0.000000 -0.246789  0.466781 0.872005 0
beerkeg
0  -10.206332 -4.227601 -11.405346  -0.918741 -0.337431 -0.205072  0.373304 0.733360 0
0  -7.811589 -7.811587 -12.527431  -0.694674 -0.692218 -0.195610  0.378772 0.719306 0
0  -7.917867 -7.917865 -11.613585  -0.702585 -0.700477 -0.125323  0.375695 0.718674 0
beerkeg
0  -7.811589 -7.811587 -12.527431  -0.694674 -0.692218 -0.195610  0.378772 0.719306 0
0  -4.227602 -10.206331 -11.405346  -0.336608 -0.919031 -0.205125  0.379436 0.703256 0
0  -4.285119 -10.345189 -10.585291  -0.357634 -0.924677 -0.130657  0.376388 0.702257 0
beerkeg
0  -4.227602 -10.206331 -11.405346  -0.336608 -0.919031 -0.205125  0.379436 0.703256 0
0  0.000000 -11.047254 -10.781292  0.001166 -0.976776 -0.214259  0.383713 0.686059 0
0  0.000000 -11.197554 -10.012782  0.000866 -0.990520 -0.137369  0.380592 0.684658 0
beerkeg
0  0.000000 -11.047254 -10.781292  0.001166 -0.976776 -0.214259  0.383713 0.686059 0
0  4.227602 -10.206331 -11.405346  0.337432 -0.918741 -0.205072  0.395413 0.670159 0
0  4.285119 -10.345189 -10.585291  0.358162 -0.924423 -0.131005  0.392005 0.668009 0
beerkeg
0  4.227602 -10.206331 -11.405346  0.337432 -0.918741 -0.205072  0.395413 0.670159 0
0  7.811589 -7.811587 -12.527431  0.692218 -0.694673 -0.195610  0.412820 0.656381 0
0  7.917867 -7.917865 -11.613585  0.700477 -0.702585 -0.125323  0.409222 0.653043 0
beerkeg
0  7.811589 -7.811587 -12.527431  0.692218 -0.694673 -0.195610  0.412820 0.656381 0
0  10.206332 -4.227601 -11.405346  0.919032 -0.336608 -0.205125  0.428485 0.634434 0
0  10.345191 -4.285119 -10.585291  0.924677 -0.357633 -0.130657  0.424908 0.629946 0
beerkeg
0  -11.285571 -0.000001 -8.180892  -0.999911 0.000158 0.013318  0.361811 0.748351 0
0  -10.426509 -4.318801 -8.584734  -0.923458 -0.383539 0.011096  0.363421 0.732682 0
0  -10.392153 -4.304571 -7.379988  -0.922410 -0.384701 0.034137  0.359056 0.732432 0
beerkeg
0  10.392153 4.304568 -7.379989  0.922229 0.385119 0.034300  0.417158 0.880960 0
0  10.426509 4.318799 -8.584736  0.923351 0.383782 0.011580  0.423643 0.874293 0
0  7.980106 7.980100 -9.268043  0.707188 0.706985 0.007591  0.405774 0.849901 0
beerkeg
0  10.206332 -4.227601 -11.405346  0.919032 -0.336608 -0.205125  0.428485 0.634434 0
0  11.047254 -0.000002 -10.781294  0.976773 -0.000000 -0.214275  0.454710 0.612188 0
0  11.197553 -0.000002 -10.012784  0.990539 0.000000 -0.137229  0.451208 0.605980 0
beerkeg
0  -4.075841 9.839944 -13.010058  -0.313112 0.910721 -0.269346  0.388020 0.789848 0
0  -7.531172 7.531165 -14.217872  -0.679546 0.680790 -0.273391  0.386052 0.774734 0
0  -7.673115 7.673108 -13.400791  -0.686997 0.688943 -0.231068  0.383428 0.775514 0
beerkeg
0  4.152661 10.025402 -12.219415  0.325435 0.914859 -0.239010  0.403634 0.822102 0
0  4.227602 10.206327 -11.405350  0.338459 0.918368 -0.205050  0.400443 0.824541 0
0  7.811589 7.811584 -12.527433  0.692217 0.694674 -0.195611  0.418858 0.837219 0
beerkeg
0  10.025406 4.152656 -12.219414  0.915387 0.323756 -0.239265  0.439130 0.853403 0
0  10.206332 4.227597 -11.405348  0.919032 0.336608 -0.205125  0.436123 0.858211 0
0  11.047254 -0.000002 -10.781294  0.976773 -0.000000 -0.214275  0.464070 0.878722 0
beerkeg
0  -4.870454 4.870448 -16.318396  0.600991 -0.599617 -0.528459  0.405203 0.768073 0
0  -6.363554 2.635867 -15.542887  0.719391 -0.421001 -0.552481  0.402895 0.757441 0
0  -6.834125 2.830784 -16.351048  0.716515 -0.420722 -0.556417  0.399365 0.758710 0
beerkeg
0  -10.345191 -4.285119 -10.585291  -0.924423 -0.358161 -0.131007  0.370448 0.733149 0
0  -7.917867 -7.917865 -11.613585  -0.702585 -0.700477 -0.125323  0.375695 0.718674 0
0  -7.973311 -7.973308 -10.568151  -0.706883 -0.705857 -0.045627  0.372118 0.717983 0
beerkeg
0  -7.917867 -7.917865 -11.613585  -0.702585 -0.700477 -0.125323  0.375695 0.718674 0
0  -4.285119 -10.345189 -10.585291  -0.357634 -0.924677 -0.130657  0.376388 0.702257 0
0  -4.315125 -10.417629 -9.679115  -0.375495 -0.925689 -0.045863  0.372991 0.701216 0
beerkeg
0  -4.285119 -10.345189 -10.585291  -0.357634 -0.924677 -0.130657  0.376388 0.702257 0
0  0.000000 -11.197554 -10.012782  0.000866 -0.990520 -0.137369  0.380592 0.684658 0
0  0.000000 -11.275963 -9.177673  0.000334 -0.998844 -0.048063  0.377178 0.683220 0
beerkeg
0  0.000000 -11.197554 -10.012782  0.000866 -0.990520 -0.137369  0.380592 0.684658 0
0  4.285119 -10.345189 -10.585291  0.358162 -0.924423 -0.131005  0.392005 0.668009 0
0  4.315125 -10.417629 -9.679115  0.375616 -0.925613 -0.046408  0.388150 0.665730 0
beerkeg
0  4.285119 -10.345189 -10.585291  0.358162 -0.924423 -0.131005  0.392005 0.668009 0
0  7.917867 -7.917865 -11.613585  0.700477 -0.702585 -0.125323  0.409222 0.653043 0
0  7.973311 -7.973308 -10.568151  0.705857 -0.706883 -0.045627  0.404864 0.649290 0
beerkeg
0  7.917867 -7.917865 -11.613585  0.700477 -0.702585 -0.125323  0.409222 0.653043 0
0  10.345191 -4.285119 -10.585291  0.924677 -0.357633 -0.130657  0.424908 0.629946 0
0  10.417631 -4.315124 -9.679115  0.925689 -0.375495 -0.045863  0.420664 0.625109 0
beerkeg
0  -11.248385 -0.000001 -7.088144  -0.999291 0.000411 0.037639  0.357862 0.748471 0
0  -10.392153 -4.304571 -7.379988  -0.922410 -0.384701 0.034137  0.359056 0.732432 0
0  -10.343041 -4.284227 -5.978598  -0.923198 -0.383511 0.024977  0.353837 0.732175 0
beerkeg
0  10.343041 4.284225 -5.978599  0.923120 0.383728 0.024544  0.408676 0.888475 0
0  10.392153 4.304568 -7.379989  0.922229 0.385119 0.034300  0.417158 0.880960 0
0  7.953811 7.953804 -7.810589  0.707298 0.706328 0.028825  0.398881 0.855441 0
beerkeg
0  10.345191 -4.285119 -10.585291  0.924677 -0.357633 -0.130657  0.424908 0.629946 0
0  11.197553 -0.000002 -10.012784  0.990539 0.000000 -0.137229  0.451208 0.605980 0
0  11.275961 -0.000001 -9.177676  0.998854 0.000000 -0.047858  0.446932 0.599429 0
beerkeg
0  -4.152661 10.025402 -12.219415  -0.324583 0.915192 -0.238891  0.385201 0.791120 0
0  -7.673115 7.673108 -13.400791  -0.686997 0.688943 -0.231068  0.383428 0.775514 0
0  -7.811589 7.811584 -12.527433  -0.692217 0.694674 -0.195611  0.380568 0.776329 0
beerkeg
0  4.227602 10.206327 -11.405350  0.338459 0.918368 -0.205050  0.400443 0.824541 0
0  4.285119 10.345185 -10.585295  0.358988 0.924125 -0.130848  0.397161 0.826927 0
0  7.917867 7.917861 -11.613586  0.700477 0.702585 -0.125323  0.415469 0.840819 0
beerkeg
0  10.206332 4.227597 -11.405348  0.919032 0.336608 -0.205125  0.436123 0.858211 0
0  10.345191 4.285115 -10.585293  0.924677 0.357633 -0.130657  0.432840 0.862976 0
0  11.197553 -0.000002 -10.012784  0.990539 0.000000 -0.137229  0.460995 0.885218 0
beerkeg
0  -10.417631 -4.315124 -9.679115  -0.925613 -0.375616 -0.046409  0.367290 0.732930 0
0  -7.973311 -7.973308 -10.568151  -0.706883 -0.705857 -0.045627  0.372118 0.717983 0
0  -7.980106 -7.980103 -9.268041  -0.706985 -0.707187 0.007591  0.367542 0.717167 0
beerkeg
0  -7.973311 -7.973308 -10.568151  -0.706883 -0.705857 -0.045627  0.372118 0.717983 0
0  -4.315125 -10.417629 -9.679115  -0.375495 -0.925689 -0.045863  0.372991 0.701216 0
0  -4.318803 -10.426507 -8.584734  -0.383782 -0.923351 0.011581  0.368794 0.700035 0
beerkeg
0  -4.315125 -10.417629 -9.679115  -0.375495 -0.925689 -0.045863  0.372991 0.701216 0
0  0.000000 -11.275963 -9.177673  0.000334 -0.998844 -0.048063  0.377178 0.683220 0
0  0.000000 -11.285572 -8.180891  -0.000158 -0.999911 0.013319  0.373003 0.681600 0
beerkeg
0  0.000000 -11.275963 -9.177673  0.000334 -0.998844 -0.048063  0.377178 0.683220 0
0  4.315125 -10.417629 -9.679115  0.375616 -0.925613 -0.046408  0.388150 0.665730 0
0  4.318803 -10.426507 -8.584734  0.383539 -0.923458 0.011096  0.383296 0.663087 0
beerkeg
0  4.315125 -10.417629 -9.679115  0.375616 -0.925613 -0.046408  0.388150 0.665730 0
0  7.973311 -7.973308 -10.568151  0.705857 -0.706883 -0.045627  0.404864 0.649290 0
0  7.980106 -7.980103 -9.268041  0.707188 -0.706985 0.007590  0.399021 0.644697 0
beerkeg
0  7.973311 -7.973308 -10.568151  0.705857 -0.706883 -0.045627  0.404864 0.649290 0
0  10.417631 -4.315124 -9.679115  0.925689 -0.375495 -0.045863  0.420664 0.625109 0
0  10.426509 -4.318801 -8.584734  0.923351 -0.383782 0.011580  0.415036 0.619396 0
beerkeg
0  -11.195226 -0.000001 -5.811716  -0.999645 0.000293 0.026631  0.353144 0.748613 0
0  -10.343041 -4.284227 -5.978598  -0.923198 -0.383511 0.024977  0.353837 0.732175 0
0  -10.326703 -4.277460 -4.467088  -0.923826 -0.382766 0.005959  0.348054 0.731947 0
beerkeg
0  10.326703 4.277458 -4.467089  0.923824 0.382772 0.005851  0.398457 0.896188 0
0  10.343041 4.284225 -5.978599  0.923120 0.383728 0.024544  0.408676 0.888475 0
0  7.916222 7.916217 -6.122111  0.707288 0.706593 0.021702  0.390009 0.861653 0
beerkeg
0  10.417631 -4.315124 -9.679115  0.925689 -0.375495 -0.045863  0.420664 0.625109 0
0  11.275961 -0.000001 -9.177676  0.998854 0.000000 -0.047858  0.446932 0.599429 0
0  11.285571 -0.000001 -8.180892  0.999909 -0.000000 0.013485  0.441100 0.591724 0
beerkeg
0  -4.227602 10.206327 -11.405350  -0.337432 0.918741 -0.205071  0.382254 0.792366 0
0  -7.811589 7.811584 -12.527433  -0.692217 0.694674 -0.195611  0.380568 0.776329 0
0  -7.917867 7.917861 -11.613586  -0.700477 0.702585 -0.125323  0.377528 0.777157 0
beerkeg
0  4.285119 10.345185 -10.585295  0.358988 0.924125 -0.130848  0.397161 0.826927 0
0  4.315125 10.417625 -9.679119  0.375987 0.925472 -0.046210  0.393436 0.829471 0
0  7.973311 7.973304 -10.568152  0.705857 0.706883 -0.045627  0.411341 0.844887 0
beerkeg
0  10.345191 4.285115 -10.585293  0.924677 0.357633 -0.130657  0.432840 0.862976 0
0  10.417631 4.315121 -9.679117  0.925689 0.375495 -0.045863  0.428908 0.868143 0
0  11.275961 -0.000001 -9.177676  0.998854 0.000000 -0.047858  0.457165 0.892118 0
beerkeg
0  -4.582864 4.582859 -15.700870  0.587414 -0.587827 -0.556240  0.407899 0.766986 0
0  -5.987800 2.480224 -14.971867  0.693716 -0.417552 -0.586864  0.405470 0.756525 0
0  -6.363554 2.635867 -15.542887  0.719391 -0.421001 -0.552481  0.402895 0.757441 0
beerkeg
0  -10.426509 -4.318801 -8.584734  -0.923458 -0.383539 0.011096  0.363421 0.732682 0
0  -7.980106 -7.980103 -9.268041  -0.706985 -0.707187 0.007591  0.367542 0.717167 0
0  -7.953811 -7.953807 -7.810586  -0.706328 -0.707298 0.028825  0.362205 0.716312 0
beerkeg
0  -7.980106 -7.980103 -9.268041  -0.706985 -0.707187 0.007591  0.367542 0.717167 0
0  -4.318803 -10.426507 -8.584734  -0.383782 -0.923351 0.011581  0.368794 0.700035 0
0  -4.304572 -10.392151 -7.379987  -0.385119 -0.922229 0.034301  0.364018 0.698822 0
beerkeg
0  -4.318803 -10.426507 -8.584734  -0.383782 -0.923351 0.011581  0.368794 0.700035 0
0  0.000000 -11.285572 -8.180891  -0.000158 -0.999911 0.013319  0.373003 0.681600 0
0  0.000000 -11.248384 -7.088143  -0.000411 -0.999291 0.037639  0.368264 0.679930 0
beerkeg
0  0.000000 -11.285572 -8.180891  -0.000158 -0.999911 0.013319  0.373003 0.681600 0
0  4.318803 -10.426507 -8.584734  0.383539 -0.923458 0.011096  0.383296 0.663087 0
0  4.304572 -10.392151 -7.379987  0.384701 -0.922410 0.034137  0.377662 0.660310 0
beerkeg
0  4.318803 -10.426507 -8.584734  0.383539 -0.923458 0.011096  0.383296 0.663087 0
0  7.980106 -7.980103 -9.268041  0.707188 -0.706985 0.007590  0.399021 0.644697 0
0  7.953811 -7.953807 -7.810586  0.707298 -0.706328 0.028825  0.391836 0.639671 0
beerkeg
0  7.980106 -7.980103 -9.268041  0.707188 -0.706985 0.007590  0.399021 0.644697 0
0  10.426509 -4.318801 -8.584734  0.923351 -0.383782 0.011580  0.415036 0.619396 0
0  10.392153 -4.304571 -7.379988  0.922229 -0.385119 0.034300  0.408171 0.613263 0
beerkeg
0  -11.177542 -0.000001 -4.421607  -0.999980 0.000067 0.006306  0.347881 0.748770 0
0  -10.326703 -4.277460 -4.467088  -0.923826 -0.382766 0.005959  0.348054 0.731947 0
0  -10.326576 -4.277407 -2.581949  -0.923876 -0.382682 -0.002892  0.340664 0.731744 0
beerkeg
0  10.326576 4.277406 -2.581950  0.923876 0.382682 -0.002892  0.384172 0.905008 0
0  10.326703 4.277458 -4.467089  0.923824 0.382772 0.005851  0.398457 0.896188 0
0  7.903718 7.903713 -4.469488  0.707144 0.707049 0.005445  0.380444 0.867392 0
beerkeg
0  10.426509 -4.318801 -8.584734  0.923351 -0.383782 0.011580  0.415036 0.619396 0
0  11.285571 -0.000001 -8.180892  0.999909 -0.000000 0.013485  0.441100 0.591724 0
0  11.248385 -0.000001 -7.088144  0.999289 -0.000000 0.037692  0.433862 0.583501 0
beerkeg
0  -4.285119 10.345185 -10.585295  -0.358161 0.924423 -0.131006  0.379262 0.793562 0
0  -7.917867 7.917861 -11.613586  -0.700477 0.702585 -0.125323  0.377528 0.777157 0
0  -7.973311 7.973304 -10.568152  -0.705857 0.706883 -0.045627  0.373989 0.778074 0
beerkeg
0  4.315125 10.417625 -9.679119  0.375987 0.925472 -0.046210  0.393436 0.829471 0
0  4.318803 10.426505 -8.584738  0.383453 0.923492 0.011244  0.388729 0.832446 0
0  7.980106 7.980100 -9.268043  0.707188 0.706985 0.007591  0.405774 0.849901 0
beerkeg
0  10.417631 4.315121 -9.679117  0.925689 0.375495 -0.045863  0.428908 0.868143 0
0  10.426509 4.318799 -8.584736  0.923351 0.383782 0.011580  0.423643 0.874293 0
0  11.285571 -0.000001 -8.180892  0.999909 -0.000000 0.013485  0.451855 0.900297 0
beerkeg
0  -10.392153 -4.304571 -7.379988  -0.922410 -0.384701 0.034137  0.359056 0.732432 0
0  -7.953811 -7.953807 -7.810586  -0.706328 -0.707298 0.028825  0.362205 0.716312 0
0  -7.916222 -7.916219 -6.122108  -0.706593 -0.707287 0.021702  0.355762 0.715416 0
beerkeg
0  -7.953811 -7.953807 -7.810586  -0.706328 -0.707298 0.028825  0.362205 0.716312 0
0  -4.304572 -10.392151 -7.379987  -0.385119 -0.922229 0.034301  0.364018 0.698822 0
0  -4.284229 -10.343040 -5.978598  -0.383728 -0.923120 0.024545  0.358261 0.697541 0
beerkeg
0  -4.304572 -10.392151 -7.379987  -0.385119 -0.922229 0.034301  0.364018 0.698822 0
0  0.000000 -11.248384 -7.088143  -0.000411 -0.999291 0.037639  0.368264 0.679930 0
0  0.000000 -11.195227 -5.811715  -0.000293 -0.999645 0.026630  0.362507 0.678137 0
beerkeg
0  0.000000 -11.248384 -7.088143  -0.000411 -0.999291 0.037639  0.368264 0.679930 0
0  4.304572 -10.392151 -7.379987  0.384701 -0.922410 0.034137  0.377662 0.660310 0
0  4.284229 -10.343040 -5.978598  0.383512 -0.923198 0.024977  0.370711 0.657294 0
beerkeg
0  4.304572 -10.392151 -7.379987  0.384701 -0.922410 0.034137  0.377662 0.660310 0
0  7.953811 -7.953807 -7.810586  0.707298 -0.706328 0.028825  0.391836 0.639671 0
0  7.916222 -7.916219 -6.122108  0.707287 -0.706593 0.021702  0.382657 0.634105 0
beerkeg
0  7.953811 -7.953807 -7.810586  0.707298 -0.706328 0.028825  0.391836 0.639671 0
0  10.392153 -4.304571 -7.379988  0.922229 -0.385119 0.034300  0.408171 0.613263 0
0  10.343041 -4.284227 -5.978598  0.923120 -0.383728 0.024544  0.399280 0.606441 0
beerkeg
0  -11.177404 -0.000000 -2.581949  -0.999996 -0.000000 -0.002891  0.340769 0.748980 0
0  -10.326576 -4.277407 -2.581949  -0.923876 -0.382682 -0.002892  0.340664 0.731744 0
0  -10.339682 -4.282835 -0.158994  -0.923837 -0.382666 -0.009584  0.330964 0.731590 0
beerkeg
0  10.339682 4.282835 -0.158996  0.923837 0.382666 -0.009584  0.363463 0.914413 0
0  10.326576 4.277406 -2.581950  0.923876 0.382682 -0.002892  0.384172 0.905008 0
0  7.903619 7.903615 -2.581951  0.707104 0.707104 -0.002892  0.368473 0.873335 0
beerkeg
0  10.392153 -4.304571 -7.379988  0.922229 -0.385119 0.034300  0.408171 0.613263 0
0  11.248385 -0.000001 -7.088144  0.999289 -0.000000 0.037692  0.433862 0.583501 0
0  11.195226 -0.000001 -5.811716  0.999649 0.000000 0.026506  0.424315 0.574164 0
beerkeg
0  -4.315125 10.417625 -9.679119  -0.375616 0.925613 -0.046410  0.375921 0.794822 0
0  -7.973311 7.973304 -10.568152  -0.705857 0.706883 -0.045627  0.373989 0.778074 0
0  -7.980106 7.980100 -9.268043  -0.707188 0.706985 0.007591  0.369457 0.779178 0
beerkeg
0  4.318803 10.426505 -8.584738  0.383453 0.923492 0.011244  0.388729 0.832446 0
0  4.304572 10.392149 -7.379991  0.384357 0.922552 0.034177  0.383243 0.835605 0
0  7.953811 7.953804 -7.810589  0.707298 0.706328 0.028825  0.398881 0.855441 0
beerkeg
0  10.426509 4.318799 -8.584736  0.923351 0.383782 0.011580  0.423643 0.874293 0
0  10.392153 4.304568 -7.379989  0.922229 0.385119 0.034300  0.417158 0.880960 0
0  11.248385 -0.000001 -7.088144  0.999289 -0.000000 0.037692  0.445163 0.909104 0
beerkeg
0  -4.330461 4.330455 -15.179877  0.497726 -0.500345 -0.708465  0.410402 0.765939 0
0  -5.658019 2.343624 -14.499710  0.510035 -0.373452 -0.774853  0.407620 0.755719 0
0  -5.987800 2.480224 -14.971867  0.693716 -0.417552 -0.586864  0.405470 0.756525 0
beerkeg
0  -10.343041 -4.284227 -5.978598  -0.923198 -0.383511 0.024977  0.353837 0.732175 0
0  -7.916222 -7.916219 -6.122108  -0.706593 -0.707287 0.021702  0.355762 0.715416 0
0  -7.903718 -7.903715 -4.469485  -0.707049 -0.707144 0.005445  0.349212 0.714651 0
beerkeg
0  -7.916222 -7.916219 -6.122108  -0.706593 -0.707287 0.021702  0.355762 0.715416 0
0  -4.284229 -10.343040 -5.978598  -0.383728 -0.923120 0.024545  0.358261 0.697541 0
0  -4.277462 -10.326701 -4.467087  -0.382772 -0.923824 0.005851  0.351828 0.696320 0
beerkeg
0  -4.284229 -10.343040 -5.978598  -0.383728 -0.923120 0.024545  0.358261 0.697541 0
0  0.000000 -11.195227 -5.811715  -0.000293 -0.999645 0.026630  0.362507 0.678137 0
0  0.000000 -11.177543 -4.421605  -0.000068 -0.999980 0.006306  0.355980 0.676392 0
beerkeg
0  0.000000 -11.195227 -5.811715  -0.000293 -0.999645 0.026630  0.362507 0.678137 0
0  4.284229 -10.343040 -5.978598  0.383512 -0.923198 0.024977  0.370711 0.657294 0
0  4.277462 -10.326701 -4.467087  0.382767 -0.923826 0.005959  0.362777 0.654349 0
beerkeg
0  4.284229 -10.343040 -5.978598  0.383512 -0.923198 0.024977  0.370711 0.657294 0
0  7.916222 -7.916219 -6.122108  0.707287 -0.706593 0.021702  0.382657 0.634105 0
0  7.903718 -7.903715 -4.469485  0.707144 -0.707049 0.005445  0.372829 0.629046 0
beerkeg
0  7.916222 -7.916219 -6.122108  0.707287 -0.706593 0.021702  0.382657 0.634105 0
0  10.343041 -4.284227 -5.978598  0.923120 -0.383728 0.024544  0.399280 0.606441 0
0  10.326703 -4.277460 -4.467088  0.923824 -0.382773 0.005851  0.388669 0.599562 0
beerkeg
0  -11.191591 -0.000000 -0.158995  -0.999954 -0.000000 -0.009584  0.331178 0.749242 0
0  -10.339682 -4.282835 -0.158994  -0.923837 -0.382666 -0.009584  0.330964 0.731590 0
0  -10.373908 -4.297012 2.625176  -0.923843 -0.382668 -0.008945  0.319642 0.731671 0
beerkeg
0  10.373908 4.297013 2.625174  0.923843 0.382668 -0.008945  0.337109 0.921637 0
0  10.339682 4.282835 -0.158996  0.923837 0.382666 -0.009584  0.363463 0.914413 0
0  7.913652 7.913649 -0.158996  0.707074 0.707074 -0.009584  0.351672 0.879302 0
beerkeg
0  10.343041 -4.284227 -5.978598  0.923120 -0.383728 0.024544  0.399280 0.606441 0
0  11.195226 -0.000001 -5.811716  0.999649 0.000000 0.026506  0.424315 0.574164 0
0  11.177542 -0.000001 -4.421607  0.999980 0.000000 0.006253  0.412746 0.564486 0
beerkeg
0  -4.318803 10.426505 -8.584738  -0.383539 0.923458 0.011095  0.371785 0.796272 0
0  -7.980106 7.980100 -9.268043  -0.707188 0.706985 0.007591  0.369457 0.779178 0
0  -7.953811 7.953804 -7.810589  -0.707298 0.706328 0.028825  0.364164 0.780367 0
beerkeg
0  4.304572 10.392149 -7.379991  0.384357 0.922552 0.034177  0.383243 0.835605 0
0  4.284229 10.343038 -5.978601  0.383245 0.923312 0.024858  0.376444 0.839088 0
0  7.916222 7.916217 -6.122111  0.707288 0.706593 0.021702  0.390009 0.861653 0
beerkeg
0  10.392153 4.304568 -7.379989  0.922229 0.385119 0.034300  0.417158 0.880960 0
0  10.343041 4.284225 -5.978599  0.923120 0.383728 0.024544  0.408676 0.888475 0
0  11.195226 -0.000001 -5.811716  0.999649 0.000000 0.026506  0.436223 0.919210 0
beerkeg
0  -10.326703 -4.277460 -4.467088  -0.923826 -0.382766 0.005959  0.348054 0.731947 0
0  -7.903718 -7.903715 -4.469485  -0.707049 -0.707144 0.005445  0.349212 0.714651 0
0  -7.903619 -7.903616 -2.581948  -0.707104 -0.707104 -0.002892  0.341493 0.713943 0
beerkeg
0  -7.903718 -7.903715 -4.469485  -0.707049 -0.707144 0.005445  0.349212 0.714651 0
0  -4.277462 -10.326701 -4.467087  -0.382772 -0.923824 0.005851  0.351828 0.696320 0
0  -4.277409 -10.326573 -2.581948  -0.382682 -0.923876 -0.002892  0.343533 0.695058 0
beerkeg
0  -4.277462 -10.326701 -4.467087  -0.382772 -0.923824 0.005851  0.351828 0.696320 0
0  0.000000 -11.177543 -4.421605  -0.000068 -0.999980 0.006306  0.355980 0.676392 0
0  0.000000 -11.177404 -2.581948  -0.000000 -0.999996 -0.002891  0.347000 0.674471 0
beerkeg
0  0.000000 -11.177543 -4.421605  -0.000068 -0.999980 0.006306  0.355980 0.676392 0
0  4.277462 -10.326701 -4.467087  0.382767 -0.923826 0.005959  0.362777 0.654349 0
0  4.277409 -10.326573 -2.581948  0.382682 -0.923876 -0.002892  0.352320 0.651238 0
beerkeg
0  4.277462 -10.326701 -4.467087  0.382767 -0.923826 0.005959  0.362777 0.654349 0
0  7.903718 -7.903715 -4.469485  0.707144 -0.707049 0.005445  0.372829 0.629046 0
0  7.903619 -7.903616 -2.581948  0.707104 -0.707104 -0.002892  0.360612 0.623916 0
beerkeg
0  7.903718 -7.903715 -4.469485  0.707144 -0.707049 0.005445  0.372829 0.629046 0
0  10.326703 -4.277460 -4.467088  0.923824 -0.382773 0.005851  0.388669 0.599562 0
0  10.326576 -4.277407 -2.581949  0.923876 -0.382682 -0.002892  0.373982 0.591922 0
beerkeg
0  -11.228637 0.000000 2.625175  -0.999960 0.000000 -0.008945  0.320024 0.749549 0
0  -10.373908 -4.297012 2.625176  -0.923843 -0.382668 -0.008945  0.319642 0.731671 0
0  -10.385744 -4.301915 5.413618  -0.923872 -0.382681 0.003919  0.308227 0.731934 0
beerkeg
0  10.385744 4.301917 5.413617  0.923872 0.382681 0.003919  0.308951 0.925082 0
0  10.373908 4.297013 2.625174  0.923843 0.382668 -0.008945  0.337109 0.921637 0
0  7.939847 7.939842 2.625174  0.707079 0.707078 -0.008945  0.330837 0.883738 0
beerkeg
0  10.326703 -4.277460 -4.467088  0.923824 -0.382773 0.005851  0.388669 0.599562 0
0  11.177542 -0.000001 -4.421607  0.999980 0.000000 0.006253  0.412746 0.564486 0
0  11.177404 -0.000000 -2.581949  0.999996 -0.000000 -0.002892  0.395276 0.552433 0
beerkeg
0  -4.304572 10.392149 -7.379991  -0.384701 0.922410 0.034137  0.367069 0.797789 0
0  -7.953811 7.953804 -7.810589  -0.707298 0.706328 0.028825  0.364164 0.780367 0
0  -7.916222 7.916217 -6.122111  -0.707287 0.706593 0.021702  0.357759 0.781666 0
beerkeg
0  4.284229 10.343038 -5.978601  0.383245 0.923312 0.024858  0.376444 0.839088 0
0  4.277462 10.326699 -4.467091  0.382706 0.923851 0.005908  0.368646 0.842559 0
0  7.903718 7.903713 -4.469488  0.707144 0.707049 0.005445  0.380444 0.867392 0
beerkeg
0  10.343041 4.284225 -5.978599  0.923120 0.383728 0.024544  0.408676 0.888475 0
0  10.326703 4.277458 -4.467089  0.923824 0.382772 0.005851  0.398457 0.896188 0
0  11.177542 -0.000001 -4.421607  0.999980 0.000000 0.006253  0.425261 0.929814 0
beerkeg
0  -3.944375 3.944369 -14.880725  0.109982 -0.115724 -0.987174  0.413284 0.764692 0
0  -5.153573 2.134676 -14.284577  -0.055177 -0.186051 -0.980990  0.409895 0.755013 0
0  -5.658019 2.343624 -14.499710  0.510035 -0.373452 -0.774853  0.407620 0.755719 0
beerkeg
0  -10.326576 -4.277407 -2.581949  -0.923876 -0.382682 -0.002892  0.340664 0.731744 0
0  -7.903619 -7.903616 -2.581948  -0.707104 -0.707104 -0.002892  0.341493 0.713943 0
0  -7.913652 -7.913649 -0.158994  -0.707074 -0.707074 -0.009584  0.331368 0.713372 0
beerkeg
0  -7.903619 -7.903616 -2.581948  -0.707104 -0.707104 -0.002892  0.341493 0.713943 0
0  -4.277409 -10.326573 -2.581948  -0.382682 -0.923876 -0.002892  0.343533 0.695058 0
0  -4.282838 -10.339681 -0.158994  -0.382666 -0.923837 -0.009585  0.332538 0.693924 0
beerkeg
0  -4.277409 -10.326573 -2.581948  -0.382682 -0.923876 -0.002892  0.343533 0.695058 0
0  0.000000 -11.177404 -2.581948  -0.000000 -0.999996 -0.002891  0.347000 0.674471 0
0  0.000000 -11.191591 -0.158993  -0.000000 -0.999954 -0.009584  0.334677 0.672510 0
beerkeg
0  0.000000 -11.177404 -2.581948  -0.000000 -0.999996 -0.002891  0.347000 0.674471 0
0  4.277409 -10.326573 -2.581948  0.382682 -0.923876 -0.002892  0.352320 0.651238 0
0  4.282838 -10.339681 -0.158994  0.382666 -0.923837 -0.009584  0.338149 0.648301 0
beerkeg
0  4.277409 -10.326573 -2.581948  0.382682 -0.923876 -0.002892  0.352320 0.651238 0
0  7.903619 -7.903616 -2.581948  0.707104 -0.707104 -0.002892  0.360612 0.623916 0
0  7.913652 -7.913649 -0.158994  0.707074 -0.707074 -0.009584  0.343708 0.619444 0
beerkeg
0  7.903619 -7.903616 -2.581948  0.707104 -0.707104 -0.002892  0.360612 0.623916 0
0  10.326576 -4.277407 -2.581949  0.923876 -0.382682 -0.002892  0.373982 0.591922 0
0  10.339682 -4.282835 -0.158994  0.923837 -0.382666 -0.009584  0.352962 0.583700 0
beerkeg
0  -11.241448 0.000001 5.413617  -0.999992 0.000000 0.003920  0.308775 0.749847 0
0  -10.385744 -4.301915 5.413618  -0.923872 -0.382681 0.003919  0.308227 0.731934 0
0  -10.352422 -4.288112 8.312499  -0.922758 -0.382219 0.049262  0.296415 0.732460 0
beerkeg
0  10.352422 4.288115 8.312497  0.922758 0.382219 0.049261  0.279326 0.921606 0
0  10.385744 4.301917 5.413617  0.923872 0.382681 0.003919  0.308951 0.925082 0
0  7.948905 7.948903 5.413616  0.707101 0.707101 0.003919  0.309195 0.884986 0
beerkeg
0  10.326576 -4.277407 -2.581949  0.923876 -0.382682 -0.002892  0.373982 0.591922 0
0  11.177404 -0.000000 -2.581949  0.999996 -0.000000 -0.002892  0.395276 0.552433 0
0  11.191591 -0.000000 -0.158995  0.999954 0.000000 -0.009584  0.368406 0.539054 0
beerkeg
0  -4.284229 10.343038 -5.978601  -0.383512 0.923198 0.024977  0.361368 0.799433 0
0  -7.916222 7.916217 -6.122111  -0.707287 0.706593 0.021702  0.357759 0.781666 0
0  -7.903718 7.903713 -4.469488  -0.707144 0.707049 0.005445  0.351236 0.782836 0
beerkeg
0  4.277462 10.326699 -4.467091  0.382706 0.923851 0.005908  0.368646 0.842559 0
0  4.277409 10.326573 -2.581951  0.382682 0.923876 -0.002893  0.358309 0.846352 0
0  7.903619 7.903615 -2.581951  0.707104 0.707104 -0.002892  0.368473 0.873335 0
beerkeg
0  10.326703 4.277458 -4.467089  0.923824 0.382772 0.005851  0.398457 0.896188 0
0  10.326576 4.277406 -2.581950  0.923876 0.382682 -0.002892  0.384172 0.905008 0
0  11.177404 -0.000000 -2.581949  0.999996 -0.000000 -0.002892  0.408496 0.943245 0
beerkeg
0  -10.339682 -4.282835 -0.158994  -0.923837 -0.382666 -0.009584  0.330964 0.731590 0
0  -7.913652 -7.913649 -0.158994  -0.707074 -0.707074 -0.009584  0.331368 0.713372 0
0  -7.939847 -7.939841 2.625176  -0.707079 -0.707078 -0.008944  0.319479 0.713121 0
beerkeg
0  -7.913652 -7.913649 -0.158994  -0.707074 -0.707074 -0.009584  0.331368 0.713372 0
0  -4.282838 -10.339681 -0.158994  -0.382666 -0.923837 -0.009585  0.332538 0.693924 0
0  -4.297015 -10.373906 2.625176  -0.382668 -0.923842 -0.008945  0.319615 0.693365 0
beerkeg
0  -4.282838 -10.339681 -0.158994  -0.382666 -0.923837 -0.009585  0.332538 0.693924 0
0  0.000000 -11.191591 -0.158993  -0.000000 -0.999954 -0.009584  0.334677 0.672510 0
0  0.000000 -11.228636 2.625177  -0.000000 -0.999960 -0.008944  0.320101 0.671586 0
beerkeg
0  0.000000 -11.191591 -0.158993  -0.000000 -0.999954 -0.009584  0.334677 0.672510 0
0  4.282838 -10.339681 -0.158994  0.382666 -0.923837 -0.009584  0.338149 0.648301 0
0  4.297015 -10.373906 2.625176  0.382668 -0.923842 -0.008944  0.321114 0.646363 0
beerkeg
0  4.282838 -10.339681 -0.158994  0.382666 -0.923837 -0.009584  0.338149 0.648301 0
0  7.913652 -7.913649 -0.158994  0.707074 -0.707074 -0.009584  0.343708 0.619444 0
0  7.939847 -7.939841 2.625176  0.707079 -0.707078 -0.008944  0.323028 0.616308 0
beerkeg
0  7.913652 -7.913649 -0.158994  0.707074 -0.707074 -0.009584  0.343708 0.619444 0
0  10.339682 -4.282835 -0.158994  0.923837 -0.382666 -0.009584  0.352962 0.583700 0
0  10.373908 -4.297012 2.625176  0.923843 -0.382668 -0.008945  0.326582 0.578523 0
beerkeg
0  -11.205379 0.000001 8.312498  -0.998786 0.000000 0.049261  0.297161 0.750153 0
0  -10.352422 -4.288112 8.312499  -0.922758 -0.382219 0.049262  0.296415 0.732460 0
0  -10.159826 -4.208336 10.714403  -0.910150 -0.376996 0.171755  0.286610 0.733071 0
beerkeg
0  10.159826 4.208340 10.714401  0.910150 0.376997 0.171756  0.255597 0.914979 0
0  10.352422 4.288115 8.312497  0.922758 0.382219 0.049261  0.279326 0.921606 0
0  7.923401 7.923400 8.312497  0.706248 0.706248 0.049261  0.286625 0.883293 0
beerkeg
0  10.339682 -4.282835 -0.158994  0.923837 -0.382666 -0.009584  0.352962 0.583700 0
0  11.191591 -0.000000 -0.158995  0.999954 0.000000 -0.009584  0.368406 0.539054 0
0  11.228637 0.000000 2.625175  0.999960 -0.000000 -0.008945  0.333443 0.529520 0
beerkeg
0  -4.277462 10.326699 -4.467091  -0.382767 0.923826 0.005959  0.354982 0.801055 0
0  -7.903718 7.903713 -4.469488  -0.707144 0.707049 0.005445  0.351236 0.782836 0
0  -7.903619 7.903615 -2.581951  -0.707104 0.707104 -0.002892  0.343526 0.784023 0
beerkeg
0  4.277409 10.326573 -2.581951  0.382682 0.923876 -0.002893  0.358309 0.846352 0
0  4.282838 10.339681 -0.158997  0.382666 0.923837 -0.009584  0.344154 0.850434 0
0  7.913652 7.913649 -0.158996  0.707074 0.707074 -0.009584  0.351672 0.879302 0
beerkeg
0  10.326576 4.277406 -2.581950  0.923876 0.382682 -0.002892  0.384172 0.905008 0
0  10.339682 4.282835 -0.158996  0.923837 0.382666 -0.009584  0.363463 0.914413 0
0  11.191591 -0.000000 -0.158995  0.999954 0.000000 -0.009584  0.382397 0.958699 0
beerkeg
0  -2.031254 4.903874 -14.407843  -0.100485 0.648233 -0.754782  0.419408 0.773347 0
0  -3.753267 3.753262 -14.962024  -0.431151 0.427294 -0.794688  0.414577 0.764112 0
0  -3.944375 3.944369 -14.880725  0.109982 -0.115724 -0.987174  0.413284 0.764692 0
beerkeg
0  -10.373908 -4.297012 2.625176  -0.923843 -0.382668 -0.008945  0.319642 0.731671 0
0  -7.939847 -7.939841 2.625176  -0.707079 -0.707078 -0.008944  0.319479 0.713121 0
0  -7.948905 -7.948901 5.413619  -0.707101 -0.707101 0.003919  0.307492 0.713406 0
beerkeg
0  -7.939847 -7.939841 2.625176  -0.707079 -0.707078 -0.008944  0.319479 0.713121 0
0  -4.297015 -10.373906 2.625176  -0.382668 -0.923842 -0.008945  0.319615 0.693365 0
0  -4.301918 -10.385742 5.413619  -0.382681 -0.923872 0.003919  0.306559 0.693617 0
beerkeg
0  -4.297015 -10.373906 2.625176  -0.382668 -0.923842 -0.008945  0.319615 0.693365 0
0  0.000000 -11.228636 2.625177  -0.000000 -0.999960 -0.008944  0.320101 0.671586 0
0  0.000000 -11.241447 5.413619  0.000000 -0.999992 0.003919  0.305362 0.672013 0
beerkeg
0  0.000000 -11.228636 2.625177  -0.000000 -0.999960 -0.008944  0.320101 0.671586 0
0  4.297015 -10.373906 2.625176  0.382668 -0.923842 -0.008944  0.321114 0.646363 0
0  4.301918 -10.385742 5.413619  0.382681 -0.923872 0.003919  0.303741 0.646339 0
beerkeg
0  4.297015 -10.373906 2.625176  0.382668 -0.923842 -0.008944  0.321114 0.646363 0
0  7.939847 -7.939841 2.625176  0.707079 -0.707078 -0.008944  0.323028 0.616308 0
0  7.948905 -7.948901 5.413619  0.707102 -0.707101 0.003919  0.301667 0.616210 0
beerkeg
0  7.939847 -7.939841 2.625176  0.707079 -0.707078 -0.008944  0.323028 0.616308 0
0  10.373908 -4.297012 2.625176  0.923843 -0.382668 -0.008945  0.326582 0.578523 0
0  10.385744 -4.301915 5.413618  0.923872 -0.382681 0.003919  0.299004 0.577871 0
beerkeg
0  -10.996917 0.000002 10.714402  -0.985140 -0.000000 0.171755  0.287491 0.750350 0
0  -10.159826 -4.208336 10.714403  -0.910150 -0.376996 0.171755  0.286610 0.733071 0
0  -9.665609 -4.003625 12.706217  -0.862982 -0.357459 0.357051  0.278120 0.733729 0
beerkeg
0  9.665609 4.003629 12.706215  0.862982 0.357459 0.357051  0.236498 0.906087 0
0  10.159826 4.208340 10.714401  0.910150 0.376997 0.171756  0.255597 0.914979 0
0  7.775996 7.775995 10.714400  0.696599 0.696599 0.171755  0.268345 0.878899 0
beerkeg
0  10.373908 -4.297012 2.625176  0.923843 -0.382668 -0.008945  0.326582 0.578523 0
0  11.228637 0.000000 2.625175  0.999960 -0.000000 -0.008945  0.333443 0.529520 0
0  11.241448 0.000001 5.413617  0.999992 0.000000 0.003920  0.296462 0.527416 0
beerkeg
0  -4.277409 10.326573 -2.581951  -0.382682 0.923876 -0.002893  0.346720 0.802826 0
0  -7.903619 7.903615 -2.581951  -0.707104 0.707104 -0.002892  0.343526 0.784023 0
0  -7.913652 7.913649 -0.158996  -0.707074 0.707074 -0.009584  0.333417 0.785136 0
beerkeg
0  4.282838 10.339681 -0.158997  0.382666 0.923837 -0.009584  0.344154 0.850434 0
0  4.297015 10.373906 2.625173  0.382668 0.923842 -0.008945  0.327031 0.853463 0
0  7.939847 7.939842 2.625174  0.707079 0.707078 -0.008945  0.330837 0.883738 0
beerkeg
0  10.339682 4.282835 -0.158996  0.923837 0.382666 -0.009584  0.363463 0.914413 0
0  10.373908 4.297013 2.625174  0.923843 0.382668 -0.008945  0.337109 0.921637 0
0  11.228637 0.000000 2.625175  0.999960 -0.000000 -0.008945  0.347807 0.971241 0
beerkeg
0  -3.486564 3.486559 -15.556450  -0.584635 0.580510 -0.566754  0.417833 0.762601 0
0  -4.555415 1.886911 -15.062879  -0.819417 0.236867 -0.521967  0.414077 0.754452 0
0  -4.903879 2.031249 -14.407840  -0.648096 0.101499 -0.754765  0.411029 0.754812 0
beerkeg
0  -10.385744 -4.301915 5.413618  -0.923872 -0.382681 0.003919  0.308227 0.731934 0
0  -7.948905 -7.948901 5.413619  -0.707101 -0.707101 0.003919  0.307492 0.713406 0
0  -7.923401 -7.923397 8.312499  -0.706248 -0.706248 0.049261  0.295100 0.714217 0
beerkeg
0  -7.948905 -7.948901 5.413619  -0.707101 -0.707101 0.003919  0.307492 0.713406 0
0  -4.301918 -10.385742 5.413619  -0.382681 -0.923872 0.003919  0.306559 0.693617 0
0  -4.288115 -10.352419 8.312500  -0.382219 -0.922758 0.049262  0.293066 0.694879 0
beerkeg
0  -4.301918 -10.385742 5.413619  -0.382681 -0.923872 0.003919  0.306559 0.693617 0
0  0.000000 -11.241447 5.413619  0.000000 -0.999992 0.003919  0.305362 0.672013 0
0  0.000000 -11.205379 8.312500  0.000000 -0.998786 0.049262  0.290216 0.673520 0
beerkeg
0  0.000000 -11.241447 5.413619  0.000000 -0.999992 0.003919  0.305362 0.672013 0
0  4.301918 -10.385742 5.413619  0.382681 -0.923872 0.003919  0.303741 0.646339 0
0  4.288115 -10.352419 8.312500  0.382219 -0.922758 0.049262  0.285893 0.648990 0
beerkeg
0  4.301918 -10.385742 5.413619  0.382681 -0.923872 0.003919  0.303741 0.646339 0
0  7.948905 -7.948901 5.413619  0.707102 -0.707101 0.003919  0.301667 0.616210 0
0  7.923401 -7.923397 8.312499  0.706248 -0.706248 0.049262  0.279757 0.619640 0
beerkeg
0  7.948905 -7.948901 5.413619  0.707102 -0.707101 0.003919  0.301667 0.616210 0
0  10.385744 -4.301915 5.413618  0.923872 -0.382681 0.003919  0.299004 0.577871 0
0  10.352422 -4.288112 8.312499  0.922758 -0.382219 0.049262  0.270528 0.582614 0
beerkeg
0  -10.461980 0.000002 12.706216  -0.934085 -0.000000 0.357051  0.279118 0.750517 0
0  -9.665609 -4.003625 12.706217  -0.862982 -0.357459 0.357051  0.278120 0.733729 0
0  -8.818918 -3.652913 14.478189  -0.774038 -0.320617 0.545957  0.269690 0.734568 0
beerkeg
0  8.818918 3.652918 14.478188  0.774039 0.320617 0.545957  0.219676 0.894190 0
0  9.665609 4.003629 12.706215  0.862982 0.357459 0.357051  0.236498 0.906087 0
0  7.397738 7.397738 12.706215  0.660498 0.660498 0.357051  0.253257 0.873267 0
beerkeg
0  10.385744 -4.301915 5.413618  0.923872 -0.382681 0.003919  0.299004 0.577871 0
0  11.241448 0.000001 5.413617  0.999992 0.000000 0.003920  0.296462 0.527416 0
0  11.205379 0.000001 8.312498  0.998786 0.000000 0.049261  0.255801 0.531446 0
beerkeg
0  -4.282838 10.339681 -0.158997  -0.382666 0.923837 -0.009584  0.335740 0.804557 0
0  -7.913652 7.913649 -0.158996  -0.707074 0.707074 -0.009584  0.333417 0.785136 0
0  -7.939847 7.939842 2.625174  -0.707079 0.707078 -0.008945  0.321498 0.786016 0
beerkeg
0  4.297015 10.373906 2.625173  0.382668 0.923842 -0.008945  0.327031 0.853463 0
0  4.301918 10.385744 5.413615  0.382681 0.923872 0.003919  0.309459 0.854222 0
0  7.948905 7.948903 5.413616  0.707101 0.707101 0.003919  0.309195 0.884986 0
beerkeg
0  10.373908 4.297013 2.625174  0.923843 0.382668 -0.008945  0.337109 0.921637 0
0  10.385744 4.301917 5.413617  0.923872 0.382681 0.003919  0.308951 0.925082 0
0  11.241448 0.000001 5.413617  0.999992 0.000000 0.003920  0.310057 0.976510 0
beerkeg
0  -10.352422 -4.288112 8.312499  -0.922758 -0.382219 0.049262  0.296415 0.732460 0
0  -7.923401 -7.923397 8.312499  -0.706248 -0.706248 0.049261  0.295100 0.714217 0
0  -7.775996 -7.775991 10.714402  -0.696599 -0.696599 0.171756  0.284854 0.715386 0
beerkeg
0  -7.923401 -7.923397 8.312499  -0.706248 -0.706248 0.049261  0.295100 0.714217 0
0  -4.288115 -10.352419 8.312500  -0.382219 -0.922758 0.049262  0.293066 0.694879 0
0  -4.208339 -10.159822 10.714403  -0.376997 -0.910150 0.171756  0.281994 0.696538 0
beerkeg
0  -4.288115 -10.352419 8.312500  -0.382219 -0.922758 0.049262  0.293066 0.694879 0
0  0.000000 -11.205379 8.312500  0.000000 -0.998786 0.049262  0.290216 0.673520 0
0  0.000000 -10.996914 10.714403  -0.000000 -0.985140 0.171756  0.277839 0.675871 0
beerkeg
0  0.000000 -11.205379 8.312500  0.000000 -0.998786 0.049262  0.290216 0.673520 0
0  4.288115 -10.352419 8.312500  0.382219 -0.922758 0.049262  0.285893 0.648990 0
0  4.208339 -10.159822 10.714403  0.376997 -0.910150 0.171756  0.271450 0.652409 0
beerkeg
0  4.288115 -10.352419 8.312500  0.382219 -0.922758 0.049262  0.285893 0.648990 0
0  7.923401 -7.923397 8.312499  0.706248 -0.706248 0.049262  0.279757 0.619640 0
0  7.775996 -7.775991 10.714402  0.696599 -0.696599 0.171755  0.262227 0.624863 0
beerkeg
0  7.923401 -7.923397 8.312499  0.706248 -0.706248 0.049262  0.279757 0.619640 0
0  10.352422 -4.288112 8.312499  0.922758 -0.382219 0.049262  0.270528 0.582614 0
0  10.159826 -4.208336 10.714403  0.910150 -0.376997 0.171756  0.248039 0.590680 0
beerkeg
0  -9.545528 0.000002 14.478188  -0.837813 0.000000 0.545957  0.270716 0.750699 0
0  -8.818918 -3.652913 14.478189  -0.774038 -0.320617 0.545957  0.269690 0.734568 0
0  -7.551769 -3.128042 16.132389  -0.655293 -0.271431 0.704923  0.259850 0.735705 0
beerkeg
0  7.551769 3.128047 16.132389  0.655293 0.271431 0.704923  0.202898 0.878469 0
0  8.818918 3.652918 14.478188  0.774039 0.320617 0.545957  0.219676 0.894190 0
0  6.749708 6.749709 14.478188  0.592423 0.592423 0.545957  0.239090 0.865974 0
beerkeg
0  10.352422 -4.288112 8.312499  0.922758 -0.382219 0.049262  0.270528 0.582614 0
0  11.205379 0.000001 8.312498  0.998786 0.000000 0.049261  0.255801 0.531446 0
0  10.996917 0.000002 10.714402  0.985140 -0.000000 0.171755  0.224262 0.544972 0
beerkeg
0  -4.297015 10.373906 2.625173  -0.382668 0.923842 -0.008945  0.322754 0.805949 0
0  -7.939847 7.939842 2.625174  -0.707079 0.707078 -0.008945  0.321498 0.786016 0
0  -7.948905 7.948903 5.413616  -0.707101 0.707101 0.003919  0.309441 0.786358 0
beerkeg
0  4.301918 10.385744 5.413615  0.382681 0.923872 0.003919  0.309459 0.854222 0
0  4.288115 10.352421 8.312496  0.382219 0.922758 0.049262  0.291259 0.852590 0
0  7.923401 7.923400 8.312497  0.706248 0.706248 0.049261  0.286625 0.883293 0
beerkeg
0  10.385744 4.301917 5.413617  0.923872 0.382681 0.003919  0.308951 0.925082 0
0  10.352422 4.288115 8.312497  0.922758 0.382219 0.049261  0.279326 0.921606 0
0  11.205379 0.000001 8.312498  0.998786 0.000000 0.049261  0.267754 0.975245 0
beerkeg
0  -3.133485 3.133480 -16.227243  -0.521280 0.514989 -0.680480  0.421430 0.760850 0
0  -4.094094 1.695826 -15.813973  -0.757561 0.201898 -0.620757  0.417850 0.753808 0
0  -4.555415 1.886911 -15.062879  -0.819417 0.236867 -0.521967  0.414077 0.754452 0
beerkeg
0  -10.159826 -4.208336 10.714403  -0.910150 -0.376996 0.171755  0.286610 0.733071 0
0  -7.775996 -7.775991 10.714402  -0.696599 -0.696599 0.171756  0.284854 0.715386 0
0  -7.397738 -7.397734 12.706217  -0.660498 -0.660498 0.357051  0.276070 0.716587 0
beerkeg
0  -7.775996 -7.775991 10.714402  -0.696599 -0.696599 0.171756  0.284854 0.715386 0
0  -4.208339 -10.159822 10.714403  -0.376997 -0.910150 0.171756  0.281994 0.696538 0
0  -4.003628 -9.665606 12.706218  -0.357459 -0.862982 0.357051  0.272555 0.698507 0
beerkeg
0  -4.208339 -10.159822 10.714403  -0.376997 -0.910150 0.171756  0.281994 0.696538 0
0  0.000000 -10.996914 10.714403  -0.000000 -0.985140 0.171756  0.277839 0.675871 0
0  0.000000 -10.461977 12.706218  0.000000 -0.934085 0.357051  0.267280 0.678694 0
beerkeg
0  0.000000 -10.996914 10.714403  -0.000000 -0.985140 0.171756  0.277839 0.675871 0
0  4.208339 -10.159822 10.714403  0.376997 -0.910150 0.171756  0.271450 0.652409 0
0  4.003628 -9.665606 12.706218  0.357459 -0.862982 0.357051  0.259475 0.656773 0
beerkeg
0  4.208339 -10.159822 10.714403  0.376997 -0.910150 0.171756  0.271450 0.652409 0
0  7.775996 -7.775991 10.714402  0.696599 -0.696599 0.171755  0.262227 0.624863 0
0  7.397738 -7.397734 12.706217  0.660498 -0.660498 0.357051  0.247704 0.630947 0
beerkeg
0  7.775996 -7.775991 10.714402  0.696599 -0.696599 0.171755  0.262227 0.624863 0
0  10.159826 -4.208336 10.714403  0.910150 -0.376997 0.171756  0.248039 0.590680 0
0  9.665609 -4.003625 12.706217  0.862982 -0.357459 0.357051  0.230315 0.600550 0
beerkeg
0  -8.173974 0.000003 16.132389  -0.709284 0.000000 0.704923  0.260959 0.750934 0
0  -7.551769 -3.128042 16.132389  -0.655293 -0.271431 0.704923  0.259850 0.735705 0
0  -6.074327 -2.516067 17.428717  -0.524204 -0.217132 0.823447  0.249242 0.737181 0
beerkeg
0  6.074327 2.516072 17.428717  0.524203 0.217132 0.823447  0.188862 0.859451 0
0  7.551769 3.128047 16.132389  0.655293 0.271431 0.704923  0.202898 0.878469 0
0  5.779874 5.779874 16.132389  0.501539 0.501540 0.704923  0.224150 0.855714 0
beerkeg
0  10.159826 -4.208336 10.714403  0.910150 -0.376997 0.171756  0.248039 0.590680 0
0  10.996917 0.000002 10.714402  0.985140 -0.000000 0.171755  0.224262 0.544972 0
0  10.461980 0.000002 12.706216  0.934085 -0.000000 0.357051  0.200859 0.561558 0
beerkeg
0  -4.301918 10.385744 5.413615  -0.382681 0.923872 0.003919  0.309582 0.806366 0
0  -7.948905 7.948903 5.413616  -0.707101 0.707101 0.003919  0.309441 0.786358 0
0  -7.923401 7.923400 8.312497  -0.706248 0.706248 0.049261  0.296936 0.786214 0
beerkeg
0  4.288115 10.352421 8.312496  0.382219 0.922758 0.049262  0.291259 0.852590 0
0  4.208339 10.159825 10.714399  0.376997 0.910150 0.171756  0.276465 0.849854 0
0  7.775996 7.775995 10.714400  0.696599 0.696599 0.171755  0.268345 0.878899 0
beerkeg
0  10.352422 4.288115 8.312497  0.922758 0.382219 0.049261  0.279326 0.921606 0
0  10.159826 4.208340 10.714401  0.910150 0.376997 0.171756  0.255597 0.914979 0
0  10.996917 0.000002 10.714402  0.985140 -0.000000 0.171755  0.234446 0.963344 0
beerkeg
0  -9.665609 -4.003625 12.706217  -0.862982 -0.357459 0.357051  0.278120 0.733729 0
0  -7.397738 -7.397734 12.706217  -0.660498 -0.660498 0.357051  0.276070 0.716587 0
0  -6.749708 -6.749704 14.478189  -0.592423 -0.592423 0.545958  0.267212 0.718089 0
beerkeg
0  -7.397738 -7.397734 12.706217  -0.660498 -0.660498 0.357051  0.276070 0.716587 0
0  -4.003628 -9.665606 12.706218  -0.357459 -0.862982 0.357051  0.272555 0.698507 0
0  -3.652917 -8.818914 14.478190  -0.320617 -0.774038 0.545958  0.263178 0.700844 0
beerkeg
0  -4.003628 -9.665606 12.706218  -0.357459 -0.862982 0.357051  0.272555 0.698507 0
0  0.000000 -10.461977 12.706218  0.000000 -0.934085 0.357051  0.267280 0.678694 0
0  0.000000 -9.545527 14.478190  0.000000 -0.837813 0.545957  0.257008 0.682273 0
beerkeg
0  0.000000 -10.461977 12.706218  0.000000 -0.934085 0.357051  0.267280 0.678694 0
0  4.003628 -9.665606 12.706218  0.357459 -0.862982 0.357051  0.259475 0.656773 0
0  3.652917 -8.818914 14.478190  0.320617 -0.774038 0.545958  0.247964 0.661946 0
beerkeg
0  4.003628 -9.665606 12.706218  0.357459 -0.862982 0.357051  0.259475 0.656773 0
0  7.397738 -7.397734 12.706217  0.660498 -0.660498 0.357051  0.247704 0.630947 0
0  6.749708 -6.749704 14.478189  0.592423 -0.592423 0.545958  0.234487 0.638958 0
beerkeg
0  7.397738 -7.397734 12.706217  0.660498 -0.660498 0.357051  0.247704 0.630947 0
0  9.665609 -4.003625 12.706217  0.862982 -0.357459 0.357051  0.230315 0.600550 0
0  8.818918 -3.652913 14.478189  0.774038 -0.320617 0.545957  0.214372 0.612480 0
beerkeg
0  -6.574806 0.000003 17.428717  -0.567394 -0.000000 0.823447  0.250282 0.751155 0
0  -6.074327 -2.516067 17.428717  -0.524204 -0.217132 0.823447  0.249242 0.737181 0
0  -4.764006 -1.973313 18.217854  -0.404235 -0.167439 0.899199  0.239841 0.738636 0
beerkeg
0  4.764006 1.973319 18.217854  0.404234 0.167439 0.899199  0.180120 0.841841 0
0  6.074327 2.516072 17.428717  0.524203 0.217132 0.823447  0.188862 0.859451 0
0  4.649090 4.649092 17.428717  0.401209 0.401208 0.823446  0.210607 0.842868 0
beerkeg
0  9.665609 -4.003625 12.706217  0.862982 -0.357459 0.357051  0.230315 0.600550 0
0  10.461980 0.000002 12.706216  0.934085 -0.000000 0.357051  0.200859 0.561558 0
0  9.545528 0.000002 14.478188  0.837813 0.000000 0.545957  0.181928 0.581641 0
beerkeg
0  -4.288115 10.352421 8.312496  -0.382219 0.922758 0.049262  0.295899 0.805816 0
0  -7.923401 7.923400 8.312497  -0.706248 0.706248 0.049261  0.296936 0.786214 0
0  -7.775996 7.775995 10.714400  -0.696599 0.696599 0.171755  0.286586 0.785566 0
beerkeg
0  4.208339 10.159825 10.714399  0.376997 0.910150 0.171756  0.276465 0.849854 0
0  4.003628 9.665610 12.706214  0.357459 0.862982 0.357051  0.263956 0.846318 0
0  7.397738 7.397738 12.706215  0.660498 0.660498 0.357051  0.253257 0.873267 0
beerkeg
0  10.159826 4.208340 10.714401  0.910150 0.376997 0.171756  0.255597 0.914979 0
0  9.665609 4.003629 12.706215  0.862982 0.357459 0.357051  0.236498 0.906087 0
0  10.461980 0.000002 12.706216  0.934085 -0.000000 0.357051  0.209439 0.947812 0
beerkeg
0  -2.692676 2.692671 -16.764902  -0.431331 0.422774 -0.797004  0.424822 0.759110 0
0  -3.518151 1.457262 -16.443262  -0.655598 0.149358 -0.740192  0.421642 0.752971 0
0  -4.094094 1.695826 -15.813973  -0.757561 0.201898 -0.620757  0.417850 0.753808 0
beerkeg
0  -8.818918 -3.652913 14.478189  -0.774038 -0.320617 0.545957  0.269690 0.734568 0
0  -6.749708 -6.749704 14.478189  -0.592423 -0.592423 0.545958  0.267212 0.718089 0
0  -5.779874 -5.779869 16.132389  -0.501539 -0.501539 0.704923  0.257133 0.720235 0
beerkeg
0  -6.749708 -6.749704 14.478189  -0.592423 -0.592423 0.545958  0.267212 0.718089 0
0  -3.652917 -8.818914 14.478190  -0.320617 -0.774038 0.545958  0.263178 0.700844 0
0  -3.128046 -7.551764 16.132391  -0.271432 -0.655293 0.704923  0.252535 0.704186 0
beerkeg
0  -3.652917 -8.818914 14.478190  -0.320617 -0.774038 0.545958  0.263178 0.700844 0
0  0.000000 -9.545527 14.478190  0.000000 -0.837813 0.545957  0.257008 0.682273 0
0  0.000000 -8.173971 16.132391  0.000000 -0.709284 0.704923  0.245556 0.687274 0
beerkeg
0  0.000000 -9.545527 14.478190  0.000000 -0.837813 0.545957  0.257008 0.682273 0
0  3.652917 -8.818914 14.478190  0.320617 -0.774038 0.545958  0.247964 0.661946 0
0  3.128046 -7.551764 16.132391  0.271431 -0.655293 0.704923  0.235487 0.669173 0
beerkeg
0  3.652917 -8.818914 14.478190  0.320617 -0.774038 0.545958  0.247964 0.661946 0
0  6.749708 -6.749704 14.478189  0.592423 -0.592423 0.545958  0.234487 0.638958 0
0  5.779874 -5.779869 16.132389  0.501540 -0.501539 0.704923  0.220874 0.649692 0
beerkeg
0  6.749708 -6.749704 14.478189  0.592423 -0.592423 0.545958  0.234487 0.638958 0
0  8.818918 -3.652913 14.478189  0.774038 -0.320617 0.545957  0.214372 0.612480 0
0  7.551769 -3.128042 16.132389  0.655293 -0.271431 0.704923  0.198794 0.628516 0
beerkeg
0  -5.156522 0.000003 18.217854  -0.437540 0.000000 0.899199  0.240840 0.751443 0
0  -4.764006 -1.973313 18.217854  -0.404235 -0.167439 0.899199  0.239841 0.738636 0
0  -3.701262 -1.533110 18.682817  -0.312946 -0.129626 0.940884  0.231345 0.740192 0
beerkeg
0  3.701262 1.533117 18.682817  0.312945 0.129626 0.940884  0.174912 0.826603 0
0  4.764006 1.973319 18.217854  0.404234 0.167439 0.899199  0.180120 0.841841 0
0  3.646213 3.646214 18.217854  0.309388 0.309388 0.899199  0.200249 0.830234 0
beerkeg
0  8.818918 -3.652913 14.478189  0.774038 -0.320617 0.545957  0.214372 0.612480 0
0  9.545528 0.000002 14.478188  0.837813 0.000000 0.545957  0.181928 0.581641 0
0  8.173974 0.000003 16.132389  0.709284 0.000000 0.704923  0.166326 0.607292 0
beerkeg
0  -4.208339 10.159825 10.714399  -0.376997 0.910150 0.171755  0.284630 0.804707 0
0  -7.775996 7.775995 10.714400  -0.696599 0.696599 0.171755  0.286586 0.785566 0
0  -7.397738 7.397738 12.706215  -0.660498 0.660498 0.357051  0.277582 0.784780 0
beerkeg
0  4.003628 9.665610 12.706214  0.357459 0.862982 0.357051  0.263956 0.846318 0
0  3.652917 8.818918 14.478187  0.320617 0.774038 0.545957  0.251817 0.841598 0
0  6.749708 6.749709 14.478188  0.592423 0.592423 0.545957  0.239090 0.865974 0
beerkeg
0  9.665609 4.003629 12.706215  0.862982 0.357459 0.357051  0.236498 0.906087 0
0  8.818918 3.652918 14.478188  0.774039 0.320617 0.545957  0.219676 0.894190 0
0  9.545528 0.000002 14.478188  0.837813 0.000000 0.545957  0.187351 0.929019 0
beerkeg
0  -7.551769 -3.128042 16.132389  -0.655293 -0.271431 0.704923  0.259850 0.735705 0
0  -5.779874 -5.779869 16.132389  -0.501539 -0.501539 0.704923  0.257133 0.720235 0
0  -4.649090 -4.649086 17.428717  -0.401208 -0.401208 0.823447  0.246407 0.723023 0
beerkeg
0  -5.779874 -5.779869 16.132389  -0.501539 -0.501539 0.704923  0.257133 0.720235 0
0  -3.128046 -7.551764 16.132391  -0.271432 -0.655293 0.704923  0.252535 0.704186 0
0  -2.516070 -6.074325 17.428719  -0.217132 -0.524203 0.823447  0.241405 0.708509 0
beerkeg
0  -3.128046 -7.551764 16.132391  -0.271432 -0.655293 0.704923  0.252535 0.704186 0
0  0.000000 -8.173971 16.132391  0.000000 -0.709284 0.704923  0.245556 0.687274 0
0  0.000000 -6.574803 17.428719  0.000000 -0.567393 0.823447  0.234104 0.693601 0
beerkeg
0  0.000000 -8.173971 16.132391  0.000000 -0.709284 0.704923  0.245556 0.687274 0
0  3.128046 -7.551764 16.132391  0.271431 -0.655293 0.704923  0.235487 0.669173 0
0  2.516070 -6.074325 17.428719  0.217133 -0.524203 0.823447  0.223074 0.678133 0
beerkeg
0  3.128046 -7.551764 16.132391  0.271431 -0.655293 0.704923  0.235487 0.669173 0
0  5.779874 -5.779869 16.132389  0.501540 -0.501539 0.704923  0.220874 0.649692 0
0  4.649090 -4.649086 17.428717  0.401209 -0.401208 0.823446  0.207924 0.662572 0
beerkeg
0  5.779874 -5.779869 16.132389  0.501540 -0.501539 0.704923  0.220874 0.649692 0
0  7.551769 -3.128042 16.132389  0.655293 -0.271431 0.704923  0.198794 0.628516 0
0  6.074327 -2.516067 17.428717  0.524203 -0.217132 0.823447  0.186374 0.647478 0
beerkeg
0  -4.006217 0.000003 18.682817  -0.338730 0.000000 0.940884  0.232255 0.751587 0
0  -3.701262 -1.533110 18.682817  -0.312946 -0.129626 0.940884  0.231345 0.740192 0
0  -2.700756 -1.118687 19.013954  -0.274742 -0.113801 0.954760  0.222279 0.741903 0
beerkeg
0  2.700756 1.118693 19.013954  0.274741 0.113801 0.954760  0.170863 0.810893 0
0  3.701262 1.533117 18.682817  0.312945 0.129626 0.940884  0.174912 0.826603 0
0  2.832824 2.832826 18.682817  0.239519 0.239519 0.940884  0.192769 0.818568 0
beerkeg
0  7.551769 -3.128042 16.132389  0.655293 -0.271431 0.704923  0.198794 0.628516 0
0  8.173974 0.000003 16.132389  0.709284 0.000000 0.704923  0.166326 0.607292 0
0  6.574806 0.000003 17.428717  0.567393 -0.000000 0.823447  0.155228 0.635224 0
beerkeg
0  -4.003628 9.665610 12.706214  -0.357459 0.862982 0.357051  0.274977 0.803175 0
0  -7.397738 7.397738 12.706215  -0.660498 0.660498 0.357051  0.277582 0.784780 0
0  -6.749708 6.749709 14.478188  -0.592423 0.592423 0.545957  0.268681 0.783614 0
beerkeg
0  3.652917 8.818918 14.478187  0.320617 0.774038 0.545957  0.251817 0.841598 0
0  3.128046 7.551770 16.132387  0.271431 0.655293 0.704923  0.238482 0.834800 0
0  5.779874 5.779874 16.132389  0.501539 0.501540 0.704923  0.224150 0.855714 0
beerkeg
0  8.818918 3.652918 14.478188  0.774039 0.320617 0.545957  0.219676 0.894190 0
0  7.551769 3.128047 16.132389  0.655293 0.271431 0.704923  0.202898 0.878469 0
0  8.173974 0.000003 16.132389  0.709284 0.000000 0.704923  0.169659 0.902603 0
beerkeg
0  -2.140902 2.140897 -17.267035  -0.340516 0.330622 -0.880192  0.428676 0.757014 0
0  -2.797222 1.158644 -17.045677  -0.543161 0.105948 -0.832917  0.426046 0.751863 0
0  -3.518151 1.457262 -16.443262  -0.655598 0.149358 -0.740192  0.421642 0.752971 0
beerkeg
0  -6.074327 -2.516067 17.428717  -0.524204 -0.217132 0.823447  0.249242 0.737181 0
0  -4.649090 -4.649086 17.428717  -0.401208 -0.401208 0.823447  0.246407 0.723023 0
0  -3.646213 -3.646209 18.217854  -0.309388 -0.309388 0.899199  0.236611 0.725837 0
beerkeg
0  -4.649090 -4.649086 17.428717  -0.401208 -0.401208 0.823447  0.246407 0.723023 0
0  -2.516070 -6.074325 17.428719  -0.217132 -0.524203 0.823447  0.241405 0.708509 0
0  -1.973316 -4.764002 18.217854  -0.167439 -0.404234 0.899199  0.231670 0.712957 0
beerkeg
0  -2.516070 -6.074325 17.428719  -0.217132 -0.524203 0.823447  0.241405 0.708509 0
0  0.000000 -6.574803 17.428719  0.000000 -0.567393 0.823447  0.234104 0.693601 0
0  0.000000 -5.156520 18.217854  -0.000001 -0.437540 0.899199  0.223850 0.700109 0
beerkeg
0  0.000000 -6.574803 17.428719  0.000000 -0.567393 0.823447  0.234104 0.693601 0
0  2.516070 -6.074325 17.428719  0.217133 -0.524203 0.823447  0.223074 0.678133 0
0  1.973316 -4.764002 18.217854  0.167439 -0.404234 0.899199  0.213091 0.687281 0
beerkeg
0  2.516070 -6.074325 17.428719  0.217133 -0.524203 0.823447  0.223074 0.678133 0
0  4.649090 -4.649086 17.428717  0.401209 -0.401208 0.823446  0.207924 0.662572 0
0  3.646213 -3.646209 18.217854  0.309388 -0.309387 0.899199  0.198515 0.675153 0
beerkeg
0  4.649090 -4.649086 17.428717  0.401209 -0.401208 0.823446  0.207924 0.662572 0
0  6.074327 -2.516067 17.428717  0.524203 -0.217132 0.823447  0.186374 0.647478 0
0  4.764006 -1.973313 18.217854  0.404235 -0.167439 0.899198  0.178754 0.664764 0
beerkeg
0  -2.923277 0.000003 19.013952  -0.297379 -0.000000 0.954760  0.223380 0.751729 0
0  -2.700756 -1.118687 19.013954  -0.274742 -0.113801 0.954760  0.222279 0.741903 0
0  -2.042113 -0.845868 19.241180  -0.495416 -0.205208 0.844069  0.215557 0.743319 0
beerkeg
0  2.042113 0.845875 19.241180  0.495416 0.205208 0.844069  0.168666 0.799227 0
0  2.700756 1.118693 19.013954  0.274741 0.113801 0.954760  0.170863 0.810893 0
0  2.067070 2.067072 19.013954  0.210280 0.210278 0.954760  0.186022 0.805861 0
beerkeg
0  6.074327 -2.516067 17.428717  0.524203 -0.217132 0.823447  0.186374 0.647478 0
0  6.574806 0.000003 17.428717  0.567393 -0.000000 0.823447  0.155228 0.635224 0
0  5.156522 0.000003 18.217854  0.437540 -0.000000 0.899199  0.152637 0.658910 0
beerkeg
0  -3.652917 8.818918 14.478187  -0.320617 0.774039 0.545957  0.265380 0.801187 0
0  -6.749708 6.749709 14.478188  -0.592423 0.592423 0.545957  0.268681 0.783614 0
0  -5.779874 5.779874 16.132389  -0.501539 0.501540 0.704923  0.258477 0.781908 0
beerkeg
0  3.128046 7.551770 16.132387  0.271431 0.655293 0.704923  0.238482 0.834800 0
0  2.516070 6.074330 17.428715  0.217132 0.524204 0.823446  0.225292 0.826113 0
0  4.649090 4.649092 17.428717  0.401209 0.401208 0.823446  0.210607 0.842868 0
beerkeg
0  7.551769 3.128047 16.132389  0.655293 0.271431 0.704923  0.202898 0.878469 0
0  6.074327 2.516072 17.428717  0.524203 0.217132 0.823447  0.188862 0.859451 0
0  6.574806 0.000003 17.428717  0.567393 -0.000000 0.823447  0.156645 0.873806 0
beerkeg
0  -4.764006 -1.973313 18.217854  -0.404235 -0.167439 0.899199  0.239841 0.738636 0
0  -3.646213 -3.646209 18.217854  -0.309388 -0.309388 0.899199  0.236611 0.725837 0
0  -2.832824 -2.832820 18.682817  -0.239518 -0.239518 0.940884  0.228288 0.728738 0
beerkeg
0  -3.646213 -3.646209 18.217854  -0.309388 -0.309388 0.899199  0.236611 0.725837 0
0  -1.973316 -4.764002 18.217854  -0.167439 -0.404234 0.899199  0.231670 0.712957 0
0  -1.533113 -3.701259 18.682817  -0.129626 -0.312946 0.940884  0.223249 0.717484 0
beerkeg
0  -1.973316 -4.764002 18.217854  -0.167439 -0.404234 0.899199  0.231670 0.712957 0
0  0.000000 -5.156520 18.217854  -0.000001 -0.437540 0.899199  0.223850 0.700109 0
0  0.000000 -4.006215 18.682817  -0.000000 -0.338730 0.940883  0.215791 0.706489 0
beerkeg
0  0.000000 -5.156520 18.217854  -0.000001 -0.437540 0.899199  0.223850 0.700109 0
0  1.973316 -4.764002 18.217854  0.167439 -0.404234 0.899199  0.213091 0.687281 0
0  1.533113 -3.701259 18.682817  0.129626 -0.312946 0.940884  0.205371 0.695809 0
beerkeg
0  1.973316 -4.764002 18.217854  0.167439 -0.404234 0.899199  0.213091 0.687281 0
0  3.646213 -3.646209 18.217854  0.309388 -0.309387 0.899199  0.198515 0.675153 0
0  2.832824 -2.832820 18.682817  0.239518 -0.239519 0.940884  0.191484 0.686569 0
beerkeg
0  3.646213 -3.646209 18.217854  0.309388 -0.309387 0.899199  0.198515 0.675153 0
0  4.764006 -1.973313 18.217854  0.404235 -0.167439 0.899198  0.178754 0.664764 0
0  3.701262 -1.533110 18.682817  0.312945 -0.129626 0.940884  0.174097 0.679632 0
beerkeg
0  -2.210367 0.000003 19.241182  -0.536235 -0.000001 0.844069  0.216476 0.751819 0
0  -2.042113 -0.845868 19.241180  -0.495416 -0.205208 0.844069  0.215557 0.743319 0
0  -1.905720 -0.789373 19.421104  -0.907929 -0.376079 -0.185013  0.213420 0.743766 0
beerkeg
0  1.905720 0.789379 19.421104  0.907931 0.376075 -0.185011  0.168101 0.795548 0
0  2.042113 0.845875 19.241180  0.495416 0.205208 0.844069  0.168666 0.799227 0
0  1.562966 1.562969 19.241180  0.379176 0.379175 0.844069  0.181782 0.795880 0
beerkeg
0  4.764006 -1.973313 18.217854  0.404235 -0.167439 0.899198  0.178754 0.664764 0
0  5.156522 0.000003 18.217854  0.437540 -0.000000 0.899199  0.152637 0.658910 0
0  4.006217 0.000003 18.682817  0.338730 0.000000 0.940884  0.152565 0.677229 0
beerkeg
0  -3.128046 7.551770 16.132387  -0.271431 0.655293 0.704923  0.254398 0.798307 0
0  -5.779874 5.779874 16.132389  -0.501539 0.501540 0.704923  0.258477 0.781908 0
0  -4.649090 4.649092 17.428717  -0.401208 0.401208 0.823446  0.247478 0.779557 0
beerkeg
0  2.516070 6.074330 17.428715  0.217132 0.524204 0.823446  0.225292 0.826113 0
0  1.973316 4.764008 18.217854  0.167439 0.404235 0.899199  0.214833 0.817070 0
0  3.646213 3.646214 18.217854  0.309388 0.309388 0.899199  0.200249 0.830234 0
beerkeg
0  6.074327 2.516072 17.428717  0.524203 0.217132 0.823447  0.188862 0.859451 0
0  4.764006 1.973319 18.217854  0.404234 0.167439 0.899199  0.180120 0.841841 0
0  5.156522 0.000003 18.217854  0.437540 -0.000000 0.899199  0.152859 0.848963 0
beerkeg
0  -3.701262 -1.533110 18.682817  -0.312946 -0.129626 0.940884  0.231345 0.740192 0
0  -2.832824 -2.832820 18.682817  -0.239518 -0.239518 0.940884  0.228288 0.728738 0
0  -2.067070 -2.067066 19.013954  -0.210278 -0.210278 0.954760  0.219451 0.732151 0
beerkeg
0  -2.832824 -2.832820 18.682817  -0.239518 -0.239518 0.940884  0.228288 0.728738 0
0  -1.533113 -3.701259 18.682817  -0.129626 -0.312946 0.940884  0.223249 0.717484 0
0  -1.118690 -2.700753 19.013954  -0.113801 -0.274741 0.954760  0.214672 0.722674 0
beerkeg
0  -1.533113 -3.701259 18.682817  -0.129626 -0.312946 0.940884  0.223249 0.717484 0
0  0.000000 -4.006215 18.682817  -0.000000 -0.338730 0.940883  0.215791 0.706489 0
0  0.000000 -2.923275 19.013954  0.000000 -0.297378 0.954760  0.207488 0.713816 0
beerkeg
0  0.000000 -4.006215 18.682817  -0.000000 -0.338730 0.940883  0.215791 0.706489 0
0  1.533113 -3.701259 18.682817  0.129626 -0.312946 0.940884  0.205371 0.695809 0
0  1.118690 -2.700753 19.013954  0.113802 -0.274741 0.954760  0.197903 0.705635 0
beerkeg
0  1.533113 -3.701259 18.682817  0.129626 -0.312946 0.940884  0.205371 0.695809 0
0  2.832824 -2.832820 18.682817  0.239518 -0.239519 0.940884  0.191484 0.686569 0
0  2.067070 -2.067066 19.013954  0.210279 -0.210278 0.954760  0.185771 0.698960 0
beerkeg
0  2.832824 -2.832820 18.682817  0.239518 -0.239519 0.940884  0.191484 0.686569 0
0  3.701262 -1.533110 18.682817  0.312945 -0.129626 0.940884  0.174097 0.679632 0
0  2.700756 -1.118687 19.013954  0.274741 -0.113801 0.954760  0.170910 0.694782 0
beerkeg
0  -2.062737 0.000003 19.421104  -0.982737 0.000001 -0.185008  0.214295 0.751836 0
0  -1.905720 -0.789373 19.421104  -0.907929 -0.376079 -0.185013  0.213420 0.743766 0
0  -2.000879 -0.828789 19.483940  -0.319755 -0.132444 -0.938198  0.212280 0.744030 0
beerkeg
0  2.000879 0.828795 19.483940  0.319749 0.132444 -0.938200  0.167800 0.793629 0
0  1.905720 0.789379 19.421104  0.907931 0.376075 -0.185011  0.168101 0.795548 0
0  1.458575 1.458579 19.421104  0.694900 0.694899 -0.185010  0.180774 0.792624 0
beerkeg
0  3.701262 -1.533110 18.682817  0.312945 -0.129626 0.940884  0.174097 0.679632 0
0  4.006217 0.000003 18.682817  0.338730 0.000000 0.940884  0.152565 0.677229 0
0  2.923277 0.000003 19.013952  0.297378 -0.000000 0.954760  0.154655 0.693909 0
beerkeg
0  -2.516070 6.074330 17.428715  -0.217132 0.524204 0.823446  0.243085 0.794407 0
0  -4.649090 4.649092 17.428717  -0.401208 0.401208 0.823446  0.247478 0.779557 0
0  -3.646213 3.646214 18.217854  -0.309388 0.309388 0.899199  0.237520 0.777190 0
beerkeg
0  1.973316 4.764008 18.217854  0.167439 0.404235 0.899199  0.214833 0.817070 0
0  1.533113 3.701265 18.682817  0.129627 0.312946 0.940883  0.206195 0.808520 0
0  2.832824 2.832826 18.682817  0.239519 0.239519 0.940884  0.192769 0.818568 0
beerkeg
0  4.764006 1.973319 18.217854  0.404234 0.167439 0.899199  0.180120 0.841841 0
0  3.701262 1.533117 18.682817  0.312945 0.129626 0.940884  0.174912 0.826603 0
0  4.006217 0.000003 18.682817  0.338730 0.000000 0.940884  0.152576 0.830013 0
beerkeg
0  -2.700756 -1.118687 19.013954  -0.274742 -0.113801 0.954760  0.222279 0.741903 0
0  -2.067070 -2.067066 19.013954  -0.210278 -0.210278 0.954760  0.219451 0.732151 0
0  -1.562966 -1.562963 19.241180  -0.379176 -0.379174 0.844069  0.212825 0.735010 0
beerkeg
0  -2.067070 -2.067066 19.013954  -0.210278 -0.210278 0.954760  0.219451 0.732151 0
0  -1.118690 -2.700753 19.013954  -0.113801 -0.274741 0.954760  0.214672 0.722674 0
0  -0.845871 -2.042110 19.241180  -0.205207 -0.495416 0.844069  0.208323 0.727011 0
beerkeg
0  -1.118690 -2.700753 19.013954  -0.113801 -0.274741 0.954760  0.214672 0.722674 0
0  0.000000 -2.923275 19.013954  0.000000 -0.297378 0.954760  0.207488 0.713816 0
0  0.000000 -2.210365 19.241180  -0.000001 -0.536235 0.844069  0.201787 0.719709 0
beerkeg
0  0.000000 -2.923275 19.013954  0.000000 -0.297378 0.954760  0.207488 0.713816 0
0  1.118690 -2.700753 19.013954  0.113802 -0.274741 0.954760  0.197903 0.705635 0
0  0.845871 -2.042110 19.241180  0.205210 -0.495416 0.844069  0.193014 0.713338 0
beerkeg
0  1.118690 -2.700753 19.013954  0.113802 -0.274741 0.954760  0.197903 0.705635 0
0  2.067070 -2.067066 19.013954  0.210279 -0.210278 0.954760  0.185771 0.698960 0
0  1.562966 -1.562963 19.241180  0.379174 -0.379175 0.844069  0.181863 0.708706 0
beerkeg
0  2.067070 -2.067066 19.013954  0.210279 -0.210278 0.954760  0.185771 0.698960 0
0  2.700756 -1.118687 19.013954  0.274741 -0.113801 0.954760  0.170910 0.694782 0
0  2.042113 -0.845868 19.241180  0.495417 -0.205209 0.844068  0.169189 0.706024 0
beerkeg
0  -2.165736 0.000003 19.483942  -0.346088 -0.000000 -0.938202  0.213173 0.751852 0
0  -2.000879 -0.828789 19.483940  -0.319755 -0.132444 -0.938198  0.212280 0.744030 0
0  -2.121179 -0.878619 19.510302  -0.256905 -0.106407 -0.960561  0.211147 0.744304 0
beerkeg
0  2.121179 0.878625 19.510302  0.256896 0.106409 -0.960563  0.167492 0.791686 0
0  2.000879 0.828795 19.483940  0.319749 0.132444 -0.938200  0.167800 0.793629 0
0  1.531407 1.531410 19.483940  0.244729 0.244725 -0.938199  0.180294 0.790984 0
beerkeg
0  2.700756 -1.118687 19.013954  0.274741 -0.113801 0.954760  0.170910 0.694782 0
0  2.923277 0.000003 19.013952  0.297378 -0.000000 0.954760  0.154655 0.693909 0
0  2.210367 0.000003 19.241182  0.536233 -0.000000 0.844070  0.156103 0.704758 0
beerkeg
0  -1.973316 4.764008 18.217854  -0.167440 0.404235 0.899199  0.232731 0.790316 0
0  -3.646213 3.646214 18.217854  -0.309388 0.309388 0.899199  0.237520 0.777190 0
0  -2.832824 2.832826 18.682817  -0.239519 0.239519 0.940883  0.228970 0.774517 0
beerkeg
0  1.533113 3.701265 18.682817  0.129627 0.312946 0.940883  0.206195 0.808520 0
0  1.118690 2.700759 19.013954  0.113802 0.274741 0.954760  0.198509 0.798831 0
0  2.067070 2.067072 19.013954  0.210280 0.210278 0.954760  0.186022 0.805861 0
beerkeg
0  3.701262 1.533117 18.682817  0.312945 0.129626 0.940884  0.174912 0.826603 0
0  2.700756 1.118693 19.013954  0.274741 0.113801 0.954760  0.170863 0.810893 0
0  2.923277 0.000003 19.013952  0.297378 -0.000000 0.954760  0.153762 0.812557 0
beerkeg
0  -1.814722 0.751678 -17.596067  -0.277645 0.006417 -0.960662  0.431952 0.750245 0
0  -1.964240 -0.000003 -17.551966  -0.288479 0.003542 -0.957480  0.431252 0.746105 0
0  -3.027692 -0.000003 -16.956221  -0.572715 0.003292 -0.819748  0.425029 0.746316 0
beerkeg
0  -2.042113 -0.845868 19.241180  -0.495416 -0.205208 0.844069  0.215557 0.743319 0
0  -1.562966 -1.562963 19.241180  -0.379176 -0.379174 0.844069  0.212825 0.735010 0
0  -1.458575 -1.458572 19.421104  -0.694902 -0.694897 -0.185010  0.210637 0.735971 0
beerkeg
0  -1.562966 -1.562963 19.241180  -0.379176 -0.379174 0.844069  0.212825 0.735010 0
0  -0.845871 -2.042110 19.241180  -0.205207 -0.495416 0.844069  0.208323 0.727011 0
0  -0.789376 -1.905718 19.421104  -0.376076 -0.907931 -0.185010  0.206325 0.728522 0
beerkeg
0  -0.845871 -2.042110 19.241180  -0.205207 -0.495416 0.844069  0.208323 0.727011 0
0  0.000000 -2.210365 19.241180  -0.000001 -0.536235 0.844069  0.201787 0.719709 0
0  0.000000 -2.062735 19.421104  0.000001 -0.982737 -0.185010  0.200111 0.721693 0
beerkeg
0  0.000000 -2.210365 19.241180  -0.000001 -0.536235 0.844069  0.201787 0.719709 0
0  0.845871 -2.042110 19.241180  0.205210 -0.495416 0.844069  0.193014 0.713338 0
0  0.789376 -1.905718 19.421104  0.376077 -0.907930 -0.185012  0.191614 0.715963 0
beerkeg
0  0.845871 -2.042110 19.241180  0.205210 -0.495416 0.844069  0.193014 0.713338 0
0  1.562966 -1.562963 19.241180  0.379174 -0.379175 0.844069  0.181863 0.708706 0
0  1.458575 -1.458572 19.421104  0.694898 -0.694902 -0.185011  0.180955 0.711865 0
beerkeg
0  1.562966 -1.562963 19.241180  0.379174 -0.379175 0.844069  0.181863 0.708706 0
0  2.042113 -0.845868 19.241180  0.495417 -0.205209 0.844068  0.169189 0.706024 0
0  1.905720 -0.789373 19.421104  0.907932 -0.376074 -0.185009  0.168754 0.709555 0
beerkeg
0  -2.295948 0.000003 19.510302  -0.278036 -0.000002 -0.960571  0.211999 0.751869 0
0  -2.121179 -0.878619 19.510302  -0.256905 -0.106407 -0.960561  0.211147 0.744304 0
0  -2.228976 -0.923269 19.552397  -0.921974 -0.381882 0.064256  0.210036 0.744570 0
beerkeg
0  2.228976 0.923276 19.552397  0.921971 0.381891 0.064257  0.167228 0.789831 0
0  2.121179 0.878625 19.510302  0.256896 0.106409 -0.960563  0.167492 0.791686 0
0  1.623480 1.623484 19.510302  0.196620 0.196616 -0.960564  0.179786 0.789257 0
beerkeg
0  2.042113 -0.845868 19.241180  0.495417 -0.205209 0.844068  0.169189 0.706024 0
0  2.210367 0.000003 19.241182  0.536233 -0.000000 0.844070  0.156103 0.704758 0
0  2.062737 0.000003 19.421104  0.982737 -0.000001 -0.185010  0.156155 0.707979 0
beerkeg
0  -1.533113 3.701265 18.682817  -0.129627 0.312946 0.940883  0.224245 0.786102 0
0  -2.832824 2.832826 18.682817  -0.239519 0.239519 0.940883  0.228970 0.774517 0
0  -2.067070 2.067072 19.013954  -0.210279 0.210278 0.954760  0.220011 0.771413 0
beerkeg
0  1.118690 2.700759 19.013954  0.113802 0.274741 0.954760  0.198509 0.798831 0
0  0.845871 2.042116 19.241180  0.205208 0.495416 0.844069  0.192975 0.790895 0
0  1.562966 1.562969 19.241180  0.379176 0.379175 0.844069  0.181782 0.795880 0
beerkeg
0  2.700756 1.118693 19.013954  0.274741 0.113801 0.954760  0.170863 0.810893 0
0  2.042113 0.845875 19.241180  0.495416 0.205208 0.844069  0.168666 0.799227 0
0  2.210367 0.000003 19.241182  0.536233 -0.000000 0.844070  0.154731 0.800994 0
beerkeg
0  -1.905720 -0.789373 19.421104  -0.907929 -0.376079 -0.185013  0.213420 0.743766 0
0  -1.458575 -1.458572 19.421104  -0.694902 -0.694897 -0.185010  0.210637 0.735971 0
0  -1.531407 -1.531404 19.483940  -0.244723 -0.244725 -0.938200  0.209581 0.736446 0
beerkeg
0  -1.458575 -1.458572 19.421104  -0.694902 -0.694897 -0.185010  0.210637 0.735971 0
0  -0.789376 -1.905718 19.421104  -0.376076 -0.907931 -0.185010  0.206325 0.728522 0
0  -0.828792 -2.000876 19.483940  -0.132442 -0.319750 -0.938200  0.205387 0.729220 0
beerkeg
0  -0.789376 -1.905718 19.421104  -0.376076 -0.907931 -0.185010  0.206325 0.728522 0
0  0.000000 -2.062735 19.421104  0.000001 -0.982737 -0.185010  0.200111 0.721693 0
0  0.000000 -2.165734 19.483940  0.000001 -0.346095 -0.938199  0.199273 0.722710 0
beerkeg
0  0.000000 -2.062735 19.421104  0.000001 -0.982737 -0.185010  0.200111 0.721693 0
0  0.789376 -1.905718 19.421104  0.376077 -0.907930 -0.185012  0.191614 0.715963 0
0  0.828792 -2.000876 19.483940  0.132443 -0.319750 -0.938200  0.190944 0.717293 0
beerkeg
0  0.789376 -1.905718 19.421104  0.376077 -0.907930 -0.185012  0.191614 0.715963 0
0  1.458575 -1.458572 19.421104  0.694898 -0.694902 -0.185011  0.180955 0.711865 0
0  1.531407 -1.531404 19.483940  0.244723 -0.244726 -0.938200  0.180523 0.713456 0
beerkeg
0  1.458575 -1.458572 19.421104  0.694898 -0.694902 -0.185011  0.180955 0.711865 0
0  1.905720 -0.789373 19.421104  0.907932 -0.376074 -0.185009  0.168754 0.709555 0
0  2.000879 -0.828789 19.483940  0.319753 -0.132444 -0.938198  0.168517 0.711389 0
beerkeg
0  0.878621 2.121183 19.510302  0.106408 0.256891 -0.960565  0.190157 0.785515 0
0  0.923272 2.228979 19.552397  0.381890 0.921972 0.064250  0.189572 0.784295 0
0  1.705984 1.705988 19.552397  0.705647 0.705644 0.064252  0.179349 0.787653 0
beerkeg
0  1.905720 -0.789373 19.421104  0.907932 -0.376074 -0.185009  0.168754 0.709555 0
0  2.062737 0.000003 19.421104  0.982737 -0.000001 -0.185010  0.156155 0.707979 0
0  2.165736 0.000003 19.483942  0.346087 -0.000000 -0.938202  0.155613 0.709739 0
beerkeg
0  -1.118690 2.700759 19.013954  -0.113802 0.274741 0.954760  0.215154 0.781125 0
0  -2.067070 2.067072 19.013954  -0.210279 0.210278 0.954760  0.220011 0.771413 0
0  -1.562966 1.562969 19.241180  -0.379176 0.379175 0.844069  0.213186 0.768592 0
beerkeg
0  0.845871 2.042116 19.241180  0.205208 0.495416 0.844069  0.192975 0.790895 0
0  0.789376 1.905724 19.421104  0.376076 0.907931 -0.185010  0.191544 0.788211 0
0  1.458575 1.458579 19.421104  0.694900 0.694899 -0.185010  0.180774 0.792624 0
beerkeg
0  2.042113 0.845875 19.241180  0.495416 0.205208 0.844069  0.168666 0.799227 0
0  1.905720 0.789379 19.421104  0.907931 0.376075 -0.185011  0.168101 0.795548 0
0  2.062737 0.000003 19.421104  0.982737 -0.000001 -0.185010  0.154666 0.797532 0
beerkeg
0  -0.957381 0.957377 -17.655037  0.137390 -0.144462 -0.979926  0.436686 0.752154 0
0  -1.250878 0.518127 -17.588095  0.094579 -0.135675 -0.986229  0.435339 0.749198 0
0  -1.814722 0.751678 -17.596067  -0.277645 0.006417 -0.960662  0.431952 0.750245 0
beerkeg
0  -2.000879 -0.828789 19.483940  -0.319755 -0.132444 -0.938198  0.212280 0.744030 0
0  -1.531407 -1.531404 19.483940  -0.244723 -0.244725 -0.938200  0.209581 0.736446 0
0  -1.623480 -1.623477 19.510302  -0.196616 -0.196616 -0.960564  0.208477 0.736974 0
beerkeg
0  -1.531407 -1.531404 19.483940  -0.244723 -0.244725 -0.938200  0.209581 0.736446 0
0  -0.828792 -2.000876 19.483940  -0.132442 -0.319750 -0.938200  0.205387 0.729220 0
0  -0.878621 -2.121176 19.510302  -0.106406 -0.256891 -0.960565  0.204363 0.730017 0
beerkeg
0  -0.828792 -2.000876 19.483940  -0.132442 -0.319750 -0.938200  0.205387 0.729220 0
0  0.000000 -2.165734 19.483940  0.000001 -0.346095 -0.938199  0.199273 0.722710 0
0  0.000000 -2.295945 19.510302  0.000001 -0.278057 -0.960564  0.198391 0.723810 0
beerkeg
0  0.000000 -2.165734 19.483940  0.000001 -0.346095 -0.938199  0.199273 0.722710 0
0  0.828792 -2.000876 19.483940  0.132443 -0.319750 -0.938200  0.190944 0.717293 0
0  0.878621 -2.121176 19.510302  0.106407 -0.256891 -0.960565  0.190243 0.718681 0
beerkeg
0  0.828792 -2.000876 19.483940  0.132443 -0.319750 -0.938200  0.190944 0.717293 0
0  1.531407 -1.531404 19.483940  0.244723 -0.244726 -0.938200  0.180523 0.713456 0
0  1.623480 -1.623477 19.510302  0.196619 -0.196616 -0.960564  0.180061 0.715128 0
beerkeg
0  1.531407 -1.531404 19.483940  0.244723 -0.244726 -0.938200  0.180523 0.713456 0
0  2.000879 -0.828789 19.483940  0.319753 -0.132444 -0.938198  0.168517 0.711389 0
0  2.121179 -0.878619 19.510302  0.256897 -0.106409 -0.960563  0.168267 0.713255 0
beerkeg
0  1.705984 1.705988 19.552397  0.705647 0.705644 0.064252  0.179349 0.787653 0
0  0.923272 2.228979 19.552397  0.381890 0.921972 0.064250  0.189572 0.784295 0
0  0.738539 1.782993 19.651806  0.250829 0.605552 0.755243  0.187268 0.779205 0
beerkeg
0  1.929894 0.000003 19.651810  0.655451 -0.000002 0.755238  0.153834 0.782205 0
0  2.412626 0.000003 19.552393  0.997935 -0.000000 0.064232  0.152553 0.791375 0
0  2.228976 0.923276 19.552397  0.921971 0.381891 0.064257  0.167228 0.789831 0
beerkeg
0  2.000879 -0.828789 19.483940  0.319753 -0.132444 -0.938198  0.168517 0.711389 0
0  2.165736 0.000003 19.483942  0.346087 -0.000000 -0.938202  0.155613 0.709739 0
0  2.295948 0.000003 19.510302  0.278042 -0.000000 -0.960569  0.154966 0.711684 0
beerkeg
0  -0.845871 2.042116 19.241180  -0.205208 0.495416 0.844069  0.208806 0.776916 0
0  -1.562966 1.562969 19.241180  -0.379176 0.379175 0.844069  0.213186 0.768592 0
0  -1.458575 1.458579 19.421104  -0.694901 0.694898 -0.185009  0.211004 0.767717 0
beerkeg
0  0.789376 1.905724 19.421104  0.376076 0.907931 -0.185010  0.191544 0.788211 0
0  0.828792 2.000883 19.483940  0.132444 0.319750 -0.938199  0.190880 0.786938 0
0  1.531407 1.531410 19.483940  0.244729 0.244725 -0.938199  0.180294 0.790984 0
beerkeg
0  1.905720 0.789379 19.421104  0.907931 0.376075 -0.185011  0.168101 0.795548 0
0  2.000879 0.828795 19.483940  0.319749 0.132444 -0.938200  0.167800 0.793629 0
0  2.165736 0.000003 19.483942  0.346087 -0.000000 -0.938202  0.154026 0.795649 0
beerkeg
0  -2.121179 -0.878619 19.510302  -0.256905 -0.106407 -0.960561  0.211147 0.744304 0
0  -1.623480 -1.623477 19.510302  -0.196616 -0.196616 -0.960564  0.208477 0.736974 0
0  -1.705984 -1.705981 19.552397  -0.705645 -0.705646 0.064252  0.207473 0.737462 0
beerkeg
0  -1.623480 -1.623477 19.510302  -0.196616 -0.196616 -0.960564  0.208477 0.736974 0
0  -0.878621 -2.121176 19.510302  -0.106406 -0.256891 -0.960565  0.204363 0.730017 0
0  -0.923272 -2.228973 19.552397  -0.381893 -0.921971 0.064250  0.203500 0.730684 0
beerkeg
0  -0.878621 -2.121176 19.510302  -0.106406 -0.256891 -0.960565  0.204363 0.730017 0
0  0.000000 -2.295945 19.510302  0.000001 -0.278057 -0.960564  0.198391 0.723810 0
0  0.000000 -2.412624 19.552397  0.000004 -0.997934 0.064250  0.197602 0.724793 0
beerkeg
0  0.000000 -2.295945 19.510302  0.000001 -0.278057 -0.960564  0.198391 0.723810 0
0  0.878621 -2.121176 19.510302  0.106407 -0.256891 -0.960565  0.190243 0.718681 0
0  0.923272 -2.228973 19.552397  0.381887 -0.921973 0.064249  0.189600 0.720061 0
beerkeg
0  0.878621 -2.121176 19.510302  0.106407 -0.256891 -0.960565  0.190243 0.718681 0
0  1.623480 -1.623477 19.510302  0.196619 -0.196616 -0.960564  0.180061 0.715128 0
0  1.705984 -1.705981 19.552397  0.705647 -0.705644 0.064254  0.179694 0.716670 0
beerkeg
0  1.623480 -1.623477 19.510302  0.196619 -0.196616 -0.960564  0.180061 0.715128 0
0  2.121179 -0.878619 19.510302  0.256897 -0.106409 -0.960563  0.168267 0.713255 0
0  2.228976 -0.923269 19.552397  0.921972 -0.381889 0.064256  0.168067 0.714907 0
beerkeg
0  2.324038 -0.962646 19.563501  0.914894 -0.372731 -0.155051  0.171953 0.742496 0
0  2.515520 0.000003 19.563503  0.987890 0.005757 -0.155050  0.164718 0.751575 0
0  2.512078 0.000003 20.350174  0.914727 0.000000 -0.404073  0.156637 0.740297 0
beerkeg
0  2.121179 -0.878619 19.510302  0.256897 -0.106409 -0.960563  0.168267 0.713255 0
0  2.295948 0.000003 19.510302  0.278042 -0.000000 -0.960569  0.154966 0.711684 0
0  2.412626 0.000003 19.552393  0.997935 -0.000000 0.064232  0.154347 0.713718 0
beerkeg
0  -0.789376 1.905724 19.421104  -0.376075 0.907931 -0.185011  0.206684 0.775417 0
0  -1.458575 1.458579 19.421104  -0.694901 0.694898 -0.185009  0.211004 0.767717 0
0  -1.531407 1.531410 19.483940  -0.244730 0.244725 -0.938199  0.209929 0.767257 0
beerkeg
0  0.828792 2.000883 19.483940  0.132444 0.319750 -0.938199  0.190880 0.786938 0
0  0.878621 2.121183 19.510302  0.106408 0.256891 -0.960565  0.190157 0.785515 0
0  1.623480 1.623484 19.510302  0.196620 0.196616 -0.960564  0.179786 0.789257 0
beerkeg
0  2.000879 0.828795 19.483940  0.319749 0.132444 -0.938200  0.167800 0.793629 0
0  2.121179 0.878625 19.510302  0.256896 0.106409 -0.960563  0.167492 0.791686 0
0  2.295948 0.000003 19.510302  0.278042 -0.000000 -0.960569  0.153270 0.793561 0
beerkeg
0  -0.396301 0.956752 -17.488737  0.208520 -0.301127 -0.930506  0.440393 0.752919 0
0  -0.732269 0.732265 -17.535799  0.281154 -0.285119 -0.916329  0.438470 0.750956 0
0  -0.957381 0.957377 -17.655037  0.137390 -0.144462 -0.979926  0.436686 0.752154 0
beerkeg
0  -2.228976 -0.923269 19.552397  -0.921974 -0.381882 0.064256  0.210036 0.744570 0
0  -1.705984 -1.705981 19.552397  -0.705645 -0.705646 0.064252  0.207473 0.737462 0
0  -1.364642 -1.364639 19.651806  -0.463467 -0.463471 0.755243  0.203847 0.739290 0
beerkeg
0  -1.705984 -1.705981 19.552397  -0.705645 -0.705646 0.064252  0.207473 0.737462 0
0  -0.923272 -2.228973 19.552397  -0.381893 -0.921971 0.064250  0.203500 0.730684 0
0  -0.738539 -1.782987 19.651806  -0.250830 -0.605551 0.755243  0.200029 0.733577 0
beerkeg
0  -0.923272 -2.228973 19.552397  -0.381893 -0.921971 0.064250  0.203500 0.730684 0
0  0.000000 -2.412624 19.552397  0.000004 -0.997934 0.064250  0.197602 0.724793 0
0  0.000000 -1.929892 19.651806  0.000001 -0.655444 0.755244  0.194563 0.728685 0
beerkeg
0  0.000000 -2.412624 19.552397  0.000004 -0.997934 0.064250  0.197602 0.724793 0
0  0.923272 -2.228973 19.552397  0.381887 -0.921973 0.064249  0.189600 0.720061 0
0  0.738539 -1.782987 19.651806  0.250828 -0.605553 0.755242  0.187378 0.724993 0
beerkeg
0  0.923272 -2.228973 19.552397  0.381887 -0.921973 0.064249  0.189600 0.720061 0
0  1.705984 -1.705981 19.552397  0.705647 -0.705644 0.064254  0.179694 0.716670 0
0  1.364642 -1.364639 19.651806  0.463467 -0.463470 0.755244  0.178407 0.722699 0
beerkeg
0  1.705984 -1.705981 19.552397  0.705647 -0.705644 0.064254  0.179694 0.716670 0
0  2.228976 -0.923269 19.552397  0.921972 -0.381889 0.064256  0.168067 0.714907 0
0  1.782990 -0.738536 19.651806  0.605550 -0.250830 0.755244  0.167658 0.721884 0
beerkeg
0  -0.828792 2.000883 19.483940  -0.132444 0.319750 -0.938200  0.205667 0.774682 0
0  -1.531407 1.531410 19.483940  -0.244730 0.244725 -0.938199  0.209929 0.767257 0
0  -1.623480 1.623484 19.510302  -0.196622 0.196616 -0.960563  0.208809 0.766743 0
beerkeg
0  -2.121179 0.878625 19.510302  -0.256894 0.106409 -0.960564  0.211156 0.759352 0
0  -2.295948 0.000003 19.510302  -0.278036 -0.000002 -0.960571  0.211999 0.751869 0
0  -2.412626 0.000003 19.552393  -0.997935 -0.000008 0.064228  0.210931 0.751865 0
beerkeg
0  2.121179 0.878625 19.510302  0.256896 0.106409 -0.960563  0.167492 0.791686 0
0  2.228976 0.923276 19.552397  0.921971 0.381891 0.064257  0.167228 0.789831 0
0  2.412626 0.000003 19.552393  0.997935 -0.000000 0.064232  0.152553 0.791375 0
beerkeg
0  -0.287680 0.694516 -17.353277  0.212705 -0.334411 -0.918110  0.441786 0.751161 0
0  -0.531562 0.531558 -17.384787  0.302304 -0.303848 -0.903487  0.440257 0.749696 0
0  -0.732269 0.732265 -17.535799  0.281154 -0.285119 -0.916329  0.438470 0.750956 0
beerkeg
0  -2.192912 0.000003 20.370148  -0.365355 0.000000 -0.930868  0.044557 0.804987 0
0  -2.025987 -0.839188 20.370148  -0.337543 -0.139816 -0.930869  0.044544 0.820510 0
0  -2.529300 -1.047668 20.583969  0.396575 0.164267 0.903185  0.040792 0.821255 0
beerkeg
0  2.025987 0.839195 20.370148  0.337543 0.139816 -0.930869  0.122516 0.804992 0
0  1.550623 1.550627 20.370148  0.258344 0.258346 -0.930868  0.116581 0.790652 0
0  1.935843 1.935846 20.583969  -0.303530 -0.303525 0.903184  0.119760 0.788526 0
beerkeg
0  0.962648 2.324041 19.563501  0.372732 0.914894 -0.155048  0.183513 0.764869 0
0  0.000000 2.515525 19.563501  -0.005756 0.987890 -0.155049  0.188196 0.763881 0
0  0.000000 2.512083 20.350170  0.000000 0.914727 -0.404073  0.189958 0.767562 0
beerkeg
0  0.000000 2.412630 19.552397  -0.000004 0.997934 0.064250  0.197626 0.779308 0
0  0.923272 2.228979 19.552397  0.381890 0.921972 0.064250  0.189572 0.784295 0
0  0.878621 2.121183 19.510302  0.106408 0.256891 -0.960565  0.190157 0.785515 0
beerkeg
0  -0.839191 -2.025983 20.370148  -0.139815 -0.337545 -0.930868  0.061430 0.845825 0
0  0.000000 -2.192909 20.370148  0.000000 -0.365356 -0.930868  0.075756 0.851764 0
0  0.000000 -2.737692 20.583969  -0.000004 0.429250 0.903186  0.075012 0.855512 0
beerkeg
0  1.778742 -1.778739 19.563501  0.702615 -0.694473 -0.155048  0.178194 0.739317 0
0  2.324038 -0.962646 19.563501  0.914894 -0.372731 -0.155051  0.171953 0.742496 0
0  2.320858 -0.961328 20.350170  0.845099 -0.350048 -0.404071  0.168365 0.735391 0
beerkeg
0  -1.822834 -1.822830 20.405832  -0.442824 -0.453746 -0.773318  0.692160 0.746600 0
0  -2.171546 -2.171542 20.384438  -0.339862 -0.339861 -0.876920  0.691155 0.747302 0
0  -2.837261 -1.175229 20.384438  -0.444051 -0.183932 -0.876920  0.692328 0.749466 0
beerkeg
0  -1.364642 1.364645 19.651806  -0.463468 0.463470 0.755244  0.203939 0.764420 0
0  -1.333385 1.333389 19.831129  -0.666304 0.666307 -0.334773  0.202546 0.763700 0
0  -0.721623 1.742155 19.831129  -0.360600 0.870572 -0.334771  0.198862 0.769137 0
beerkeg
0  2.515520 0.000003 19.563503  0.987890 0.005757 -0.155050  0.164718 0.751575 0
0  2.324038 0.962652 19.563501  0.910489 0.383367 -0.155049  0.171630 0.760986 0
0  2.320858 0.961335 20.350170  0.845098 0.350050 -0.404073  0.167735 0.768213 0
beerkeg
0  -2.949572 0.000003 20.755989  0.324721 0.000000 0.945810  0.691534 0.751874 0
0  -2.725049 1.128756 20.755989  0.300004 -0.124265 0.945809  0.691207 0.753880 0
0  -3.266846 0.649819 20.777380  -0.876521 0.174349 0.448680  0.691754 0.752939 0
beerkeg
0  -2.725049 1.128756 20.755989  0.300004 -0.124265 0.945809  0.691207 0.753880 0
0  -3.077302 1.274663 20.777380  -0.812820 0.336681 0.475363  0.691579 0.754007 0
0  -3.266846 0.649819 20.777380  -0.876521 0.174349 0.448680  0.691754 0.752939 0
beerkeg
0  0.000000 2.192916 20.370148  -0.000000 0.365356 -0.930868  0.091280 0.773738 0
0  -0.839191 2.025990 20.370148  -0.139816 0.337545 -0.930868  0.075773 0.773736 0
0  -1.047671 2.529304 20.583969  0.164270 -0.396575 0.903185  0.075028 0.769990 0
beerkeg
0  1.929894 0.000003 19.651810  0.655451 -0.000002 0.755238  0.155534 0.721893 0
0  1.782990 -0.738536 19.651806  0.605550 -0.250830 0.755244  0.167658 0.721884 0
0  2.228976 -0.923269 19.552397  0.921972 -0.381889 0.064256  0.168067 0.714907 0
beerkeg
0  -0.923272 2.228979 19.552397  -0.381891 0.921972 0.064249  0.203656 0.773149 0
0  -1.705984 1.705988 19.552397  -0.705649 0.705643 0.064254  0.207784 0.766285 0
0  -1.364642 1.364645 19.651806  -0.463468 0.463470 0.755244  0.203939 0.764420 0
beerkeg
0  1.353940 -0.000003 -17.562580  -0.114159 -0.000000 -0.993463  0.457950 0.753239 0
0  1.035584 -0.000003 -17.471062  -0.339794 -0.000000 -0.940500  0.455440 0.750961 0
0  0.956755 0.396297 -17.488737  -0.300359 -0.209570 -0.930519  0.452421 0.753558 0
beerkeg
0  0.956755 0.396297 -17.488737  -0.300359 -0.209570 -0.930519  0.452421 0.753558 0
0  0.732269 0.732265 -17.535799  -0.285123 -0.281153 -0.916328  0.449150 0.754983 0
0  0.957381 0.957377 -17.655037  -0.144462 -0.137391 -0.979926  0.449659 0.757666 0
beerkeg
0  2.529300 -1.047668 20.583969  -0.396581 0.164267 0.903183  0.681022 0.749661 0
0  2.725049 -1.128750 20.755989  -0.300006 0.124265 0.945809  0.679522 0.748810 0
0  2.949572 0.000003 20.755989  -0.324720 -0.000000 0.945810  0.678607 0.751852 0
beerkeg
0  -2.737695 0.000003 20.583969  0.429254 0.000000 0.903184  0.690390 0.751886 0
0  -2.949572 0.000003 20.755989  0.324721 0.000000 0.945810  0.691534 0.751874 0
0  -2.725049 -1.128750 20.755989  0.300004 0.124266 0.945810  0.691154 0.749867 0
beerkeg
0  2.529300 1.047675 20.583969  -0.396577 -0.164267 0.903185  0.680891 0.754045 0
0  2.725049 1.128756 20.755989  -0.300002 -0.124266 0.945810  0.679463 0.754857 0
0  2.085663 2.085666 20.755989  -0.229615 -0.229613 0.945809  0.681457 0.756979 0
beerkeg
0  -1.047671 -2.529297 20.583969  0.164269 0.396575 0.903186  0.687961 0.747632 0
0  -1.128753 -2.725046 20.755989  0.124266 0.300004 0.945810  0.688614 0.746599 0
0  0.000000 -2.949569 20.755989  -0.000001 0.324721 0.945810  0.686529 0.745786 0
beerkeg
0  0.000000 2.737699 20.583969  0.000004 -0.429250 0.903186  0.686280 0.756611 0
0  0.000000 2.949576 20.755989  0.000001 -0.324721 0.945810  0.686481 0.757885 0
0  -1.128753 2.725053 20.755989  0.124267 -0.300004 0.945809  0.688631 0.757100 0
beerkeg
0  -2.529300 1.047675 20.583969  0.396582 -0.164267 0.903183  0.690132 0.753515 0
0  -2.725049 1.128756 20.755989  0.300004 -0.124265 0.945809  0.691207 0.753880 0
0  -2.949572 0.000003 20.755989  0.324721 0.000000 0.945810  0.691534 0.751874 0
beerkeg
0  -1.935843 -1.935840 20.583969  0.303529 0.303525 0.903185  0.689262 0.748760 0
0  -2.085663 -2.085659 20.755989  0.229615 0.229613 0.945809  0.690195 0.748030 0
0  -1.128753 -2.725046 20.755989  0.124266 0.300004 0.945810  0.688614 0.746599 0
beerkeg
0  1.047671 2.529304 20.583969  -0.164269 -0.396575 0.903185  0.684256 0.756456 0
0  1.128753 2.725053 20.755989  -0.124266 -0.300004 0.945810  0.683982 0.757929 0
0  0.000000 2.949576 20.755989  0.000001 -0.324721 0.945810  0.686481 0.757885 0
beerkeg
0  1.935843 -1.935840 20.583969  -0.303527 0.303526 0.903185  0.682524 0.747993 0
0  2.085663 -2.085659 20.755989  -0.229614 0.229613 0.945809  0.681620 0.746691 0
0  2.725049 -1.128750 20.755989  -0.300006 0.124265 0.945809  0.679522 0.748810 0
beerkeg
0  -1.047671 2.529304 20.583969  0.164270 -0.396575 0.903185  0.688014 0.756052 0
0  -1.128753 2.725053 20.755989  0.124267 -0.300004 0.945809  0.688631 0.757100 0
0  -2.085663 2.085666 20.755989  0.229614 -0.229613 0.945809  0.690225 0.755689 0
beerkeg
0  0.000000 -2.737692 20.583969  -0.000004 0.429250 0.903186  0.686304 0.747033 0
0  0.000000 -2.949569 20.755989  -0.000001 0.324721 0.945810  0.686529 0.745786 0
0  1.128753 -2.725046 20.755989  -0.124267 0.300003 0.945809  0.684116 0.745714 0
beerkeg
0  1.935843 1.935846 20.583969  -0.303530 -0.303525 0.903184  0.682306 0.755677 0
0  2.085663 2.085666 20.755989  -0.229615 -0.229613 0.945809  0.681457 0.756979 0
0  1.128753 2.725053 20.755989  -0.124266 -0.300004 0.945810  0.683982 0.757929 0
beerkeg
0  1.047671 -2.529297 20.583969  -0.164270 0.396575 0.903185  0.684408 0.747117 0
0  1.128753 -2.725046 20.755989  -0.124267 0.300003 0.945809  0.684116 0.745714 0
0  2.085663 -2.085659 20.755989  -0.229614 0.229613 0.945809  0.681620 0.746691 0
beerkeg
0  -2.529300 -1.047668 20.583969  0.396575 0.164267 0.903185  0.690081 0.750246 0
0  -2.725049 -1.128750 20.755989  0.300004 0.124266 0.945810  0.691154 0.749867 0
0  -2.085663 -2.085659 20.755989  0.229615 0.229613 0.945809  0.690195 0.748030 0
beerkeg
0  2.737695 0.000003 20.583969  -0.429252 0.000000 0.903185  0.680383 0.751864 0
0  2.949572 0.000003 20.755989  -0.324720 -0.000000 0.945810  0.678607 0.751852 0
0  2.725049 1.128756 20.755989  -0.300002 -0.124266 0.945810  0.679463 0.754857 0
beerkeg
0  -1.935843 1.935846 20.583969  0.303527 -0.303526 0.903185  0.689324 0.754962 0
0  -2.085663 2.085666 20.755989  0.229614 -0.229613 0.945809  0.690225 0.755689 0
0  -2.725049 1.128756 20.755989  0.300004 -0.124265 0.945809  0.691207 0.753880 0
beerkeg
0  -2.381647 -0.986508 20.405832  -0.582757 -0.249744 -0.773319  0.693474 0.749117 0
0  -2.837261 -1.175229 20.384438  -0.444051 -0.183932 -0.876920  0.692328 0.749466 0
0  -3.071029 0.000003 20.384438  -0.480636 0.000000 -0.876920  0.692710 0.751864 0
beerkeg
0  -2.725049 1.128756 20.755989  0.300004 -0.124265 0.945809  0.691207 0.753880 0
0  -2.085663 2.085666 20.755989  0.229614 -0.229613 0.945809  0.690225 0.755689 0
0  -2.769499 1.850522 20.777380  -0.743076 0.496508 0.448684  0.691060 0.754974 0
beerkeg
0  -2.085663 2.085666 20.755989  0.229614 -0.229613 0.945809  0.690225 0.755689 0
0  -2.355265 2.355268 20.777380  -0.622103 0.622106 0.475365  0.690541 0.755940 0
0  -2.769499 1.850522 20.777380  -0.743076 0.496508 0.448684  0.691060 0.754974 0
beerkeg
0  0.962648 -2.324035 19.563501  0.383367 -0.910489 -0.155049  0.183779 0.738834 0
0  1.778742 -1.778739 19.563501  0.702615 -0.694473 -0.155048  0.178194 0.739317 0
0  1.776308 -1.776305 20.350170  0.646810 -0.646809 -0.404072  0.177444 0.733787 0
beerkeg
0  0.000000 -2.515518 19.563501  0.005756 -0.987890 -0.155049  0.188348 0.739936 0
0  0.962648 -2.324035 19.563501  0.383367 -0.910489 -0.155049  0.183779 0.738834 0
0  0.961331 -2.320855 20.350170  0.350051 -0.845098 -0.404072  0.184366 0.734256 0
beerkeg
0  -2.025987 0.839195 20.370148  -0.337546 0.139815 -0.930868  0.050482 0.790647 0
0  -2.192912 0.000003 20.370148  -0.365355 0.000000 -0.930868  0.044557 0.804987 0
0  -2.737695 0.000003 20.583969  0.429254 0.000000 0.903184  0.040804 0.804240 0
beerkeg
0  1.929894 0.000003 19.651810  0.655451 -0.000002 0.755238  0.155534 0.721893 0
0  1.885691 0.000003 19.831133  0.942299 -0.000002 -0.334773  0.155666 0.724862 0
0  1.742152 -0.721620 19.831129  0.870572 -0.360601 -0.334770  0.167600 0.724685 0
beerkeg
0  -2.577876 0.000003 20.405832  -0.633970 -0.007721 -0.773319  0.693899 0.751882 0
0  -3.071029 0.000003 20.384438  -0.480636 0.000000 -0.876920  0.692710 0.751864 0
0  -2.837261 1.175236 20.384438  -0.444051 0.183932 -0.876919  0.692351 0.754245 0
beerkeg
0  -0.962648 -2.324035 19.563501  -0.372732 -0.914894 -0.155048  0.191927 0.742100 0
0  0.000000 -2.515518 19.563501  0.005756 -0.987890 -0.155049  0.188348 0.739936 0
0  0.000000 -2.512076 20.350170  -0.000000 -0.914727 -0.404072  0.189981 0.736286 0
beerkeg
0  1.782990 -0.738536 19.651806  0.605550 -0.250830 0.755244  0.167658 0.721884 0
0  1.742152 -0.721620 19.831129  0.870572 -0.360601 -0.334770  0.167600 0.724685 0
0  1.333385 -1.333382 19.831129  0.666305 -0.666307 -0.334772  0.178058 0.724993 0
beerkeg
0  -1.550623 -1.550620 20.370148  -0.258344 -0.258346 -0.930868  0.050469 0.834850 0
0  -0.839191 -2.025983 20.370148  -0.139815 -0.337545 -0.930868  0.061430 0.845825 0
0  -1.047671 -2.529297 20.583969  0.164269 0.396575 0.903186  0.059307 0.849003 0
beerkeg
0  -1.778742 -1.778739 19.563501  -0.694473 -0.702614 -0.155049  0.194525 0.744966 0
0  -0.962648 -2.324035 19.563501  -0.372732 -0.914894 -0.155048  0.191927 0.742100 0
0  -0.961331 -2.320855 20.350170  -0.350051 -0.845097 -0.404072  0.194352 0.739276 0
beerkeg
0  -2.085663 2.085666 20.755989  0.229614 -0.229613 0.945809  0.690225 0.755689 0
0  -1.128753 2.725053 20.755989  0.124267 -0.300004 0.945809  0.688631 0.757100 0
0  -1.850520 2.769501 20.777380  -0.496508 0.743078 0.448682  0.689691 0.756695 0
beerkeg
0  -1.128753 2.725053 20.755989  0.124267 -0.300004 0.945809  0.688631 0.757100 0
0  -1.274661 3.077305 20.777380  -0.336679 0.812819 0.475365  0.688842 0.757451 0
0  -1.850520 2.769501 20.777380  -0.496508 0.743078 0.448682  0.689691 0.756695 0
beerkeg
0  0.839191 2.025990 20.370148  0.139815 0.337545 -0.930868  0.105611 0.779678 0
0  0.000000 2.192916 20.370148  -0.000000 0.365356 -0.930868  0.091280 0.773738 0
0  0.000000 2.737699 20.583969  0.000004 -0.429250 0.903186  0.092024 0.769990 0
beerkeg
0  -2.381647 0.986514 20.405832  -0.588667 0.235476 -0.773319  0.693489 0.754643 0
0  -2.837261 1.175236 20.384438  -0.444051 0.183932 -0.876919  0.692351 0.754245 0
0  -2.171546 2.171549 20.384438  -0.339862 0.339861 -0.876920  0.691213 0.756434 0
beerkeg
0  1.364642 -1.364639 19.651806  0.463467 -0.463470 0.755244  0.178407 0.722699 0
0  1.333385 -1.333382 19.831129  0.666305 -0.666307 -0.334772  0.178058 0.724993 0
0  0.721623 -1.742148 19.831129  0.360601 -0.870572 -0.334771  0.186673 0.726870 0
beerkeg
0  1.550623 -1.550620 20.370148  0.258344 -0.258345 -0.930868  0.105593 0.845824 0
0  2.025987 -0.839188 20.370148  0.337545 -0.139816 -0.930868  0.116572 0.834856 0
0  2.529300 -1.047668 20.583969  -0.396581 0.164267 0.903183  0.119750 0.836980 0
beerkeg
0  -2.324038 0.962652 19.563501  -0.914893 0.372732 -0.155052  0.696121 0.755478 0
0  -2.307006 1.121673 19.641172  -0.834210 0.328104 -0.443216  0.695597 0.755863 0
0  -1.919140 1.702155 19.641172  -0.601887 0.682001 -0.415459  0.694520 0.758180 0
beerkeg
0  -1.778742 1.778745 19.563501  -0.702614 0.694474 -0.155049  0.694565 0.758869 0
0  -1.919140 1.702155 19.641172  -0.601887 0.682001 -0.415459  0.694520 0.758180 0
0  -1.912067 1.695082 20.324505  -0.806191 0.591626 -0.005988  0.692605 0.756920 0
beerkeg
0  -1.822834 1.822837 20.405832  -0.453746 0.442823 -0.773319  0.692202 0.757203 0
0  -1.912067 1.695082 20.324505  -0.806191 0.591626 -0.005988  0.692605 0.756920 0
0  -2.297764 1.117845 20.324505  -0.834286 0.550590 0.028596  0.693502 0.755133 0
beerkeg
0  -2.381647 0.986514 20.405832  -0.588667 0.235476 -0.773319  0.693489 0.754643 0
0  -2.297764 1.117845 20.324505  -0.834286 0.550590 0.028596  0.693502 0.755133 0
0  -2.307006 1.121673 19.641172  -0.834210 0.328104 -0.443216  0.695597 0.755863 0
beerkeg
0  0.986511 2.381650 20.405832  0.235475 0.588667 -0.773319  0.683591 0.760996 0
0  1.117841 2.297768 20.324505  0.550578 0.834294 0.028598  0.682936 0.761176 0
0  1.121669 2.307009 19.641172  0.328108 0.834212 -0.443211  0.682768 0.764318 0
beerkeg
0  0.962648 2.324041 19.563501  0.372732 0.914894 -0.155048  0.683513 0.764869 0
0  1.121669 2.307009 19.641172  0.328108 0.834212 -0.443211  0.682768 0.764318 0
0  1.702152 1.919144 19.641172  0.682001 0.601887 -0.415460  0.678990 0.763850 0
beerkeg
0  1.778742 1.778745 19.563501  0.694473 0.702615 -0.155050  0.677954 0.764238 0
0  1.702152 1.919144 19.641172  0.682001 0.601887 -0.415460  0.678990 0.763850 0
0  1.695078 1.912070 20.324505  0.591645 0.806176 -0.005989  0.680182 0.760515 0
beerkeg
0  1.822834 1.822837 20.405832  0.442824 0.453746 -0.773318  0.679638 0.760037 0
0  1.695078 1.912070 20.324505  0.591645 0.806176 -0.005989  0.680182 0.760515 0
0  1.117841 2.297768 20.324505  0.550578 0.834294 0.028598  0.682936 0.761176 0
beerkeg
0  -1.778742 1.778745 19.563501  -0.702614 0.694474 -0.155049  0.694565 0.758869 0
0  -1.702152 1.919144 19.641172  -0.645145 0.622371 -0.443218  0.693913 0.759085 0
0  -1.121669 2.307009 19.641172  -0.295084 0.860419 -0.415456  0.692073 0.761062 0
beerkeg
0  -0.962648 2.324041 19.563501  -0.383368 0.910488 -0.155048  0.691894 0.761767 0
0  -1.121669 2.307009 19.641172  -0.295084 0.860419 -0.415456  0.692073 0.761062 0
0  -1.117841 2.297768 20.324505  -0.518424 0.855103 -0.005991  0.690564 0.759178 0
beerkeg
0  -0.986511 2.381650 20.405832  -0.249747 0.582755 -0.773319  0.690065 0.759328 0
0  -1.117841 2.297768 20.324505  -0.518424 0.855103 -0.005991  0.690564 0.759178 0
0  -1.695078 1.912070 20.324505  -0.560081 0.827944 0.028600  0.692056 0.757692 0
beerkeg
0  -1.822834 1.822837 20.405832  -0.453746 0.442823 -0.773319  0.692202 0.757203 0
0  -1.695078 1.912070 20.324505  -0.560081 0.827944 0.028600  0.692056 0.757692 0
0  -1.702152 1.919144 19.641172  -0.645145 0.622371 -0.443218  0.693913 0.759085 0
beerkeg
0  0.000000 2.577880 20.405832  -0.007723 0.633970 -0.773319  0.687161 0.760782 0
0  0.153434 2.550641 20.324505  0.189403 0.981483 0.028599  0.686684 0.761094 0
0  0.153434 2.560644 19.641172  -0.016114 0.896271 -0.443215  0.687437 0.763635 0
beerkeg
0  0.000000 2.515525 19.563501  -0.005756 0.987890 -0.155049  0.688196 0.763881 0
0  0.153434 2.560644 19.641172  -0.016114 0.896271 -0.443215  0.687437 0.763635 0
0  0.838160 2.424443 19.641172  0.399756 0.817061 -0.415458  0.684227 0.764290 0
beerkeg
0  0.962648 2.324041 19.563501  0.372732 0.914894 -0.155048  0.683513 0.764869 0
0  0.838160 2.424443 19.641172  0.399756 0.817061 -0.415458  0.684227 0.764290 0
0  0.834332 2.415201 20.324505  0.238092 0.971224 -0.005991  0.684194 0.761256 0
beerkeg
0  0.986511 2.381650 20.405832  0.235475 0.588667 -0.773319  0.683591 0.760996 0
0  0.834332 2.415201 20.324505  0.238092 0.971224 -0.005991  0.684194 0.761256 0
0  0.153434 2.550641 20.324505  0.189403 0.981483 0.028599  0.686684 0.761094 0
beerkeg
0  2.577876 0.000003 20.405832  0.633970 0.007722 -0.773319  0.674014 0.751773 0
0  2.550636 -0.153431 20.324505  0.981483 -0.189403 0.028596  0.673869 0.750735 0
0  2.560639 -0.153431 19.641176  0.896283 0.016116 -0.443190  0.667325 0.750020 0
beerkeg
0  2.515520 0.000003 19.563503  0.987890 0.005757 -0.155050  0.664718 0.751575 0
0  2.560639 -0.153431 19.641176  0.896283 0.016116 -0.443190  0.667325 0.750020 0
0  2.424439 -0.838157 19.641172  0.817056 -0.399756 -0.415468  0.671771 0.744004 0
beerkeg
0  2.324038 -0.962646 19.563501  0.914894 -0.372731 -0.155051  0.671953 0.742496 0
0  2.424439 -0.838157 19.641172  0.817056 -0.399756 -0.415468  0.671771 0.744004 0
0  2.415198 -0.834329 20.324505  0.971225 -0.238088 -0.005988  0.675301 0.747002 0
beerkeg
0  2.381647 -0.986508 20.405832  0.588667 -0.235477 -0.773318  0.675999 0.746469 0
0  2.415198 -0.834329 20.324505  0.971225 -0.238088 -0.005988  0.675301 0.747002 0
0  2.550636 -0.153431 20.324505  0.981483 -0.189403 0.028596  0.673869 0.750735 0
beerkeg
0  2.577876 0.000003 20.405832  0.633970 0.007722 -0.773319  0.674014 0.751773 0
0  2.550636 0.153437 20.324505  0.988409 0.151699 -0.005991  0.673834 0.752757 0
0  2.415198 0.834336 20.324505  0.979252 0.200619 0.028597  0.675174 0.756516 0
beerkeg
0  2.381647 0.986514 20.405832  0.582757 0.249744 -0.773319  0.675869 0.757099 0
0  2.415198 0.834336 20.324505  0.979252 0.200619 0.028597  0.675174 0.756516 0
0  2.424439 0.838164 19.641172  0.821885 0.357869 -0.443210  0.671500 0.759448 0
beerkeg
0  2.324038 0.962652 19.563501  0.910489 0.383367 -0.155049  0.671630 0.760986 0
0  2.424439 0.838164 19.641172  0.821885 0.357869 -0.443210  0.671500 0.759448 0
0  2.560639 0.153437 19.641176  0.907842 -0.056649 -0.415468  0.667276 0.753240 0
beerkeg
0  2.515520 0.000003 19.563503  0.987890 0.005757 -0.155050  0.664718 0.751575 0
0  2.560639 0.153437 19.641176  0.907842 -0.056649 -0.415468  0.667276 0.753240 0
0  2.550636 0.153437 20.324505  0.988409 0.151699 -0.005991  0.673834 0.752757 0
beerkeg
0  2.324038 0.962652 19.563501  0.910489 0.383367 -0.155049  0.671630 0.760986 0
0  2.307006 1.121673 19.641172  0.860419 0.295081 -0.415460  0.673112 0.761024 0
0  2.297764 1.117845 20.324505  0.855120 0.518396 -0.005990  0.676225 0.757886 0
beerkeg
0  2.381647 0.986514 20.405832  0.582757 0.249744 -0.773319  0.675869 0.757099 0
0  2.297764 1.117845 20.324505  0.855120 0.518396 -0.005990  0.676225 0.757886 0
0  1.912067 1.695082 20.324505  0.827935 0.560095 0.028598  0.678870 0.759926 0
beerkeg
0  1.822834 1.822837 20.405832  0.442824 0.453746 -0.773318  0.679638 0.760037 0
0  1.912067 1.695082 20.324505  0.827935 0.560095 0.028598  0.678870 0.759926 0
0  1.919140 1.702155 19.641172  0.622363 0.645153 -0.443217  0.677354 0.763292 0
beerkeg
0  1.778742 1.778745 19.563501  0.694473 0.702615 -0.155050  0.677954 0.764238 0
0  1.919140 1.702155 19.641172  0.622363 0.645153 -0.443217  0.677354 0.763292 0
0  2.307006 1.121673 19.641172  0.860419 0.295081 -0.415460  0.673112 0.761024 0
beerkeg
0  -2.515520 0.000003 19.563503  -0.987890 -0.005755 -0.155050  0.696667 0.751883 0
0  -2.560639 0.153437 19.641176  -0.896274 -0.016112 -0.443208  0.696270 0.752401 0
0  -2.424439 0.838164 19.641172  -0.817054 0.399757 -0.415472  0.695897 0.754862 0
beerkeg
0  -2.324038 0.962652 19.563501  -0.914893 0.372732 -0.155052  0.696121 0.755478 0
0  -2.424439 0.838164 19.641172  -0.817054 0.399757 -0.415472  0.695897 0.754862 0
0  -2.415198 0.834336 20.324505  -0.971226 0.238084 -0.005989  0.693773 0.754264 0
beerkeg
0  -2.381647 0.986514 20.405832  -0.588667 0.235476 -0.773319  0.693489 0.754643 0
0  -2.415198 0.834336 20.324505  -0.971226 0.238084 -0.005989  0.693773 0.754264 0
0  -2.550636 0.153437 20.324505  -0.981482 0.189406 0.028596  0.694062 0.752339 0
beerkeg
0  -2.577876 0.000003 20.405832  -0.633970 -0.007721 -0.773319  0.693899 0.751882 0
0  -2.550636 0.153437 20.324505  -0.981482 0.189406 0.028596  0.694062 0.752339 0
0  -2.560639 0.153437 19.641176  -0.896274 -0.016112 -0.443208  0.696270 0.752401 0
beerkeg
0  -2.324038 -0.962646 19.563501  -0.910489 -0.383367 -0.155049  0.696070 0.748311 0
0  -2.424439 -0.838157 19.641172  -0.821879 -0.357871 -0.443218  0.695857 0.748916 0
0  -2.560639 -0.153431 19.641176  -0.907849 0.056652 -0.415453  0.696261 0.751366 0
beerkeg
0  -2.515520 0.000003 19.563503  -0.987890 -0.005755 -0.155050  0.696667 0.751883 0
0  -2.560639 -0.153431 19.641176  -0.907849 0.056652 -0.415453  0.696261 0.751366 0
0  -2.550636 -0.153431 20.324505  -0.988409 -0.151699 -0.005991  0.694058 0.751435 0
beerkeg
0  -2.577876 0.000003 20.405832  -0.633970 -0.007721 -0.773319  0.693899 0.751882 0
0  -2.550636 -0.153431 20.324505  -0.988409 -0.151699 -0.005991  0.694058 0.751435 0
0  -2.415198 -0.834329 20.324505  -0.979252 -0.200619 0.028597  0.693765 0.749505 0
beerkeg
0  -2.381647 -0.986508 20.405832  -0.582757 -0.249744 -0.773319  0.693474 0.749117 0
0  -2.415198 -0.834329 20.324505  -0.979252 -0.200619 0.028597  0.693765 0.749505 0
0  -2.424439 -0.838157 19.641172  -0.821879 -0.357871 -0.443218  0.695857 0.748916 0
beerkeg
0  -1.778742 -1.778739 19.563501  -0.694473 -0.702614 -0.155049  0.694525 0.744966 0
0  -1.919140 -1.702149 19.641172  -0.622364 -0.645153 -0.443217  0.694486 0.745642 0
0  -2.307006 -1.121666 19.641172  -0.860421 -0.295079 -0.415457  0.695548 0.747933 0
beerkeg
0  -2.324038 -0.962646 19.563501  -0.910489 -0.383367 -0.155049  0.696070 0.748311 0
0  -2.307006 -1.121666 19.641172  -0.860421 -0.295079 -0.415457  0.695548 0.747933 0
0  -2.297764 -1.117838 20.324505  -0.855120 -0.518396 -0.005989  0.693485 0.748647 0
beerkeg
0  -2.381647 -0.986508 20.405832  -0.582757 -0.249744 -0.773319  0.693474 0.749117 0
0  -2.297764 -1.117838 20.324505  -0.855120 -0.518396 -0.005989  0.693485 0.748647 0
0  -1.912067 -1.695075 20.324505  -0.827935 -0.560094 0.028597  0.692575 0.746888 0
beerkeg
0  -1.822834 -1.822830 20.405832  -0.442824 -0.453746 -0.773318  0.692160 0.746600 0
0  -1.912067 -1.695075 20.324505  -0.827935 -0.560094 0.028597  0.692575 0.746888 0
0  -1.919140 -1.702149 19.641172  -0.622364 -0.645153 -0.443217  0.694486 0.745642 0
beerkeg
0  -0.962648 -2.324035 19.563501  -0.372732 -0.914894 -0.155048  0.691927 0.742100 0
0  -1.121669 -2.307003 19.641172  -0.328108 -0.834211 -0.443212  0.692103 0.742797 0
0  -1.702152 -1.919137 19.641172  -0.682001 -0.601887 -0.415460  0.693881 0.744750 0
beerkeg
0  -1.778742 -1.778739 19.563501  -0.694473 -0.702614 -0.155049  0.694525 0.744966 0
0  -1.702152 -1.919137 19.641172  -0.682001 -0.601887 -0.415460  0.693881 0.744750 0
0  -1.695078 -1.912063 20.324505  -0.591645 -0.806176 -0.005986  0.692021 0.746131 0
beerkeg
0  -1.822834 -1.822830 20.405832  -0.442824 -0.453746 -0.773318  0.692160 0.746600 0
0  -1.695078 -1.912063 20.324505  -0.591645 -0.806176 -0.005986  0.692021 0.746131 0
0  -1.117841 -2.297761 20.324505  -0.550578 -0.834294 0.028596  0.690557 0.744675 0
beerkeg
0  -0.986511 -2.381644 20.405832  -0.235475 -0.588667 -0.773319  0.690045 0.744519 0
0  -1.117841 -2.297761 20.324505  -0.550578 -0.834294 0.028596  0.690557 0.744675 0
0  -1.121669 -2.307003 19.641172  -0.328108 -0.834211 -0.443212  0.692103 0.742797 0
beerkeg
0  0.000000 -2.515518 19.563501  0.005756 -0.987890 -0.155049  0.688348 0.739936 0
0  -0.153434 -2.560637 19.641172  0.016114 -0.896270 -0.443216  0.688744 0.740605 0
0  -0.838160 -2.424436 19.641172  -0.399756 -0.817062 -0.415457  0.691206 0.742076 0
beerkeg
0  -0.962648 -2.324035 19.563501  -0.372732 -0.914894 -0.155048  0.691927 0.742100 0
0  -0.838160 -2.424436 19.641172  -0.399756 -0.817062 -0.415457  0.691206 0.742076 0
0  -0.834332 -2.415194 20.324505  -0.238092 -0.971224 -0.005991  0.689756 0.744064 0
beerkeg
0  -0.986511 -2.381644 20.405832  -0.235475 -0.588667 -0.773319  0.690045 0.744519 0
0  -0.834332 -2.415194 20.324505  -0.238092 -0.971224 -0.005991  0.689756 0.744064 0
0  -0.153434 -2.550634 20.324505  -0.189403 -0.981483 0.028598  0.687805 0.742964 0
beerkeg
0  0.000000 -2.577873 20.405832  0.007723 -0.633970 -0.773319  0.687249 0.742954 0
0  -0.153434 -2.550634 20.324505  -0.189403 -0.981483 0.028598  0.687805 0.742964 0
0  -0.153434 -2.560637 19.641172  0.016114 -0.896270 -0.443216  0.688744 0.740605 0
beerkeg
0  0.962648 -2.324035 19.563501  0.383367 -0.910489 -0.155049  0.683779 0.738834 0
0  0.838160 -2.424436 19.641172  0.357875 -0.821880 -0.443214  0.684462 0.739420 0
0  0.153434 -2.560637 19.641172  -0.056651 -0.907846 -0.415459  0.687597 0.740157 0
beerkeg
0  0.000000 -2.515518 19.563501  0.005756 -0.987890 -0.155049  0.688348 0.739936 0
0  0.153434 -2.560637 19.641172  -0.056651 -0.907846 -0.415459  0.687597 0.740157 0
0  0.153434 -2.550634 20.324505  0.151712 -0.988407 -0.005986  0.686789 0.742625 0
beerkeg
0  0.000000 -2.577873 20.405832  0.007723 -0.633970 -0.773319  0.687249 0.742954 0
0  0.153434 -2.550634 20.324505  0.151712 -0.988407 -0.005986  0.686789 0.742625 0
0  0.834332 -2.415194 20.324505  0.200616 -0.979253 0.028596  0.684352 0.742356 0
beerkeg
0  0.986511 -2.381644 20.405832  0.249747 -0.582755 -0.773319  0.683761 0.742585 0
0  0.834332 -2.415194 20.324505  0.200616 -0.979253 0.028596  0.684352 0.742356 0
0  0.838160 -2.424436 19.641172  0.357875 -0.821880 -0.443214  0.684462 0.739420 0
beerkeg
0  1.778742 -1.778739 19.563501  0.702615 -0.694473 -0.155048  0.678194 0.739317 0
0  1.702152 -1.919137 19.641172  0.645155 -0.622365 -0.443211  0.679242 0.739722 0
0  1.121669 -2.307003 19.641172  0.295075 -0.860421 -0.415460  0.683039 0.739359 0
beerkeg
0  0.962648 -2.324035 19.563501  0.383367 -0.910489 -0.155049  0.683779 0.738834 0
0  1.121669 -2.307003 19.641172  0.295075 -0.860421 -0.415460  0.683039 0.739359 0
0  1.117841 -2.297761 20.324505  0.518424 -0.855103 -0.005989  0.683144 0.742410 0
beerkeg
0  0.986511 -2.381644 20.405832  0.249747 -0.582755 -0.773319  0.683761 0.742585 0
0  1.117841 -2.297761 20.324505  0.518424 -0.855103 -0.005989  0.683144 0.742410 0
0  1.695078 -1.912063 20.324505  0.560081 -0.827944 0.028598  0.680416 0.743082 0
beerkeg
0  1.822834 -1.822830 20.405832  0.453746 -0.442823 -0.773319  0.679854 0.743578 0
0  1.695078 -1.912063 20.324505  0.560081 -0.827944 0.028598  0.680416 0.743082 0
0  1.702152 -1.919137 19.641172  0.645155 -0.622365 -0.443211  0.679242 0.739722 0
beerkeg
0  2.324038 -0.962646 19.563501  0.914894 -0.372731 -0.155051  0.671953 0.742496 0
0  2.307006 -1.121666 19.641172  0.834210 -0.328105 -0.443216  0.673397 0.742458 0
0  1.919140 -1.702149 19.641172  0.601887 -0.682001 -0.415459  0.677587 0.740261 0
beerkeg
0  1.778742 -1.778739 19.563501  0.702615 -0.694473 -0.155048  0.678194 0.739317 0
0  1.919140 -1.702149 19.641172  0.601887 -0.682001 -0.415459  0.677587 0.740261 0
0  1.912067 -1.695075 20.324505  0.806191 -0.591626 -0.005988  0.679099 0.743666 0
beerkeg
0  1.822834 -1.822830 20.405832  0.453746 -0.442823 -0.773319  0.679854 0.743578 0
0  1.912067 -1.695075 20.324505  0.806191 -0.591626 -0.005988  0.679099 0.743666 0
0  2.297764 -1.117838 20.324505  0.834286 -0.550590 0.028596  0.676387 0.745663 0
beerkeg
0  2.381647 -0.986508 20.405832  0.588667 -0.235477 -0.773318  0.675999 0.746469 0
0  2.297764 -1.117838 20.324505  0.834286 -0.550590 0.028596  0.676387 0.745663 0
0  2.307006 -1.121666 19.641172  0.834210 -0.328105 -0.443216  0.673397 0.742458 0
beerkeg
0  0.000000 2.577880 20.405832  -0.007723 0.633970 -0.773319  0.687161 0.760782 0
0  -0.153434 2.550641 20.324505  -0.151712 0.988407 -0.005991  0.687731 0.760795 0
0  -0.834332 2.415201 20.324505  -0.200616 0.979253 0.028599  0.689763 0.759767 0
beerkeg
0  -0.986511 2.381650 20.405832  -0.249747 0.582755 -0.773319  0.690065 0.759328 0
0  -0.834332 2.415201 20.324505  -0.200616 0.979253 0.028599  0.689763 0.759767 0
0  -0.838160 2.424443 19.641172  -0.357875 0.821881 -0.443213  0.691165 0.761773 0
beerkeg
0  -0.962648 2.324041 19.563501  -0.383368 0.910488 -0.155048  0.691894 0.761767 0
0  -0.838160 2.424443 19.641172  -0.357875 0.821881 -0.443213  0.691165 0.761773 0
0  -0.153434 2.560644 19.641172  0.056651 0.907846 -0.415459  0.688616 0.763211 0
beerkeg
0  0.000000 2.515525 19.563501  -0.005756 0.987890 -0.155049  0.688196 0.763881 0
0  -0.153434 2.560644 19.641172  0.056651 0.907846 -0.415459  0.688616 0.763211 0
0  -0.153434 2.550641 20.324505  -0.151712 0.988407 -0.005991  0.687731 0.760795 0
beerkeg
0  2.025987 -0.839188 20.370148  0.337545 -0.139816 -0.930868  0.116572 0.834856 0
0  2.192912 0.000003 20.370148  0.365353 -0.000000 -0.930869  0.122511 0.820516 0
0  2.737695 0.000003 20.583969  -0.429252 0.000000 0.903185  0.126265 0.821264 0
beerkeg
0  -1.128753 2.725053 20.755989  0.124267 -0.300004 0.945809  0.688631 0.757100 0
0  0.000000 2.949576 20.755989  0.000001 -0.324721 0.945810  0.686481 0.757885 0
0  -0.649817 3.266849 20.777380  -0.174350 0.876519 0.448683  0.687707 0.757900 0
beerkeg
0  0.000000 2.949576 20.755989  0.000001 -0.324721 0.945810  0.686481 0.757885 0
0  0.000000 3.330850 20.777380  0.000001 0.879788 0.475367  0.686573 0.758348 0
0  -0.649817 3.266849 20.777380  -0.174350 0.876519 0.448683  0.687707 0.757900 0
beerkeg
0  -0.839191 2.025990 20.370148  -0.139816 0.337545 -0.930868  0.075773 0.773736 0
0  -1.550623 1.550627 20.370148  -0.258344 0.258345 -0.930869  0.061445 0.779675 0
0  -1.935843 1.935846 20.583969  0.303527 -0.303526 0.903185  0.059319 0.776495 0
beerkeg
0  0.000000 -2.192909 20.370148  0.000000 -0.365356 -0.930868  0.075756 0.851764 0
0  0.839191 -2.025983 20.370148  0.139815 -0.337545 -0.930868  0.091261 0.851764 0
0  1.047671 -2.529297 20.583969  -0.164270 0.396575 0.903185  0.092007 0.855510 0
beerkeg
0  -1.822834 1.822837 20.405832  -0.453746 0.442823 -0.773319  0.692202 0.757203 0
0  -2.171546 2.171549 20.384438  -0.339862 0.339861 -0.876920  0.691213 0.756434 0
0  -1.175232 2.837264 20.384438  -0.183931 0.444050 -0.876920  0.689334 0.758193 0
beerkeg
0  0.000000 2.949576 20.755989  0.000001 -0.324721 0.945810  0.686481 0.757885 0
0  1.128753 2.725053 20.755989  -0.124266 -0.300004 0.945810  0.683982 0.757929 0
0  0.649817 3.266849 20.777380  0.174351 0.876519 0.448683  0.685236 0.758389 0
beerkeg
0  1.128753 2.725053 20.755989  -0.124266 -0.300004 0.945810  0.683982 0.757929 0
0  1.274661 3.077305 20.777380  0.336680 0.812819 0.475365  0.683898 0.758430 0
0  0.649817 3.266849 20.777380  0.174351 0.876519 0.448683  0.685236 0.758389 0
beerkeg
0  1.550623 1.550627 20.370148  0.258344 0.258346 -0.930868  0.116581 0.790652 0
0  0.839191 2.025990 20.370148  0.139815 0.337545 -0.930868  0.105611 0.779678 0
0  1.047671 2.529304 20.583969  -0.164269 -0.396575 0.903185  0.107734 0.776498 0
beerkeg
0  -0.986511 2.381650 20.405832  -0.249747 0.582755 -0.773319  0.690065 0.759328 0
0  -1.175232 2.837264 20.384438  -0.183931 0.444050 -0.876920  0.689334 0.758193 0
0  0.000000 3.071033 20.384438  0.000000 0.480637 -0.876920  0.686781 0.759300 0
beerkeg
0  0.839191 -2.025983 20.370148  0.139815 -0.337545 -0.930868  0.091261 0.851764 0
0  1.550623 -1.550620 20.370148  0.258344 -0.258345 -0.930868  0.105593 0.845824 0
0  1.935843 -1.935840 20.583969  -0.303527 0.303526 0.903185  0.107718 0.849006 0
beerkeg
0  -2.025987 -0.839188 20.370148  -0.337543 -0.139816 -0.930869  0.044544 0.820510 0
0  -1.550623 -1.550620 20.370148  -0.258344 -0.258346 -0.930868  0.050469 0.834850 0
0  -1.935843 -1.935840 20.583969  0.303529 0.303525 0.903185  0.047290 0.836973 0
beerkeg
0  2.192912 0.000003 20.370148  0.365353 -0.000000 -0.930869  0.122511 0.820516 0
0  2.025987 0.839195 20.370148  0.337543 0.139816 -0.930869  0.122516 0.804992 0
0  2.529300 1.047675 20.583969  -0.396577 -0.164267 0.903185  0.126268 0.804245 0
beerkeg
0  1.128753 2.725053 20.755989  -0.124266 -0.300004 0.945810  0.683982 0.757929 0
0  2.085663 2.085666 20.755989  -0.229615 -0.229613 0.945809  0.681457 0.756979 0
0  1.850520 2.769501 20.777380  0.496507 0.743078 0.448683  0.682530 0.757929 0
beerkeg
0  2.085663 2.085666 20.755989  -0.229615 -0.229613 0.945809  0.681457 0.756979 0
0  2.355265 2.355268 20.777380  0.622104 0.622105 0.475366  0.681162 0.757428 0
0  1.850520 2.769501 20.777380  0.496507 0.743078 0.448683  0.682530 0.757929 0
beerkeg
0  2.949572 0.000003 20.755989  -0.324720 -0.000000 0.945810  0.678607 0.751852 0
0  2.725049 -1.128750 20.755989  -0.300006 0.124265 0.945809  0.679522 0.748810 0
0  3.266846 -0.649812 20.777380  0.876519 -0.174350 0.448683  0.678475 0.750169 0
beerkeg
0  2.725049 -1.128750 20.755989  -0.300006 0.124265 0.945809  0.679522 0.748810 0
0  3.077302 -1.274656 20.777380  0.812820 -0.336681 0.475363  0.678992 0.748492 0
0  3.266846 -0.649812 20.777380  0.876519 -0.174350 0.448683  0.678475 0.750169 0
beerkeg
0  0.000000 2.577880 20.405832  -0.007723 0.633970 -0.773319  0.687161 0.760782 0
0  0.000000 3.071033 20.384438  0.000000 0.480637 -0.876920  0.686781 0.759300 0
0  1.175232 2.837264 20.384438  0.183932 0.444050 -0.876920  0.683728 0.759494 0
beerkeg
0  -1.550623 1.550627 20.370148  -0.258344 0.258345 -0.930869  0.061445 0.779675 0
0  -2.025987 0.839195 20.370148  -0.337546 0.139815 -0.930868  0.050482 0.790647 0
0  -2.529300 1.047675 20.583969  0.396582 -0.164267 0.903183  0.047305 0.788527 0
beerkeg
0  2.085663 2.085666 20.755989  -0.229615 -0.229613 0.945809  0.681457 0.756979 0
0  2.725049 1.128756 20.755989  -0.300002 -0.124266 0.945810  0.679463 0.754857 0
0  2.769499 1.850522 20.777380  0.743076 0.496508 0.448684  0.680044 0.756297 0
beerkeg
0  2.725049 1.128756 20.755989  -0.300002 -0.124266 0.945810  0.679463 0.754857 0
0  3.077302 1.274663 20.777380  0.812819 0.336683 0.475363  0.678926 0.755167 0
0  2.769499 1.850522 20.777380  0.743076 0.496508 0.448684  0.680044 0.756297 0
beerkeg
0  -2.171546 -2.171542 20.384438  -0.339862 -0.339861 -0.876920  0.691155 0.747302 0
0  -1.175232 -2.837257 20.384438  -0.183932 -0.444050 -0.876920  0.689343 0.745510 0
0  -1.850520 -2.769494 20.777380  -0.496507 -0.743078 0.448683  0.689673 0.747016 0
beerkeg
0  -1.175232 -2.837257 20.384438  -0.183932 -0.444050 -0.876920  0.689343 0.745510 0
0  -1.274661 -3.077298 20.777380  -0.336680 -0.812819 0.475365  0.688841 0.746241 0
0  -1.850520 -2.769494 20.777380  -0.496507 -0.743078 0.448683  0.689673 0.747016 0
beerkeg
0  -2.837261 -1.175229 20.384438  -0.444051 -0.183932 -0.876920  0.692328 0.749466 0
0  -2.171546 -2.171542 20.384438  -0.339862 -0.339861 -0.876920  0.691155 0.747302 0
0  -2.769499 -1.850515 20.777380  -0.743076 -0.496508 0.448684  0.691022 0.748762 0
beerkeg
0  -2.171546 -2.171542 20.384438  -0.339862 -0.339861 -0.876920  0.691155 0.747302 0
0  -2.355265 -2.355261 20.777380  -0.622104 -0.622105 0.475365  0.690505 0.747791 0
0  -2.769499 -1.850515 20.777380  -0.743076 -0.496508 0.448684  0.691022 0.748762 0
beerkeg
0  -3.071029 0.000003 20.384438  -0.480636 0.000000 -0.876920  0.692710 0.751864 0
0  -2.837261 -1.175229 20.384438  -0.444051 -0.183932 -0.876920  0.692328 0.749466 0
0  -3.266846 -0.649812 20.777380  -0.876519 -0.174350 0.448683  0.691734 0.750802 0
beerkeg
0  -2.837261 -1.175229 20.384438  -0.444051 -0.183932 -0.876920  0.692328 0.749466 0
0  -3.077302 -1.274656 20.777380  -0.812819 -0.336682 0.475364  0.691540 0.749734 0
0  -3.266846 -0.649812 20.777380  -0.876519 -0.174350 0.448683  0.691734 0.750802 0
beerkeg
0  -2.837261 1.175236 20.384438  -0.444051 0.183932 -0.876919  0.692351 0.754245 0
0  -3.071029 0.000003 20.384438  -0.480636 0.000000 -0.876920  0.692710 0.751864 0
0  -3.266846 0.649819 20.777380  -0.876521 0.174349 0.448680  0.691754 0.752939 0
beerkeg
0  -3.071029 0.000003 20.384438  -0.480636 0.000000 -0.876920  0.692710 0.751864 0
0  -3.330847 0.000003 20.777380  -0.879791 0.000000 0.475361  0.691929 0.751871 0
0  -3.266846 0.649819 20.777380  -0.876521 0.174349 0.448680  0.691754 0.752939 0
beerkeg
0  -2.171546 2.171549 20.384438  -0.339862 0.339861 -0.876920  0.691213 0.756434 0
0  -2.837261 1.175236 20.384438  -0.444051 0.183932 -0.876919  0.692351 0.754245 0
0  -2.769499 1.850522 20.777380  -0.743076 0.496508 0.448684  0.691060 0.754974 0
beerkeg
0  -2.837261 1.175236 20.384438  -0.444051 0.183932 -0.876919  0.692351 0.754245 0
0  -3.077302 1.274663 20.777380  -0.812820 0.336681 0.475363  0.691579 0.754007 0
0  -2.769499 1.850522 20.777380  -0.743076 0.496508 0.448684  0.691060 0.754974 0
beerkeg
0  -1.175232 2.837264 20.384438  -0.183931 0.444050 -0.876920  0.689334 0.758193 0
0  -2.171546 2.171549 20.384438  -0.339862 0.339861 -0.876920  0.691213 0.756434 0
0  -1.850520 2.769501 20.777380  -0.496508 0.743078 0.448682  0.689691 0.756695 0
beerkeg
0  -2.171546 2.171549 20.384438  -0.339862 0.339861 -0.876920  0.691213 0.756434 0
0  -2.355265 2.355268 20.777380  -0.622103 0.622106 0.475365  0.690541 0.755940 0
0  -1.850520 2.769501 20.777380  -0.496508 0.743078 0.448682  0.689691 0.756695 0
beerkeg
0  0.000000 3.071033 20.384438  0.000000 0.480637 -0.876920  0.686781 0.759300 0
0  -1.175232 2.837264 20.384438  -0.183931 0.444050 -0.876920  0.689334 0.758193 0
0  -0.649817 3.266849 20.777380  -0.174350 0.876519 0.448683  0.687707 0.757900 0
beerkeg
0  -1.175232 2.837264 20.384438  -0.183931 0.444050 -0.876920  0.689334 0.758193 0
0  -1.274661 3.077305 20.777380  -0.336679 0.812819 0.475365  0.688842 0.757451 0
0  -0.649817 3.266849 20.777380  -0.174350 0.876519 0.448683  0.687707 0.757900 0
beerkeg
0  1.175232 2.837264 20.384438  0.183932 0.444050 -0.876920  0.683728 0.759494 0
0  0.000000 3.071033 20.384438  0.000000 0.480637 -0.876920  0.686781 0.759300 0
0  0.649817 3.266849 20.777380  0.174351 0.876519 0.448683  0.685236 0.758389 0
beerkeg
0  0.000000 3.071033 20.384438  0.000000 0.480637 -0.876920  0.686781 0.759300 0
0  0.000000 3.330850 20.777380  0.000001 0.879788 0.475367  0.686573 0.758348 0
0  0.649817 3.266849 20.777380  0.174351 0.876519 0.448683  0.685236 0.758389 0
beerkeg
0  -1.175232 -2.837257 20.384438  -0.183932 -0.444050 -0.876920  0.689343 0.745510 0
0  0.000000 -3.071026 20.384438  -0.000000 -0.480637 -0.876920  0.686846 0.744403 0
0  -0.649817 -3.266842 20.777380  -0.174351 -0.876519 0.448683  0.687733 0.745787 0
beerkeg
0  0.000000 -3.071026 20.384438  -0.000000 -0.480637 -0.876920  0.686846 0.744403 0
0  0.000000 -3.330844 20.777380  -0.000001 -0.879788 0.475366  0.686626 0.745334 0
0  -0.649817 -3.266842 20.777380  -0.174351 -0.876519 0.448683  0.687733 0.745787 0
beerkeg
0  0.000000 -3.071026 20.384438  -0.000000 -0.480637 -0.876920  0.686846 0.744403 0
0  1.175232 -2.837257 20.384438  0.183931 -0.444050 -0.876920  0.683868 0.744202 0
0  0.649817 -3.266842 20.777380  0.174350 -0.876519 0.448683  0.685330 0.745288 0
beerkeg
0  1.175232 -2.837257 20.384438  0.183931 -0.444050 -0.876920  0.683868 0.744202 0
0  1.274661 -3.077298 20.777380  0.336679 -0.812819 0.475365  0.684035 0.745243 0
0  0.649817 -3.266842 20.777380  0.174350 -0.876519 0.448683  0.685330 0.745288 0
beerkeg
0  3.071029 0.000003 20.384438  0.480636 0.000000 -0.876920  0.676564 0.751840 0
0  2.837261 1.175236 20.384438  0.444050 0.183932 -0.876920  0.677743 0.755881 0
0  3.266846 0.649819 20.777380  0.876521 0.174349 0.448680  0.678442 0.753506 0
beerkeg
0  2.837261 1.175236 20.384438  0.444050 0.183932 -0.876920  0.677743 0.755881 0
0  3.077302 1.274663 20.777380  0.812819 0.336683 0.475363  0.678926 0.755167 0
0  3.266846 0.649819 20.777380  0.876521 0.174349 0.448680  0.678442 0.753506 0
beerkeg
0  1.175232 -2.837257 20.384438  0.183931 -0.444050 -0.876920  0.683868 0.744202 0
0  2.171546 -2.171542 20.384438  0.339862 -0.339861 -0.876920  0.680682 0.745226 0
0  1.850520 -2.769494 20.777380  0.496508 -0.743078 0.448682  0.682677 0.745733 0
beerkeg
0  2.171546 -2.171542 20.384438  0.339862 -0.339861 -0.876920  0.680682 0.745226 0
0  2.355265 -2.355261 20.777380  0.622103 -0.622106 0.475365  0.681318 0.746224 0
0  1.850520 -2.769494 20.777380  0.496508 -0.743078 0.448682  0.682677 0.745733 0
beerkeg
0  2.171546 -2.171542 20.384438  0.339862 -0.339861 -0.876920  0.680682 0.745226 0
0  2.837261 -1.175229 20.384438  0.444051 -0.183932 -0.876919  0.677826 0.747800 0
0  2.769499 -1.850515 20.777380  0.743076 -0.496508 0.448684  0.680155 0.747358 0
beerkeg
0  2.837261 -1.175229 20.384438  0.444051 -0.183932 -0.876919  0.677826 0.747800 0
0  3.077302 -1.274656 20.777380  0.812820 -0.336681 0.475363  0.678992 0.748492 0
0  2.769499 -1.850515 20.777380  0.743076 -0.496508 0.448684  0.680155 0.747358 0
beerkeg
0  2.837261 1.175236 20.384438  0.444050 0.183932 -0.876920  0.677743 0.755881 0
0  2.171546 2.171549 20.384438  0.339862 0.339861 -0.876920  0.680569 0.758411 0
0  2.769499 1.850522 20.777380  0.743076 0.496508 0.448684  0.680044 0.756297 0
beerkeg
0  2.171546 2.171549 20.384438  0.339862 0.339861 -0.876920  0.680569 0.758411 0
0  2.355265 2.355268 20.777380  0.622104 0.622105 0.475366  0.681162 0.757428 0
0  2.769499 1.850522 20.777380  0.743076 0.496508 0.448684  0.680044 0.756297 0
beerkeg
0  2.837261 -1.175229 20.384438  0.444051 -0.183932 -0.876919  0.677826 0.747800 0
0  3.071029 0.000003 20.384438  0.480636 0.000000 -0.876920  0.676564 0.751840 0
0  3.266846 -0.649812 20.777380  0.876519 -0.174350 0.448683  0.678475 0.750169 0
beerkeg
0  3.071029 0.000003 20.384438  0.480636 0.000000 -0.876920  0.676564 0.751840 0
0  3.330847 0.000003 20.777380  0.879791 0.000000 0.475361  0.677958 0.751846 0
0  3.266846 -0.649812 20.777380  0.876519 -0.174350 0.448683  0.678475 0.750169 0
beerkeg
0  2.171546 2.171549 20.384438  0.339862 0.339861 -0.876920  0.680569 0.758411 0
0  1.175232 2.837264 20.384438  0.183932 0.444050 -0.876920  0.683728 0.759494 0
0  1.850520 2.769501 20.777380  0.496507 0.743078 0.448683  0.682530 0.757929 0
beerkeg
0  1.175232 2.837264 20.384438  0.183932 0.444050 -0.876920  0.683728 0.759494 0
0  1.274661 3.077305 20.777380  0.336680 0.812819 0.475365  0.683898 0.758430 0
0  1.850520 2.769501 20.777380  0.496507 0.743078 0.448683  0.682530 0.757929 0
beerkeg
0  -0.986511 -2.381644 20.405832  -0.235475 -0.588667 -0.773319  0.690045 0.744519 0
0  -1.175232 -2.837257 20.384438  -0.183932 -0.444050 -0.876920  0.689343 0.745510 0
0  -2.171546 -2.171542 20.384438  -0.339862 -0.339861 -0.876920  0.691155 0.747302 0
beerkeg
0  -2.085663 -2.085659 20.755989  0.229615 0.229613 0.945809  0.690195 0.748030 0
0  -2.725049 -1.128750 20.755989  0.300004 0.124266 0.945810  0.691154 0.749867 0
0  -2.769499 -1.850515 20.777380  -0.743076 -0.496508 0.448684  0.691022 0.748762 0
beerkeg
0  -2.725049 -1.128750 20.755989  0.300004 0.124266 0.945810  0.691154 0.749867 0
0  -3.077302 -1.274656 20.777380  -0.812819 -0.336682 0.475364  0.691540 0.749734 0
0  -2.769499 -1.850515 20.777380  -0.743076 -0.496508 0.448684  0.691022 0.748762 0
beerkeg
0  0.000000 -2.577873 20.405832  0.007723 -0.633970 -0.773319  0.687249 0.742954 0
0  0.000000 -3.071026 20.384438  -0.000000 -0.480637 -0.876920  0.686846 0.744403 0
0  -1.175232 -2.837257 20.384438  -0.183932 -0.444050 -0.876920  0.689343 0.745510 0
beerkeg
0  -1.128753 -2.725046 20.755989  0.124266 0.300004 0.945810  0.688614 0.746599 0
0  -2.085663 -2.085659 20.755989  0.229615 0.229613 0.945809  0.690195 0.748030 0
0  -1.850520 -2.769494 20.777380  -0.496507 -0.743078 0.448683  0.689673 0.747016 0
beerkeg
0  -2.085663 -2.085659 20.755989  0.229615 0.229613 0.945809  0.690195 0.748030 0
0  -2.355265 -2.355261 20.777380  -0.622104 -0.622105 0.475365  0.690505 0.747791 0
0  -1.850520 -2.769494 20.777380  -0.496507 -0.743078 0.448683  0.689673 0.747016 0
beerkeg
0  0.986511 -2.381644 20.405832  0.249747 -0.582755 -0.773319  0.683761 0.742585 0
0  1.175232 -2.837257 20.384438  0.183931 -0.444050 -0.876920  0.683868 0.744202 0
0  0.000000 -3.071026 20.384438  -0.000000 -0.480637 -0.876920  0.686846 0.744403 0
beerkeg
0  2.381647 0.986514 20.405832  0.582757 0.249744 -0.773319  0.675869 0.757099 0
0  2.837261 1.175236 20.384438  0.444050 0.183932 -0.876920  0.677743 0.755881 0
0  3.071029 0.000003 20.384438  0.480636 0.000000 -0.876920  0.676564 0.751840 0
beerkeg
0  0.000000 -2.949569 20.755989  -0.000001 0.324721 0.945810  0.686529 0.745786 0
0  -1.128753 -2.725046 20.755989  0.124266 0.300004 0.945810  0.688614 0.746599 0
0  -0.649817 -3.266842 20.777380  -0.174351 -0.876519 0.448683  0.687733 0.745787 0
beerkeg
0  -1.128753 -2.725046 20.755989  0.124266 0.300004 0.945810  0.688614 0.746599 0
0  -1.274661 -3.077298 20.777380  -0.336680 -0.812819 0.475365  0.688841 0.746241 0
0  -0.649817 -3.266842 20.777380  -0.174351 -0.876519 0.448683  0.687733 0.745787 0
beerkeg
0  1.822834 -1.822830 20.405832  0.453746 -0.442823 -0.773319  0.679854 0.743578 0
0  2.171546 -2.171542 20.384438  0.339862 -0.339861 -0.876920  0.680682 0.745226 0
0  1.175232 -2.837257 20.384438  0.183931 -0.444050 -0.876920  0.683868 0.744202 0
beerkeg
0  1.128753 -2.725046 20.755989  -0.124267 0.300003 0.945809  0.684116 0.745714 0
0  0.000000 -2.949569 20.755989  -0.000001 0.324721 0.945810  0.686529 0.745786 0
0  0.649817 -3.266842 20.777380  0.174350 -0.876519 0.448683  0.685330 0.745288 0
beerkeg
0  0.000000 -2.949569 20.755989  -0.000001 0.324721 0.945810  0.686529 0.745786 0
0  0.000000 -3.330844 20.777380  -0.000001 -0.879788 0.475366  0.686626 0.745334 0
0  0.649817 -3.266842 20.777380  0.174350 -0.876519 0.448683  0.685330 0.745288 0
beerkeg
0  2.381647 -0.986508 20.405832  0.588667 -0.235477 -0.773318  0.675999 0.746469 0
0  2.837261 -1.175229 20.384438  0.444051 -0.183932 -0.876919  0.677826 0.747800 0
0  2.171546 -2.171542 20.384438  0.339862 -0.339861 -0.876920  0.680682 0.745226 0
beerkeg
0  1.822834 1.822837 20.405832  0.442824 0.453746 -0.773318  0.679638 0.760037 0
0  2.171546 2.171549 20.384438  0.339862 0.339861 -0.876920  0.680569 0.758411 0
0  2.837261 1.175236 20.384438  0.444050 0.183932 -0.876920  0.677743 0.755881 0
beerkeg
0  2.085663 -2.085659 20.755989  -0.229614 0.229613 0.945809  0.681620 0.746691 0
0  1.128753 -2.725046 20.755989  -0.124267 0.300003 0.945809  0.684116 0.745714 0
0  1.850520 -2.769494 20.777380  0.496508 -0.743078 0.448682  0.682677 0.745733 0
beerkeg
0  1.128753 -2.725046 20.755989  -0.124267 0.300003 0.945809  0.684116 0.745714 0
0  1.274661 -3.077298 20.777380  0.336679 -0.812819 0.475365  0.684035 0.745243 0
0  1.850520 -2.769494 20.777380  0.496508 -0.743078 0.448682  0.682677 0.745733 0
beerkeg
0  2.725049 1.128756 20.755989  -0.300002 -0.124266 0.945810  0.679463 0.754857 0
0  2.949572 0.000003 20.755989  -0.324720 -0.000000 0.945810  0.678607 0.751852 0
0  3.266846 0.649819 20.777380  0.876521 0.174349 0.448680  0.678442 0.753506 0
beerkeg
0  2.949572 0.000003 20.755989  -0.324720 -0.000000 0.945810  0.678607 0.751852 0
0  3.330847 0.000003 20.777380  0.879791 0.000000 0.475361  0.677958 0.751846 0
0  3.266846 0.649819 20.777380  0.876521 0.174349 0.448680  0.678442 0.753506 0
beerkeg
0  2.577876 0.000003 20.405832  0.633970 0.007722 -0.773319  0.674014 0.751773 0
0  3.071029 0.000003 20.384438  0.480636 0.000000 -0.876920  0.676564 0.751840 0
0  2.837261 -1.175229 20.384438  0.444051 -0.183932 -0.876919  0.677826 0.747800 0
beerkeg
0  0.986511 2.381650 20.405832  0.235475 0.588667 -0.773319  0.683591 0.760996 0
0  1.175232 2.837264 20.384438  0.183932 0.444050 -0.876920  0.683728 0.759494 0
0  2.171546 2.171549 20.384438  0.339862 0.339861 -0.876920  0.680569 0.758411 0
beerkeg
0  2.725049 -1.128750 20.755989  -0.300006 0.124265 0.945809  0.679522 0.748810 0
0  2.085663 -2.085659 20.755989  -0.229614 0.229613 0.945809  0.681620 0.746691 0
0  2.769499 -1.850515 20.777380  0.743076 -0.496508 0.448684  0.680155 0.747358 0
beerkeg
0  2.085663 -2.085659 20.755989  -0.229614 0.229613 0.945809  0.681620 0.746691 0
0  2.355265 -2.355261 20.777380  0.622103 -0.622106 0.475365  0.681318 0.746224 0
0  2.769499 -1.850515 20.777380  0.743076 -0.496508 0.448684  0.680155 0.747358 0
beerkeg
0  -0.111290 -0.268675 20.408562  0.027353 0.066051 0.997441  0.545533 0.674735 0
0  0.000000 -0.290812 20.408562  0.000017 0.071494 0.997441  0.545532 0.674750 0
0  0.000000 -0.290818 -15.976908  -0.000001 0.746200 0.665722  0.545590 0.566561 0
beerkeg
0  2.529300 1.047675 20.583969  -0.396577 -0.164267 0.903185  0.574988 0.855512 0
0  1.935843 1.935846 20.583969  -0.303530 -0.303525 0.903184  0.591970 0.855512 0
0  0.205637 0.205640 20.408562  -0.050544 -0.050552 0.997442  0.584508 0.893026 0
beerkeg
0  1.935843 1.935846 20.583969  -0.303530 -0.303525 0.903184  0.591970 0.855512 0
0  1.047671 2.529304 20.583969  -0.164269 -0.396575 0.903185  0.607658 0.862011 0
0  0.111290 0.268681 20.408562  -0.027351 -0.066051 0.997441  0.586409 0.893813 0
beerkeg
0  1.047671 2.529304 20.583969  -0.164269 -0.396575 0.903185  0.607658 0.862011 0
0  0.000000 2.737699 20.583969  0.000004 -0.429250 0.903186  0.619666 0.874019 0
0  0.000000 0.290819 20.408562  -0.000017 -0.071494 0.997441  0.587864 0.895268 0
beerkeg
0  0.000000 2.737699 20.583969  0.000004 -0.429250 0.903186  0.619666 0.874019 0
0  -1.047671 2.529304 20.583969  0.164270 -0.396575 0.903185  0.626165 0.889708 0
0  -0.111290 0.268681 20.408562  0.027336 -0.066053 0.997442  0.588651 0.897170 0
beerkeg
0  -1.047671 2.529304 20.583969  0.164270 -0.396575 0.903185  0.626165 0.889708 0
0  -1.935843 1.935846 20.583969  0.303527 -0.303526 0.903185  0.626165 0.906689 0
0  -0.205637 0.205640 20.408562  0.050545 -0.050555 0.997442  0.588651 0.899227 0
beerkeg
0  -1.935843 1.935846 20.583969  0.303527 -0.303526 0.903185  0.626165 0.906689 0
0  -2.529300 1.047675 20.583969  0.396582 -0.164267 0.903183  0.619666 0.922378 0
0  -0.268678 0.111294 20.408562  0.066047 -0.027360 0.997441  0.587864 0.901129 0
beerkeg
0  -2.529300 1.047675 20.583969  0.396582 -0.164267 0.903183  0.619666 0.922378 0
0  -2.737695 0.000003 20.583969  0.429254 0.000000 0.903184  0.607658 0.934386 0
0  -0.290815 0.000003 20.408562  0.071491 -0.000001 0.997441  0.586409 0.902584 0
beerkeg
0  -2.737695 0.000003 20.583969  0.429254 0.000000 0.903184  0.607658 0.934386 0
0  -2.529300 -1.047668 20.583969  0.396575 0.164267 0.903185  0.591969 0.940885 0
0  -0.268678 -0.111287 20.408562  0.066059 0.027357 0.997441  0.584508 0.903371 0
beerkeg
0  -2.529300 -1.047668 20.583969  0.396575 0.164267 0.903185  0.591969 0.940885 0
0  -1.935843 -1.935840 20.583969  0.303529 0.303525 0.903185  0.574988 0.940885 0
0  -0.205637 -0.205634 20.408562  0.050551 0.050552 0.997441  0.582450 0.903371 0
beerkeg
0  -1.935843 -1.935840 20.583969  0.303529 0.303525 0.903185  0.574988 0.940885 0
0  -1.047671 -2.529297 20.583969  0.164269 0.396575 0.903186  0.559299 0.934386 0
0  -0.111290 -0.268675 20.408562  0.027353 0.066051 0.997441  0.580549 0.902584 0
beerkeg
0  -1.047671 -2.529297 20.583969  0.164269 0.396575 0.903186  0.559299 0.934386 0
0  0.000000 -2.737692 20.583969  -0.000004 0.429250 0.903186  0.547291 0.922378 0
0  0.000000 -0.290812 20.408562  0.000017 0.071494 0.997441  0.579093 0.901129 0
beerkeg
0  0.000000 -2.737692 20.583969  -0.000004 0.429250 0.903186  0.547291 0.922378 0
0  1.047671 -2.529297 20.583969  -0.164270 0.396575 0.903185  0.540792 0.906689 0
0  0.111290 -0.268675 20.408562  -0.027338 0.066053 0.997442  0.578306 0.899227 0
beerkeg
0  1.047671 -2.529297 20.583969  -0.164270 0.396575 0.903185  0.540792 0.906689 0
0  1.935843 -1.935840 20.583969  -0.303527 0.303526 0.903185  0.540792 0.889708 0
0  0.205637 -0.205634 20.408562  -0.050546 0.050555 0.997441  0.578306 0.897170 0
beerkeg
0  1.935843 -1.935840 20.583969  -0.303527 0.303526 0.903185  0.540792 0.889708 0
0  2.529300 -1.047668 20.583969  -0.396581 0.164267 0.903183  0.547291 0.874019 0
0  0.268678 -0.111287 20.408562  -0.066047 0.027361 0.997441  0.579093 0.895268 0
beerkeg
0  2.529300 -1.047668 20.583969  -0.396581 0.164267 0.903183  0.547291 0.874019 0
0  2.737695 0.000003 20.583969  -0.429252 0.000000 0.903185  0.559299 0.862011 0
0  0.290815 0.000003 20.408562  -0.071490 0.000002 0.997441  0.580549 0.893813 0
beerkeg
0  2.737695 0.000003 20.583969  -0.429252 0.000000 0.903185  0.559299 0.862011 0
0  2.529300 1.047675 20.583969  -0.396577 -0.164267 0.903185  0.574988 0.855512 0
0  0.268678 0.111294 20.408562  -0.066052 -0.027357 0.997441  0.582450 0.893026 0
beerkeg
0  0.290815 -0.000003 -15.976908  -0.746199 -0.000001 0.665723  0.545600 0.566587 0
0  0.268678 0.111288 -15.976908  -0.689415 -0.285553 0.665707  0.545599 0.566593 0
0  0.205637 0.205634 -15.976908  -0.527642 -0.527644 0.665722  0.545596 0.566597 0
beerkeg
0  0.205637 0.205634 -15.976908  -0.527642 -0.527644 0.665722  0.545596 0.566597 0
0  0.111290 0.268675 -15.976908  -0.285565 -0.689397 0.665721  0.545593 0.566600 0
0  0.000000 0.290813 -15.976908  0.000006 -0.746200 0.665722  0.545590 0.566600 0
beerkeg
0  0.000000 0.290813 -15.976908  0.000006 -0.746200 0.665722  0.545590 0.566600 0
0  -0.111290 0.268675 -15.976908  0.285554 -0.689398 0.665724  0.545586 0.566599 0
0  -0.290815 -0.000003 -15.976908  0.746198 0.000001 0.665724  0.545579 0.566588 0
beerkeg
0  -0.111290 0.268675 -15.976908  0.285554 -0.689398 0.665724  0.545586 0.566599 0
0  -0.205637 0.205634 -15.976908  0.527614 -0.527653 0.665736  0.545583 0.566597 0
0  -0.290815 -0.000003 -15.976908  0.746198 0.000001 0.665724  0.545579 0.566588 0
beerkeg
0  -0.205637 0.205634 -15.976908  0.527614 -0.527653 0.665736  0.545583 0.566597 0
0  -0.268678 0.111288 -15.976908  0.689416 -0.285551 0.665707  0.545581 0.566593 0
0  -0.290815 -0.000003 -15.976908  0.746198 0.000001 0.665724  0.545579 0.566588 0
beerkeg
0  -0.290815 -0.000003 -15.976908  0.746198 0.000001 0.665724  0.545579 0.566588 0
0  -0.268678 -0.111293 -15.976908  0.689381 0.285566 0.665737  0.545581 0.566582 0
0  -0.205637 -0.205640 -15.976908  0.527639 0.527645 0.665723  0.545583 0.566576 0
beerkeg
0  -0.205637 -0.205640 -15.976908  0.527639 0.527645 0.665723  0.545583 0.566576 0
0  -0.111290 -0.268680 -15.976908  0.285558 0.689398 0.665723  0.545586 0.566568 0
0  -0.290815 -0.000003 -15.976908  0.746198 0.000001 0.665724  0.545579 0.566588 0
beerkeg
0  -0.111290 -0.268680 -15.976908  0.285558 0.689398 0.665723  0.545586 0.566568 0
0  0.000000 -0.290818 -15.976908  -0.000001 0.746200 0.665722  0.545590 0.566561 0
0  -0.290815 -0.000003 -15.976908  0.746198 0.000001 0.665724  0.545579 0.566588 0
beerkeg
0  0.000000 -0.290818 -15.976908  -0.000001 0.746200 0.665722  0.545590 0.566561 0
0  0.111290 -0.268680 -15.976908  -0.285560 0.689397 0.665723  0.545595 0.566568 0
0  0.290815 -0.000003 -15.976908  -0.746199 -0.000001 0.665723  0.545600 0.566587 0
beerkeg
0  0.111290 -0.268680 -15.976908  -0.285560 0.689397 0.665723  0.545595 0.566568 0
0  0.205637 -0.205640 -15.976908  -0.527641 0.527643 0.665723  0.545598 0.566575 0
0  0.290815 -0.000003 -15.976908  -0.746199 -0.000001 0.665723  0.545600 0.566587 0
beerkeg
0  0.205637 -0.205640 -15.976908  -0.527641 0.527643 0.665723  0.545598 0.566575 0
0  0.268678 -0.111293 -15.976908  -0.689382 0.285564 0.665737  0.545600 0.566582 0
0  0.290815 -0.000003 -15.976908  -0.746199 -0.000001 0.665723  0.545600 0.566587 0
beerkeg
0  0.290815 -0.000003 -15.976908  -0.746199 -0.000001 0.665723  0.545600 0.566587 0
0  0.205637 0.205634 -15.976908  -0.527642 -0.527644 0.665722  0.545596 0.566597 0
0  -0.290815 -0.000003 -15.976908  0.746198 0.000001 0.665724  0.545579 0.566588 0
beerkeg
0  0.205637 0.205634 -15.976908  -0.527642 -0.527644 0.665722  0.545596 0.566597 0
0  0.000000 0.290813 -15.976908  0.000006 -0.746200 0.665722  0.545590 0.566600 0
0  -0.290815 -0.000003 -15.976908  0.746198 0.000001 0.665724  0.545579 0.566588 0
beerkeg
0  0.000000 0.290819 20.408562  -0.000017 -0.071494 0.997441  0.545532 0.674683 0
0  -0.111290 0.268681 20.408562  0.027336 -0.066053 0.997442  0.545532 0.674684 0
0  -0.111290 0.268675 -15.976908  0.285554 -0.689398 0.665724  0.545586 0.566599 0
beerkeg
0  0.000000 -0.290812 20.408562  0.000017 0.071494 0.997441  0.545532 0.674750 0
0  0.111290 -0.268675 20.408562  -0.027338 0.066053 0.997442  0.545532 0.674735 0
0  0.111290 -0.268680 -15.976908  -0.285560 0.689397 0.665723  0.545595 0.566568 0
beerkeg
0  -0.111290 0.268681 20.408562  0.027336 -0.066053 0.997442  0.545532 0.674684 0
0  -0.205637 0.205640 20.408562  0.050545 -0.050555 0.997442  0.545533 0.674687 0
0  -0.205637 0.205634 -15.976908  0.527614 -0.527653 0.665736  0.545583 0.566597 0
beerkeg
0  0.111290 -0.268675 20.408562  -0.027338 0.066053 0.997442  0.545532 0.674735 0
0  0.205637 -0.205634 20.408562  -0.050546 0.050555 0.997441  0.545532 0.674721 0
0  0.205637 -0.205640 -15.976908  -0.527641 0.527643 0.665723  0.545598 0.566575 0
beerkeg
0  -0.205637 0.205640 20.408562  0.050545 -0.050555 0.997442  0.545533 0.674687 0
0  -0.268678 0.111294 20.408562  0.066047 -0.027360 0.997441  0.545533 0.674693 0
0  -0.268678 0.111288 -15.976908  0.689416 -0.285551 0.665707  0.545581 0.566593 0
beerkeg
0  0.205637 -0.205634 20.408562  -0.050546 0.050555 0.997441  0.545532 0.674721 0
0  0.268678 -0.111287 20.408562  -0.066047 0.027361 0.997441  0.545532 0.674709 0
0  0.268678 -0.111293 -15.976908  -0.689382 0.285564 0.665737  0.545600 0.566582 0
beerkeg
0  -0.268678 0.111294 20.408562  0.066047 -0.027360 0.997441  0.545533 0.674693 0
0  -0.290815 0.000003 20.408562  0.071491 -0.000001 0.997441  0.545533 0.674700 0
0  -0.290815 -0.000003 -15.976908  0.746198 0.000001 0.665724  0.545579 0.566588 0
beerkeg
0  0.268678 0.111294 20.408562  -0.066052 -0.027357 0.997441  0.545532 0.674693 0
0  0.205637 0.205640 20.408562  -0.050544 -0.050552 0.997442  0.545532 0.674687 0
0  0.205637 0.205634 -15.976908  -0.527642 -0.527644 0.665722  0.545596 0.566597 0
beerkeg
0  0.268678 -0.111287 20.408562  -0.066047 0.027361 0.997441  0.545532 0.674709 0
0  0.290815 0.000003 20.408562  -0.071490 0.000002 0.997441  0.545532 0.674700 0
0  0.290815 -0.000003 -15.976908  -0.746199 -0.000001 0.665723  0.545600 0.566587 0
beerkeg
0  -0.290815 0.000003 20.408562  0.071491 -0.000001 0.997441  0.545533 0.674700 0
0  -0.268678 -0.111287 20.408562  0.066059 0.027357 0.997441  0.545533 0.674709 0
0  -0.268678 -0.111293 -15.976908  0.689381 0.285566 0.665737  0.545581 0.566582 0
beerkeg
0  0.290815 0.000003 20.408562  -0.071490 0.000002 0.997441  0.545532 0.674700 0
0  0.268678 0.111294 20.408562  -0.066052 -0.027357 0.997441  0.545532 0.674693 0
0  0.268678 0.111288 -15.976908  -0.689415 -0.285553 0.665707  0.545599 0.566593 0
beerkeg
0  -0.268678 -0.111287 20.408562  0.066059 0.027357 0.997441  0.545533 0.674709 0
0  -0.205637 -0.205634 20.408562  0.050551 0.050552 0.997441  0.545533 0.674721 0
0  -0.205637 -0.205640 -15.976908  0.527639 0.527645 0.665723  0.545583 0.566576 0
beerkeg
0  0.205637 0.205640 20.408562  -0.050544 -0.050552 0.997442  0.545532 0.674687 0
0  0.111290 0.268681 20.408562  -0.027351 -0.066051 0.997441  0.545532 0.674684 0
0  0.111290 0.268675 -15.976908  -0.285565 -0.689397 0.665721  0.545593 0.566600 0
beerkeg
0  -0.205637 -0.205634 20.408562  0.050551 0.050552 0.997441  0.545533 0.674721 0
0  -0.111290 -0.268675 20.408562  0.027353 0.066051 0.997441  0.545533 0.674735 0
0  -0.111290 -0.268680 -15.976908  0.285558 0.689398 0.665723  0.545586 0.566568 0
beerkeg
0  0.111290 0.268681 20.408562  -0.027351 -0.066051 0.997441  0.545532 0.674684 0
0  0.000000 0.290819 20.408562  -0.000017 -0.071494 0.997441  0.545532 0.674683 0
0  0.000000 0.290813 -15.976908  0.000006 -0.746200 0.665722  0.545590 0.566600 0
beerkeg
0  -0.268678 -0.111287 20.408562  0.066059 0.027357 0.997441  0.542910 0.946940 0
0  -0.268678 -0.111287 21.334360  -0.689402 -0.285559 0.665718  0.554514 0.955170 0
0  -0.290815 0.000003 21.334360  -0.746203 0.000000 0.665719  0.554448 0.955063 0
beerkeg
0  0.268678 0.111294 20.408562  -0.066052 -0.027357 0.997441  0.566759 0.963070 0
0  0.268678 0.111294 21.334360  0.689400 0.285560 0.665720  0.555011 0.954739 0
0  0.290815 0.000003 21.334360  0.746203 0.000000 0.665719  0.555066 0.954839 0
beerkeg
0  -0.205637 -0.205634 20.408562  0.050551 0.050552 0.997441  0.540792 0.952091 0
0  -0.205637 -0.205634 21.334360  -0.527645 -0.527645 0.665719  0.554620 0.955239 0
0  -0.268678 -0.111287 21.334360  -0.689402 -0.285559 0.665718  0.554514 0.955170 0
beerkeg
0  0.111290 0.268681 20.408562  -0.027351 -0.066051 0.997441  0.568919 0.952231 0
0  0.111290 0.268681 21.334360  0.285558 0.689401 0.665720  0.554790 0.954637 0
0  0.205637 0.205641 21.334360  0.527622 0.527654 0.665730  0.554921 0.954672 0
beerkeg
0  -0.111290 -0.268675 20.408562  0.027353 0.066051 0.997441  0.540803 0.957635 0
0  -0.111290 -0.268674 21.334360  -0.285561 -0.689400 0.665719  0.554745 0.955266 0
0  -0.205637 -0.205634 21.334360  -0.527645 -0.527645 0.665719  0.554620 0.955239 0
beerkeg
0  0.000000 0.290819 20.408562  -0.000017 -0.071494 0.997441  0.566775 0.947037 0
0  0.000000 0.290819 21.334360  0.000000 0.746203 0.665718  0.554659 0.954651 0
0  0.111290 0.268681 21.334360  0.285558 0.689401 0.665720  0.554790 0.954637 0
beerkeg
0  -0.111290 -0.268675 20.408562  0.027353 0.066051 0.997441  0.540803 0.957635 0
0  0.000000 -0.290812 20.408562  0.000017 0.071494 0.997441  0.542427 0.962996 0
0  0.000000 -0.290812 21.334360  -0.000000 -0.746203 0.665718  0.554861 0.955221 0
beerkeg
0  -0.111290 0.268681 20.408562  0.027336 -0.066053 0.997442  0.562817 0.943063 0
0  -0.111290 0.268681 21.334360  -0.285557 0.689401 0.665720  0.554546 0.954714 0
0  0.000000 0.290819 21.334360  0.000000 0.746203 0.665718  0.554659 0.954651 0
beerkeg
0  0.111290 -0.268675 20.408562  -0.027338 0.066053 0.997442  0.546493 0.967062 0
0  0.111290 -0.268674 21.334360  0.285560 -0.689400 0.665720  0.554969 0.955161 0
0  0.000000 -0.290812 21.334360  -0.000000 -0.746203 0.665718  0.554861 0.955221 0
beerkeg
0  -0.205637 0.205640 20.408562  0.050545 -0.050555 0.997442  0.557645 0.940903 0
0  -0.205637 0.205641 21.334360  -0.527598 0.527663 0.665742  0.554465 0.954814 0
0  -0.111290 0.268681 21.334360  -0.285557 0.689401 0.665720  0.554546 0.954714 0
beerkeg
0  0.205637 -0.205634 20.408562  -0.050546 0.050555 0.997441  0.551787 0.969255 0
0  0.205637 -0.205634 21.334360  0.527645 -0.527645 0.665719  0.555045 0.955068 0
0  0.111290 -0.268674 21.334360  0.285560 -0.689400 0.665720  0.554969 0.955161 0
beerkeg
0  -0.268678 0.111294 20.408562  0.066047 -0.027360 0.997441  0.552049 0.940885 0
0  -0.268678 0.111294 21.334360  -0.689399 0.285561 0.665721  0.554431 0.954937 0
0  -0.205637 0.205641 21.334360  -0.527598 0.527663 0.665742  0.554465 0.954814 0
beerkeg
0  0.268678 -0.111287 20.408562  -0.066047 0.027361 0.997441  0.557496 0.969255 0
0  0.268678 -0.111287 21.334360  0.689401 -0.285559 0.665719  0.555078 0.954955 0
0  0.205637 -0.205634 21.334360  0.527645 -0.527645 0.665719  0.555045 0.955068 0
beerkeg
0  -0.290815 0.000003 20.408562  0.071491 -0.000001 0.997441  0.546875 0.943006 0
0  -0.290815 0.000003 21.334360  -0.746203 0.000000 0.665719  0.554448 0.955063 0
0  -0.268678 0.111294 21.334360  -0.689399 0.285561 0.665721  0.554431 0.954937 0
beerkeg
0  0.205637 0.205640 20.408562  -0.050544 -0.050552 0.997442  0.568917 0.957856 0
0  0.205637 0.205641 21.334360  0.527622 0.527654 0.665730  0.554921 0.954672 0
0  0.268678 0.111294 21.334360  0.689400 0.285560 0.665720  0.555011 0.954739 0
beerkeg
0  0.290815 0.000003 20.408562  -0.071490 0.000002 0.997441  0.562751 0.967078 0
0  0.290815 0.000003 21.334360  0.746203 0.000000 0.665719  0.555066 0.954839 0
0  0.268678 -0.111287 21.334360  0.689401 -0.285559 0.665719  0.555078 0.954955 0
beerkeg
0  0.268678 0.111294 21.334360  0.689400 0.285560 0.665720  0.555011 0.954739 0
0  0.205637 0.205641 21.334360  0.527622 0.527654 0.665730  0.554921 0.954672 0
0  0.111290 0.268681 21.334360  0.285558 0.689401 0.665720  0.554790 0.954637 0
beerkeg
0  0.111290 0.268681 21.334360  0.285558 0.689401 0.665720  0.554790 0.954637 0
0  0.000000 0.290819 21.334360  0.000000 0.746203 0.665718  0.554659 0.954651 0
0  -0.111290 0.268681 21.334360  -0.285557 0.689401 0.665720  0.554546 0.954714 0
beerkeg
0  -0.111290 0.268681 21.334360  -0.285557 0.689401 0.665720  0.554546 0.954714 0
0  -0.205637 0.205641 21.334360  -0.527598 0.527663 0.665742  0.554465 0.954814 0
0  -0.268678 0.111294 21.334360  -0.689399 0.285561 0.665721  0.554431 0.954937 0
beerkeg
0  -0.268678 0.111294 21.334360  -0.689399 0.285561 0.665721  0.554431 0.954937 0
0  -0.290815 0.000003 21.334360  -0.746203 0.000000 0.665719  0.554448 0.955063 0
0  -0.111290 0.268681 21.334360  -0.285557 0.689401 0.665720  0.554546 0.954714 0
beerkeg
0  -0.290815 0.000003 21.334360  -0.746203 0.000000 0.665719  0.554448 0.955063 0
0  -0.268678 -0.111287 21.334360  -0.689402 -0.285559 0.665718  0.554514 0.955170 0
0  -0.111290 0.268681 21.334360  -0.285557 0.689401 0.665720  0.554546 0.954714 0
beerkeg
0  -0.268678 -0.111287 21.334360  -0.689402 -0.285559 0.665718  0.554514 0.955170 0
0  -0.205637 -0.205634 21.334360  -0.527645 -0.527645 0.665719  0.554620 0.955239 0
0  -0.111290 -0.268674 21.334360  -0.285561 -0.689400 0.665719  0.554745 0.955266 0
beerkeg
0  -0.111290 -0.268674 21.334360  -0.285561 -0.689400 0.665719  0.554745 0.955266 0
0  0.000000 -0.290812 21.334360  -0.000000 -0.746203 0.665718  0.554861 0.955221 0
0  0.111290 -0.268674 21.334360  0.285560 -0.689400 0.665720  0.554969 0.955161 0
beerkeg
0  0.111290 -0.268674 21.334360  0.285560 -0.689400 0.665720  0.554969 0.955161 0
0  0.205637 -0.205634 21.334360  0.527645 -0.527645 0.665719  0.555045 0.955068 0
0  0.268678 -0.111287 21.334360  0.689401 -0.285559 0.665719  0.555078 0.954955 0
beerkeg
0  0.268678 -0.111287 21.334360  0.689401 -0.285559 0.665719  0.555078 0.954955 0
0  0.290815 0.000003 21.334360  0.746203 0.000000 0.665719  0.555066 0.954839 0
0  0.111290 -0.268674 21.334360  0.285560 -0.689400 0.665720  0.554969 0.955161 0
beerkeg
0  0.290815 0.000003 21.334360  0.746203 0.000000 0.665719  0.555066 0.954839 0
0  0.268678 0.111294 21.334360  0.689400 0.285560 0.665720  0.555011 0.954739 0
0  0.111290 -0.268674 21.334360  0.285560 -0.689400 0.665720  0.554969 0.955161 0
beerkeg
0  0.268678 0.111294 21.334360  0.689400 0.285560 0.665720  0.555011 0.954739 0
0  0.111290 0.268681 21.334360  0.285558 0.689401 0.665720  0.554790 0.954637 0
0  -0.111290 0.268681 21.334360  -0.285557 0.689401 0.665720  0.554546 0.954714 0
beerkeg
0  -0.268678 -0.111287 21.334360  -0.689402 -0.285559 0.665718  0.554514 0.955170 0
0  -0.111290 -0.268674 21.334360  -0.285561 -0.689400 0.665719  0.554745 0.955266 0
0  0.111290 -0.268674 21.334360  0.285560 -0.689400 0.665720  0.554969 0.955161 0
beerkeg
0  0.268678 0.111294 21.334360  0.689400 0.285560 0.665720  0.555011 0.954739 0
0  -0.111290 0.268681 21.334360  -0.285557 0.689401 0.665720  0.554546 0.954714 0
0  0.111290 -0.268674 21.334360  0.285560 -0.689400 0.665720  0.554969 0.955161 0
beerkeg
0  0.000000 -1.885688 19.831129  -0.000000 -0.942300 -0.334771  0.193583 0.730108 0
0  0.000000 -2.512076 20.350170  -0.000000 -0.914727 -0.404072  0.189981 0.736286 0
0  -0.961331 -2.320855 20.350170  -0.350051 -0.845097 -0.404072  0.194352 0.739276 0
beerkeg
0  0.000000 1.885695 19.831129  0.000000 0.942299 -0.334771  0.193586 0.773871 0
0  0.000000 2.512083 20.350170  0.000000 0.914727 -0.404073  0.189958 0.767562 0
0  0.961331 2.320861 20.350170  0.350051 0.845097 -0.404073  0.184210 0.769623 0
beerkeg
0  -0.721623 -1.742148 19.831129  -0.360606 -0.870569 -0.334772  0.198795 0.734670 0
0  -0.961331 -2.320855 20.350170  -0.350051 -0.845097 -0.404072  0.194352 0.739276 0
0  -1.776308 -1.776305 20.350170  -0.646810 -0.646810 -0.404072  0.197467 0.743045 0
beerkeg
0  -1.333385 -1.333382 19.831129  -0.666304 -0.666308 -0.334772  0.202451 0.740001 0
0  -1.776308 -1.776305 20.350170  -0.646810 -0.646810 -0.404072  0.197467 0.743045 0
0  -2.320858 -0.961328 20.350170  -0.845098 -0.350050 -0.404072  0.199402 0.747320 0
beerkeg
0  0.721623 1.742155 19.831129  0.360606 0.870569 -0.334773  0.186568 0.777266 0
0  0.961331 2.320861 20.350170  0.350051 0.845097 -0.404073  0.184210 0.769623 0
0  1.776308 1.776311 20.350170  0.646810 0.646810 -0.404072  0.177043 0.770061 0
beerkeg
0  -1.742152 -0.721620 19.831129  -0.870572 -0.360602 -0.334770  0.204480 0.745929 0
0  -2.320858 -0.961328 20.350170  -0.845098 -0.350050 -0.404072  0.199402 0.747320 0
0  -2.512078 0.000003 20.350174  -0.914727 0.000001 -0.404073  0.199929 0.751877 0
beerkeg
0  1.742152 0.721626 19.831129  0.870571 0.360602 -0.334771  0.166736 0.779250 0
0  2.320858 0.961335 20.350170  0.845098 0.350050 -0.404073  0.167735 0.768213 0
0  2.512078 0.000003 20.350174  0.914727 0.000000 -0.404073  0.155791 0.762716 0
beerkeg
0  -1.885691 0.000003 19.831133  -0.942299 0.000000 -0.334773  0.205670 0.751880 0
0  -2.512078 0.000003 20.350174  -0.914727 0.000001 -0.404073  0.199929 0.751877 0
0  -2.320858 0.961335 20.350170  -0.845099 0.350049 -0.404071  0.199444 0.756437 0
beerkeg
0  -1.742152 0.721626 19.831129  -0.870572 0.360601 -0.334771  0.204628 0.757812 0
0  -2.320858 0.961335 20.350170  -0.845099 0.350049 -0.404071  0.199444 0.756437 0
0  -1.776308 1.776311 20.350170  -0.646810 0.646809 -0.404072  0.197513 0.760696 0
beerkeg
0  1.333385 1.333389 19.831129  0.666304 0.666308 -0.334772  0.177714 0.779205 0
0  1.776308 1.776311 20.350170  0.646810 0.646810 -0.404072  0.177043 0.770061 0
0  2.320858 0.961335 20.350170  0.845098 0.350050 -0.404073  0.167735 0.768213 0
beerkeg
0  0.721623 -1.742148 19.831129  0.360601 -0.870572 -0.334771  0.186673 0.726870 0
0  0.961331 -2.320855 20.350170  0.350051 -0.845098 -0.404072  0.184366 0.734256 0
0  0.000000 -2.512076 20.350170  -0.000000 -0.914727 -0.404072  0.189981 0.736286 0
beerkeg
0  1.333385 -1.333382 19.831129  0.666305 -0.666307 -0.334772  0.178058 0.724993 0
0  1.776308 -1.776305 20.350170  0.646810 -0.646809 -0.404072  0.177444 0.733787 0
0  0.961331 -2.320855 20.350170  0.350051 -0.845098 -0.404072  0.184366 0.734256 0
beerkeg
0  1.742152 -0.721620 19.831129  0.870572 -0.360601 -0.334770  0.167600 0.724685 0
0  2.320858 -0.961328 20.350170  0.845099 -0.350048 -0.404071  0.168365 0.735391 0
0  1.776308 -1.776305 20.350170  0.646810 -0.646809 -0.404072  0.177444 0.733787 0
beerkeg
0  1.885691 0.000003 19.831133  0.942299 -0.000002 -0.334773  0.155666 0.724862 0
0  2.512078 0.000003 20.350174  0.914727 0.000000 -0.404073  0.156637 0.740297 0
0  2.320858 -0.961328 20.350170  0.845099 -0.350048 -0.404071  0.168365 0.735391 0
beerkeg
0  -1.333385 1.333389 19.831129  -0.666304 0.666307 -0.334773  0.202546 0.763700 0
0  -1.776308 1.776311 20.350170  -0.646810 0.646809 -0.404072  0.197513 0.760696 0
0  -0.961331 2.320861 20.350170  -0.350051 0.845097 -0.404073  0.194395 0.764528 0
beerkeg
0  -0.721623 1.742155 19.831129  -0.360600 0.870572 -0.334771  0.198862 0.769137 0
0  -0.961331 2.320861 20.350170  -0.350051 0.845097 -0.404073  0.194395 0.764528 0
0  0.000000 2.512083 20.350170  0.000000 0.914727 -0.404073  0.189958 0.767562 0
beerkeg
0  -0.962648 2.324041 19.563501  -0.383368 0.910488 -0.155048  0.191894 0.761767 0
0  -1.778742 1.778745 19.563501  -0.702614 0.694474 -0.155049  0.194565 0.758869 0
0  -1.776308 1.776311 20.350170  -0.646810 0.646809 -0.404072  0.197513 0.760696 0
beerkeg
0  -1.782990 -0.738536 19.651806  -0.605554 -0.250828 0.755241  0.205949 0.745562 0
0  -1.742152 -0.721620 19.831129  -0.870572 -0.360602 -0.334770  0.204480 0.745929 0
0  -1.885691 0.000003 19.831133  -0.942299 0.000000 -0.334773  0.205670 0.751880 0
beerkeg
0  1.782990 0.738542 19.651806  0.605549 0.250830 0.755245  0.166699 0.782150 0
0  1.742152 0.721626 19.831129  0.870571 0.360602 -0.334771  0.166736 0.779250 0
0  1.885691 0.000003 19.831133  0.942299 -0.000002 -0.334773  0.154010 0.779007 0
beerkeg
0  1.778742 1.778745 19.563501  0.694473 0.702615 -0.155050  0.177954 0.764238 0
0  0.962648 2.324041 19.563501  0.372732 0.914894 -0.155048  0.183513 0.764869 0
0  0.961331 2.320861 20.350170  0.350051 0.845097 -0.404073  0.184210 0.769623 0
beerkeg
0  -1.364642 -1.364639 19.651806  -0.463467 -0.463471 0.755243  0.203847 0.739290 0
0  -1.333385 -1.333382 19.831129  -0.666304 -0.666308 -0.334772  0.202451 0.740001 0
0  -1.742152 -0.721620 19.831129  -0.870572 -0.360602 -0.334770  0.204480 0.745929 0
beerkeg
0  0.738539 1.782993 19.651806  0.250829 0.605552 0.755243  0.187268 0.779205 0
0  0.721623 1.742155 19.831129  0.360606 0.870569 -0.334773  0.186568 0.777266 0
0  1.333385 1.333389 19.831129  0.666304 0.666308 -0.334772  0.177714 0.779205 0
beerkeg
0  -1.778742 1.778745 19.563501  -0.702614 0.694474 -0.155049  0.194565 0.758869 0
0  -2.324038 0.962652 19.563501  -0.914893 0.372732 -0.155052  0.196121 0.755478 0
0  -2.320858 0.961335 20.350170  -0.845099 0.350049 -0.404071  0.199444 0.756437 0
beerkeg
0  -0.738539 -1.782987 19.651806  -0.250830 -0.605551 0.755243  0.200029 0.733577 0
0  -0.721623 -1.742148 19.831129  -0.360606 -0.870569 -0.334772  0.198795 0.734670 0
0  -1.333385 -1.333382 19.831129  -0.666304 -0.666308 -0.334772  0.202451 0.740001 0
beerkeg
0  -2.324038 0.962652 19.563501  -0.914893 0.372732 -0.155052  0.196121 0.755478 0
0  -2.515520 0.000003 19.563503  -0.987890 -0.005755 -0.155050  0.196667 0.751883 0
0  -2.512078 0.000003 20.350174  -0.914727 0.000001 -0.404073  0.199929 0.751877 0
beerkeg
0  0.000000 -1.929892 19.651806  0.000001 -0.655444 0.755244  0.194563 0.728685 0
0  0.000000 -1.885688 19.831129  -0.000000 -0.942300 -0.334771  0.193583 0.730108 0
0  -0.721623 -1.742148 19.831129  -0.360606 -0.870569 -0.334772  0.198795 0.734670 0
beerkeg
0  -2.515520 0.000003 19.563503  -0.987890 -0.005755 -0.155050  0.196667 0.751883 0
0  -2.324038 -0.962646 19.563501  -0.910489 -0.383367 -0.155049  0.196070 0.748311 0
0  -2.320858 -0.961328 20.350170  -0.845098 -0.350050 -0.404072  0.199402 0.747320 0
beerkeg
0  0.000000 1.929898 19.651806  0.000000 0.655444 0.755243  0.194574 0.775332 0
0  0.000000 1.885695 19.831129  0.000000 0.942299 -0.334771  0.193586 0.773871 0
0  0.721623 1.742155 19.831129  0.360606 0.870569 -0.334773  0.186568 0.777266 0
beerkeg
0  0.738539 -1.782987 19.651806  0.250828 -0.605553 0.755242  0.187378 0.724993 0
0  0.721623 -1.742148 19.831129  0.360601 -0.870572 -0.334771  0.186673 0.726870 0
0  0.000000 -1.885688 19.831129  -0.000000 -0.942300 -0.334771  0.193583 0.730108 0
beerkeg
0  1.364642 1.364645 19.651806  0.463467 0.463471 0.755244  0.178069 0.781610 0
0  1.333385 1.333389 19.831129  0.666304 0.666308 -0.334772  0.177714 0.779205 0
0  1.742152 0.721626 19.831129  0.870571 0.360602 -0.334771  0.166736 0.779250 0
beerkeg
0  0.000000 2.515525 19.563501  -0.005756 0.987890 -0.155049  0.188196 0.763881 0
0  -0.962648 2.324041 19.563501  -0.383368 0.910488 -0.155048  0.191894 0.761767 0
0  -0.961331 2.320861 20.350170  -0.350051 0.845097 -0.404073  0.194395 0.764528 0
beerkeg
0  -2.324038 -0.962646 19.563501  -0.910489 -0.383367 -0.155049  0.196070 0.748311 0
0  -1.778742 -1.778739 19.563501  -0.694473 -0.702614 -0.155049  0.194525 0.744966 0
0  -1.776308 -1.776305 20.350170  -0.646810 -0.646810 -0.404072  0.197467 0.743045 0
end
