version 1
nodes
0 "root" -1
end
skeleton
time 0
0 0 0 0 0 0 0
end
triangles
beerkeg.002
0  -0.000000 0.000003 20.755983  -0.000000 -0.000000 1.000000  0.691534 0.751874 0
0  -3.266846 -0.649812 20.777380  -0.784921 -0.156131 0.599602  0.691734 0.750802 0
0  -3.077302 -1.274656 20.777380  -0.737678 -0.305556 0.602051  0.691540 0.749734 0
beerkeg.002
0  0.000000 2.923281 19.013954  -0.000001 0.849024 0.528354  0.207996 0.790342 0
0  1.533113 3.701265 18.682817  0.129627 0.312946 0.940883  0.206195 0.808520 0
0  0.000000 4.006221 18.682817  0.000000 0.338730 0.940883  0.216692 0.797525 0
beerkeg.002
0  0.000000 4.006221 18.682817  0.000000 0.338730 0.940883  0.216692 0.797525 0
0  1.973316 4.764008 18.217854  0.167439 0.404235 0.899199  0.214833 0.817070 0
0  0.000000 5.156526 18.217854  0.000000 0.437541 0.899199  0.225284 0.803601 0
beerkeg.002
0  0.000000 5.156526 18.217854  0.000000 0.437541 0.899199  0.225284 0.803601 0
0  2.516070 6.074330 17.428715  0.217132 0.524204 0.823446  0.225292 0.826113 0
0  0.000000 6.574809 17.428715  -0.000000 0.567394 0.823446  0.235915 0.809859 0
beerkeg.002
0  -2.832824 2.832826 18.682817  -0.239519 0.239519 0.940883  0.228970 0.774517 0
0  -2.700756 1.118693 19.013954  -0.784396 0.324907 0.528354  0.222467 0.761511 0
0  -2.067070 2.067072 19.013954  -0.600352 0.600350 0.528354  0.220011 0.771413 0
beerkeg.002
0  -1.118690 2.700759 19.013954  -0.324908 0.784396 0.528354  0.215154 0.781125 0
0  0.000000 4.006221 18.682817  0.000000 0.338730 0.940883  0.216692 0.797525 0
0  -1.533113 3.701265 18.682817  -0.129627 0.312946 0.940883  0.224245 0.786102 0
beerkeg.002
0  -3.701262 1.533117 18.682817  -0.312945 0.129626 0.940884  0.231630 0.762963 0
0  -2.923277 0.000003 19.013952  -0.849024 0.000000 0.528355  0.223380 0.751729 0
0  -2.700756 1.118693 19.013954  -0.784396 0.324907 0.528354  0.222467 0.761511 0
beerkeg.002
0  0.000000 6.574809 17.428715  -0.000000 0.567394 0.823446  0.235915 0.809859 0
0  3.128046 7.551770 16.132387  0.271431 0.655293 0.704923  0.238482 0.834800 0
0  0.000000 8.173977 16.132387  0.000000 0.709284 0.704923  0.248115 0.815756 0
beerkeg.002
0  -3.646213 3.646214 18.217854  -0.309388 0.309388 0.899199  0.237520 0.777190 0
0  -3.701262 1.533117 18.682817  -0.312945 0.129626 0.940884  0.231630 0.762963 0
0  -2.832824 2.832826 18.682817  -0.239519 0.239519 0.940883  0.228970 0.774517 0
beerkeg.002
0  -1.533113 3.701265 18.682817  -0.129627 0.312946 0.940883  0.224245 0.786102 0
0  0.000000 5.156526 18.217854  0.000000 0.437541 0.899199  0.225284 0.803601 0
0  -1.973316 4.764008 18.217854  -0.167440 0.404235 0.899199  0.232731 0.790316 0
beerkeg.002
0  -4.764006 1.973319 18.217854  -0.404234 0.167439 0.899199  0.240128 0.764240 0
0  -4.006217 0.000003 18.682817  -0.338730 0.000000 0.940884  0.232255 0.751587 0
0  -3.701262 1.533117 18.682817  -0.312945 0.129626 0.940884  0.231630 0.762963 0
beerkeg.002
0  0.000000 8.173977 16.132387  0.000000 0.709284 0.704923  0.248115 0.815756 0
0  3.652917 8.818918 14.478187  0.320617 0.774038 0.545957  0.251817 0.841598 0
0  0.000000 9.545530 14.478187  -0.000000 0.837813 0.545957  0.260041 0.820293 0
beerkeg.002
0  -4.649090 4.649092 17.428717  -0.401208 0.401208 0.823446  0.247478 0.779557 0
0  -4.764006 1.973319 18.217854  -0.404234 0.167439 0.899199  0.240128 0.764240 0
0  -3.646213 3.646214 18.217854  -0.309388 0.309388 0.899199  0.237520 0.777190 0
beerkeg.002
0  -1.973316 4.764008 18.217854  -0.167440 0.404235 0.899199  0.232731 0.790316 0
0  0.000000 6.574809 17.428715  -0.000000 0.567394 0.823446  0.235915 0.809859 0
0  -2.516070 6.074330 17.428715  -0.217132 0.524204 0.823446  0.243085 0.794407 0
beerkeg.002
0  -6.074327 2.516072 17.428717  -0.524203 0.217132 0.823447  0.249786 0.765206 0
0  -5.156522 0.000003 18.217854  -0.437540 0.000000 0.899199  0.240840 0.751443 0
0  -4.764006 1.973319 18.217854  -0.404234 0.167439 0.899199  0.240128 0.764240 0
beerkeg.002
0  0.000000 9.545530 14.478187  -0.000000 0.837813 0.545957  0.260041 0.820293 0
0  4.003628 9.665610 12.706214  0.357459 0.862982 0.357051  0.263956 0.846318 0
0  0.000000 10.461981 12.706214  0.000000 0.934085 0.357051  0.270658 0.823456 0
beerkeg.002
0  -5.779874 5.779874 16.132389  -0.501539 0.501540 0.704923  0.258477 0.781908 0
0  -6.074327 2.516072 17.428717  -0.524203 0.217132 0.823447  0.249786 0.765206 0
0  -4.649090 4.649092 17.428717  -0.401208 0.401208 0.823446  0.247478 0.779557 0
beerkeg.002
0  -2.516070 6.074330 17.428715  -0.217132 0.524204 0.823446  0.243085 0.794407 0
0  0.000000 8.173977 16.132387  0.000000 0.709284 0.704923  0.248115 0.815756 0
0  -3.128046 7.551770 16.132387  -0.271431 0.655293 0.704923  0.254398 0.798307 0
beerkeg.002
0  -7.551769 3.128047 16.132389  -0.655293 0.271431 0.704923  0.260412 0.766248 0
0  -6.574806 0.000003 17.428717  -0.567394 -0.000000 0.823447  0.250282 0.751155 0
0  -6.074327 2.516072 17.428717  -0.524203 0.217132 0.823447  0.249786 0.765206 0
beerkeg.002
0  0.000000 10.461981 12.706214  0.000000 0.934085 0.357051  0.270658 0.823456 0
0  4.208339 10.159825 10.714399  0.376997 0.910150 0.171756  0.276465 0.849854 0
0  0.000000 10.996918 10.714399  0.000000 0.985140 0.171755  0.281472 0.825903 0
beerkeg.002
0  -6.749708 6.749709 14.478188  -0.592423 0.592423 0.545957  0.268681 0.783614 0
0  -7.551769 3.128047 16.132389  -0.655293 0.271431 0.704923  0.260412 0.766248 0
0  -5.779874 5.779874 16.132389  -0.501539 0.501540 0.704923  0.258477 0.781908 0
beerkeg.002
0  -3.128046 7.551770 16.132387  -0.271431 0.655293 0.704923  0.254398 0.798307 0
0  0.000000 9.545530 14.478187  -0.000000 0.837813 0.545957  0.260041 0.820293 0
0  -3.652917 8.818918 14.478187  -0.320617 0.774038 0.545957  0.265380 0.801187 0
beerkeg.002
0  -8.818918 3.652918 14.478188  -0.774038 0.320617 0.545957  0.270417 0.766919 0
0  -8.173974 0.000003 16.132389  -0.709284 0.000000 0.704923  0.260959 0.750934 0
0  -7.551769 3.128047 16.132389  -0.655293 0.271431 0.704923  0.260412 0.766248 0
beerkeg.002
0  0.000000 10.996918 10.714399  0.000000 0.985140 0.171755  0.281472 0.825903 0
0  4.288115 10.352421 8.312496  0.382219 0.922758 0.049262  0.291259 0.852590 0
0  0.000000 11.205381 8.312496  -0.000000 0.998786 0.049262  0.294172 0.827607 0
beerkeg.002
0  -7.397738 7.397738 12.706215  -0.660498 0.660498 0.357051  0.277582 0.784780 0
0  -8.818918 3.652918 14.478188  -0.774038 0.320617 0.545957  0.270417 0.766919 0
0  -6.749708 6.749709 14.478188  -0.592423 0.592423 0.545957  0.268681 0.783614 0
beerkeg.002
0  -3.652917 8.818918 14.478187  -0.320617 0.774038 0.545957  0.265380 0.801187 0
0  0.000000 10.461981 12.706214  0.000000 0.934085 0.357051  0.270658 0.823456 0
0  -4.003628 9.665610 12.706214  -0.357459 0.862982 0.357051  0.274977 0.803175 0
beerkeg.002
0  -9.665609 4.003629 12.706215  -0.862982 0.357459 0.357051  0.279006 0.767336 0
0  -9.545528 0.000002 14.478188  -0.837813 0.000000 0.545957  0.270716 0.750699 0
0  -8.818918 3.652918 14.478188  -0.774038 0.320617 0.545957  0.270417 0.766919 0
beerkeg.002
0  0.000000 11.205381 8.312496  -0.000000 0.998786 0.049262  0.294172 0.827607 0
0  4.301918 10.385744 5.413615  0.382681 0.923872 0.003919  0.309459 0.854222 0
0  0.000000 11.241449 5.413615  -0.000000 0.999992 0.003919  0.309599 0.828327 0
beerkeg.002
0  -7.775996 7.775995 10.714400  -0.696599 0.696599 0.171755  0.286586 0.785566 0
0  -9.665609 4.003629 12.706215  -0.862982 0.357459 0.357051  0.279006 0.767336 0
0  -7.397738 7.397738 12.706215  -0.660498 0.660498 0.357051  0.277582 0.784780 0
beerkeg.002
0  -4.003628 9.665610 12.706214  -0.357459 0.862982 0.357051  0.274977 0.803175 0
0  0.000000 10.996918 10.714399  0.000000 0.985140 0.171755  0.281472 0.825903 0
0  -4.208339 10.159825 10.714399  -0.376997 0.910150 0.171755  0.284630 0.804707 0
beerkeg.002
0  -10.159826 4.208340 10.714401  -0.910150 0.376997 0.171756  0.287503 0.767674 0
0  -10.461980 0.000002 12.706216  -0.934085 -0.000000 0.357051  0.279118 0.750517 0
0  -9.665609 4.003629 12.706215  -0.862982 0.357459 0.357051  0.279006 0.767336 0
beerkeg.002
0  0.000000 11.241449 5.413615  -0.000000 0.999992 0.003919  0.309599 0.828327 0
0  4.297015 10.373906 2.625173  0.382668 0.923842 -0.008945  0.327031 0.853463 0
0  0.000000 11.228636 2.625173  0.000000 0.999960 -0.008945  0.324502 0.827798 0
beerkeg.002
0  -7.923401 7.923400 8.312497  -0.706248 0.706248 0.049261  0.296936 0.786214 0
0  -10.159826 4.208340 10.714401  -0.910150 0.376997 0.171756  0.287503 0.767674 0
0  -7.775996 7.775995 10.714400  -0.696599 0.696599 0.171755  0.286586 0.785566 0
beerkeg.002
0  -4.208339 10.159825 10.714399  -0.376997 0.910150 0.171755  0.284630 0.804707 0
0  0.000000 11.205381 8.312496  -0.000000 0.998786 0.049262  0.294172 0.827607 0
0  -4.288115 10.352421 8.312496  -0.382219 0.922758 0.049262  0.295899 0.805816 0
beerkeg.002
0  -10.352422 4.288115 8.312497  -0.922758 0.382219 0.049261  0.297332 0.767878 0
0  -10.996917 0.000002 10.714402  -0.985140 -0.000000 0.171755  0.287491 0.750350 0
0  -10.159826 4.208340 10.714401  -0.910150 0.376997 0.171756  0.287503 0.767674 0
beerkeg.002
0  0.000000 11.228636 2.625173  0.000000 0.999960 -0.008945  0.324502 0.827798 0
0  4.282838 10.339681 -0.158997  0.382666 0.923837 -0.009584  0.344154 0.850434 0
0  0.000000 11.191591 -0.158997  0.000000 0.999954 -0.009584  0.339153 0.826034 0
beerkeg.002
0  -7.948905 7.948903 5.413616  -0.707101 0.707101 0.003919  0.309441 0.786358 0
0  -10.352422 4.288115 8.312497  -0.922758 0.382219 0.049261  0.297332 0.767878 0
0  -7.923401 7.923400 8.312497  -0.706248 0.706248 0.049261  0.296936 0.786214 0
beerkeg.002
0  -4.288115 10.352421 8.312496  -0.382219 0.922758 0.049262  0.295899 0.805816 0
0  0.000000 11.241449 5.413615  -0.000000 0.999992 0.003919  0.309599 0.828327 0
0  -4.301918 10.385744 5.413615  -0.382681 0.923872 0.003919  0.309582 0.806366 0
beerkeg.002
0  -10.385744 4.301917 5.413617  -0.923872 0.382681 0.003919  0.309179 0.767765 0
0  -11.205379 0.000001 8.312498  -0.998786 0.000000 0.049261  0.297161 0.750153 0
0  -10.352422 4.288115 8.312497  -0.922758 0.382219 0.049261  0.297332 0.767878 0
beerkeg.002
0  0.000000 11.191591 -0.158997  0.000000 0.999954 -0.009584  0.339153 0.826034 0
0  4.277409 10.326573 -2.581951  0.382682 0.923876 -0.002893  0.358309 0.846352 0
0  0.000000 11.177404 -2.581951  0.000000 0.999996 -0.002892  0.351475 0.823321 0
beerkeg.002
0  -7.939847 7.939842 2.625174  -0.707079 0.707078 -0.008945  0.321498 0.786016 0
0  -10.385744 4.301917 5.413617  -0.923872 0.382681 0.003919  0.309179 0.767765 0
0  -7.948905 7.948903 5.413616  -0.707101 0.707101 0.003919  0.309441 0.786358 0
beerkeg.002
0  -4.301918 10.385744 5.413615  -0.382681 0.923872 0.003919  0.309582 0.806366 0
0  0.000000 11.228636 2.625173  0.000000 0.999960 -0.008945  0.324502 0.827798 0
0  -4.297015 10.373906 2.625173  -0.382668 0.923842 -0.008945  0.322754 0.805949 0
beerkeg.002
0  -10.373908 4.297013 2.625174  -0.923843 0.382668 -0.008945  0.320619 0.767465 0
0  -11.241448 0.000001 5.413617  -0.999992 0.000000 0.003920  0.308775 0.749847 0
0  -10.385744 4.301917 5.413617  -0.923872 0.382681 0.003919  0.309179 0.767765 0
beerkeg.002
0  0.000000 11.177404 -2.581951  0.000000 0.999996 -0.002892  0.351475 0.823321 0
0  4.277462 10.326699 -4.467091  0.382706 0.923851 0.005908  0.368646 0.842559 0
0  0.000000 11.177541 -4.421609  0.000068 0.999980 0.006306  0.360396 0.820825 0
beerkeg.002
0  -7.913652 7.913649 -0.158996  -0.707074 0.707074 -0.009584  0.333417 0.785136 0
0  -10.373908 4.297013 2.625174  -0.923843 0.382668 -0.008945  0.320619 0.767465 0
0  -7.939847 7.939842 2.625174  -0.707079 0.707078 -0.008945  0.321498 0.786016 0
beerkeg.002
0  -4.297015 10.373906 2.625173  -0.382668 0.923842 -0.008945  0.322754 0.805949 0
0  0.000000 11.191591 -0.158997  0.000000 0.999954 -0.009584  0.339153 0.826034 0
0  -4.282838 10.339681 -0.158997  -0.382666 0.923837 -0.009584  0.335740 0.804557 0
beerkeg.002
0  -10.339682 4.282835 -0.158996  -0.923837 0.382666 -0.009584  0.331950 0.766917 0
0  -11.228637 0.000000 2.625175  -0.999960 0.000000 -0.008945  0.320024 0.749549 0
0  -10.373908 4.297013 2.625174  -0.923843 0.382668 -0.008945  0.320619 0.767465 0
beerkeg.002
0  0.000000 11.177541 -4.421609  0.000068 0.999980 0.006306  0.360396 0.820825 0
0  4.284229 10.343038 -5.978601  0.383245 0.923312 0.024858  0.376444 0.839088 0
0  0.000000 11.195225 -5.811719  0.000293 0.999645 0.026630  0.366853 0.818658 0
beerkeg.002
0  -7.903619 7.903615 -2.581951  -0.707104 0.707104 -0.002892  0.343526 0.784023 0
0  -10.339682 4.282835 -0.158996  -0.923837 0.382666 -0.009584  0.331950 0.766917 0
0  -7.913652 7.913649 -0.158996  -0.707074 0.707074 -0.009584  0.333417 0.785136 0
beerkeg.002
0  -4.282838 10.339681 -0.158997  -0.382666 0.923837 -0.009584  0.335740 0.804557 0
0  0.000000 11.177404 -2.581951  0.000000 0.999996 -0.002892  0.351475 0.823321 0
0  -4.277409 10.326573 -2.581951  -0.382682 0.923876 -0.002893  0.346720 0.802826 0
beerkeg.002
0  -10.326576 4.277406 -2.581950  -0.923876 0.382682 -0.002892  0.341677 0.766202 0
0  -11.191591 -0.000000 -0.158995  -0.999954 -0.000000 -0.009584  0.331178 0.749242 0
0  -10.339682 4.282835 -0.158996  -0.923837 0.382666 -0.009584  0.331950 0.766917 0
beerkeg.002
0  0.000000 11.195225 -5.811719  0.000293 0.999645 0.026630  0.366853 0.818658 0
0  4.304572 10.392149 -7.379991  0.384357 0.922552 0.034177  0.383243 0.835605 0
0  0.000000 11.248383 -7.088147  0.000412 0.999291 0.037639  0.372527 0.816490 0
beerkeg.002
0  -7.903718 7.903713 -4.469488  -0.707144 0.707049 0.005445  0.351236 0.782836 0
0  -10.326576 4.277406 -2.581950  -0.923876 0.382682 -0.002892  0.341677 0.766202 0
0  -7.903619 7.903615 -2.581951  -0.707104 0.707104 -0.002892  0.343526 0.784023 0
beerkeg.002
0  -4.277409 10.326573 -2.581951  -0.382682 0.923876 -0.002893  0.346720 0.802826 0
0  0.000000 11.177541 -4.421609  0.000068 0.999980 0.006306  0.360396 0.820825 0
0  -4.277462 10.326699 -4.467091  -0.382767 0.923826 0.005959  0.354982 0.801055 0
beerkeg.002
0  -10.326703 4.277458 -4.467089  -0.923824 0.382772 0.005851  0.349053 0.765570 0
0  -11.177404 -0.000000 -2.581949  -0.999996 -0.000000 -0.002891  0.340769 0.748980 0
0  -10.326576 4.277406 -2.581950  -0.923876 0.382682 -0.002892  0.341677 0.766202 0
beerkeg.002
0  0.000000 11.248383 -7.088147  0.000412 0.999291 0.037639  0.372527 0.816490 0
0  4.318803 10.426505 -8.584738  0.383453 0.923492 0.011244  0.388729 0.832446 0
0  0.000000 11.285570 -8.180895  0.000158 0.999911 0.013318  0.377183 0.814509 0
beerkeg.002
0  -7.916222 7.916217 -6.122111  -0.707287 0.706593 0.021702  0.357759 0.781666 0
0  -10.326703 4.277458 -4.467089  -0.923824 0.382772 0.005851  0.349053 0.765570 0
0  -7.903718 7.903713 -4.469488  -0.707144 0.707049 0.005445  0.351236 0.782836 0
beerkeg.002
0  -4.277462 10.326699 -4.467091  -0.382767 0.923826 0.005959  0.354982 0.801055 0
0  0.000000 11.195225 -5.811719  0.000293 0.999645 0.026630  0.366853 0.818658 0
0  -4.284229 10.343038 -5.978601  -0.383512 0.923198 0.024977  0.361368 0.799433 0
beerkeg.002
0  -10.343041 4.284225 -5.978599  -0.923120 0.383728 0.024544  0.354823 0.764996 0
0  -11.177542 -0.000001 -4.421607  -0.999980 0.000067 0.006306  0.347881 0.748770 0
0  -10.326703 4.277458 -4.467089  -0.923824 0.382772 0.005851  0.349053 0.765570 0
beerkeg.002
0  0.000000 11.285570 -8.180895  0.000158 0.999911 0.013318  0.377183 0.814509 0
0  4.315125 10.417625 -9.679119  0.375987 0.925472 -0.046210  0.393436 0.829471 0
0  0.000000 11.275959 -9.177677  -0.000334 0.998844 -0.048063  0.381273 0.812615 0
beerkeg.002
0  -7.953811 7.953804 -7.810589  -0.707298 0.706328 0.028825  0.364164 0.780367 0
0  -10.343041 4.284225 -5.978599  -0.923120 0.383728 0.024544  0.354823 0.764996 0
0  -7.916222 7.916217 -6.122111  -0.707287 0.706593 0.021702  0.357759 0.781666 0
beerkeg.002
0  -4.284229 10.343038 -5.978601  -0.383512 0.923198 0.024977  0.361368 0.799433 0
0  0.000000 11.248383 -7.088147  0.000412 0.999291 0.037639  0.372527 0.816490 0
0  -4.304572 10.392149 -7.379991  -0.384700 0.922410 0.034137  0.367069 0.797789 0
beerkeg.002
0  -10.392153 4.304568 -7.379989  -0.922229 0.385119 0.034300  0.360027 0.764424 0
0  -11.195226 -0.000001 -5.811716  -0.999645 0.000293 0.026631  0.353144 0.748613 0
0  -10.343041 4.284225 -5.978599  -0.923120 0.383728 0.024544  0.354823 0.764996 0
beerkeg.002
0  0.000000 11.275959 -9.177677  -0.000334 0.998844 -0.048063  0.381273 0.812615 0
0  4.285119 10.345185 -10.585295  0.358988 0.924125 -0.130848  0.397161 0.826927 0
0  0.000000 11.197550 -10.012786  -0.000866 0.990519 -0.137370  0.384609 0.810951 0
beerkeg.002
0  -7.980106 7.980100 -9.268043  -0.707188 0.706985 0.007591  0.369457 0.779178 0
0  -10.392153 4.304568 -7.379989  -0.922229 0.385119 0.034300  0.360027 0.764424 0
0  -7.953811 7.953804 -7.810589  -0.707298 0.706328 0.028825  0.364164 0.780367 0
beerkeg.002
0  -4.304572 10.392149 -7.379991  -0.384700 0.922410 0.034137  0.367069 0.797789 0
0  0.000000 11.285570 -8.180895  0.000158 0.999911 0.013318  0.377183 0.814509 0
0  -4.318803 10.426505 -8.584738  -0.383539 0.923458 0.011095  0.371785 0.796272 0
beerkeg.002
0  -10.426509 4.318799 -8.584736  -0.923351 0.383782 0.011580  0.364377 0.763907 0
0  -11.248385 -0.000001 -7.088144  -0.999291 0.000411 0.037639  0.357862 0.748471 0
0  -10.392153 4.304568 -7.379989  -0.922229 0.385119 0.034300  0.360027 0.764424 0
beerkeg.002
0  0.000000 11.197550 -10.012786  -0.000866 0.990519 -0.137370  0.384609 0.810951 0
0  4.227602 10.206327 -11.405350  0.338459 0.918368 -0.205050  0.400443 0.824541 0
0  0.000000 11.047250 -10.781296  -0.001166 0.976776 -0.214259  0.387651 0.809342 0
beerkeg.002
0  -7.973311 7.973304 -10.568152  -0.705857 0.706883 -0.045627  0.373989 0.778074 0
0  -10.426509 4.318799 -8.584736  -0.923351 0.383782 0.011580  0.364377 0.763907 0
0  -7.980106 7.980100 -9.268043  -0.707188 0.706985 0.007591  0.369457 0.779178 0
beerkeg.002
0  -4.318803 10.426505 -8.584738  -0.383539 0.923458 0.011095  0.371785 0.796272 0
0  0.000000 11.275959 -9.177677  -0.000334 0.998844 -0.048063  0.381273 0.812615 0
0  -4.315125 10.417625 -9.679119  -0.375616 0.925613 -0.046410  0.375921 0.794822 0
beerkeg.002
0  -10.417631 4.315121 -9.679117  -0.925689 0.375495 -0.045863  0.368230 0.763420 0
0  -11.285571 -0.000001 -8.180892  -0.999911 0.000158 0.013318  0.361811 0.748351 0
0  -10.426509 4.318799 -8.584736  -0.923351 0.383782 0.011580  0.364377 0.763907 0
beerkeg.002
0  0.000000 11.047250 -10.781296  -0.001166 0.976776 -0.214259  0.387651 0.809342 0
0  4.152661 10.025402 -12.219415  0.325435 0.914859 -0.239010  0.403634 0.822102 0
0  0.000000 10.851418 -11.559395  -0.001053 0.969108 -0.246633  0.390707 0.807642 0
beerkeg.002
0  -7.917867 7.917861 -11.613586  -0.700477 0.702585 -0.125323  0.377528 0.777157 0
0  -10.417631 4.315121 -9.679117  -0.925689 0.375495 -0.045863  0.368230 0.763420 0
0  -7.973311 7.973304 -10.568152  -0.705857 0.706883 -0.045627  0.373989 0.778074 0
beerkeg.002
0  -4.315125 10.417625 -9.679119  -0.375616 0.925613 -0.046410  0.375921 0.794822 0
0  0.000000 11.197550 -10.012786  -0.000866 0.990519 -0.137370  0.384609 0.810951 0
0  -4.285119 10.345185 -10.585295  -0.358161 0.924423 -0.131006  0.379262 0.793562 0
beerkeg.002
0  -10.345191 4.285115 -10.585293  -0.924677 0.357633 -0.130657  0.371373 0.763005 0
0  -11.275961 -0.000001 -9.177676  -0.998844 -0.000334 -0.048063  0.365345 0.748243 0
0  -10.417631 4.315121 -9.679117  -0.925689 0.375495 -0.045863  0.368230 0.763420 0
beerkeg.002
0  0.000000 10.851418 -11.559395  -0.001053 0.969108 -0.246633  0.390707 0.807642 0
0  4.075841 9.839944 -13.010058  0.313595 0.910512 -0.269491  0.406661 0.819689 0
0  0.000000 10.650679 -12.331964  -0.000649 0.962656 -0.270728  0.393694 0.805895 0
beerkeg.002
0  -7.811589 7.811584 -12.527433  -0.692217 0.694674 -0.195611  0.380568 0.776329 0
0  -10.345191 4.285115 -10.585293  -0.924677 0.357633 -0.130657  0.371373 0.763005 0
0  -7.917867 7.917861 -11.613586  -0.700477 0.702585 -0.125323  0.377528 0.777157 0
beerkeg.002
0  -4.285119 10.345185 -10.585295  -0.358161 0.924423 -0.131006  0.379262 0.793562 0
0  0.000000 11.047250 -10.781296  -0.001166 0.976776 -0.214259  0.387651 0.809342 0
0  -4.227602 10.206327 -11.405350  -0.337432 0.918741 -0.205071  0.382254 0.792366 0
beerkeg.002
0  -10.206332 4.227597 -11.405348  -0.919032 0.336608 -0.205125  0.374216 0.762616 0
0  -11.197553 -0.000002 -10.012784  -0.990520 -0.000865 -0.137369  0.368281 0.748153 0
0  -10.345191 4.285115 -10.585293  -0.924677 0.357633 -0.130657  0.371373 0.763005 0
beerkeg.002
0  0.000000 10.650679 -12.331964  -0.000649 0.962656 -0.270728  0.393694 0.805895 0
0  3.991522 9.636378 -13.716649  0.287373 0.894243 -0.343142  0.409344 0.817463 0
0  0.000000 10.430343 -13.041414  -0.000165 0.942012 -0.335580  0.396436 0.804210 0
beerkeg.002
0  -7.673115 7.673108 -13.400791  -0.686997 0.688943 -0.231068  0.383428 0.775514 0
0  -10.206332 4.227597 -11.405348  -0.919032 0.336608 -0.205125  0.374216 0.762616 0
0  -7.811589 7.811584 -12.527433  -0.692217 0.694674 -0.195611  0.380568 0.776329 0
beerkeg.002
0  -4.227602 10.206327 -11.405350  -0.337432 0.918741 -0.205071  0.382254 0.792366 0
0  0.000000 10.851418 -11.559395  -0.001053 0.969108 -0.246633  0.390707 0.807642 0
0  -4.152661 10.025402 -12.219415  -0.324583 0.915192 -0.238891  0.385201 0.791120 0
beerkeg.002
0  8.359676 -0.000003 -16.057745  0.553137 -0.000103 -0.833090  0.474230 0.829528 0
0  -0.032409 -0.038659 -17.859465  -0.000565 -0.000674 -1.000000  0.452243 0.821037 0
0  7.723334 3.199106 -16.516708  0.527763 0.023964 -0.849053  0.451639 0.823614 0
beerkeg.002
0  -10.025406 4.152656 -12.219414  -0.915387 0.323756 -0.239265  0.377044 0.762223 0
0  -11.047254 -0.000002 -10.781294  -0.976776 -0.001166 -0.214259  0.371001 0.748068 0
0  -10.206332 4.227597 -11.405348  -0.919032 0.336608 -0.205125  0.374216 0.762616 0
beerkeg.002
0  0.000000 10.430343 -13.041414  -0.000165 0.942012 -0.335580  0.396436 0.804210 0
0  3.887958 9.386352 -14.340224  0.240772 0.853824 -0.461534  0.411761 0.815376 0
0  0.000000 10.159715 -13.687181  0.000400 0.896254 -0.443540  0.398997 0.802564 0
beerkeg.002
0  -7.531172 7.531165 -14.217872  -0.679546 0.680790 -0.273391  0.386052 0.774734 0
0  -10.025406 4.152656 -12.219414  -0.915387 0.323756 -0.239265  0.377044 0.762223 0
0  -7.673115 7.673108 -13.400791  -0.686997 0.688943 -0.231068  0.383428 0.775514 0
beerkeg.002
0  -4.152661 10.025402 -12.219415  -0.324583 0.915192 -0.238891  0.385201 0.791120 0
0  0.000000 10.650679 -12.331964  -0.000649 0.962656 -0.270728  0.393694 0.805895 0
0  -4.075841 9.839944 -13.010058  -0.313112 0.910721 -0.269346  0.388020 0.789848 0
beerkeg.002
0  -0.032409 -0.038659 -17.859465  -0.000565 -0.000674 -1.000000  0.395941 0.759761 0
0  -7.723334 3.199106 -16.516708  -0.528441 0.025780 -0.848579  0.394407 0.759905 0
0  -5.911185 5.911179 -17.440550  -0.277717 0.277022 -0.919854  0.398070 0.770757 0
beerkeg.002
0  8.706594 -0.000003 -15.652540  0.757839 -0.000000 -0.652441  0.474168 0.833689 0
0  7.723334 3.199106 -16.516708  0.527763 0.023964 -0.849053  0.451639 0.823614 0
0  8.043845 3.331866 -16.149446  0.720841 0.134293 -0.679966  0.450817 0.826708 0
beerkeg.002
0  -9.839949 4.075837 -13.010056  -0.910837 0.312497 -0.269671  0.379785 0.761845 0
0  -10.851420 -0.000002 -11.559393  -0.969108 -0.001052 -0.246634  0.373775 0.747982 0
0  -10.025406 4.152656 -12.219414  -0.915387 0.323756 -0.239265  0.377044 0.762223 0
beerkeg.002
0  0.000000 10.159715 -13.687181  0.000400 0.896254 -0.443540  0.398997 0.802564 0
0  3.759250 9.075625 -14.862957  0.189504 0.799347 -0.570204  0.413930 0.813411 0
0  0.000000 9.823389 -14.244112  0.000904 0.837194 -0.546905  0.401367 0.800978 0
beerkeg.002
0  -7.375371 7.375363 -14.922699  -0.658639 0.659338 -0.362585  0.388310 0.774038 0
0  -9.839949 4.075837 -13.010056  -0.910837 0.312497 -0.269671  0.379785 0.761845 0
0  -7.531172 7.531165 -14.217872  -0.679546 0.680790 -0.273391  0.386052 0.774734 0
beerkeg.002
0  -4.075841 9.839944 -13.010058  -0.313112 0.910721 -0.269346  0.388020 0.789848 0
0  0.000000 10.430343 -13.041414  -0.000165 0.942012 -0.335580  0.396436 0.804210 0
0  -3.991522 9.636378 -13.716649  -0.287359 0.894317 -0.342961  0.390540 0.788641 0
beerkeg.002
0  -0.032409 -0.038659 -17.859465  -0.000565 -0.000674 -1.000000  0.395136 0.734827 0
0  -7.723334 -3.199111 -16.516708  -0.527205 -0.024825 -0.849375  0.393598 0.734782 0
0  -8.359676 -0.000003 -16.057745  -0.553240 0.001056 -0.833021  0.392485 0.747388 0
beerkeg.002
0  -0.032409 -0.038659 -17.859465  -0.000565 -0.000674 -1.000000  0.397689 0.724068 0
0  -5.911185 -5.911184 -17.440546  -0.276816 -0.278120 -0.919795  0.396547 0.723735 0
0  -7.723334 -3.199111 -16.516708  -0.527205 -0.024825 -0.849375  0.393598 0.734782 0
beerkeg.002
0  -0.032409 -0.038659 -17.859465  -0.000565 -0.000674 -1.000000  0.401532 0.713105 0
0  -3.199111 -7.723336 -16.516706  -0.025672 -0.528100 -0.848794  0.400086 0.712240 0
0  -5.911185 -5.911184 -17.440546  -0.276816 -0.278120 -0.919795  0.396547 0.723735 0
beerkeg.002
0  -0.032409 -0.038659 -17.859465  -0.000565 -0.000674 -1.000000  0.408548 0.700376 0
0  0.000000 -8.359678 -16.057743  -0.001245 -0.553293 -0.832986  0.406816 0.699168 0
0  -3.199111 -7.723336 -16.516706  -0.025672 -0.528100 -0.848794  0.400086 0.712240 0
beerkeg.002
0  -0.032409 -0.038659 -17.859465  -0.000565 -0.000674 -1.000000  0.419290 0.688421 0
0  3.199111 -7.723336 -16.516706  0.024994 -0.527661 -0.849087  0.417694 0.687088 0
0  0.000000 -8.359678 -16.057743  -0.001245 -0.553293 -0.832986  0.406816 0.699168 0
beerkeg.002
0  -0.032409 -0.038659 -17.859465  -0.000565 -0.000674 -1.000000  0.431632 0.678962 0
0  5.911185 -5.911184 -17.440546  0.278400 -0.276369 -0.919845  0.430661 0.677510 0
0  3.199111 -7.723336 -16.516706  0.024994 -0.527661 -0.849087  0.417694 0.687088 0
beerkeg.002
0  -0.032409 -0.038659 -17.859465  -0.000565 -0.000674 -1.000000  0.447013 0.670156 0
0  7.723334 -3.199111 -16.516708  0.527431 -0.025339 -0.849220  0.446237 0.667641 0
0  5.911185 -5.911184 -17.440546  0.278400 -0.276369 -0.919845  0.430661 0.677510 0
beerkeg.002
0  -5.911185 5.911179 -17.440550  -0.277717 0.277022 -0.919854  0.398070 0.770757 0
0  -8.043845 3.331866 -16.149446  -0.720358 0.135902 -0.680158  0.392578 0.760095 0
0  -6.156493 6.156486 -17.131422  -0.472826 0.470454 -0.745056  0.396719 0.771240 0
beerkeg.002
0  9.115719 -0.000002 -15.177500  0.771132 -0.000000 -0.636675  0.473937 0.838688 0
0  8.043845 3.331866 -16.149446  0.720841 0.134293 -0.679966  0.450817 0.826708 0
0  8.421825 3.488430 -15.719165  0.734237 0.141919 -0.663894  0.449680 0.830295 0
beerkeg.002
0  -0.032409 -0.038659 -17.859465  -0.000565 -0.000674 -1.000000  0.468439 0.663526 0
0  8.359676 -0.000003 -16.057745  0.553137 -0.000103 -0.833090  0.468238 0.660206 0
0  7.723334 -3.199111 -16.516708  0.527431 -0.025339 -0.849220  0.446237 0.667641 0
beerkeg.002
0  -9.636383 3.991517 -13.716647  -0.894409 0.286717 -0.343258  0.382267 0.761508 0
0  -10.650682 -0.000002 -12.331964  -0.962656 -0.000649 -0.270727  0.376530 0.747896 0
0  -9.839949 4.075837 -13.010056  -0.910837 0.312497 -0.269671  0.379785 0.761845 0
beerkeg.002
0  0.000000 9.823389 -14.244112  0.000904 0.837194 -0.546905  0.401367 0.800978 0
0  3.625568 8.752888 -15.309019  0.159485 0.761427 -0.628326  0.415889 0.811582 0
0  0.000000 9.474058 -14.727910  0.001240 0.798301 -0.602257  0.403535 0.799470 0
beerkeg.002
0  -0.032409 -0.038659 -17.859465  -0.000565 -0.000674 -1.000000  0.436206 0.813265 0
0  5.911185 5.911179 -17.440550  0.276581 0.278001 -0.919901  0.435331 0.814788 0
0  7.723334 3.199106 -16.516708  0.527763 0.023964 -0.849053  0.451639 0.823614 0
beerkeg.002
0  -7.184007 7.184000 -15.523471  -0.612030 0.612271 -0.500544  0.390296 0.773408 0
0  -9.636383 3.991517 -13.716647  -0.894409 0.286717 -0.343258  0.382267 0.761508 0
0  -7.375371 7.375363 -14.922699  -0.658639 0.659338 -0.362585  0.388310 0.774038 0
beerkeg.002
0  -3.991522 9.636378 -13.716649  -0.287359 0.894317 -0.342961  0.390540 0.788641 0
0  0.000000 10.159715 -13.687181  0.000400 0.896254 -0.443540  0.398997 0.802564 0
0  -3.887958 9.386352 -14.340224  -0.241281 0.853760 -0.461386  0.392833 0.787489 0
beerkeg.002
0  -8.359676 -0.000003 -16.057745  -0.553240 0.001056 -0.833021  0.392485 0.747388 0
0  -8.043845 -3.331871 -16.149446  -0.720330 -0.135923 -0.680183  0.391762 0.734710 0
0  -8.706594 -0.000003 -15.652540  -0.757779 0.001758 -0.652509  0.390426 0.747455 0
beerkeg.002
0  -0.032409 -0.038659 -17.859465  -0.000565 -0.000674 -1.000000  0.394219 0.747333 0
0  -8.359676 -0.000003 -16.057745  -0.553240 0.001056 -0.833021  0.392485 0.747388 0
0  -7.723334 3.199106 -16.516708  -0.528441 0.025780 -0.848579  0.394407 0.759905 0
beerkeg.002
0  -7.723334 -3.199111 -16.516708  -0.527205 -0.024825 -0.849375  0.393598 0.734782 0
0  -6.156493 -6.156491 -17.131418  -0.470456 -0.472827 -0.745054  0.395171 0.723341 0
0  -8.043845 -3.331871 -16.149446  -0.720330 -0.135923 -0.680183  0.391762 0.734710 0
beerkeg.002
0  -5.911185 -5.911184 -17.440546  -0.276816 -0.278120 -0.919795  0.396547 0.723735 0
0  -3.331871 -8.043844 -16.149445  -0.135901 -0.720356 -0.680161  0.398330 0.711248 0
0  -6.156493 -6.156491 -17.131418  -0.470456 -0.472827 -0.745054  0.395171 0.723341 0
beerkeg.002
0  -3.199111 -7.723336 -16.516706  -0.025672 -0.528100 -0.848794  0.400086 0.712240 0
0  0.000000 -8.706597 -15.652538  -0.001758 -0.757778 -0.652510  0.404729 0.697764 0
0  -3.331871 -8.043844 -16.149445  -0.135901 -0.720356 -0.680161  0.398330 0.711248 0
beerkeg.002
0  0.000000 -8.359678 -16.057743  -0.001245 -0.553293 -0.832986  0.406816 0.699168 0
0  3.331871 -8.043844 -16.149445  0.135923 -0.720330 -0.680184  0.415780 0.685501 0
0  0.000000 -8.706597 -15.652538  -0.001758 -0.757778 -0.652510  0.404729 0.697764 0
beerkeg.002
0  3.199111 -7.723336 -16.516706  0.024994 -0.527661 -0.849087  0.417694 0.687088 0
0  6.156493 -6.156491 -17.131418  0.472826 -0.470454 -0.745056  0.429462 0.675773 0
0  3.331871 -8.043844 -16.149445  0.135923 -0.720330 -0.680184  0.415780 0.685501 0
beerkeg.002
0  5.911185 -5.911184 -17.440546  0.278400 -0.276369 -0.919845  0.430661 0.677510 0
0  8.043845 -3.331871 -16.149446  0.720357 -0.135903 -0.680158  0.445209 0.664628 0
0  6.156493 -6.156491 -17.131418  0.472826 -0.470454 -0.745056  0.429462 0.675773 0
beerkeg.002
0  8.043845 3.331866 -16.149446  0.720841 0.134293 -0.679966  0.450817 0.826708 0
0  6.445788 6.445781 -16.765215  0.486292 0.485712 -0.726363  0.432932 0.818740 0
0  8.421825 3.488430 -15.719165  0.734237 0.141919 -0.663894  0.449680 0.830295 0
beerkeg.002
0  9.075631 3.759245 -14.862954  0.799246 0.189553 -0.570329  0.447264 0.836841 0
0  6.699175 6.699169 -16.407494  0.516178 0.515220 -0.684185  0.431651 0.820724 0
0  6.946188 6.946181 -16.007765  0.556006 0.555698 -0.618107  0.430259 0.822795 0
beerkeg.002
0  7.723334 -3.199111 -16.516708  0.527431 -0.025339 -0.849220  0.446237 0.667641 0
0  8.706594 -0.000003 -15.652540  0.757839 -0.000000 -0.652441  0.467885 0.656084 0
0  8.043845 -3.331871 -16.149446  0.720357 -0.135903 -0.680158  0.445209 0.664628 0
beerkeg.002
0  3.199111 7.723330 -16.516710  0.025451 0.527773 -0.849004  0.421675 0.806062 0
0  5.911185 5.911179 -17.440550  0.276581 0.278001 -0.919901  0.435331 0.814788 0
0  -0.032409 -0.038659 -17.859465  -0.000565 -0.000674 -1.000000  0.423186 0.804617 0
beerkeg.002
0  -9.386356 3.887953 -14.340221  -0.853864 0.240463 -0.461622  0.384552 0.761196 0
0  -10.430346 -0.000002 -13.041412  -0.942012 -0.000166 -0.335580  0.379102 0.747815 0
0  -9.636383 3.991517 -13.716647  -0.894409 0.286717 -0.343258  0.382267 0.761508 0
beerkeg.002
0  0.000000 9.474058 -14.727910  0.001240 0.798301 -0.602257  0.403535 0.799470 0
0  3.488436 8.421821 -15.719167  0.141185 0.734237 -0.664051  0.417777 0.809789 0
0  0.000000 9.115715 -15.177502  0.001541 0.771188 -0.636605  0.405635 0.797957 0
beerkeg.002
0  7.723334 3.199106 -16.516708  0.527763 0.023964 -0.849053  0.451639 0.823614 0
0  6.156493 6.156486 -17.131422  0.470667 0.472019 -0.745433  0.434247 0.816612 0
0  8.043845 3.331866 -16.149446  0.720841 0.134293 -0.679966  0.450817 0.826708 0
beerkeg.002
0  -6.946188 6.946181 -16.007765  -0.556006 0.555698 -0.618107  0.392055 0.772835 0
0  -9.386356 3.887953 -14.340221  -0.853864 0.240463 -0.461622  0.384552 0.761196 0
0  -7.184007 7.184000 -15.523471  -0.612030 0.612271 -0.500544  0.390296 0.773408 0
beerkeg.002
0  -3.887958 9.386352 -14.340224  -0.241281 0.853760 -0.461386  0.392833 0.787489 0
0  0.000000 9.823389 -14.244112  0.000904 0.837194 -0.546905  0.401367 0.800978 0
0  -3.759250 9.075625 -14.862957  -0.190438 0.799148 -0.570171  0.394926 0.786407 0
beerkeg.002
0  -8.706594 -0.000003 -15.652540  -0.757779 0.001758 -0.652509  0.390426 0.747455 0
0  -8.421825 -3.488436 -15.719163  -0.733886 -0.142725 -0.664109  0.389646 0.734577 0
0  -9.115719 -0.000002 -15.177500  -0.771187 0.001541 -0.636606  0.388067 0.747530 0
beerkeg.002
0  -7.723334 3.199106 -16.516708  -0.528441 0.025780 -0.848579  0.394407 0.759905 0
0  -8.706594 -0.000003 -15.652540  -0.757779 0.001758 -0.652509  0.390426 0.747455 0
0  -8.043845 3.331866 -16.149446  -0.720358 0.135902 -0.680158  0.392578 0.760095 0
beerkeg.002
0  -8.043845 -3.331871 -16.149446  -0.720330 -0.135923 -0.680183  0.391762 0.734710 0
0  -6.445788 -6.445787 -16.765211  -0.484838 -0.486582 -0.726753  0.393553 0.722890 0
0  -8.421825 -3.488436 -15.719163  -0.733886 -0.142725 -0.664109  0.389646 0.734577 0
beerkeg.002
0  -6.156493 -6.156491 -17.131418  -0.470456 -0.472827 -0.745054  0.395171 0.723341 0
0  -3.488436 -8.421826 -15.719165  -0.142220 -0.733819 -0.664291  0.396252 0.710180 0
0  -6.445788 -6.445787 -16.765211  -0.484838 -0.486582 -0.726753  0.393553 0.722890 0
beerkeg.002
0  -3.331871 -8.043844 -16.149445  -0.135901 -0.720356 -0.680161  0.398330 0.711248 0
0  0.000000 -9.115721 -15.177498  -0.001541 -0.771189 -0.636605  0.402302 0.696196 0
0  -3.488436 -8.421826 -15.719165  -0.142220 -0.733819 -0.664291  0.396252 0.710180 0
beerkeg.002
0  0.000000 -8.706597 -15.652538  -0.001758 -0.757778 -0.652510  0.404729 0.697764 0
0  3.488436 -8.421826 -15.719165  0.142725 -0.733886 -0.664109  0.413577 0.683648 0
0  0.000000 -9.115721 -15.177498  -0.001541 -0.771189 -0.636605  0.402302 0.696196 0
beerkeg.002
0  3.331871 -8.043844 -16.149445  0.135923 -0.720330 -0.680184  0.415780 0.685501 0
0  6.445788 -6.445787 -16.765211  0.486582 -0.484837 -0.726754  0.428013 0.673751 0
0  3.488436 -8.421826 -15.719165  0.142725 -0.733886 -0.664109  0.413577 0.683648 0
beerkeg.002
0  6.156493 -6.156491 -17.131418  0.472826 -0.470454 -0.745056  0.429462 0.675773 0
0  8.421825 -3.488436 -15.719163  0.733822 -0.142221 -0.664288  0.443834 0.661150 0
0  6.445788 -6.445787 -16.765211  0.486582 -0.484837 -0.726754  0.428013 0.673751 0
beerkeg.002
0  -9.823392 -0.000002 -14.244110  -0.837194 0.000903 -0.546906  0.383838 0.747665 0
0  -9.386356 -3.887957 -14.340219  -0.853760 -0.241281 -0.461386  0.383694 0.734125 0
0  -10.159718 -0.000002 -13.687180  -0.896254 0.000400 -0.443541  0.381543 0.747738 0
beerkeg.002
0  9.386356 3.887953 -14.340221  0.853864 0.240462 -0.461622  0.445730 0.840462 0
0  6.946188 6.946181 -16.007765  0.556006 0.555698 -0.618107  0.430259 0.822795 0
0  7.184007 7.184000 -15.523471  0.612030 0.612271 -0.500544  0.428659 0.825078 0
beerkeg.002
0  8.043845 -3.331871 -16.149446  0.720357 -0.135903 -0.680158  0.445209 0.664628 0
0  9.115719 -0.000002 -15.177500  0.771132 -0.000000 -0.636675  0.467304 0.651142 0
0  8.421825 -3.488436 -15.719163  0.733822 -0.142221 -0.664288  0.443834 0.661150 0
beerkeg.002
0  3.331871 8.043839 -16.149448  0.134649 0.720347 -0.680419  0.419862 0.807782 0
0  5.911185 5.911179 -17.440550  0.276581 0.278001 -0.919901  0.435331 0.814788 0
0  3.199111 7.723330 -16.516710  0.025451 0.527773 -0.849004  0.421675 0.806062 0
beerkeg.002
0  -9.075631 3.759245 -14.862954  -0.799246 0.189553 -0.570329  0.386654 0.760895 0
0  -10.159718 -0.000002 -13.687180  -0.896254 0.000400 -0.443541  0.381543 0.747738 0
0  -9.386356 3.887953 -14.340221  -0.853864 0.240463 -0.461622  0.384552 0.761196 0
beerkeg.002
0  0.000000 9.115715 -15.177502  0.001541 0.771188 -0.636605  0.405635 0.797957 0
0  3.331871 8.043839 -16.149448  0.134649 0.720347 -0.680419  0.419862 0.807782 0
0  0.000000 8.706592 -15.652540  0.001758 0.757778 -0.652509  0.407964 0.796225 0
beerkeg.002
0  -6.699175 6.699169 -16.407494  -0.516178 0.515219 -0.684185  0.393633 0.772308 0
0  -9.075631 3.759245 -14.862954  -0.799246 0.189553 -0.570329  0.386654 0.760895 0
0  -6.946188 6.946181 -16.007765  -0.556006 0.555698 -0.618107  0.392055 0.772835 0
beerkeg.002
0  -3.759250 9.075625 -14.862957  -0.190438 0.799148 -0.570171  0.394926 0.786407 0
0  0.000000 9.474058 -14.727910  0.001240 0.798301 -0.602257  0.403535 0.799470 0
0  -3.625568 8.752888 -15.309019  -0.160712 0.761132 -0.628370  0.396828 0.785381 0
beerkeg.002
0  -9.115719 -0.000002 -15.177500  -0.771187 0.001541 -0.636606  0.388067 0.747530 0
0  -8.752892 -3.625567 -15.309017  -0.761132 -0.160712 -0.628371  0.387750 0.734442 0
0  -9.474061 -0.000002 -14.727908  -0.798301 0.001240 -0.602258  0.385971 0.747597 0
beerkeg.002
0  -8.043845 3.331866 -16.149446  -0.720358 0.135902 -0.680158  0.392578 0.760095 0
0  -9.115719 -0.000002 -15.177500  -0.771187 0.001541 -0.636606  0.388067 0.747530 0
0  -8.421825 3.488430 -15.719165  -0.733822 0.142220 -0.664289  0.390471 0.760364 0
beerkeg.002
0  -8.421825 -3.488436 -15.719163  -0.733886 -0.142725 -0.664109  0.389646 0.734577 0
0  -6.699175 -6.699174 -16.407490  -0.515220 -0.516178 -0.684184  0.392030 0.722477 0
0  -8.752892 -3.625567 -15.309017  -0.761132 -0.160712 -0.628371  0.387750 0.734442 0
beerkeg.002
0  -6.445788 -6.445787 -16.765211  -0.484838 -0.486582 -0.726753  0.393553 0.722890 0
0  -3.625568 -8.752893 -15.309017  -0.160008 -0.761188 -0.628483  0.394366 0.709266 0
0  -6.699175 -6.699174 -16.407490  -0.515220 -0.516178 -0.684184  0.392030 0.722477 0
beerkeg.002
0  0.000000 8.359673 -16.057747  0.001073 0.552616 -0.833436  0.409963 0.794679 0
0  3.199111 7.723330 -16.516710  0.025451 0.527773 -0.849004  0.421675 0.806062 0
0  -0.032409 -0.038659 -17.859465  -0.000565 -0.000674 -1.000000  0.411619 0.793355 0
beerkeg.002
0  -3.488436 -8.421826 -15.719165  -0.142220 -0.733819 -0.664291  0.396252 0.710180 0
0  0.000000 -9.474064 -14.727906  -0.001240 -0.798302 -0.602257  0.400117 0.694831 0
0  -3.625568 -8.752893 -15.309017  -0.160008 -0.761188 -0.628483  0.394366 0.709266 0
beerkeg.002
0  -0.032409 -0.038659 -17.859465  -0.000565 -0.000674 -1.000000  0.403751 0.781069 0
0  -3.199111 7.723330 -16.516710  -0.024519 0.526610 -0.849753  0.402360 0.782030 0
0  0.000000 8.359673 -16.057747  0.001073 0.552616 -0.833436  0.409963 0.794679 0
beerkeg.002
0  0.000000 -9.115721 -15.177498  -0.001541 -0.771189 -0.636605  0.402302 0.696196 0
0  3.625568 -8.752893 -15.309017  0.160713 -0.761133 -0.628369  0.411584 0.681994 0
0  0.000000 -9.474064 -14.727906  -0.001240 -0.798302 -0.602257  0.400117 0.694831 0
beerkeg.002
0  3.488436 -8.421826 -15.719165  0.142725 -0.733886 -0.664109  0.413577 0.683648 0
0  6.699175 -6.699174 -16.407490  0.516177 -0.515219 -0.684186  0.426609 0.671870 0
0  3.625568 -8.752893 -15.309017  0.160713 -0.761133 -0.628369  0.411584 0.681994 0
beerkeg.002
0  6.445788 -6.445787 -16.765211  0.486582 -0.484837 -0.726754  0.428013 0.673751 0
0  8.752892 -3.625567 -15.309017  0.761187 -0.160007 -0.628484  0.442490 0.658028 0
0  6.699175 -6.699174 -16.407490  0.516177 -0.515219 -0.684186  0.426609 0.671870 0
beerkeg.002
0  -10.159718 -0.000002 -13.687180  -0.896254 0.000400 -0.443541  0.381543 0.747738 0
0  -9.636383 -3.991521 -13.716645  -0.894317 -0.287359 -0.342961  0.381397 0.733959 0
0  -10.430346 -0.000002 -13.041412  -0.942012 -0.000166 -0.335580  0.379102 0.747815 0
beerkeg.002
0  9.636383 3.991517 -13.716647  0.894409 0.286717 -0.343258  0.443928 0.844409 0
0  7.184007 7.184000 -15.523471  0.612030 0.612271 -0.500544  0.428659 0.825078 0
0  7.375371 7.375363 -14.922699  0.658639 0.659339 -0.362585  0.426788 0.827625 0
beerkeg.002
0  8.421825 -3.488436 -15.719163  0.733822 -0.142221 -0.664288  0.443834 0.661150 0
0  9.474061 -0.000002 -14.727908  0.798269 0.000000 -0.602302  0.466595 0.646637 0
0  8.752892 -3.625567 -15.309017  0.761187 -0.160007 -0.628484  0.442490 0.658028 0
beerkeg.002
0  -3.331871 8.043839 -16.149448  -0.135922 0.720330 -0.680183  0.400668 0.783138 0
0  -6.445788 6.445781 -16.765215  -0.486582 0.484837 -0.726754  0.395130 0.771796 0
0  -3.488436 8.421821 -15.719167  -0.142725 0.733886 -0.664110  0.398657 0.784342 0
beerkeg.002
0  -8.752892 3.625563 -15.309019  -0.761188 0.160006 -0.628483  0.388586 0.760620 0
0  -9.823392 -0.000002 -14.244110  -0.837194 0.000903 -0.546906  0.383838 0.747665 0
0  -9.075631 3.759245 -14.862954  -0.799246 0.189553 -0.570329  0.386654 0.760895 0
beerkeg.002
0  8.752892 3.625563 -15.309019  0.761188 0.160006 -0.628483  0.448549 0.833523 0
0  6.445788 6.445781 -16.765215  0.486292 0.485712 -0.726363  0.432932 0.818740 0
0  6.699175 6.699169 -16.407494  0.516178 0.515220 -0.684185  0.431651 0.820724 0
beerkeg.002
0  3.331871 8.043839 -16.149448  0.134649 0.720347 -0.680419  0.419862 0.807782 0
0  6.445788 6.445781 -16.765215  0.486292 0.485712 -0.726363  0.432932 0.818740 0
0  6.156493 6.156486 -17.131422  0.470667 0.472019 -0.745433  0.434247 0.816612 0
beerkeg.002
0  -6.445788 6.445781 -16.765215  -0.486582 0.484837 -0.726754  0.395130 0.771796 0
0  -8.752892 3.625563 -15.309019  -0.761188 0.160006 -0.628483  0.388586 0.760620 0
0  -6.699175 6.699169 -16.407494  -0.516178 0.515219 -0.684185  0.393633 0.772308 0
beerkeg.002
0  -3.625568 8.752888 -15.309019  -0.160712 0.761132 -0.628370  0.396828 0.785381 0
0  0.000000 9.115715 -15.177502  0.001541 0.771188 -0.636605  0.405635 0.797957 0
0  -3.488436 8.421821 -15.719167  -0.142725 0.733886 -0.664110  0.398657 0.784342 0
beerkeg.002
0  0.000000 8.706592 -15.652540  0.001758 0.757778 -0.652509  0.407964 0.796225 0
0  -3.488436 8.421821 -15.719167  -0.142725 0.733886 -0.664110  0.398657 0.784342 0
0  0.000000 9.115715 -15.177502  0.001541 0.771188 -0.636605  0.405635 0.797957 0
beerkeg.002
0  -6.156493 6.156486 -17.131422  -0.472826 0.470454 -0.745056  0.396719 0.771240 0
0  -8.421825 3.488430 -15.719165  -0.733822 0.142220 -0.664289  0.390471 0.760364 0
0  -6.445788 6.445781 -16.765215  -0.486582 0.484837 -0.726754  0.395130 0.771796 0
beerkeg.002
0  -8.752892 -3.625567 -15.309017  -0.761132 -0.160712 -0.628371  0.387750 0.734442 0
0  -6.946188 -6.946186 -16.007761  -0.555700 -0.556006 -0.618106  0.390425 0.722054 0
0  -9.075631 -3.759250 -14.862952  -0.799149 -0.190438 -0.570171  0.385807 0.734292 0
beerkeg.002
0  -6.699175 -6.699174 -16.407490  -0.515220 -0.516178 -0.684184  0.392030 0.722477 0
0  -3.759250 -9.075631 -14.862953  -0.189553 -0.799246 -0.570328  0.392410 0.708369 0
0  -6.946188 -6.946186 -16.007761  -0.555700 -0.556006 -0.618106  0.390425 0.722054 0
beerkeg.002
0  0.000000 8.706592 -15.652540  0.001758 0.757778 -0.652509  0.407964 0.796225 0
0  3.199111 7.723330 -16.516710  0.025451 0.527773 -0.849004  0.421675 0.806062 0
0  0.000000 8.359673 -16.057747  0.001073 0.552616 -0.833436  0.409963 0.794679 0
beerkeg.002
0  -3.625568 -8.752893 -15.309017  -0.160008 -0.761188 -0.628483  0.394366 0.709266 0
0  0.000000 -9.823393 -14.244108  -0.000903 -0.837194 -0.546905  0.397866 0.693475 0
0  -3.759250 -9.075631 -14.862953  -0.189553 -0.799246 -0.570328  0.392410 0.708369 0
beerkeg.002
0  0.000000 8.359673 -16.057747  0.001073 0.552616 -0.833436  0.409963 0.794679 0
0  -3.331871 8.043839 -16.149448  -0.135922 0.720330 -0.680183  0.400668 0.783138 0
0  0.000000 8.706592 -15.652540  0.001758 0.757778 -0.652509  0.407964 0.796225 0
beerkeg.002
0  0.000000 -9.474064 -14.727906  -0.001240 -0.798302 -0.602257  0.400117 0.694831 0
0  3.759250 -9.075631 -14.862953  0.190439 -0.799150 -0.570168  0.409519 0.680310 0
0  0.000000 -9.823393 -14.244108  -0.000903 -0.837194 -0.546905  0.397866 0.693475 0
beerkeg.002
0  3.625568 -8.752893 -15.309017  0.160713 -0.761133 -0.628369  0.411584 0.681994 0
0  6.946188 -6.946186 -16.007761  0.556007 -0.555697 -0.618108  0.425089 0.669910 0
0  3.759250 -9.075631 -14.862953  0.190439 -0.799150 -0.570168  0.409519 0.680310 0
beerkeg.002
0  6.699175 -6.699174 -16.407490  0.516177 -0.515219 -0.684186  0.426609 0.671870 0
0  9.075631 -3.759250 -14.862952  0.799246 -0.189554 -0.570329  0.440989 0.654827 0
0  6.946188 -6.946186 -16.007761  0.556007 -0.555697 -0.618108  0.425089 0.669910 0
beerkeg.002
0  -10.430346 -0.000002 -13.041412  -0.942012 -0.000166 -0.335580  0.379102 0.747815 0
0  -9.839949 -4.075840 -13.010055  -0.910721 -0.313112 -0.269347  0.378902 0.733779 0
0  -10.650682 -0.000002 -12.331964  -0.962656 -0.000649 -0.270727  0.376530 0.747896 0
beerkeg.002
0  9.839949 4.075837 -13.010056  0.910836 0.312497 -0.269671  0.441771 0.848696 0
0  7.375371 7.375363 -14.922699  0.658639 0.659339 -0.362585  0.426788 0.827625 0
0  7.531172 7.531165 -14.217872  0.679546 0.680790 -0.273391  0.424580 0.830481 0
beerkeg.002
0  8.752892 -3.625567 -15.309017  0.761187 -0.160007 -0.628484  0.442490 0.658028 0
0  9.823392 -0.000002 -14.244110  0.837141 0.000000 -0.546987  0.465681 0.641925 0
0  9.075631 -3.759250 -14.862952  0.799246 -0.189554 -0.570329  0.440989 0.654827 0
beerkeg.002
0  -8.421825 3.488430 -15.719165  -0.733822 0.142220 -0.664289  0.390471 0.760364 0
0  -9.474061 -0.000002 -14.727908  -0.798301 0.001240 -0.602258  0.385971 0.747597 0
0  -8.752892 3.625563 -15.309019  -0.761188 0.160006 -0.628483  0.388586 0.760620 0
beerkeg.002
0  -9.474061 -0.000002 -14.727908  -0.798301 0.001240 -0.602258  0.385971 0.747597 0
0  -9.075631 -3.759250 -14.862952  -0.799149 -0.190438 -0.570171  0.385807 0.734292 0
0  -9.823392 -0.000002 -14.244110  -0.837194 0.000903 -0.546906  0.383838 0.747665 0
beerkeg.002
0  3.488436 8.421821 -15.719167  0.141185 0.734237 -0.664051  0.417777 0.809789 0
0  6.699175 6.699169 -16.407494  0.516178 0.515220 -0.684185  0.431651 0.820724 0
0  6.445788 6.445781 -16.765215  0.486292 0.485712 -0.726363  0.432932 0.818740 0
beerkeg.002
0  8.421825 3.488430 -15.719165  0.734237 0.141919 -0.663894  0.449680 0.830295 0
0  9.474061 -0.000002 -14.727908  0.798269 0.000000 -0.602302  0.473546 0.843261 0
0  9.115719 -0.000002 -15.177500  0.771132 -0.000000 -0.636675  0.473937 0.838688 0
beerkeg.002
0  -9.075631 -3.759250 -14.862952  -0.799149 -0.190438 -0.570171  0.385807 0.734292 0
0  -7.184007 -7.184005 -15.523469  -0.612270 -0.612030 -0.500544  0.388638 0.721596 0
0  -9.386356 -3.887957 -14.340219  -0.853760 -0.241281 -0.461386  0.383694 0.734125 0
beerkeg.002
0  -6.946188 -6.946186 -16.007761  -0.555700 -0.556006 -0.618106  0.390425 0.722054 0
0  -3.887958 -9.386355 -14.340220  -0.240463 -0.853864 -0.461621  0.390259 0.707428 0
0  -7.184007 -7.184005 -15.523469  -0.612270 -0.612030 -0.500544  0.388638 0.721596 0
beerkeg.002
0  -3.759250 -9.075631 -14.862953  -0.189553 -0.799246 -0.570328  0.392410 0.708369 0
0  0.000000 -10.159719 -13.687177  -0.000400 -0.896254 -0.443540  0.395410 0.692054 0
0  -3.887958 -9.386355 -14.340220  -0.240463 -0.853864 -0.461621  0.390259 0.707428 0
beerkeg.002
0  0.000000 -9.823393 -14.244108  -0.000903 -0.837194 -0.546905  0.397866 0.693475 0
0  3.887958 -9.386355 -14.340220  0.241281 -0.853761 -0.461384  0.407237 0.678503 0
0  0.000000 -10.159719 -13.687177  -0.000400 -0.896254 -0.443540  0.395410 0.692054 0
beerkeg.002
0  3.759250 -9.075631 -14.862953  0.190439 -0.799150 -0.570168  0.409519 0.680310 0
0  7.184007 -7.184005 -15.523469  0.612030 -0.612270 -0.500545  0.423347 0.667754 0
0  3.887958 -9.386355 -14.340220  0.241281 -0.853761 -0.461384  0.407237 0.678503 0
beerkeg.002
0  6.946188 -6.946186 -16.007761  0.556007 -0.555697 -0.618108  0.425089 0.669910 0
0  9.386356 -3.887957 -14.340219  0.853864 -0.240463 -0.461621  0.439219 0.651345 0
0  7.184007 -7.184005 -15.523469  0.612030 -0.612270 -0.500545  0.423347 0.667754 0
beerkeg.002
0  -10.650682 -0.000002 -12.331964  -0.962656 -0.000649 -0.270727  0.376530 0.747896 0
0  -10.025406 -4.152659 -12.219412  -0.915192 -0.324583 -0.238892  0.376147 0.733575 0
0  -10.851420 -0.000002 -11.559393  -0.969108 -0.001052 -0.246634  0.373775 0.747982 0
beerkeg.002
0  10.025406 4.152656 -12.219414  0.915387 0.323756 -0.239265  0.439130 0.853403 0
0  7.531172 7.531165 -14.217872  0.679546 0.680790 -0.273391  0.424580 0.830481 0
0  7.673115 7.673108 -13.400791  0.686997 0.688943 -0.231068  0.421906 0.833742 0
beerkeg.002
0  9.075631 -3.759250 -14.862952  0.799246 -0.189554 -0.570329  0.440989 0.654827 0
0  10.159718 -0.000002 -13.687180  0.896177 -0.000000 -0.443698  0.464443 0.636716 0
0  9.386356 -3.887957 -14.340219  0.853864 -0.240463 -0.461621  0.439219 0.651345 0
beerkeg.002
0  -3.488436 8.421821 -15.719167  -0.142725 0.733886 -0.664110  0.398657 0.784342 0
0  -6.699175 6.699169 -16.407494  -0.516178 0.515219 -0.684185  0.393633 0.772308 0
0  -3.625568 8.752888 -15.309019  -0.160712 0.761132 -0.628370  0.396828 0.785381 0
beerkeg.002
0  3.625568 8.752888 -15.309019  0.159485 0.761427 -0.628326  0.415889 0.811582 0
0  6.946188 6.946181 -16.007765  0.556006 0.555698 -0.618107  0.430259 0.822795 0
0  6.699175 6.699169 -16.407494  0.516178 0.515220 -0.684185  0.431651 0.820724 0
beerkeg.002
0  8.752892 3.625563 -15.309019  0.761188 0.160006 -0.628483  0.448549 0.833523 0
0  9.823392 -0.000002 -14.244110  0.837141 0.000000 -0.546987  0.472963 0.848056 0
0  9.474061 -0.000002 -14.727908  0.798269 0.000000 -0.602302  0.473546 0.843261 0
beerkeg.002
0  -3.199111 7.723330 -16.516710  -0.024519 0.526610 -0.849753  0.402360 0.782030 0
0  -6.156493 6.156486 -17.131422  -0.472826 0.470454 -0.745056  0.396719 0.771240 0
0  -3.331871 8.043839 -16.149448  -0.135922 0.720330 -0.680183  0.400668 0.783138 0
beerkeg.002
0  -9.386356 -3.887957 -14.340219  -0.853760 -0.241281 -0.461386  0.383694 0.734125 0
0  -7.375371 -7.375368 -14.922697  -0.659338 -0.658639 -0.362585  0.386621 0.721095 0
0  -9.636383 -3.991521 -13.716645  -0.894317 -0.287359 -0.342961  0.381397 0.733959 0
beerkeg.002
0  -7.184007 -7.184005 -15.523469  -0.612270 -0.612030 -0.500544  0.388638 0.721596 0
0  -3.991522 -9.636382 -13.716645  -0.286718 -0.894409 -0.343257  0.387907 0.706430 0
0  -7.375371 -7.375368 -14.922697  -0.659338 -0.658639 -0.362585  0.386621 0.721095 0
beerkeg.002
0  -3.887958 -9.386355 -14.340220  -0.240463 -0.853864 -0.461621  0.390259 0.707428 0
0  0.000000 -10.430346 -13.041410  0.000165 -0.942012 -0.335580  0.392761 0.690586 0
0  -3.991522 -9.636382 -13.716645  -0.286718 -0.894409 -0.343257  0.387907 0.706430 0
beerkeg.002
0  0.000000 -10.159719 -13.687177  -0.000400 -0.896254 -0.443540  0.395410 0.692054 0
0  3.991522 -9.636382 -13.716645  0.287359 -0.894317 -0.342960  0.404702 0.676593 0
0  0.000000 -10.430346 -13.041410  0.000165 -0.942012 -0.335580  0.392761 0.690586 0
beerkeg.002
0  3.887958 -9.386355 -14.340220  0.241281 -0.853761 -0.461384  0.407237 0.678503 0
0  7.375371 -7.375368 -14.922697  0.658639 -0.659338 -0.362585  0.421322 0.665355 0
0  3.991522 -9.636382 -13.716645  0.287359 -0.894317 -0.342960  0.404702 0.676593 0
beerkeg.002
0  7.184007 -7.184005 -15.523469  0.612030 -0.612270 -0.500545  0.423347 0.667754 0
0  9.636383 -3.991521 -13.716645  0.894409 -0.286717 -0.343257  0.437162 0.647559 0
0  7.375371 -7.375368 -14.922697  0.658639 -0.659338 -0.362585  0.421322 0.665355 0
beerkeg.002
0  -10.851420 -0.000002 -11.559393  -0.969108 -0.001052 -0.246634  0.373775 0.747982 0
0  -10.206332 -4.227601 -11.405346  -0.918741 -0.337431 -0.205072  0.373304 0.733360 0
0  -11.047254 -0.000002 -10.781294  -0.976776 -0.001166 -0.214259  0.371001 0.748068 0
beerkeg.002
0  10.206332 4.227597 -11.405348  0.919032 0.336608 -0.205125  0.436123 0.858211 0
0  7.673115 7.673108 -13.400791  0.686997 0.688943 -0.231068  0.421906 0.833742 0
0  7.811589 7.811584 -12.527433  0.692217 0.694674 -0.195611  0.418858 0.837219 0
beerkeg.002
0  9.386356 -3.887957 -14.340219  0.853864 -0.240463 -0.461621  0.439219 0.651345 0
0  10.430346 -0.000002 -13.041412  0.941947 -0.000000 -0.335763  0.462768 0.631081 0
0  9.636383 -3.991521 -13.716645  0.894409 -0.286717 -0.343257  0.437162 0.647559 0
beerkeg.002
0  -3.625568 8.752888 -15.309019  -0.160712 0.761132 -0.628370  0.396828 0.785381 0
0  -6.946188 6.946181 -16.007765  -0.556006 0.555698 -0.618107  0.392055 0.772835 0
0  -3.759250 9.075625 -14.862957  -0.190438 0.799148 -0.570171  0.394926 0.786407 0
beerkeg.002
0  3.759250 9.075625 -14.862957  0.189504 0.799347 -0.570204  0.413930 0.813411 0
0  7.184007 7.184000 -15.523471  0.612030 0.612271 -0.500544  0.428659 0.825078 0
0  6.946188 6.946181 -16.007765  0.556006 0.555698 -0.618107  0.430259 0.822795 0
beerkeg.002
0  9.075631 3.759245 -14.862954  0.799246 0.189553 -0.570329  0.447264 0.836841 0
0  10.159718 -0.000002 -13.687180  0.896177 -0.000000 -0.443698  0.472092 0.853375 0
0  9.823392 -0.000002 -14.244110  0.837141 0.000000 -0.546987  0.472963 0.848056 0
beerkeg.002
0  -0.032409 -0.038659 -17.859465  -0.000565 -0.000674 -1.000000  0.399191 0.770350 0
0  -5.911185 5.911179 -17.440550  -0.277717 0.277022 -0.919854  0.398070 0.770757 0
0  -3.199111 7.723330 -16.516710  -0.024519 0.526610 -0.849753  0.402360 0.782030 0
beerkeg.002
0  -9.636383 -3.991521 -13.716645  -0.894317 -0.287359 -0.342961  0.381397 0.733959 0
0  -7.531172 -7.531170 -14.217870  -0.680789 -0.679546 -0.273390  0.384330 0.720547 0
0  -9.839949 -4.075840 -13.010055  -0.910721 -0.313112 -0.269347  0.378902 0.733779 0
beerkeg.002
0  -7.375371 -7.375368 -14.922697  -0.659338 -0.658639 -0.362585  0.386621 0.721095 0
0  -4.075841 -9.839948 -13.010055  -0.312497 -0.910836 -0.269672  0.385325 0.705391 0
0  -7.531172 -7.531170 -14.217870  -0.680789 -0.679546 -0.273390  0.384330 0.720547 0
beerkeg.002
0  -3.991522 -9.636382 -13.716645  -0.286718 -0.894409 -0.343257  0.387907 0.706430 0
0  0.000000 -10.650682 -12.331960  0.000649 -0.962656 -0.270727  0.389931 0.689091 0
0  -4.075841 -9.839948 -13.010055  -0.312497 -0.910836 -0.269672  0.385325 0.705391 0
beerkeg.002
0  0.000000 -10.430346 -13.041410  0.000165 -0.942012 -0.335580  0.392761 0.690586 0
0  4.075841 -9.839948 -13.010055  0.313112 -0.910722 -0.269346  0.401895 0.674562 0
0  0.000000 -10.650682 -12.331960  0.000649 -0.962656 -0.270727  0.389931 0.689091 0
beerkeg.002
0  3.991522 -9.636382 -13.716645  0.287359 -0.894317 -0.342960  0.404702 0.676593 0
0  7.531172 -7.531170 -14.217870  0.679546 -0.680789 -0.273392  0.418940 0.662674 0
0  4.075841 -9.839948 -13.010055  0.313112 -0.910722 -0.269346  0.401895 0.674562 0
beerkeg.002
0  7.375371 -7.375368 -14.922697  0.658639 -0.659338 -0.362585  0.421322 0.665355 0
0  9.839949 -4.075840 -13.010055  0.910837 -0.312497 -0.269671  0.434731 0.643462 0
0  7.531172 -7.531170 -14.217870  0.679546 -0.680789 -0.273392  0.418940 0.662674 0
beerkeg.002
0  -11.047254 -0.000002 -10.781294  -0.976776 -0.001166 -0.214259  0.371001 0.748068 0
0  -10.345191 -4.285119 -10.585291  -0.924423 -0.358161 -0.131007  0.370448 0.733149 0
0  -11.197553 -0.000002 -10.012784  -0.990520 -0.000865 -0.137369  0.368281 0.748153 0
beerkeg.002
0  10.345191 4.285115 -10.585293  0.924677 0.357633 -0.130657  0.432840 0.862976 0
0  7.811589 7.811584 -12.527433  0.692217 0.694674 -0.195611  0.418858 0.837219 0
0  7.917867 7.917861 -11.613586  0.700477 0.702585 -0.125323  0.415469 0.840819 0
beerkeg.002
0  9.636383 -3.991521 -13.716645  0.894409 -0.286717 -0.343257  0.437162 0.647559 0
0  10.650682 -0.000002 -12.331964  0.962610 0.000000 -0.270890  0.460608 0.625093 0
0  9.839949 -4.075840 -13.010055  0.910837 -0.312497 -0.269671  0.434731 0.643462 0
beerkeg.002
0  -3.759250 9.075625 -14.862957  -0.190438 0.799148 -0.570171  0.394926 0.786407 0
0  -7.184007 7.184000 -15.523471  -0.612030 0.612271 -0.500544  0.390296 0.773408 0
0  -3.887958 9.386352 -14.340224  -0.241281 0.853760 -0.461386  0.392833 0.787489 0
beerkeg.002
0  3.887958 9.386352 -14.340224  0.240772 0.853824 -0.461534  0.411761 0.815376 0
0  7.375371 7.375363 -14.922699  0.658639 0.659339 -0.362585  0.426788 0.827625 0
0  7.184007 7.184000 -15.523471  0.612030 0.612271 -0.500544  0.428659 0.825078 0
beerkeg.002
0  9.386356 3.887953 -14.340221  0.853864 0.240462 -0.461622  0.445730 0.840462 0
0  10.430346 -0.000002 -13.041412  0.941947 -0.000000 -0.335763  0.470812 0.859155 0
0  10.159718 -0.000002 -13.687180  0.896177 -0.000000 -0.443698  0.472092 0.853375 0
beerkeg.002
0  -9.839949 -4.075840 -13.010055  -0.910721 -0.313112 -0.269347  0.378902 0.733779 0
0  -7.673115 -7.673113 -13.400789  -0.688943 -0.686997 -0.231066  0.381669 0.719937 0
0  -10.025406 -4.152659 -12.219412  -0.915192 -0.324583 -0.238892  0.376147 0.733575 0
beerkeg.002
0  -7.531172 -7.531170 -14.217870  -0.680789 -0.679546 -0.273390  0.384330 0.720547 0
0  -4.152661 -10.025406 -12.219411  -0.323757 -0.915387 -0.239266  0.382442 0.704307 0
0  -7.673115 -7.673113 -13.400789  -0.688943 -0.686997 -0.231066  0.381669 0.719937 0
beerkeg.002
0  -4.075841 -9.839948 -13.010055  -0.312497 -0.910836 -0.269672  0.385325 0.705391 0
0  0.000000 -10.851422 -11.559391  0.001053 -0.969108 -0.246633  0.386854 0.687549 0
0  -4.152661 -10.025406 -12.219411  -0.323757 -0.915387 -0.239266  0.382442 0.704307 0
beerkeg.002
0  0.000000 -10.650682 -12.331960  0.000649 -0.962656 -0.270727  0.389931 0.689091 0
0  4.152661 -10.025406 -12.219411  0.324583 -0.915192 -0.238892  0.398736 0.672368 0
0  0.000000 -10.851422 -11.559391  0.001053 -0.969108 -0.246633  0.386854 0.687549 0
beerkeg.002
0  4.075841 -9.839948 -13.010055  0.313112 -0.910722 -0.269346  0.401895 0.674562 0
0  7.673115 -7.673113 -13.400789  0.686998 -0.688943 -0.231067  0.416072 0.659621 0
0  4.152661 -10.025406 -12.219411  0.324583 -0.915192 -0.238892  0.398736 0.672368 0
beerkeg.002
0  7.531172 -7.531170 -14.217870  0.679546 -0.680789 -0.273392  0.418940 0.662674 0
0  10.025406 -4.152659 -12.219412  0.915387 -0.323757 -0.239265  0.431791 0.638984 0
0  7.673115 -7.673113 -13.400789  0.686998 -0.688943 -0.231067  0.416072 0.659621 0
beerkeg.002
0  -11.197553 -0.000002 -10.012784  -0.990520 -0.000865 -0.137369  0.368281 0.748153 0
0  -10.417631 -4.315124 -9.679115  -0.925613 -0.375616 -0.046409  0.367290 0.732930 0
0  -11.275961 -0.000001 -9.177676  -0.998844 -0.000334 -0.048063  0.365345 0.748243 0
beerkeg.002
0  10.417631 4.315121 -9.679117  0.925689 0.375495 -0.045863  0.428908 0.868143 0
0  7.917867 7.917861 -11.613586  0.700477 0.702585 -0.125323  0.415469 0.840819 0
0  7.973311 7.973304 -10.568152  0.705857 0.706883 -0.045627  0.411341 0.844887 0
beerkeg.002
0  9.839949 -4.075840 -13.010055  0.910837 -0.312497 -0.269671  0.434731 0.643462 0
0  10.851420 -0.000002 -11.559393  0.969069 0.000000 -0.246789  0.457868 0.618643 0
0  10.025406 -4.152659 -12.219412  0.915387 -0.323757 -0.239265  0.431791 0.638984 0
beerkeg.002
0  -3.887958 9.386352 -14.340224  -0.241281 0.853760 -0.461386  0.392833 0.787489 0
0  -7.375371 7.375363 -14.922699  -0.658639 0.659338 -0.362585  0.388310 0.774038 0
0  -3.991522 9.636378 -13.716649  -0.287359 0.894317 -0.342961  0.390540 0.788641 0
beerkeg.002
0  3.991522 9.636378 -13.716649  0.287373 0.894243 -0.343142  0.409344 0.817463 0
0  7.531172 7.531165 -14.217872  0.679546 0.680790 -0.273391  0.424580 0.830481 0
0  7.375371 7.375363 -14.922699  0.658639 0.659339 -0.362585  0.426788 0.827625 0
beerkeg.002
0  9.636383 3.991517 -13.716647  0.894409 0.286717 -0.343258  0.443928 0.844409 0
0  10.650682 -0.000002 -12.331964  0.962610 0.000000 -0.270890  0.469072 0.865326 0
0  10.430346 -0.000002 -13.041412  0.941947 -0.000000 -0.335763  0.470812 0.859155 0
beerkeg.002
0  -10.025406 -4.152659 -12.219412  -0.915192 -0.324583 -0.238892  0.376147 0.733575 0
0  -7.811589 -7.811587 -12.527431  -0.694674 -0.692218 -0.195610  0.378772 0.719306 0
0  -10.206332 -4.227601 -11.405346  -0.918741 -0.337431 -0.205072  0.373304 0.733360 0
beerkeg.002
0  -7.673115 -7.673113 -13.400789  -0.688943 -0.686997 -0.231066  0.381669 0.719937 0
0  -4.227602 -10.206331 -11.405346  -0.336608 -0.919031 -0.205125  0.379436 0.703256 0
0  -7.811589 -7.811587 -12.527431  -0.694674 -0.692218 -0.195610  0.378772 0.719306 0
beerkeg.002
0  -4.152661 -10.025406 -12.219411  -0.323757 -0.915387 -0.239266  0.382442 0.704307 0
0  0.000000 -11.047254 -10.781292  0.001166 -0.976776 -0.214259  0.383713 0.686059 0
0  -4.227602 -10.206331 -11.405346  -0.336608 -0.919031 -0.205125  0.379436 0.703256 0
beerkeg.002
0  0.000000 -10.851422 -11.559391  0.001053 -0.969108 -0.246633  0.386854 0.687549 0
0  4.227602 -10.206331 -11.405346  0.337432 -0.918741 -0.205072  0.395413 0.670159 0
0  0.000000 -11.047254 -10.781292  0.001166 -0.976776 -0.214259  0.383713 0.686059 0
beerkeg.002
0  4.152661 -10.025406 -12.219411  0.324583 -0.915192 -0.238892  0.398736 0.672368 0
0  7.811589 -7.811587 -12.527431  0.692218 -0.694673 -0.195610  0.412820 0.656381 0
0  4.227602 -10.206331 -11.405346  0.337432 -0.918741 -0.205072  0.395413 0.670159 0
beerkeg.002
0  7.673115 -7.673113 -13.400789  0.686998 -0.688943 -0.231067  0.416072 0.659621 0
0  10.206332 -4.227601 -11.405346  0.919032 -0.336608 -0.205125  0.428485 0.634434 0
0  7.811589 -7.811587 -12.527431  0.692218 -0.694673 -0.195610  0.412820 0.656381 0
beerkeg.002
0  -11.275961 -0.000001 -9.177676  -0.998844 -0.000334 -0.048063  0.365345 0.748243 0
0  -10.426509 -4.318801 -8.584734  -0.923458 -0.383539 0.011096  0.363421 0.732682 0
0  -11.285571 -0.000001 -8.180892  -0.999911 0.000158 0.013318  0.361811 0.748351 0
beerkeg.002
0  10.426509 4.318799 -8.584736  0.923351 0.383782 0.011580  0.423643 0.874293 0
0  7.973311 7.973304 -10.568152  0.705857 0.706883 -0.045627  0.411341 0.844887 0
0  7.980106 7.980100 -9.268043  0.707187 0.706985 0.007591  0.405774 0.849901 0
beerkeg.002
0  10.025406 -4.152659 -12.219412  0.915387 -0.323757 -0.239265  0.431791 0.638984 0
0  11.047254 -0.000002 -10.781294  0.976773 -0.000000 -0.214275  0.454710 0.612188 0
0  10.206332 -4.227601 -11.405346  0.919032 -0.336608 -0.205125  0.428485 0.634434 0
beerkeg.002
0  -3.991522 9.636378 -13.716649  -0.287359 0.894317 -0.342961  0.390540 0.788641 0
0  -7.531172 7.531165 -14.217872  -0.679546 0.680790 -0.273391  0.386052 0.774734 0
0  -4.075841 9.839944 -13.010058  -0.313112 0.910721 -0.269346  0.388020 0.789848 0
beerkeg.002
0  4.075841 9.839944 -13.010058  0.313595 0.910512 -0.269491  0.406661 0.819689 0
0  7.673115 7.673108 -13.400791  0.686997 0.688943 -0.231068  0.421906 0.833742 0
0  7.531172 7.531165 -14.217872  0.679546 0.680790 -0.273391  0.424580 0.830481 0
beerkeg.002
0  9.839949 4.075837 -13.010056  0.910836 0.312497 -0.269671  0.441771 0.848696 0
0  10.851420 -0.000002 -11.559393  0.969069 0.000000 -0.246789  0.466781 0.872005 0
0  10.650682 -0.000002 -12.331964  0.962610 0.000000 -0.270890  0.469072 0.865326 0
beerkeg.002
0  -10.206332 -4.227601 -11.405346  -0.918741 -0.337431 -0.205072  0.373304 0.733360 0
0  -7.917867 -7.917865 -11.613585  -0.702585 -0.700477 -0.125323  0.375695 0.718674 0
0  -10.345191 -4.285119 -10.585291  -0.924423 -0.358161 -0.131007  0.370448 0.733149 0
beerkeg.002
0  -7.811589 -7.811587 -12.527431  -0.694674 -0.692218 -0.195610  0.378772 0.719306 0
0  -4.285119 -10.345189 -10.585291  -0.357634 -0.924677 -0.130657  0.376388 0.702257 0
0  -7.917867 -7.917865 -11.613585  -0.702585 -0.700477 -0.125323  0.375695 0.718674 0
beerkeg.002
0  -4.227602 -10.206331 -11.405346  -0.336608 -0.919031 -0.205125  0.379436 0.703256 0
0  0.000000 -11.197554 -10.012782  0.000866 -0.990520 -0.137369  0.380592 0.684658 0
0  -4.285119 -10.345189 -10.585291  -0.357634 -0.924677 -0.130657  0.376388 0.702257 0
beerkeg.002
0  0.000000 -11.047254 -10.781292  0.001166 -0.976776 -0.214259  0.383713 0.686059 0
0  4.285119 -10.345189 -10.585291  0.358162 -0.924423 -0.131005  0.392005 0.668009 0
0  0.000000 -11.197554 -10.012782  0.000866 -0.990520 -0.137369  0.380592 0.684658 0
beerkeg.002
0  4.227602 -10.206331 -11.405346  0.337432 -0.918741 -0.205072  0.395413 0.670159 0
0  7.917867 -7.917865 -11.613585  0.700477 -0.702585 -0.125323  0.409222 0.653043 0
0  4.285119 -10.345189 -10.585291  0.358162 -0.924423 -0.131005  0.392005 0.668009 0
beerkeg.002
0  7.811589 -7.811587 -12.527431  0.692218 -0.694673 -0.195610  0.412820 0.656381 0
0  10.345191 -4.285119 -10.585291  0.924677 -0.357633 -0.130657  0.424908 0.629946 0
0  7.917867 -7.917865 -11.613585  0.700477 -0.702585 -0.125323  0.409222 0.653043 0
beerkeg.002
0  -11.285571 -0.000001 -8.180892  -0.999911 0.000158 0.013318  0.361811 0.748351 0
0  -10.392153 -4.304571 -7.379988  -0.922410 -0.384701 0.034137  0.359056 0.732432 0
0  -11.248385 -0.000001 -7.088144  -0.999291 0.000411 0.037639  0.357862 0.748471 0
beerkeg.002
0  10.392153 4.304568 -7.379989  0.922229 0.385119 0.034300  0.417158 0.880960 0
0  7.980106 7.980100 -9.268043  0.707187 0.706985 0.007591  0.405774 0.849901 0
0  7.953811 7.953804 -7.810589  0.707298 0.706328 0.028825  0.398881 0.855441 0
beerkeg.002
0  10.206332 -4.227601 -11.405346  0.919032 -0.336608 -0.205125  0.428485 0.634434 0
0  11.197553 -0.000002 -10.012784  0.990539 0.000000 -0.137229  0.451208 0.605980 0
0  10.345191 -4.285119 -10.585291  0.924677 -0.357633 -0.130657  0.424908 0.629946 0
beerkeg.002
0  -4.075841 9.839944 -13.010058  -0.313112 0.910721 -0.269346  0.388020 0.789848 0
0  -7.673115 7.673108 -13.400791  -0.686997 0.688943 -0.231068  0.383428 0.775514 0
0  -4.152661 10.025402 -12.219415  -0.324583 0.915192 -0.238891  0.385201 0.791120 0
beerkeg.002
0  4.152661 10.025402 -12.219415  0.325435 0.914859 -0.239010  0.403634 0.822102 0
0  7.811589 7.811584 -12.527433  0.692217 0.694674 -0.195611  0.418858 0.837219 0
0  7.673115 7.673108 -13.400791  0.686997 0.688943 -0.231068  0.421906 0.833742 0
beerkeg.002
0  10.025406 4.152656 -12.219414  0.915387 0.323756 -0.239265  0.439130 0.853403 0
0  11.047254 -0.000002 -10.781294  0.976773 -0.000000 -0.214275  0.464070 0.878722 0
0  10.851420 -0.000002 -11.559393  0.969069 0.000000 -0.246789  0.466781 0.872005 0
beerkeg.002
0  -10.345191 -4.285119 -10.585291  -0.924423 -0.358161 -0.131007  0.370448 0.733149 0
0  -7.973311 -7.973308 -10.568151  -0.706883 -0.705857 -0.045627  0.372118 0.717983 0
0  -10.417631 -4.315124 -9.679115  -0.925613 -0.375616 -0.046409  0.367290 0.732930 0
beerkeg.002
0  -7.917867 -7.917865 -11.613585  -0.702585 -0.700477 -0.125323  0.375695 0.718674 0
0  -4.315125 -10.417629 -9.679115  -0.375495 -0.925689 -0.045863  0.372991 0.701216 0
0  -7.973311 -7.973308 -10.568151  -0.706883 -0.705857 -0.045627  0.372118 0.717983 0
beerkeg.002
0  -4.285119 -10.345189 -10.585291  -0.357634 -0.924677 -0.130657  0.376388 0.702257 0
0  0.000000 -11.275963 -9.177673  0.000334 -0.998844 -0.048063  0.377178 0.683220 0
0  -4.315125 -10.417629 -9.679115  -0.375495 -0.925689 -0.045863  0.372991 0.701216 0
beerkeg.002
0  0.000000 -11.197554 -10.012782  0.000866 -0.990520 -0.137369  0.380592 0.684658 0
0  4.315125 -10.417629 -9.679115  0.375616 -0.925613 -0.046408  0.388150 0.665730 0
0  0.000000 -11.275963 -9.177673  0.000334 -0.998844 -0.048063  0.377178 0.683220 0
beerkeg.002
0  4.285119 -10.345189 -10.585291  0.358162 -0.924423 -0.131005  0.392005 0.668009 0
0  7.973311 -7.973308 -10.568151  0.705857 -0.706883 -0.045627  0.404864 0.649290 0
0  4.315125 -10.417629 -9.679115  0.375616 -0.925613 -0.046408  0.388150 0.665730 0
beerkeg.002
0  7.917867 -7.917865 -11.613585  0.700477 -0.702585 -0.125323  0.409222 0.653043 0
0  10.417631 -4.315124 -9.679115  0.925689 -0.375495 -0.045863  0.420664 0.625109 0
0  7.973311 -7.973308 -10.568151  0.705857 -0.706883 -0.045627  0.404864 0.649290 0
beerkeg.002
0  -11.248385 -0.000001 -7.088144  -0.999291 0.000411 0.037639  0.357862 0.748471 0
0  -10.343041 -4.284227 -5.978598  -0.923198 -0.383511 0.024977  0.353837 0.732175 0
0  -11.195226 -0.000001 -5.811716  -0.999645 0.000293 0.026631  0.353144 0.748613 0
beerkeg.002
0  10.343041 4.284225 -5.978599  0.923120 0.383728 0.024544  0.408676 0.888475 0
0  7.953811 7.953804 -7.810589  0.707298 0.706328 0.028825  0.398881 0.855441 0
0  7.916222 7.916217 -6.122111  0.707287 0.706593 0.021702  0.390009 0.861653 0
beerkeg.002
0  10.345191 -4.285119 -10.585291  0.924677 -0.357633 -0.130657  0.424908 0.629946 0
0  11.275961 -0.000001 -9.177676  0.998854 0.000000 -0.047858  0.446932 0.599429 0
0  10.417631 -4.315124 -9.679115  0.925689 -0.375495 -0.045863  0.420664 0.625109 0
beerkeg.002
0  -4.152661 10.025402 -12.219415  -0.324583 0.915192 -0.238891  0.385201 0.791120 0
0  -7.811589 7.811584 -12.527433  -0.692217 0.694674 -0.195611  0.380568 0.776329 0
0  -4.227602 10.206327 -11.405350  -0.337432 0.918741 -0.205071  0.382254 0.792366 0
beerkeg.002
0  4.227602 10.206327 -11.405350  0.338459 0.918368 -0.205050  0.400443 0.824541 0
0  7.917867 7.917861 -11.613586  0.700477 0.702585 -0.125323  0.415469 0.840819 0
0  7.811589 7.811584 -12.527433  0.692217 0.694674 -0.195611  0.418858 0.837219 0
beerkeg.002
0  10.206332 4.227597 -11.405348  0.919032 0.336608 -0.205125  0.436123 0.858211 0
0  11.197553 -0.000002 -10.012784  0.990539 0.000000 -0.137229  0.460995 0.885218 0
0  11.047254 -0.000002 -10.781294  0.976773 -0.000000 -0.214275  0.464070 0.878722 0
beerkeg.002
0  -10.417631 -4.315124 -9.679115  -0.925613 -0.375616 -0.046409  0.367290 0.732930 0
0  -7.980106 -7.980103 -9.268041  -0.706985 -0.707187 0.007591  0.367542 0.717167 0
0  -10.426509 -4.318801 -8.584734  -0.923458 -0.383539 0.011096  0.363421 0.732682 0
beerkeg.002
0  -7.973311 -7.973308 -10.568151  -0.706883 -0.705857 -0.045627  0.372118 0.717983 0
0  -4.318803 -10.426507 -8.584734  -0.383782 -0.923351 0.011581  0.368794 0.700035 0
0  -7.980106 -7.980103 -9.268041  -0.706985 -0.707187 0.007591  0.367542 0.717167 0
beerkeg.002
0  -4.315125 -10.417629 -9.679115  -0.375495 -0.925689 -0.045863  0.372991 0.701216 0
0  0.000000 -11.285572 -8.180891  -0.000158 -0.999911 0.013319  0.373003 0.681600 0
0  -4.318803 -10.426507 -8.584734  -0.383782 -0.923351 0.011581  0.368794 0.700035 0
beerkeg.002
0  0.000000 -11.275963 -9.177673  0.000334 -0.998844 -0.048063  0.377178 0.683220 0
0  4.318803 -10.426507 -8.584734  0.383539 -0.923458 0.011096  0.383296 0.663087 0
0  0.000000 -11.285572 -8.180891  -0.000158 -0.999911 0.013319  0.373003 0.681600 0
beerkeg.002
0  4.315125 -10.417629 -9.679115  0.375616 -0.925613 -0.046408  0.388150 0.665730 0
0  7.980106 -7.980103 -9.268041  0.707188 -0.706985 0.007590  0.399021 0.644697 0
0  4.318803 -10.426507 -8.584734  0.383539 -0.923458 0.011096  0.383296 0.663087 0
beerkeg.002
0  7.973311 -7.973308 -10.568151  0.705857 -0.706883 -0.045627  0.404864 0.649290 0
0  10.426509 -4.318801 -8.584734  0.923351 -0.383782 0.011580  0.415036 0.619396 0
0  7.980106 -7.980103 -9.268041  0.707188 -0.706985 0.007590  0.399021 0.644697 0
beerkeg.002
0  -11.195226 -0.000001 -5.811716  -0.999645 0.000293 0.026631  0.353144 0.748613 0
0  -10.326703 -4.277460 -4.467088  -0.923826 -0.382766 0.005959  0.348054 0.731947 0
0  -11.177542 -0.000001 -4.421607  -0.999980 0.000067 0.006306  0.347881 0.748770 0
beerkeg.002
0  10.326703 4.277458 -4.467089  0.923824 0.382772 0.005851  0.398457 0.896188 0
0  7.916222 7.916217 -6.122111  0.707287 0.706593 0.021702  0.390009 0.861653 0
0  7.903718 7.903713 -4.469488  0.707144 0.707049 0.005445  0.380444 0.867392 0
beerkeg.002
0  10.417631 -4.315124 -9.679115  0.925689 -0.375495 -0.045863  0.420664 0.625109 0
0  11.285571 -0.000001 -8.180892  0.999909 -0.000000 0.013485  0.441100 0.591724 0
0  10.426509 -4.318801 -8.584734  0.923351 -0.383782 0.011580  0.415036 0.619396 0
beerkeg.002
0  -4.227602 10.206327 -11.405350  -0.337432 0.918741 -0.205071  0.382254 0.792366 0
0  -7.917867 7.917861 -11.613586  -0.700477 0.702585 -0.125323  0.377528 0.777157 0
0  -4.285119 10.345185 -10.585295  -0.358161 0.924423 -0.131006  0.379262 0.793562 0
beerkeg.002
0  4.285119 10.345185 -10.585295  0.358988 0.924125 -0.130848  0.397161 0.826927 0
0  7.973311 7.973304 -10.568152  0.705857 0.706883 -0.045627  0.411341 0.844887 0
0  7.917867 7.917861 -11.613586  0.700477 0.702585 -0.125323  0.415469 0.840819 0
beerkeg.002
0  10.345191 4.285115 -10.585293  0.924677 0.357633 -0.130657  0.432840 0.862976 0
0  11.275961 -0.000001 -9.177676  0.998854 0.000000 -0.047858  0.457165 0.892118 0
0  11.197553 -0.000002 -10.012784  0.990539 0.000000 -0.137229  0.460995 0.885218 0
beerkeg.002
0  -10.426509 -4.318801 -8.584734  -0.923458 -0.383539 0.011096  0.363421 0.732682 0
0  -7.953811 -7.953807 -7.810586  -0.706328 -0.707298 0.028825  0.362205 0.716312 0
0  -10.392153 -4.304571 -7.379988  -0.922410 -0.384701 0.034137  0.359056 0.732432 0
beerkeg.002
0  -7.980106 -7.980103 -9.268041  -0.706985 -0.707187 0.007591  0.367542 0.717167 0
0  -4.304572 -10.392151 -7.379987  -0.385119 -0.922229 0.034301  0.364018 0.698822 0
0  -7.953811 -7.953807 -7.810586  -0.706328 -0.707298 0.028825  0.362205 0.716312 0
beerkeg.002
0  -4.318803 -10.426507 -8.584734  -0.383782 -0.923351 0.011581  0.368794 0.700035 0
0  0.000000 -11.248384 -7.088143  -0.000411 -0.999291 0.037639  0.368264 0.679930 0
0  -4.304572 -10.392151 -7.379987  -0.385119 -0.922229 0.034301  0.364018 0.698822 0
beerkeg.002
0  0.000000 -11.285572 -8.180891  -0.000158 -0.999911 0.013319  0.373003 0.681600 0
0  4.304572 -10.392151 -7.379987  0.384701 -0.922410 0.034137  0.377662 0.660310 0
0  0.000000 -11.248384 -7.088143  -0.000411 -0.999291 0.037639  0.368264 0.679930 0
beerkeg.002
0  4.318803 -10.426507 -8.584734  0.383539 -0.923458 0.011096  0.383296 0.663087 0
0  7.953811 -7.953807 -7.810586  0.707298 -0.706328 0.028825  0.391836 0.639671 0
0  4.304572 -10.392151 -7.379987  0.384701 -0.922410 0.034137  0.377662 0.660310 0
beerkeg.002
0  7.980106 -7.980103 -9.268041  0.707188 -0.706985 0.007590  0.399021 0.644697 0
0  10.392153 -4.304571 -7.379988  0.922229 -0.385119 0.034300  0.408171 0.613263 0
0  7.953811 -7.953807 -7.810586  0.707298 -0.706328 0.028825  0.391836 0.639671 0
beerkeg.002
0  -11.177542 -0.000001 -4.421607  -0.999980 0.000067 0.006306  0.347881 0.748770 0
0  -10.326576 -4.277407 -2.581949  -0.923876 -0.382682 -0.002892  0.340664 0.731744 0
0  -11.177404 -0.000000 -2.581949  -0.999996 -0.000000 -0.002891  0.340769 0.748980 0
beerkeg.002
0  10.326576 4.277406 -2.581950  0.923876 0.382682 -0.002892  0.384172 0.905008 0
0  7.903718 7.903713 -4.469488  0.707144 0.707049 0.005445  0.380444 0.867392 0
0  7.903619 7.903615 -2.581951  0.707104 0.707104 -0.002892  0.368473 0.873335 0
beerkeg.002
0  10.426509 -4.318801 -8.584734  0.923351 -0.383782 0.011580  0.415036 0.619396 0
0  11.248385 -0.000001 -7.088144  0.999289 -0.000000 0.037692  0.433862 0.583501 0
0  10.392153 -4.304571 -7.379988  0.922229 -0.385119 0.034300  0.408171 0.613263 0
beerkeg.002
0  -4.285119 10.345185 -10.585295  -0.358161 0.924423 -0.131006  0.379262 0.793562 0
0  -7.973311 7.973304 -10.568152  -0.705857 0.706883 -0.045627  0.373989 0.778074 0
0  -4.315125 10.417625 -9.679119  -0.375616 0.925613 -0.046410  0.375921 0.794822 0
beerkeg.002
0  4.315125 10.417625 -9.679119  0.375987 0.925472 -0.046210  0.393436 0.829471 0
0  7.980106 7.980100 -9.268043  0.707187 0.706985 0.007591  0.405774 0.849901 0
0  7.973311 7.973304 -10.568152  0.705857 0.706883 -0.045627  0.411341 0.844887 0
beerkeg.002
0  10.417631 4.315121 -9.679117  0.925689 0.375495 -0.045863  0.428908 0.868143 0
0  11.285571 -0.000001 -8.180892  0.999909 -0.000000 0.013485  0.451855 0.900297 0
0  11.275961 -0.000001 -9.177676  0.998854 0.000000 -0.047858  0.457165 0.892118 0
beerkeg.002
0  -10.392153 -4.304571 -7.379988  -0.922410 -0.384701 0.034137  0.359056 0.732432 0
0  -7.916222 -7.916219 -6.122108  -0.706593 -0.707287 0.021702  0.355762 0.715416 0
0  -10.343041 -4.284227 -5.978598  -0.923198 -0.383511 0.024977  0.353837 0.732175 0
beerkeg.002
0  -7.953811 -7.953807 -7.810586  -0.706328 -0.707298 0.028825  0.362205 0.716312 0
0  -4.284229 -10.343040 -5.978598  -0.383728 -0.923120 0.024545  0.358261 0.697541 0
0  -7.916222 -7.916219 -6.122108  -0.706593 -0.707287 0.021702  0.355762 0.715416 0
beerkeg.002
0  -4.304572 -10.392151 -7.379987  -0.385119 -0.922229 0.034301  0.364018 0.698822 0
0  0.000000 -11.195227 -5.811715  -0.000293 -0.999645 0.026630  0.362507 0.678137 0
0  -4.284229 -10.343040 -5.978598  -0.383728 -0.923120 0.024545  0.358261 0.697541 0
beerkeg.002
0  0.000000 -11.248384 -7.088143  -0.000411 -0.999291 0.037639  0.368264 0.679930 0
0  4.284229 -10.343040 -5.978598  0.383512 -0.923198 0.024977  0.370711 0.657294 0
0  0.000000 -11.195227 -5.811715  -0.000293 -0.999645 0.026630  0.362507 0.678137 0
beerkeg.002
0  4.304572 -10.392151 -7.379987  0.384701 -0.922410 0.034137  0.377662 0.660310 0
0  7.916222 -7.916219 -6.122108  0.707287 -0.706593 0.021702  0.382657 0.634105 0
0  4.284229 -10.343040 -5.978598  0.383512 -0.923198 0.024977  0.370711 0.657294 0
beerkeg.002
0  7.953811 -7.953807 -7.810586  0.707298 -0.706328 0.028825  0.391836 0.639671 0
0  10.343041 -4.284227 -5.978598  0.923120 -0.383728 0.024544  0.399280 0.606441 0
0  7.916222 -7.916219 -6.122108  0.707287 -0.706593 0.021702  0.382657 0.634105 0
beerkeg.002
0  -11.177404 -0.000000 -2.581949  -0.999996 -0.000000 -0.002891  0.340769 0.748980 0
0  -10.339682 -4.282835 -0.158994  -0.923837 -0.382666 -0.009584  0.330964 0.731590 0
0  -11.191591 -0.000000 -0.158995  -0.999954 -0.000000 -0.009584  0.331178 0.749242 0
beerkeg.002
0  10.339682 4.282835 -0.158996  0.923837 0.382666 -0.009584  0.363463 0.914413 0
0  7.903619 7.903615 -2.581951  0.707104 0.707104 -0.002892  0.368473 0.873335 0
0  7.913652 7.913649 -0.158996  0.707074 0.707074 -0.009584  0.351672 0.879302 0
beerkeg.002
0  10.392153 -4.304571 -7.379988  0.922229 -0.385119 0.034300  0.408171 0.613263 0
0  11.195226 -0.000001 -5.811716  0.999649 0.000000 0.026506  0.424315 0.574164 0
0  10.343041 -4.284227 -5.978598  0.923120 -0.383728 0.024544  0.399280 0.606441 0
beerkeg.002
0  -4.315125 10.417625 -9.679119  -0.375616 0.925613 -0.046410  0.375921 0.794822 0
0  -7.980106 7.980100 -9.268043  -0.707188 0.706985 0.007591  0.369457 0.779178 0
0  -4.318803 10.426505 -8.584738  -0.383539 0.923458 0.011095  0.371785 0.796272 0
beerkeg.002
0  4.318803 10.426505 -8.584738  0.383453 0.923492 0.011244  0.388729 0.832446 0
0  7.953811 7.953804 -7.810589  0.707298 0.706328 0.028825  0.398881 0.855441 0
0  7.980106 7.980100 -9.268043  0.707187 0.706985 0.007591  0.405774 0.849901 0
beerkeg.002
0  10.426509 4.318799 -8.584736  0.923351 0.383782 0.011580  0.423643 0.874293 0
0  11.248385 -0.000001 -7.088144  0.999289 -0.000000 0.037692  0.445163 0.909104 0
0  11.285571 -0.000001 -8.180892  0.999909 -0.000000 0.013485  0.451855 0.900297 0
beerkeg.002
0  -10.343041 -4.284227 -5.978598  -0.923198 -0.383511 0.024977  0.353837 0.732175 0
0  -7.903718 -7.903715 -4.469485  -0.707049 -0.707144 0.005445  0.349212 0.714651 0
0  -10.326703 -4.277460 -4.467088  -0.923826 -0.382766 0.005959  0.348054 0.731947 0
beerkeg.002
0  -7.916222 -7.916219 -6.122108  -0.706593 -0.707287 0.021702  0.355762 0.715416 0
0  -4.277462 -10.326701 -4.467087  -0.382772 -0.923824 0.005851  0.351828 0.696320 0
0  -7.903718 -7.903715 -4.469485  -0.707049 -0.707144 0.005445  0.349212 0.714651 0
beerkeg.002
0  -4.284229 -10.343040 -5.978598  -0.383728 -0.923120 0.024545  0.358261 0.697541 0
0  0.000000 -11.177543 -4.421605  -0.000067 -0.999980 0.006306  0.355980 0.676392 0
0  -4.277462 -10.326701 -4.467087  -0.382772 -0.923824 0.005851  0.351828 0.696320 0
beerkeg.002
0  0.000000 -11.195227 -5.811715  -0.000293 -0.999645 0.026630  0.362507 0.678137 0
0  4.277462 -10.326701 -4.467087  0.382767 -0.923826 0.005959  0.362777 0.654349 0
0  0.000000 -11.177543 -4.421605  -0.000067 -0.999980 0.006306  0.355980 0.676392 0
beerkeg.002
0  4.284229 -10.343040 -5.978598  0.383512 -0.923198 0.024977  0.370711 0.657294 0
0  7.903718 -7.903715 -4.469485  0.707144 -0.707049 0.005445  0.372829 0.629046 0
0  4.277462 -10.326701 -4.467087  0.382767 -0.923826 0.005959  0.362777 0.654349 0
beerkeg.002
0  7.916222 -7.916219 -6.122108  0.707287 -0.706593 0.021702  0.382657 0.634105 0
0  10.326703 -4.277460 -4.467088  0.923824 -0.382773 0.005851  0.388669 0.599562 0
0  7.903718 -7.903715 -4.469485  0.707144 -0.707049 0.005445  0.372829 0.629046 0
beerkeg.002
0  -11.191591 -0.000000 -0.158995  -0.999954 -0.000000 -0.009584  0.331178 0.749242 0
0  -10.373908 -4.297012 2.625176  -0.923843 -0.382668 -0.008945  0.319642 0.731671 0
0  -11.228637 0.000000 2.625175  -0.999960 0.000000 -0.008945  0.320024 0.749549 0
beerkeg.002
0  10.373908 4.297013 2.625174  0.923843 0.382668 -0.008945  0.337109 0.921637 0
0  7.913652 7.913649 -0.158996  0.707074 0.707074 -0.009584  0.351672 0.879302 0
0  7.939847 7.939842 2.625174  0.707079 0.707078 -0.008945  0.330837 0.883738 0
beerkeg.002
0  10.343041 -4.284227 -5.978598  0.923120 -0.383728 0.024544  0.399280 0.606441 0
0  11.177542 -0.000001 -4.421607  0.999980 0.000000 0.006253  0.412746 0.564486 0
0  10.326703 -4.277460 -4.467088  0.923824 -0.382773 0.005851  0.388669 0.599562 0
beerkeg.002
0  -4.318803 10.426505 -8.584738  -0.383539 0.923458 0.011095  0.371785 0.796272 0
0  -7.953811 7.953804 -7.810589  -0.707298 0.706328 0.028825  0.364164 0.780367 0
0  -4.304572 10.392149 -7.379991  -0.384700 0.922410 0.034137  0.367069 0.797789 0
beerkeg.002
0  4.304572 10.392149 -7.379991  0.384357 0.922552 0.034177  0.383243 0.835605 0
0  7.916222 7.916217 -6.122111  0.707287 0.706593 0.021702  0.390009 0.861653 0
0  7.953811 7.953804 -7.810589  0.707298 0.706328 0.028825  0.398881 0.855441 0
beerkeg.002
0  10.392153 4.304568 -7.379989  0.922229 0.385119 0.034300  0.417158 0.880960 0
0  11.195226 -0.000001 -5.811716  0.999649 0.000000 0.026506  0.436223 0.919210 0
0  11.248385 -0.000001 -7.088144  0.999289 -0.000000 0.037692  0.445163 0.909104 0
beerkeg.002
0  -10.326703 -4.277460 -4.467088  -0.923826 -0.382766 0.005959  0.348054 0.731947 0
0  -7.903619 -7.903616 -2.581948  -0.707104 -0.707104 -0.002892  0.341493 0.713943 0
0  -10.326576 -4.277407 -2.581949  -0.923876 -0.382682 -0.002892  0.340664 0.731744 0
beerkeg.002
0  -7.903718 -7.903715 -4.469485  -0.707049 -0.707144 0.005445  0.349212 0.714651 0
0  -4.277409 -10.326573 -2.581948  -0.382682 -0.923876 -0.002892  0.343533 0.695058 0
0  -7.903619 -7.903616 -2.581948  -0.707104 -0.707104 -0.002892  0.341493 0.713943 0
beerkeg.002
0  -4.277462 -10.326701 -4.467087  -0.382772 -0.923824 0.005851  0.351828 0.696320 0
0  0.000000 -11.177404 -2.581948  -0.000000 -0.999996 -0.002891  0.347000 0.674471 0
0  -4.277409 -10.326573 -2.581948  -0.382682 -0.923876 -0.002892  0.343533 0.695058 0
beerkeg.002
0  0.000000 -11.177543 -4.421605  -0.000067 -0.999980 0.006306  0.355980 0.676392 0
0  4.277409 -10.326573 -2.581948  0.382682 -0.923876 -0.002892  0.352320 0.651238 0
0  0.000000 -11.177404 -2.581948  -0.000000 -0.999996 -0.002891  0.347000 0.674471 0
beerkeg.002
0  4.277462 -10.326701 -4.467087  0.382767 -0.923826 0.005959  0.362777 0.654349 0
0  7.903619 -7.903616 -2.581948  0.707104 -0.707104 -0.002892  0.360612 0.623916 0
0  4.277409 -10.326573 -2.581948  0.382682 -0.923876 -0.002892  0.352320 0.651238 0
beerkeg.002
0  7.903718 -7.903715 -4.469485  0.707144 -0.707049 0.005445  0.372829 0.629046 0
0  10.326576 -4.277407 -2.581949  0.923876 -0.382682 -0.002892  0.373982 0.591922 0
0  7.903619 -7.903616 -2.581948  0.707104 -0.707104 -0.002892  0.360612 0.623916 0
beerkeg.002
0  -11.228637 0.000000 2.625175  -0.999960 0.000000 -0.008945  0.320024 0.749549 0
0  -10.385744 -4.301915 5.413618  -0.923872 -0.382681 0.003919  0.308227 0.731934 0
0  -11.241448 0.000001 5.413617  -0.999992 0.000000 0.003920  0.308775 0.749847 0
beerkeg.002
0  10.385744 4.301917 5.413617  0.923872 0.382681 0.003919  0.308951 0.925082 0
0  7.939847 7.939842 2.625174  0.707079 0.707078 -0.008945  0.330837 0.883738 0
0  7.948905 7.948903 5.413616  0.707101 0.707101 0.003919  0.309195 0.884986 0
beerkeg.002
0  10.326703 -4.277460 -4.467088  0.923824 -0.382773 0.005851  0.388669 0.599562 0
0  11.177404 -0.000000 -2.581949  0.999996 -0.000000 -0.002892  0.395276 0.552433 0
0  10.326576 -4.277407 -2.581949  0.923876 -0.382682 -0.002892  0.373982 0.591922 0
beerkeg.002
0  -4.304572 10.392149 -7.379991  -0.384700 0.922410 0.034137  0.367069 0.797789 0
0  -7.916222 7.916217 -6.122111  -0.707287 0.706593 0.021702  0.357759 0.781666 0
0  -4.284229 10.343038 -5.978601  -0.383512 0.923198 0.024977  0.361368 0.799433 0
beerkeg.002
0  4.284229 10.343038 -5.978601  0.383245 0.923312 0.024858  0.376444 0.839088 0
0  7.903718 7.903713 -4.469488  0.707144 0.707049 0.005445  0.380444 0.867392 0
0  7.916222 7.916217 -6.122111  0.707287 0.706593 0.021702  0.390009 0.861653 0
beerkeg.002
0  10.343041 4.284225 -5.978599  0.923120 0.383728 0.024544  0.408676 0.888475 0
0  11.177542 -0.000001 -4.421607  0.999980 0.000000 0.006253  0.425261 0.929814 0
0  11.195226 -0.000001 -5.811716  0.999649 0.000000 0.026506  0.436223 0.919210 0
beerkeg.002
0  -10.326576 -4.277407 -2.581949  -0.923876 -0.382682 -0.002892  0.340664 0.731744 0
0  -7.913652 -7.913649 -0.158994  -0.707074 -0.707074 -0.009584  0.331368 0.713372 0
0  -10.339682 -4.282835 -0.158994  -0.923837 -0.382666 -0.009584  0.330964 0.731590 0
beerkeg.002
0  -7.903619 -7.903616 -2.581948  -0.707104 -0.707104 -0.002892  0.341493 0.713943 0
0  -4.282838 -10.339681 -0.158994  -0.382666 -0.923837 -0.009585  0.332538 0.693924 0
0  -7.913652 -7.913649 -0.158994  -0.707074 -0.707074 -0.009584  0.331368 0.713372 0
beerkeg.002
0  -4.277409 -10.326573 -2.581948  -0.382682 -0.923876 -0.002892  0.343533 0.695058 0
0  0.000000 -11.191591 -0.158993  -0.000000 -0.999954 -0.009584  0.334677 0.672510 0
0  -4.282838 -10.339681 -0.158994  -0.382666 -0.923837 -0.009585  0.332538 0.693924 0
beerkeg.002
0  0.000000 -11.177404 -2.581948  -0.000000 -0.999996 -0.002891  0.347000 0.674471 0
0  4.282838 -10.339681 -0.158994  0.382666 -0.923837 -0.009584  0.338149 0.648301 0
0  0.000000 -11.191591 -0.158993  -0.000000 -0.999954 -0.009584  0.334677 0.672510 0
beerkeg.002
0  4.277409 -10.326573 -2.581948  0.382682 -0.923876 -0.002892  0.352320 0.651238 0
0  7.913652 -7.913649 -0.158994  0.707074 -0.707074 -0.009584  0.343708 0.619444 0
0  4.282838 -10.339681 -0.158994  0.382666 -0.923837 -0.009584  0.338149 0.648301 0
beerkeg.002
0  7.903619 -7.903616 -2.581948  0.707104 -0.707104 -0.002892  0.360612 0.623916 0
0  10.339682 -4.282835 -0.158994  0.923837 -0.382666 -0.009584  0.352962 0.583700 0
0  7.913652 -7.913649 -0.158994  0.707074 -0.707074 -0.009584  0.343708 0.619444 0
beerkeg.002
0  -11.241448 0.000001 5.413617  -0.999992 0.000000 0.003920  0.308775 0.749847 0
0  -10.352422 -4.288112 8.312499  -0.922758 -0.382219 0.049262  0.296415 0.732460 0
0  -11.205379 0.000001 8.312498  -0.998786 0.000000 0.049261  0.297161 0.750153 0
beerkeg.002
0  10.352422 4.288115 8.312497  0.922758 0.382219 0.049261  0.279326 0.921606 0
0  7.948905 7.948903 5.413616  0.707101 0.707101 0.003919  0.309195 0.884986 0
0  7.923401 7.923400 8.312497  0.706248 0.706248 0.049261  0.286625 0.883293 0
beerkeg.002
0  10.326576 -4.277407 -2.581949  0.923876 -0.382682 -0.002892  0.373982 0.591922 0
0  11.191591 -0.000000 -0.158995  0.999954 0.000000 -0.009584  0.368406 0.539054 0
0  10.339682 -4.282835 -0.158994  0.923837 -0.382666 -0.009584  0.352962 0.583700 0
beerkeg.002
0  -4.284229 10.343038 -5.978601  -0.383512 0.923198 0.024977  0.361368 0.799433 0
0  -7.903718 7.903713 -4.469488  -0.707144 0.707049 0.005445  0.351236 0.782836 0
0  -4.277462 10.326699 -4.467091  -0.382767 0.923826 0.005959  0.354982 0.801055 0
beerkeg.002
0  4.277462 10.326699 -4.467091  0.382706 0.923851 0.005908  0.368646 0.842559 0
0  7.903619 7.903615 -2.581951  0.707104 0.707104 -0.002892  0.368473 0.873335 0
0  7.903718 7.903713 -4.469488  0.707144 0.707049 0.005445  0.380444 0.867392 0
beerkeg.002
0  10.326703 4.277458 -4.467089  0.923824 0.382772 0.005851  0.398457 0.896188 0
0  11.177404 -0.000000 -2.581949  0.999996 -0.000000 -0.002892  0.408496 0.943245 0
0  11.177542 -0.000001 -4.421607  0.999980 0.000000 0.006253  0.425261 0.929814 0
beerkeg.002
0  -10.339682 -4.282835 -0.158994  -0.923837 -0.382666 -0.009584  0.330964 0.731590 0
0  -7.939847 -7.939841 2.625176  -0.707079 -0.707078 -0.008944  0.319479 0.713121 0
0  -10.373908 -4.297012 2.625176  -0.923843 -0.382668 -0.008945  0.319642 0.731671 0
beerkeg.002
0  -7.913652 -7.913649 -0.158994  -0.707074 -0.707074 -0.009584  0.331368 0.713372 0
0  -4.297015 -10.373906 2.625176  -0.382668 -0.923842 -0.008945  0.319615 0.693365 0
0  -7.939847 -7.939841 2.625176  -0.707079 -0.707078 -0.008944  0.319479 0.713121 0
beerkeg.002
0  -4.282838 -10.339681 -0.158994  -0.382666 -0.923837 -0.009585  0.332538 0.693924 0
0  0.000000 -11.228636 2.625177  -0.000000 -0.999960 -0.008944  0.320101 0.671586 0
0  -4.297015 -10.373906 2.625176  -0.382668 -0.923842 -0.008945  0.319615 0.693365 0
beerkeg.002
0  0.000000 -11.191591 -0.158993  -0.000000 -0.999954 -0.009584  0.334677 0.672510 0
0  4.297015 -10.373906 2.625176  0.382668 -0.923842 -0.008944  0.321114 0.646363 0
0  0.000000 -11.228636 2.625177  -0.000000 -0.999960 -0.008944  0.320101 0.671586 0
beerkeg.002
0  4.282838 -10.339681 -0.158994  0.382666 -0.923837 -0.009584  0.338149 0.648301 0
0  7.939847 -7.939841 2.625176  0.707079 -0.707078 -0.008944  0.323028 0.616308 0
0  4.297015 -10.373906 2.625176  0.382668 -0.923842 -0.008944  0.321114 0.646363 0
beerkeg.002
0  7.913652 -7.913649 -0.158994  0.707074 -0.707074 -0.009584  0.343708 0.619444 0
0  10.373908 -4.297012 2.625176  0.923843 -0.382668 -0.008945  0.326582 0.578523 0
0  7.939847 -7.939841 2.625176  0.707079 -0.707078 -0.008944  0.323028 0.616308 0
beerkeg.002
0  -11.205379 0.000001 8.312498  -0.998786 0.000000 0.049261  0.297161 0.750153 0
0  -10.159826 -4.208336 10.714403  -0.910150 -0.376996 0.171756  0.286610 0.733071 0
0  -10.996917 0.000002 10.714402  -0.985140 -0.000000 0.171755  0.287491 0.750350 0
beerkeg.002
0  10.159826 4.208340 10.714401  0.910150 0.376997 0.171756  0.255597 0.914979 0
0  7.923401 7.923400 8.312497  0.706248 0.706248 0.049261  0.286625 0.883293 0
0  7.775996 7.775995 10.714400  0.696599 0.696599 0.171755  0.268345 0.878899 0
beerkeg.002
0  10.339682 -4.282835 -0.158994  0.923837 -0.382666 -0.009584  0.352962 0.583700 0
0  11.228637 0.000000 2.625175  0.999960 -0.000000 -0.008945  0.333443 0.529520 0
0  10.373908 -4.297012 2.625176  0.923843 -0.382668 -0.008945  0.326582 0.578523 0
beerkeg.002
0  -4.277462 10.326699 -4.467091  -0.382767 0.923826 0.005959  0.354982 0.801055 0
0  -7.903619 7.903615 -2.581951  -0.707104 0.707104 -0.002892  0.343526 0.784023 0
0  -4.277409 10.326573 -2.581951  -0.382682 0.923876 -0.002893  0.346720 0.802826 0
beerkeg.002
0  4.277409 10.326573 -2.581951  0.382682 0.923876 -0.002893  0.358309 0.846352 0
0  7.913652 7.913649 -0.158996  0.707074 0.707074 -0.009584  0.351672 0.879302 0
0  7.903619 7.903615 -2.581951  0.707104 0.707104 -0.002892  0.368473 0.873335 0
beerkeg.002
0  10.326576 4.277406 -2.581950  0.923876 0.382682 -0.002892  0.384172 0.905008 0
0  11.191591 -0.000000 -0.158995  0.999954 0.000000 -0.009584  0.382397 0.958699 0
0  11.177404 -0.000000 -2.581949  0.999996 -0.000000 -0.002892  0.408496 0.943245 0
beerkeg.002
0  -10.373908 -4.297012 2.625176  -0.923843 -0.382668 -0.008945  0.319642 0.731671 0
0  -7.948905 -7.948901 5.413619  -0.707101 -0.707101 0.003919  0.307492 0.713406 0
0  -10.385744 -4.301915 5.413618  -0.923872 -0.382681 0.003919  0.308227 0.731934 0
beerkeg.002
0  -7.939847 -7.939841 2.625176  -0.707079 -0.707078 -0.008944  0.319479 0.713121 0
0  -4.301918 -10.385742 5.413619  -0.382681 -0.923872 0.003919  0.306559 0.693617 0
0  -7.948905 -7.948901 5.413619  -0.707101 -0.707101 0.003919  0.307492 0.713406 0
beerkeg.002
0  -4.297015 -10.373906 2.625176  -0.382668 -0.923842 -0.008945  0.319615 0.693365 0
0  0.000000 -11.241447 5.413619  0.000000 -0.999992 0.003919  0.305362 0.672013 0
0  -4.301918 -10.385742 5.413619  -0.382681 -0.923872 0.003919  0.306559 0.693617 0
beerkeg.002
0  0.000000 -11.228636 2.625177  -0.000000 -0.999960 -0.008944  0.320101 0.671586 0
0  4.301918 -10.385742 5.413619  0.382681 -0.923872 0.003919  0.303741 0.646339 0
0  0.000000 -11.241447 5.413619  0.000000 -0.999992 0.003919  0.305362 0.672013 0
beerkeg.002
0  4.297015 -10.373906 2.625176  0.382668 -0.923842 -0.008944  0.321114 0.646363 0
0  7.948905 -7.948901 5.413619  0.707102 -0.707101 0.003919  0.301667 0.616210 0
0  4.301918 -10.385742 5.413619  0.382681 -0.923872 0.003919  0.303741 0.646339 0
beerkeg.002
0  7.939847 -7.939841 2.625176  0.707079 -0.707078 -0.008944  0.323028 0.616308 0
0  10.385744 -4.301915 5.413618  0.923872 -0.382680 0.003919  0.299004 0.577871 0
0  7.948905 -7.948901 5.413619  0.707102 -0.707101 0.003919  0.301667 0.616210 0
beerkeg.002
0  -10.996917 0.000002 10.714402  -0.985140 -0.000000 0.171755  0.287491 0.750350 0
0  -9.665609 -4.003625 12.706217  -0.862982 -0.357459 0.357051  0.278120 0.733729 0
0  -10.461980 0.000002 12.706216  -0.934085 -0.000000 0.357051  0.279118 0.750517 0
beerkeg.002
0  9.665609 4.003629 12.706215  0.862982 0.357459 0.357051  0.236498 0.906087 0
0  7.775996 7.775995 10.714400  0.696599 0.696599 0.171755  0.268345 0.878899 0
0  7.397738 7.397738 12.706215  0.660498 0.660498 0.357051  0.253257 0.873267 0
beerkeg.002
0  10.373908 -4.297012 2.625176  0.923843 -0.382668 -0.008945  0.326582 0.578523 0
0  11.241448 0.000001 5.413617  0.999992 0.000000 0.003920  0.296462 0.527416 0
0  10.385744 -4.301915 5.413618  0.923872 -0.382680 0.003919  0.299004 0.577871 0
beerkeg.002
0  -4.277409 10.326573 -2.581951  -0.382682 0.923876 -0.002893  0.346720 0.802826 0
0  -7.913652 7.913649 -0.158996  -0.707074 0.707074 -0.009584  0.333417 0.785136 0
0  -4.282838 10.339681 -0.158997  -0.382666 0.923837 -0.009584  0.335740 0.804557 0
beerkeg.002
0  4.282838 10.339681 -0.158997  0.382666 0.923837 -0.009584  0.344154 0.850434 0
0  7.939847 7.939842 2.625174  0.707079 0.707078 -0.008945  0.330837 0.883738 0
0  7.913652 7.913649 -0.158996  0.707074 0.707074 -0.009584  0.351672 0.879302 0
beerkeg.002
0  10.339682 4.282835 -0.158996  0.923837 0.382666 -0.009584  0.363463 0.914413 0
0  11.228637 0.000000 2.625175  0.999960 -0.000000 -0.008945  0.347807 0.971241 0
0  11.191591 -0.000000 -0.158995  0.999954 0.000000 -0.009584  0.382397 0.958699 0
beerkeg.002
0  -10.385744 -4.301915 5.413618  -0.923872 -0.382681 0.003919  0.308227 0.731934 0
0  -7.923401 -7.923397 8.312499  -0.706248 -0.706248 0.049261  0.295100 0.714217 0
0  -10.352422 -4.288112 8.312499  -0.922758 -0.382219 0.049262  0.296415 0.732460 0
beerkeg.002
0  -7.948905 -7.948901 5.413619  -0.707101 -0.707101 0.003919  0.307492 0.713406 0
0  -4.288115 -10.352419 8.312500  -0.382219 -0.922758 0.049262  0.293066 0.694879 0
0  -7.923401 -7.923397 8.312499  -0.706248 -0.706248 0.049261  0.295100 0.714217 0
beerkeg.002
0  -4.301918 -10.385742 5.413619  -0.382681 -0.923872 0.003919  0.306559 0.693617 0
0  0.000000 -11.205379 8.312500  0.000000 -0.998786 0.049262  0.290216 0.673520 0
0  -4.288115 -10.352419 8.312500  -0.382219 -0.922758 0.049262  0.293066 0.694879 0
beerkeg.002
0  0.000000 -11.241447 5.413619  0.000000 -0.999992 0.003919  0.305362 0.672013 0
0  4.288115 -10.352419 8.312500  0.382219 -0.922758 0.049262  0.285893 0.648990 0
0  0.000000 -11.205379 8.312500  0.000000 -0.998786 0.049262  0.290216 0.673520 0
beerkeg.002
0  4.301918 -10.385742 5.413619  0.382681 -0.923872 0.003919  0.303741 0.646339 0
0  7.923401 -7.923397 8.312499  0.706248 -0.706248 0.049262  0.279757 0.619640 0
0  4.288115 -10.352419 8.312500  0.382219 -0.922758 0.049262  0.285893 0.648990 0
beerkeg.002
0  7.948905 -7.948901 5.413619  0.707102 -0.707101 0.003919  0.301667 0.616210 0
0  10.352422 -4.288112 8.312499  0.922758 -0.382219 0.049262  0.270528 0.582614 0
0  7.923401 -7.923397 8.312499  0.706248 -0.706248 0.049262  0.279757 0.619640 0
beerkeg.002
0  -10.461980 0.000002 12.706216  -0.934085 -0.000000 0.357051  0.279118 0.750517 0
0  -8.818918 -3.652913 14.478189  -0.774038 -0.320617 0.545957  0.269690 0.734568 0
0  -9.545528 0.000002 14.478188  -0.837813 0.000000 0.545957  0.270716 0.750699 0
beerkeg.002
0  8.818918 3.652918 14.478188  0.774039 0.320617 0.545957  0.219676 0.894190 0
0  7.397738 7.397738 12.706215  0.660498 0.660498 0.357051  0.253257 0.873267 0
0  6.749708 6.749709 14.478188  0.592423 0.592423 0.545957  0.239090 0.865974 0
beerkeg.002
0  10.385744 -4.301915 5.413618  0.923872 -0.382680 0.003919  0.299004 0.577871 0
0  11.205379 0.000001 8.312498  0.998786 0.000000 0.049261  0.255801 0.531446 0
0  10.352422 -4.288112 8.312499  0.922758 -0.382219 0.049262  0.270528 0.582614 0
beerkeg.002
0  -4.282838 10.339681 -0.158997  -0.382666 0.923837 -0.009584  0.335740 0.804557 0
0  -7.939847 7.939842 2.625174  -0.707079 0.707078 -0.008945  0.321498 0.786016 0
0  -4.297015 10.373906 2.625173  -0.382668 0.923842 -0.008945  0.322754 0.805949 0
beerkeg.002
0  4.297015 10.373906 2.625173  0.382668 0.923842 -0.008945  0.327031 0.853463 0
0  7.948905 7.948903 5.413616  0.707101 0.707101 0.003919  0.309195 0.884986 0
0  7.939847 7.939842 2.625174  0.707079 0.707078 -0.008945  0.330837 0.883738 0
beerkeg.002
0  10.373908 4.297013 2.625174  0.923843 0.382668 -0.008945  0.337109 0.921637 0
0  11.241448 0.000001 5.413617  0.999992 0.000000 0.003920  0.310057 0.976510 0
0  11.228637 0.000000 2.625175  0.999960 -0.000000 -0.008945  0.347807 0.971241 0
beerkeg.002
0  -10.352422 -4.288112 8.312499  -0.922758 -0.382219 0.049262  0.296415 0.732460 0
0  -7.775996 -7.775991 10.714402  -0.696599 -0.696599 0.171756  0.284854 0.715386 0
0  -10.159826 -4.208336 10.714403  -0.910150 -0.376996 0.171756  0.286610 0.733071 0
beerkeg.002
0  -7.923401 -7.923397 8.312499  -0.706248 -0.706248 0.049261  0.295100 0.714217 0
0  -4.208339 -10.159822 10.714403  -0.376997 -0.910150 0.171756  0.281994 0.696538 0
0  -7.775996 -7.775991 10.714402  -0.696599 -0.696599 0.171756  0.284854 0.715386 0
beerkeg.002
0  -4.288115 -10.352419 8.312500  -0.382219 -0.922758 0.049262  0.293066 0.694879 0
0  0.000000 -10.996914 10.714403  -0.000000 -0.985140 0.171756  0.277839 0.675871 0
0  -4.208339 -10.159822 10.714403  -0.376997 -0.910150 0.171756  0.281994 0.696538 0
beerkeg.002
0  0.000000 -11.205379 8.312500  0.000000 -0.998786 0.049262  0.290216 0.673520 0
0  4.208339 -10.159822 10.714403  0.376997 -0.910150 0.171756  0.271450 0.652409 0
0  0.000000 -10.996914 10.714403  -0.000000 -0.985140 0.171756  0.277839 0.675871 0
beerkeg.002
0  4.288115 -10.352419 8.312500  0.382219 -0.922758 0.049262  0.285893 0.648990 0
0  7.775996 -7.775991 10.714402  0.696599 -0.696599 0.171755  0.262227 0.624863 0
0  4.208339 -10.159822 10.714403  0.376997 -0.910150 0.171756  0.271450 0.652409 0
beerkeg.002
0  7.923401 -7.923397 8.312499  0.706248 -0.706248 0.049262  0.279757 0.619640 0
0  10.159826 -4.208336 10.714403  0.910150 -0.376997 0.171756  0.248039 0.590680 0
0  7.775996 -7.775991 10.714402  0.696599 -0.696599 0.171755  0.262227 0.624863 0
beerkeg.002
0  -9.545528 0.000002 14.478188  -0.837813 0.000000 0.545957  0.270716 0.750699 0
0  -7.551769 -3.128042 16.132389  -0.655293 -0.271431 0.704923  0.259850 0.735705 0
0  -8.173974 0.000003 16.132389  -0.709284 0.000000 0.704923  0.260959 0.750934 0
beerkeg.002
0  7.551769 3.128047 16.132389  0.655293 0.271431 0.704923  0.202898 0.878469 0
0  6.749708 6.749709 14.478188  0.592423 0.592423 0.545957  0.239090 0.865974 0
0  5.779874 5.779874 16.132389  0.501539 0.501540 0.704923  0.224150 0.855714 0
beerkeg.002
0  10.352422 -4.288112 8.312499  0.922758 -0.382219 0.049262  0.270528 0.582614 0
0  10.996917 0.000002 10.714402  0.985140 -0.000000 0.171755  0.224262 0.544972 0
0  10.159826 -4.208336 10.714403  0.910150 -0.376997 0.171756  0.248039 0.590680 0
beerkeg.002
0  -4.297015 10.373906 2.625173  -0.382668 0.923842 -0.008945  0.322754 0.805949 0
0  -7.948905 7.948903 5.413616  -0.707101 0.707101 0.003919  0.309441 0.786358 0
0  -4.301918 10.385744 5.413615  -0.382681 0.923872 0.003919  0.309582 0.806366 0
beerkeg.002
0  4.301918 10.385744 5.413615  0.382681 0.923872 0.003919  0.309459 0.854222 0
0  7.923401 7.923400 8.312497  0.706248 0.706248 0.049261  0.286625 0.883293 0
0  7.948905 7.948903 5.413616  0.707101 0.707101 0.003919  0.309195 0.884986 0
beerkeg.002
0  10.385744 4.301917 5.413617  0.923872 0.382681 0.003919  0.308951 0.925082 0
0  11.205379 0.000001 8.312498  0.998786 0.000000 0.049261  0.267754 0.975245 0
0  11.241448 0.000001 5.413617  0.999992 0.000000 0.003920  0.310057 0.976510 0
beerkeg.002
0  -10.159826 -4.208336 10.714403  -0.910150 -0.376996 0.171756  0.286610 0.733071 0
0  -7.397738 -7.397734 12.706217  -0.660498 -0.660498 0.357051  0.276070 0.716587 0
0  -9.665609 -4.003625 12.706217  -0.862982 -0.357459 0.357051  0.278120 0.733729 0
beerkeg.002
0  -7.775996 -7.775991 10.714402  -0.696599 -0.696599 0.171756  0.284854 0.715386 0
0  -4.003628 -9.665606 12.706218  -0.357459 -0.862982 0.357051  0.272555 0.698507 0
0  -7.397738 -7.397734 12.706217  -0.660498 -0.660498 0.357051  0.276070 0.716587 0
beerkeg.002
0  -4.208339 -10.159822 10.714403  -0.376997 -0.910150 0.171756  0.281994 0.696538 0
0  0.000000 -10.461977 12.706218  0.000000 -0.934085 0.357051  0.267280 0.678694 0
0  -4.003628 -9.665606 12.706218  -0.357459 -0.862982 0.357051  0.272555 0.698507 0
beerkeg.002
0  0.000000 -10.996914 10.714403  -0.000000 -0.985140 0.171756  0.277839 0.675871 0
0  4.003628 -9.665606 12.706218  0.357459 -0.862982 0.357051  0.259475 0.656773 0
0  0.000000 -10.461977 12.706218  0.000000 -0.934085 0.357051  0.267280 0.678694 0
beerkeg.002
0  4.208339 -10.159822 10.714403  0.376997 -0.910150 0.171756  0.271450 0.652409 0
0  7.397738 -7.397734 12.706217  0.660498 -0.660498 0.357051  0.247704 0.630947 0
0  4.003628 -9.665606 12.706218  0.357459 -0.862982 0.357051  0.259475 0.656773 0
beerkeg.002
0  7.775996 -7.775991 10.714402  0.696599 -0.696599 0.171755  0.262227 0.624863 0
0  9.665609 -4.003625 12.706217  0.862982 -0.357459 0.357051  0.230315 0.600550 0
0  7.397738 -7.397734 12.706217  0.660498 -0.660498 0.357051  0.247704 0.630947 0
beerkeg.002
0  -8.173974 0.000003 16.132389  -0.709284 0.000000 0.704923  0.260959 0.750934 0
0  -6.074327 -2.516067 17.428717  -0.524203 -0.217132 0.823447  0.249242 0.737181 0
0  -6.574806 0.000003 17.428717  -0.567394 -0.000000 0.823447  0.250282 0.751155 0
beerkeg.002
0  6.074327 2.516072 17.428717  0.524203 0.217132 0.823447  0.188862 0.859451 0
0  5.779874 5.779874 16.132389  0.501539 0.501540 0.704923  0.224150 0.855714 0
0  4.649090 4.649092 17.428717  0.401209 0.401208 0.823446  0.210607 0.842868 0
beerkeg.002
0  10.159826 -4.208336 10.714403  0.910150 -0.376997 0.171756  0.248039 0.590680 0
0  10.461980 0.000002 12.706216  0.934085 -0.000000 0.357051  0.200859 0.561558 0
0  9.665609 -4.003625 12.706217  0.862982 -0.357459 0.357051  0.230315 0.600550 0
beerkeg.002
0  -4.301918 10.385744 5.413615  -0.382681 0.923872 0.003919  0.309582 0.806366 0
0  -7.923401 7.923400 8.312497  -0.706248 0.706248 0.049261  0.296936 0.786214 0
0  -4.288115 10.352421 8.312496  -0.382219 0.922758 0.049262  0.295899 0.805816 0
beerkeg.002
0  4.288115 10.352421 8.312496  0.382219 0.922758 0.049262  0.291259 0.852590 0
0  7.775996 7.775995 10.714400  0.696599 0.696599 0.171755  0.268345 0.878899 0
0  7.923401 7.923400 8.312497  0.706248 0.706248 0.049261  0.286625 0.883293 0
beerkeg.002
0  10.352422 4.288115 8.312497  0.922758 0.382219 0.049261  0.279326 0.921606 0
0  10.996917 0.000002 10.714402  0.985140 -0.000000 0.171755  0.234446 0.963344 0
0  11.205379 0.000001 8.312498  0.998786 0.000000 0.049261  0.267754 0.975245 0
beerkeg.002
0  -9.665609 -4.003625 12.706217  -0.862982 -0.357459 0.357051  0.278120 0.733729 0
0  -6.749708 -6.749704 14.478189  -0.592423 -0.592423 0.545958  0.267212 0.718089 0
0  -8.818918 -3.652913 14.478189  -0.774038 -0.320617 0.545957  0.269690 0.734568 0
beerkeg.002
0  -7.397738 -7.397734 12.706217  -0.660498 -0.660498 0.357051  0.276070 0.716587 0
0  -3.652917 -8.818914 14.478190  -0.320617 -0.774038 0.545957  0.263178 0.700844 0
0  -6.749708 -6.749704 14.478189  -0.592423 -0.592423 0.545958  0.267212 0.718089 0
beerkeg.002
0  -4.003628 -9.665606 12.706218  -0.357459 -0.862982 0.357051  0.272555 0.698507 0
0  0.000000 -9.545527 14.478190  0.000000 -0.837813 0.545957  0.257008 0.682273 0
0  -3.652917 -8.818914 14.478190  -0.320617 -0.774038 0.545957  0.263178 0.700844 0
beerkeg.002
0  0.000000 -10.461977 12.706218  0.000000 -0.934085 0.357051  0.267280 0.678694 0
0  3.652917 -8.818914 14.478190  0.320617 -0.774038 0.545958  0.247964 0.661946 0
0  0.000000 -9.545527 14.478190  0.000000 -0.837813 0.545957  0.257008 0.682273 0
beerkeg.002
0  4.003628 -9.665606 12.706218  0.357459 -0.862982 0.357051  0.259475 0.656773 0
0  6.749708 -6.749704 14.478189  0.592423 -0.592423 0.545958  0.234487 0.638958 0
0  3.652917 -8.818914 14.478190  0.320617 -0.774038 0.545958  0.247964 0.661946 0
beerkeg.002
0  7.397738 -7.397734 12.706217  0.660498 -0.660498 0.357051  0.247704 0.630947 0
0  8.818918 -3.652913 14.478189  0.774038 -0.320617 0.545957  0.214372 0.612480 0
0  6.749708 -6.749704 14.478189  0.592423 -0.592423 0.545958  0.234487 0.638958 0
beerkeg.002
0  -6.574806 0.000003 17.428717  -0.567394 -0.000000 0.823447  0.250282 0.751155 0
0  -4.764006 -1.973313 18.217854  -0.404235 -0.167439 0.899199  0.239841 0.738636 0
0  -5.156522 0.000003 18.217854  -0.437540 0.000000 0.899199  0.240840 0.751443 0
beerkeg.002
0  4.764006 1.973319 18.217854  0.404234 0.167439 0.899199  0.180120 0.841841 0
0  4.649090 4.649092 17.428717  0.401209 0.401208 0.823446  0.210607 0.842868 0
0  3.646213 3.646214 18.217854  0.309388 0.309388 0.899199  0.200249 0.830234 0
beerkeg.002
0  9.665609 -4.003625 12.706217  0.862982 -0.357459 0.357051  0.230315 0.600550 0
0  9.545528 0.000002 14.478188  0.837813 0.000000 0.545957  0.181928 0.581641 0
0  8.818918 -3.652913 14.478189  0.774038 -0.320617 0.545957  0.214372 0.612480 0
beerkeg.002
0  -4.288115 10.352421 8.312496  -0.382219 0.922758 0.049262  0.295899 0.805816 0
0  -7.775996 7.775995 10.714400  -0.696599 0.696599 0.171755  0.286586 0.785566 0
0  -4.208339 10.159825 10.714399  -0.376997 0.910150 0.171755  0.284630 0.804707 0
beerkeg.002
0  4.208339 10.159825 10.714399  0.376997 0.910150 0.171756  0.276465 0.849854 0
0  7.397738 7.397738 12.706215  0.660498 0.660498 0.357051  0.253257 0.873267 0
0  7.775996 7.775995 10.714400  0.696599 0.696599 0.171755  0.268345 0.878899 0
beerkeg.002
0  10.159826 4.208340 10.714401  0.910150 0.376997 0.171756  0.255597 0.914979 0
0  10.461980 0.000002 12.706216  0.934085 -0.000000 0.357051  0.209439 0.947812 0
0  10.996917 0.000002 10.714402  0.985140 -0.000000 0.171755  0.234446 0.963344 0
beerkeg.002
0  -8.818918 -3.652913 14.478189  -0.774038 -0.320617 0.545957  0.269690 0.734568 0
0  -5.779874 -5.779869 16.132389  -0.501539 -0.501539 0.704923  0.257133 0.720235 0
0  -7.551769 -3.128042 16.132389  -0.655293 -0.271431 0.704923  0.259850 0.735705 0
beerkeg.002
0  -6.749708 -6.749704 14.478189  -0.592423 -0.592423 0.545958  0.267212 0.718089 0
0  -3.128046 -7.551764 16.132391  -0.271432 -0.655293 0.704923  0.252535 0.704186 0
0  -5.779874 -5.779869 16.132389  -0.501539 -0.501539 0.704923  0.257133 0.720235 0
beerkeg.002
0  -3.652917 -8.818914 14.478190  -0.320617 -0.774038 0.545957  0.263178 0.700844 0
0  0.000000 -8.173971 16.132391  0.000000 -0.709284 0.704923  0.245556 0.687274 0
0  -3.128046 -7.551764 16.132391  -0.271432 -0.655293 0.704923  0.252535 0.704186 0
beerkeg.002
0  0.000000 -9.545527 14.478190  0.000000 -0.837813 0.545957  0.257008 0.682273 0
0  3.128046 -7.551764 16.132391  0.271431 -0.655293 0.704923  0.235487 0.669173 0
0  0.000000 -8.173971 16.132391  0.000000 -0.709284 0.704923  0.245556 0.687274 0
beerkeg.002
0  3.652917 -8.818914 14.478190  0.320617 -0.774038 0.545958  0.247964 0.661946 0
0  5.779874 -5.779869 16.132389  0.501540 -0.501539 0.704923  0.220874 0.649692 0
0  3.128046 -7.551764 16.132391  0.271431 -0.655293 0.704923  0.235487 0.669173 0
beerkeg.002
0  6.749708 -6.749704 14.478189  0.592423 -0.592423 0.545958  0.234487 0.638958 0
0  7.551769 -3.128042 16.132389  0.655293 -0.271431 0.704923  0.198794 0.628516 0
0  5.779874 -5.779869 16.132389  0.501540 -0.501539 0.704923  0.220874 0.649692 0
beerkeg.002
0  -5.156522 0.000003 18.217854  -0.437540 0.000000 0.899199  0.240840 0.751443 0
0  -3.701262 -1.533110 18.682817  -0.312946 -0.129626 0.940884  0.231345 0.740192 0
0  -4.006217 0.000003 18.682817  -0.338730 0.000000 0.940884  0.232255 0.751587 0
beerkeg.002
0  3.701262 1.533117 18.682817  0.312945 0.129626 0.940884  0.174912 0.826603 0
0  3.646213 3.646214 18.217854  0.309388 0.309388 0.899199  0.200249 0.830234 0
0  2.832824 2.832826 18.682817  0.239519 0.239519 0.940884  0.192769 0.818568 0
beerkeg.002
0  8.818918 -3.652913 14.478189  0.774038 -0.320617 0.545957  0.214372 0.612480 0
0  8.173974 0.000003 16.132389  0.709284 0.000000 0.704923  0.166326 0.607292 0
0  7.551769 -3.128042 16.132389  0.655293 -0.271431 0.704923  0.198794 0.628516 0
beerkeg.002
0  -4.208339 10.159825 10.714399  -0.376997 0.910150 0.171755  0.284630 0.804707 0
0  -7.397738 7.397738 12.706215  -0.660498 0.660498 0.357051  0.277582 0.784780 0
0  -4.003628 9.665610 12.706214  -0.357459 0.862982 0.357051  0.274977 0.803175 0
beerkeg.002
0  4.003628 9.665610 12.706214  0.357459 0.862982 0.357051  0.263956 0.846318 0
0  6.749708 6.749709 14.478188  0.592423 0.592423 0.545957  0.239090 0.865974 0
0  7.397738 7.397738 12.706215  0.660498 0.660498 0.357051  0.253257 0.873267 0
beerkeg.002
0  9.665609 4.003629 12.706215  0.862982 0.357459 0.357051  0.236498 0.906087 0
0  9.545528 0.000002 14.478188  0.837813 0.000000 0.545957  0.187351 0.929019 0
0  10.461980 0.000002 12.706216  0.934085 -0.000000 0.357051  0.209439 0.947812 0
beerkeg.002
0  -7.551769 -3.128042 16.132389  -0.655293 -0.271431 0.704923  0.259850 0.735705 0
0  -4.649090 -4.649086 17.428717  -0.401208 -0.401208 0.823447  0.246407 0.723023 0
0  -6.074327 -2.516067 17.428717  -0.524203 -0.217132 0.823447  0.249242 0.737181 0
beerkeg.002
0  -5.779874 -5.779869 16.132389  -0.501539 -0.501539 0.704923  0.257133 0.720235 0
0  -2.516070 -6.074325 17.428719  -0.217132 -0.524203 0.823447  0.241405 0.708509 0
0  -4.649090 -4.649086 17.428717  -0.401208 -0.401208 0.823447  0.246407 0.723023 0
beerkeg.002
0  -3.128046 -7.551764 16.132391  -0.271432 -0.655293 0.704923  0.252535 0.704186 0
0  0.000000 -6.574803 17.428719  0.000000 -0.567394 0.823447  0.234104 0.693601 0
0  -2.516070 -6.074325 17.428719  -0.217132 -0.524203 0.823447  0.241405 0.708509 0
beerkeg.002
0  0.000000 -8.173971 16.132391  0.000000 -0.709284 0.704923  0.245556 0.687274 0
0  2.516070 -6.074325 17.428719  0.217133 -0.524203 0.823447  0.223074 0.678133 0
0  0.000000 -6.574803 17.428719  0.000000 -0.567394 0.823447  0.234104 0.693601 0
beerkeg.002
0  3.128046 -7.551764 16.132391  0.271431 -0.655293 0.704923  0.235487 0.669173 0
0  4.649090 -4.649086 17.428717  0.401209 -0.401208 0.823446  0.207924 0.662572 0
0  2.516070 -6.074325 17.428719  0.217133 -0.524203 0.823447  0.223074 0.678133 0
beerkeg.002
0  5.779874 -5.779869 16.132389  0.501540 -0.501539 0.704923  0.220874 0.649692 0
0  6.074327 -2.516067 17.428717  0.524203 -0.217132 0.823447  0.186374 0.647478 0
0  4.649090 -4.649086 17.428717  0.401209 -0.401208 0.823446  0.207924 0.662572 0
beerkeg.002
0  -4.006217 0.000003 18.682817  -0.338730 0.000000 0.940884  0.232255 0.751587 0
0  -2.700756 -1.118687 19.013954  -0.784397 -0.324907 0.528354  0.222279 0.741903 0
0  -2.923277 0.000003 19.013952  -0.849024 0.000000 0.528355  0.223380 0.751729 0
beerkeg.002
0  2.700756 1.118693 19.013954  0.784396 0.324907 0.528354  0.170863 0.810893 0
0  2.832824 2.832826 18.682817  0.239519 0.239519 0.940884  0.192769 0.818568 0
0  2.067070 2.067072 19.013954  0.600352 0.600350 0.528353  0.186022 0.805861 0
beerkeg.002
0  7.551769 -3.128042 16.132389  0.655293 -0.271431 0.704923  0.198794 0.628516 0
0  6.574806 0.000003 17.428717  0.567393 -0.000000 0.823447  0.155228 0.635224 0
0  6.074327 -2.516067 17.428717  0.524203 -0.217132 0.823447  0.186374 0.647478 0
beerkeg.002
0  -4.003628 9.665610 12.706214  -0.357459 0.862982 0.357051  0.274977 0.803175 0
0  -6.749708 6.749709 14.478188  -0.592423 0.592423 0.545957  0.268681 0.783614 0
0  -3.652917 8.818918 14.478187  -0.320617 0.774038 0.545957  0.265380 0.801187 0
beerkeg.002
0  3.652917 8.818918 14.478187  0.320617 0.774038 0.545957  0.251817 0.841598 0
0  5.779874 5.779874 16.132389  0.501539 0.501540 0.704923  0.224150 0.855714 0
0  6.749708 6.749709 14.478188  0.592423 0.592423 0.545957  0.239090 0.865974 0
beerkeg.002
0  8.818918 3.652918 14.478188  0.774039 0.320617 0.545957  0.219676 0.894190 0
0  8.173974 0.000003 16.132389  0.709284 0.000000 0.704923  0.169659 0.902603 0
0  9.545528 0.000002 14.478188  0.837813 0.000000 0.545957  0.187351 0.929019 0
beerkeg.002
0  -6.074327 -2.516067 17.428717  -0.524203 -0.217132 0.823447  0.249242 0.737181 0
0  -3.646213 -3.646209 18.217854  -0.309388 -0.309387 0.899199  0.236611 0.725837 0
0  -4.764006 -1.973313 18.217854  -0.404235 -0.167439 0.899199  0.239841 0.738636 0
beerkeg.002
0  -4.649090 -4.649086 17.428717  -0.401208 -0.401208 0.823447  0.246407 0.723023 0
0  -1.973316 -4.764002 18.217854  -0.167439 -0.404234 0.899199  0.231670 0.712957 0
0  -3.646213 -3.646209 18.217854  -0.309388 -0.309387 0.899199  0.236611 0.725837 0
beerkeg.002
0  -2.516070 -6.074325 17.428719  -0.217132 -0.524203 0.823447  0.241405 0.708509 0
0  0.000000 -5.156520 18.217854  -0.000001 -0.437540 0.899199  0.223850 0.700109 0
0  -1.973316 -4.764002 18.217854  -0.167439 -0.404234 0.899199  0.231670 0.712957 0
beerkeg.002
0  0.000000 -6.574803 17.428719  0.000000 -0.567394 0.823447  0.234104 0.693601 0
0  1.973316 -4.764002 18.217854  0.167439 -0.404234 0.899199  0.213091 0.687281 0
0  0.000000 -5.156520 18.217854  -0.000001 -0.437540 0.899199  0.223850 0.700109 0
beerkeg.002
0  2.516070 -6.074325 17.428719  0.217133 -0.524203 0.823447  0.223074 0.678133 0
0  3.646213 -3.646209 18.217854  0.309388 -0.309387 0.899199  0.198515 0.675153 0
0  1.973316 -4.764002 18.217854  0.167439 -0.404234 0.899199  0.213091 0.687281 0
beerkeg.002
0  4.649090 -4.649086 17.428717  0.401209 -0.401208 0.823446  0.207924 0.662572 0
0  4.764006 -1.973313 18.217854  0.404235 -0.167439 0.899198  0.178754 0.664764 0
0  3.646213 -3.646209 18.217854  0.309388 -0.309387 0.899199  0.198515 0.675153 0
beerkeg.002
0  6.074327 -2.516067 17.428717  0.524203 -0.217132 0.823447  0.186374 0.647478 0
0  5.156522 0.000003 18.217854  0.437540 0.000000 0.899199  0.152637 0.658910 0
0  4.764006 -1.973313 18.217854  0.404235 -0.167439 0.899198  0.178754 0.664764 0
beerkeg.002
0  -3.652917 8.818918 14.478187  -0.320617 0.774038 0.545957  0.265380 0.801187 0
0  -5.779874 5.779874 16.132389  -0.501539 0.501540 0.704923  0.258477 0.781908 0
0  -3.128046 7.551770 16.132387  -0.271431 0.655293 0.704923  0.254398 0.798307 0
beerkeg.002
0  3.128046 7.551770 16.132387  0.271431 0.655293 0.704923  0.238482 0.834800 0
0  4.649090 4.649092 17.428717  0.401209 0.401208 0.823446  0.210607 0.842868 0
0  5.779874 5.779874 16.132389  0.501539 0.501540 0.704923  0.224150 0.855714 0
beerkeg.002
0  7.551769 3.128047 16.132389  0.655293 0.271431 0.704923  0.202898 0.878469 0
0  6.574806 0.000003 17.428717  0.567393 -0.000000 0.823447  0.156645 0.873806 0
0  8.173974 0.000003 16.132389  0.709284 0.000000 0.704923  0.169659 0.902603 0
beerkeg.002
0  -4.764006 -1.973313 18.217854  -0.404235 -0.167439 0.899199  0.239841 0.738636 0
0  -2.832824 -2.832820 18.682817  -0.239518 -0.239518 0.940884  0.228288 0.728738 0
0  -3.701262 -1.533110 18.682817  -0.312946 -0.129626 0.940884  0.231345 0.740192 0
beerkeg.002
0  -3.646213 -3.646209 18.217854  -0.309388 -0.309387 0.899199  0.236611 0.725837 0
0  -1.533113 -3.701259 18.682817  -0.129626 -0.312946 0.940884  0.223249 0.717484 0
0  -2.832824 -2.832820 18.682817  -0.239518 -0.239518 0.940884  0.228288 0.728738 0
beerkeg.002
0  -1.973316 -4.764002 18.217854  -0.167439 -0.404234 0.899199  0.231670 0.712957 0
0  0.000000 -4.006215 18.682817  -0.000000 -0.338730 0.940883  0.215791 0.706489 0
0  -1.533113 -3.701259 18.682817  -0.129626 -0.312946 0.940884  0.223249 0.717484 0
beerkeg.002
0  0.000000 -5.156520 18.217854  -0.000001 -0.437540 0.899199  0.223850 0.700109 0
0  1.533113 -3.701259 18.682817  0.129626 -0.312946 0.940884  0.205371 0.695809 0
0  0.000000 -4.006215 18.682817  -0.000000 -0.338730 0.940883  0.215791 0.706489 0
beerkeg.002
0  1.973316 -4.764002 18.217854  0.167439 -0.404234 0.899199  0.213091 0.687281 0
0  2.832824 -2.832820 18.682817  0.239518 -0.239519 0.940884  0.191484 0.686569 0
0  1.533113 -3.701259 18.682817  0.129626 -0.312946 0.940884  0.205371 0.695809 0
beerkeg.002
0  3.646213 -3.646209 18.217854  0.309388 -0.309387 0.899199  0.198515 0.675153 0
0  3.701262 -1.533110 18.682817  0.312945 -0.129626 0.940884  0.174097 0.679632 0
0  2.832824 -2.832820 18.682817  0.239518 -0.239519 0.940884  0.191484 0.686569 0
beerkeg.002
0  4.764006 -1.973313 18.217854  0.404235 -0.167439 0.899198  0.178754 0.664764 0
0  4.006217 0.000003 18.682817  0.338730 -0.000000 0.940884  0.152565 0.677229 0
0  3.701262 -1.533110 18.682817  0.312945 -0.129626 0.940884  0.174097 0.679632 0
beerkeg.002
0  -3.128046 7.551770 16.132387  -0.271431 0.655293 0.704923  0.254398 0.798307 0
0  -4.649090 4.649092 17.428717  -0.401208 0.401208 0.823446  0.247478 0.779557 0
0  -2.516070 6.074330 17.428715  -0.217132 0.524204 0.823446  0.243085 0.794407 0
beerkeg.002
0  2.516070 6.074330 17.428715  0.217132 0.524204 0.823446  0.225292 0.826113 0
0  3.646213 3.646214 18.217854  0.309388 0.309388 0.899199  0.200249 0.830234 0
0  4.649090 4.649092 17.428717  0.401209 0.401208 0.823446  0.210607 0.842868 0
beerkeg.002
0  6.074327 2.516072 17.428717  0.524203 0.217132 0.823447  0.188862 0.859451 0
0  5.156522 0.000003 18.217854  0.437540 0.000000 0.899199  0.152859 0.848963 0
0  6.574806 0.000003 17.428717  0.567393 -0.000000 0.823447  0.156645 0.873806 0
beerkeg.002
0  -3.701262 -1.533110 18.682817  -0.312946 -0.129626 0.940884  0.231345 0.740192 0
0  -2.067070 -2.067066 19.013954  -0.600351 -0.600351 0.528354  0.219451 0.732151 0
0  -2.700756 -1.118687 19.013954  -0.784397 -0.324907 0.528354  0.222279 0.741903 0
beerkeg.002
0  -2.832824 -2.832820 18.682817  -0.239518 -0.239518 0.940884  0.228288 0.728738 0
0  -1.118690 -2.700753 19.013954  -0.324907 -0.784396 0.528354  0.214672 0.722674 0
0  -2.067070 -2.067066 19.013954  -0.600351 -0.600351 0.528354  0.219451 0.732151 0
beerkeg.002
0  -1.533113 -3.701259 18.682817  -0.129626 -0.312946 0.940884  0.223249 0.717484 0
0  0.000000 -2.923275 19.013954  0.000001 -0.849024 0.528355  0.207488 0.713816 0
0  -1.118690 -2.700753 19.013954  -0.324907 -0.784396 0.528354  0.214672 0.722674 0
beerkeg.002
0  0.000000 -4.006215 18.682817  -0.000000 -0.338730 0.940883  0.215791 0.706489 0
0  1.118690 -2.700753 19.013954  0.324908 -0.784396 0.528354  0.197903 0.705635 0
0  0.000000 -2.923275 19.013954  0.000001 -0.849024 0.528355  0.207488 0.713816 0
beerkeg.002
0  1.533113 -3.701259 18.682817  0.129626 -0.312946 0.940884  0.205371 0.695809 0
0  2.067070 -2.067066 19.013954  0.600351 -0.600350 0.528354  0.185771 0.698960 0
0  1.118690 -2.700753 19.013954  0.324908 -0.784396 0.528354  0.197903 0.705635 0
beerkeg.002
0  2.832824 -2.832820 18.682817  0.239518 -0.239519 0.940884  0.191484 0.686569 0
0  2.700756 -1.118687 19.013954  0.784396 -0.324907 0.528354  0.170910 0.694782 0
0  2.067070 -2.067066 19.013954  0.600351 -0.600350 0.528354  0.185771 0.698960 0
beerkeg.002
0  3.701262 -1.533110 18.682817  0.312945 -0.129626 0.940884  0.174097 0.679632 0
0  2.923277 0.000003 19.013952  0.849024 -0.000000 0.528355  0.154655 0.693909 0
0  2.700756 -1.118687 19.013954  0.784396 -0.324907 0.528354  0.170910 0.694782 0
beerkeg.002
0  -2.516070 6.074330 17.428715  -0.217132 0.524204 0.823446  0.243085 0.794407 0
0  -3.646213 3.646214 18.217854  -0.309388 0.309388 0.899199  0.237520 0.777190 0
0  -1.973316 4.764008 18.217854  -0.167440 0.404235 0.899199  0.232731 0.790316 0
beerkeg.002
0  1.973316 4.764008 18.217854  0.167439 0.404235 0.899199  0.214833 0.817070 0
0  2.832824 2.832826 18.682817  0.239519 0.239519 0.940884  0.192769 0.818568 0
0  3.646213 3.646214 18.217854  0.309388 0.309388 0.899199  0.200249 0.830234 0
beerkeg.002
0  4.764006 1.973319 18.217854  0.404234 0.167439 0.899199  0.180120 0.841841 0
0  4.006217 0.000003 18.682817  0.338730 -0.000000 0.940884  0.152576 0.830013 0
0  5.156522 0.000003 18.217854  0.437540 0.000000 0.899199  0.152859 0.848963 0
beerkeg.002
0  -1.973316 4.764008 18.217854  -0.167440 0.404235 0.899199  0.232731 0.790316 0
0  -2.832824 2.832826 18.682817  -0.239519 0.239519 0.940883  0.228970 0.774517 0
0  -1.533113 3.701265 18.682817  -0.129627 0.312946 0.940883  0.224245 0.786102 0
beerkeg.002
0  1.533113 3.701265 18.682817  0.129627 0.312946 0.940883  0.206195 0.808520 0
0  2.067070 2.067072 19.013954  0.600352 0.600350 0.528353  0.186022 0.805861 0
0  2.832824 2.832826 18.682817  0.239519 0.239519 0.940884  0.192769 0.818568 0
beerkeg.002
0  3.701262 1.533117 18.682817  0.312945 0.129626 0.940884  0.174912 0.826603 0
0  2.923277 0.000003 19.013952  0.849024 -0.000000 0.528355  0.153762 0.812557 0
0  4.006217 0.000003 18.682817  0.338730 -0.000000 0.940884  0.152576 0.830013 0
beerkeg.002
0  -1.533113 3.701265 18.682817  -0.129627 0.312946 0.940883  0.224245 0.786102 0
0  -2.067070 2.067072 19.013954  -0.600352 0.600350 0.528354  0.220011 0.771413 0
0  -1.118690 2.700759 19.013954  -0.324908 0.784396 0.528354  0.215154 0.781125 0
beerkeg.002
0  -0.000000 0.000003 20.755983  -0.000000 -0.000000 1.000000  0.691207 0.753880 0
0  -3.266846 0.649819 20.777380  -0.784921 0.156131 0.599602  0.691754 0.752939 0
0  -3.330847 0.000003 20.777380  -0.798458 0.000000 0.602051  0.691929 0.751871 0
beerkeg.002
0  -2.067070 -2.067066 19.013954  -0.600351 -0.600351 0.528354  0.219451 0.732151 0
0  -2.355265 -2.355261 20.777380  -0.564595 -0.564595 0.602051  0.690505 0.747791 0
0  -2.769499 -1.850515 20.777380  -0.665424 -0.444622 0.599602  0.691022 0.748762 0
beerkeg.002
0  2.700756 1.118693 19.013954  0.784396 0.324907 0.528354  0.170863 0.810893 0
0  3.077302 1.274663 20.777380  0.737679 0.305557 0.602051  0.678926 0.755167 0
0  3.266846 0.649819 20.777380  0.784921 0.156131 0.599602  0.678442 0.753506 0
beerkeg.002
0  2.923277 0.000003 19.013952  0.849024 -0.000000 0.528355  0.154655 0.693909 0
0  3.330847 0.000003 20.777380  0.798458 0.000000 0.602051  0.677958 0.751846 0
0  3.266846 -0.649812 20.777380  0.784921 -0.156131 0.599602  0.678475 0.750169 0
beerkeg.002
0  0.000000 -2.923275 19.013954  0.000001 -0.849024 0.528355  0.207488 0.713816 0
0  0.000000 -3.330844 20.777380  0.000000 -0.798457 0.602051  0.686626 0.745334 0
0  -0.649817 -3.266842 20.777380  -0.156130 -0.784921 0.599602  0.687733 0.745787 0
beerkeg.002
0  -2.923277 0.000003 19.013952  -0.849024 0.000000 0.528355  0.223380 0.751729 0
0  -3.330847 0.000003 20.777380  -0.798458 0.000000 0.602051  0.691929 0.751871 0
0  -3.266846 0.649819 20.777380  -0.784921 0.156131 0.599602  0.691754 0.752939 0
beerkeg.002
0  -1.118690 2.700759 19.013954  -0.324908 0.784396 0.528354  0.215154 0.781125 0
0  -1.274661 3.077305 20.777380  -0.305557 0.737679 0.602051  0.688842 0.757451 0
0  -0.649817 3.266849 20.777380  -0.156130 0.784921 0.599602  0.687707 0.757900 0
beerkeg.002
0  -2.067070 2.067072 19.013954  -0.600352 0.600350 0.528354  0.220011 0.771413 0
0  -2.355265 2.355268 20.777380  -0.564595 0.564595 0.602051  0.690541 0.755940 0
0  -1.850520 2.769501 20.777380  -0.444621 0.665424 0.599602  0.689691 0.756695 0
beerkeg.002
0  2.700756 -1.118687 19.013954  0.784396 -0.324907 0.528354  0.170910 0.694782 0
0  3.077302 -1.274656 20.777380  0.737678 -0.305556 0.602051  0.678992 0.748492 0
0  2.769499 -1.850515 20.777380  0.665424 -0.444622 0.599602  0.680155 0.747358 0
beerkeg.002
0  -0.000000 0.000003 20.755983  -0.000000 -0.000000 1.000000  0.690225 0.755689 0
0  -2.769499 1.850522 20.777380  -0.665424 0.444622 0.599602  0.691060 0.754974 0
0  -3.077302 1.274663 20.777380  -0.737679 0.305557 0.602051  0.691579 0.754007 0
beerkeg.002
0  -0.000000 0.000003 20.755983  -0.000000 -0.000000 1.000000  0.688631 0.757100 0
0  -1.850520 2.769501 20.777380  -0.444621 0.665424 0.599602  0.689691 0.756695 0
0  -2.355265 2.355268 20.777380  -0.564595 0.564595 0.602051  0.690541 0.755940 0
beerkeg.002
0  -0.000000 0.000003 20.755983  -0.000000 -0.000000 1.000000  0.686481 0.757885 0
0  -0.649817 3.266849 20.777380  -0.156130 0.784921 0.599602  0.687707 0.757900 0
0  -1.274661 3.077305 20.777380  -0.305557 0.737679 0.602051  0.688842 0.757451 0
beerkeg.002
0  -0.000000 0.000003 20.755983  -0.000000 -0.000000 1.000000  0.683982 0.757929 0
0  0.649817 3.266849 20.777380  0.156130 0.784921 0.599602  0.685236 0.758389 0
0  0.000000 3.330850 20.777380  -0.000000 0.798458 0.602051  0.686573 0.758348 0
beerkeg.002
0  -0.000000 0.000003 20.755983  -0.000000 -0.000000 1.000000  0.681457 0.756979 0
0  1.850520 2.769501 20.777380  0.444621 0.665424 0.599602  0.682530 0.757929 0
0  1.274661 3.077305 20.777380  0.305557 0.737679 0.602051  0.683898 0.758430 0
beerkeg.002
0  -0.000000 0.000003 20.755983  -0.000000 -0.000000 1.000000  0.679522 0.748810 0
0  3.266846 -0.649812 20.777380  0.784921 -0.156131 0.599602  0.678475 0.750169 0
0  3.330847 0.000003 20.777380  0.798458 0.000000 0.602051  0.677958 0.751846 0
beerkeg.002
0  -0.000000 0.000003 20.755983  -0.000000 -0.000000 1.000000  0.679463 0.754857 0
0  2.769499 1.850522 20.777380  0.665424 0.444622 0.599602  0.680044 0.756297 0
0  2.355265 2.355268 20.777380  0.564595 0.564595 0.602051  0.681162 0.757428 0
beerkeg.002
0  1.118690 2.700759 19.013954  0.324908 0.784396 0.528354  0.198509 0.798831 0
0  1.850520 2.769501 20.777380  0.444621 0.665424 0.599602  0.682530 0.757929 0
0  2.067070 2.067072 19.013954  0.600352 0.600350 0.528353  0.186022 0.805861 0
beerkeg.002
0  -2.923277 0.000003 19.013952  -0.849024 0.000000 0.528355  0.223380 0.751729 0
0  -3.266846 -0.649812 20.777380  -0.784921 -0.156131 0.599602  0.691734 0.750802 0
0  -3.330847 0.000003 20.777380  -0.798458 0.000000 0.602051  0.691929 0.751871 0
beerkeg.002
0  -2.923277 0.000003 19.013952  -0.849024 0.000000 0.528355  0.223380 0.751729 0
0  -3.266846 0.649819 20.777380  -0.784921 0.156131 0.599602  0.691754 0.752939 0
0  -2.700756 1.118693 19.013954  -0.784396 0.324907 0.528354  0.222467 0.761511 0
beerkeg.002
0  -2.700756 1.118693 19.013954  -0.784396 0.324907 0.528354  0.222467 0.761511 0
0  -3.266846 0.649819 20.777380  -0.784921 0.156131 0.599602  0.691754 0.752939 0
0  -3.077302 1.274663 20.777380  -0.737679 0.305557 0.602051  0.691579 0.754007 0
beerkeg.002
0  -2.700756 1.118693 19.013954  -0.784396 0.324907 0.528354  0.222467 0.761511 0
0  -2.769499 1.850522 20.777380  -0.665424 0.444622 0.599602  0.691060 0.754974 0
0  -2.067070 2.067072 19.013954  -0.600352 0.600350 0.528354  0.220011 0.771413 0
beerkeg.002
0  -2.067070 2.067072 19.013954  -0.600352 0.600350 0.528354  0.220011 0.771413 0
0  -2.769499 1.850522 20.777380  -0.665424 0.444622 0.599602  0.691060 0.754974 0
0  -2.355265 2.355268 20.777380  -0.564595 0.564595 0.602051  0.690541 0.755940 0
beerkeg.002
0  -2.067070 2.067072 19.013954  -0.600352 0.600350 0.528354  0.220011 0.771413 0
0  -1.850520 2.769501 20.777380  -0.444621 0.665424 0.599602  0.689691 0.756695 0
0  -1.118690 2.700759 19.013954  -0.324908 0.784396 0.528354  0.215154 0.781125 0
beerkeg.002
0  1.118690 2.700759 19.013954  0.324908 0.784396 0.528354  0.198509 0.798831 0
0  0.649817 3.266849 20.777380  0.156130 0.784921 0.599602  0.685236 0.758389 0
0  1.274661 3.077305 20.777380  0.305557 0.737679 0.602051  0.683898 0.758430 0
beerkeg.002
0  2.067070 2.067072 19.013954  0.600352 0.600350 0.528353  0.186022 0.805861 0
0  1.850520 2.769501 20.777380  0.444621 0.665424 0.599602  0.682530 0.757929 0
0  2.355265 2.355268 20.777380  0.564595 0.564595 0.602051  0.681162 0.757428 0
beerkeg.002
0  2.067070 2.067072 19.013954  0.600352 0.600350 0.528353  0.186022 0.805861 0
0  2.769499 1.850522 20.777380  0.665424 0.444622 0.599602  0.680044 0.756297 0
0  2.700756 1.118693 19.013954  0.784396 0.324907 0.528354  0.170863 0.810893 0
beerkeg.002
0  -1.118690 2.700759 19.013954  -0.324908 0.784396 0.528354  0.215154 0.781125 0
0  -0.649817 3.266849 20.777380  -0.156130 0.784921 0.599602  0.687707 0.757900 0
0  0.000000 2.923281 19.013954  -0.000001 0.849024 0.528354  0.207996 0.790342 0
beerkeg.002
0  2.700756 1.118693 19.013954  0.784396 0.324907 0.528354  0.170863 0.810893 0
0  2.769499 1.850522 20.777380  0.665424 0.444622 0.599602  0.680044 0.756297 0
0  3.077302 1.274663 20.777380  0.737679 0.305557 0.602051  0.678926 0.755167 0
beerkeg.002
0  2.700756 1.118693 19.013954  0.784396 0.324907 0.528354  0.170863 0.810893 0
0  3.266846 0.649819 20.777380  0.784921 0.156131 0.599602  0.678442 0.753506 0
0  2.923277 0.000003 19.013952  0.849024 -0.000000 0.528355  0.153762 0.812557 0
beerkeg.002
0  -1.118690 2.700759 19.013954  -0.324908 0.784396 0.528354  0.215154 0.781125 0
0  -1.850520 2.769501 20.777380  -0.444621 0.665424 0.599602  0.689691 0.756695 0
0  -1.274661 3.077305 20.777380  -0.305557 0.737679 0.602051  0.688842 0.757451 0
beerkeg.002
0  0.000000 2.923281 19.013954  -0.000001 0.849024 0.528354  0.207996 0.790342 0
0  -0.649817 3.266849 20.777380  -0.156130 0.784921 0.599602  0.687707 0.757900 0
0  0.000000 3.330850 20.777380  -0.000000 0.798458 0.602051  0.686573 0.758348 0
beerkeg.002
0  0.000000 2.923281 19.013954  -0.000001 0.849024 0.528354  0.207996 0.790342 0
0  0.649817 3.266849 20.777380  0.156130 0.784921 0.599602  0.685236 0.758389 0
0  1.118690 2.700759 19.013954  0.324908 0.784396 0.528354  0.198509 0.798831 0
beerkeg.002
0  -0.000000 0.000003 20.755983  -0.000000 -0.000000 1.000000  0.691154 0.749867 0
0  -2.769499 -1.850515 20.777380  -0.665424 -0.444622 0.599602  0.691022 0.748762 0
0  -2.355265 -2.355261 20.777380  -0.564595 -0.564595 0.602051  0.690505 0.747791 0
beerkeg.002
0  -0.000000 0.000003 20.755983  -0.000000 -0.000000 1.000000  0.690195 0.748030 0
0  -1.850520 -2.769494 20.777380  -0.444621 -0.665424 0.599602  0.689673 0.747016 0
0  -1.274661 -3.077298 20.777380  -0.305557 -0.737678 0.602051  0.688841 0.746241 0
beerkeg.002
0  -0.000000 0.000003 20.755983  -0.000000 -0.000000 1.000000  0.688614 0.746599 0
0  -0.649817 -3.266842 20.777380  -0.156130 -0.784921 0.599602  0.687733 0.745787 0
0  0.000000 -3.330844 20.777380  0.000000 -0.798457 0.602051  0.686626 0.745334 0
beerkeg.002
0  -0.000000 0.000003 20.755983  -0.000000 -0.000000 1.000000  0.686529 0.745786 0
0  0.649817 -3.266842 20.777380  0.156130 -0.784921 0.599602  0.685330 0.745288 0
0  1.274661 -3.077298 20.777380  0.305557 -0.737679 0.602051  0.684035 0.745243 0
beerkeg.002
0  -0.000000 0.000003 20.755983  -0.000000 -0.000000 1.000000  0.684116 0.745714 0
0  1.850520 -2.769494 20.777380  0.444621 -0.665424 0.599602  0.682677 0.745733 0
0  2.355265 -2.355261 20.777380  0.564595 -0.564595 0.602051  0.681318 0.746224 0
beerkeg.002
0  -0.000000 0.000003 20.755983  -0.000000 -0.000000 1.000000  0.678607 0.751852 0
0  3.266846 0.649819 20.777380  0.784921 0.156131 0.599602  0.678442 0.753506 0
0  3.077302 1.274663 20.777380  0.737679 0.305557 0.602051  0.678926 0.755167 0
beerkeg.002
0  -0.000000 0.000003 20.755983  -0.000000 -0.000000 1.000000  0.681620 0.746691 0
0  2.769499 -1.850515 20.777380  0.665424 -0.444622 0.599602  0.680155 0.747358 0
0  3.077302 -1.274656 20.777380  0.737678 -0.305556 0.602051  0.678992 0.748492 0
beerkeg.002
0  2.067070 -2.067066 19.013954  0.600351 -0.600350 0.528354  0.185771 0.698960 0
0  2.355265 -2.355261 20.777380  0.564595 -0.564595 0.602051  0.681318 0.746224 0
0  1.850520 -2.769494 20.777380  0.444621 -0.665424 0.599602  0.682677 0.745733 0
beerkeg.002
0  -2.700756 -1.118687 19.013954  -0.784397 -0.324907 0.528354  0.222279 0.741903 0
0  -3.077302 -1.274656 20.777380  -0.737678 -0.305556 0.602051  0.691540 0.749734 0
0  -3.266846 -0.649812 20.777380  -0.784921 -0.156131 0.599602  0.691734 0.750802 0
beerkeg.002
0  1.118690 -2.700753 19.013954  0.324908 -0.784396 0.528354  0.197903 0.705635 0
0  1.274661 -3.077298 20.777380  0.305557 -0.737679 0.602051  0.684035 0.745243 0
0  0.649817 -3.266842 20.777380  0.156130 -0.784921 0.599602  0.685330 0.745288 0
beerkeg.002
0  -1.118690 -2.700753 19.013954  -0.324907 -0.784396 0.528354  0.214672 0.722674 0
0  -1.274661 -3.077298 20.777380  -0.305557 -0.737678 0.602051  0.688841 0.746241 0
0  -1.850520 -2.769494 20.777380  -0.444621 -0.665424 0.599602  0.689673 0.747016 0
beerkeg.002
0  0.000000 2.923281 19.013954  -0.000001 0.849024 0.528354  0.207996 0.790342 0
0  0.000000 3.330850 20.777380  -0.000000 0.798458 0.602051  0.686573 0.758348 0
0  0.649817 3.266849 20.777380  0.156130 0.784921 0.599602  0.685236 0.758389 0
beerkeg.002
0  2.067070 2.067072 19.013954  0.600352 0.600350 0.528353  0.186022 0.805861 0
0  2.355265 2.355268 20.777380  0.564595 0.564595 0.602051  0.681162 0.757428 0
0  2.769499 1.850522 20.777380  0.665424 0.444622 0.599602  0.680044 0.756297 0
beerkeg.002
0  -2.700756 1.118693 19.013954  -0.784396 0.324907 0.528354  0.222467 0.761511 0
0  -3.077302 1.274663 20.777380  -0.737679 0.305557 0.602051  0.691579 0.754007 0
0  -2.769499 1.850522 20.777380  -0.665424 0.444622 0.599602  0.691060 0.754974 0
beerkeg.002
0  1.118690 2.700759 19.013954  0.324908 0.784396 0.528354  0.198509 0.798831 0
0  1.274661 3.077305 20.777380  0.305557 0.737679 0.602051  0.683898 0.758430 0
0  1.850520 2.769501 20.777380  0.444621 0.665424 0.599602  0.682530 0.757929 0
beerkeg.002
0  -2.067070 -2.067066 19.013954  -0.600351 -0.600351 0.528354  0.219451 0.732151 0
0  -1.850520 -2.769494 20.777380  -0.444621 -0.665424 0.599602  0.689673 0.747016 0
0  -2.355265 -2.355261 20.777380  -0.564595 -0.564595 0.602051  0.690505 0.747791 0
beerkeg.002
0  2.700756 -1.118687 19.013954  0.784396 -0.324907 0.528354  0.170910 0.694782 0
0  3.266846 -0.649812 20.777380  0.784921 -0.156131 0.599602  0.678475 0.750169 0
0  3.077302 -1.274656 20.777380  0.737678 -0.305556 0.602051  0.678992 0.748492 0
beerkeg.002
0  -1.118690 -2.700753 19.013954  -0.324907 -0.784396 0.528354  0.214672 0.722674 0
0  -1.850520 -2.769494 20.777380  -0.444621 -0.665424 0.599602  0.689673 0.747016 0
0  -2.067070 -2.067066 19.013954  -0.600351 -0.600351 0.528354  0.219451 0.732151 0
beerkeg.002
0  -1.118690 -2.700753 19.013954  -0.324907 -0.784396 0.528354  0.214672 0.722674 0
0  -0.649817 -3.266842 20.777380  -0.156130 -0.784921 0.599602  0.687733 0.745787 0
0  -1.274661 -3.077298 20.777380  -0.305557 -0.737678 0.602051  0.688841 0.746241 0
beerkeg.002
0  1.118690 -2.700753 19.013954  0.324908 -0.784396 0.528354  0.197903 0.705635 0
0  1.850520 -2.769494 20.777380  0.444621 -0.665424 0.599602  0.682677 0.745733 0
0  1.274661 -3.077298 20.777380  0.305557 -0.737679 0.602051  0.684035 0.745243 0
beerkeg.002
0  0.000000 -2.923275 19.013954  0.000001 -0.849024 0.528355  0.207488 0.713816 0
0  -0.649817 -3.266842 20.777380  -0.156130 -0.784921 0.599602  0.687733 0.745787 0
0  -1.118690 -2.700753 19.013954  -0.324907 -0.784396 0.528354  0.214672 0.722674 0
beerkeg.002
0  2.067070 -2.067066 19.013954  0.600351 -0.600350 0.528354  0.185771 0.698960 0
0  2.769499 -1.850515 20.777380  0.665424 -0.444622 0.599602  0.680155 0.747358 0
0  2.355265 -2.355261 20.777380  0.564595 -0.564595 0.602051  0.681318 0.746224 0
beerkeg.002
0  0.000000 -2.923275 19.013954  0.000001 -0.849024 0.528355  0.207488 0.713816 0
0  0.649817 -3.266842 20.777380  0.156130 -0.784921 0.599602  0.685330 0.745288 0
0  0.000000 -3.330844 20.777380  0.000000 -0.798457 0.602051  0.686626 0.745334 0
beerkeg.002
0  1.118690 -2.700753 19.013954  0.324908 -0.784396 0.528354  0.197903 0.705635 0
0  0.649817 -3.266842 20.777380  0.156130 -0.784921 0.599602  0.685330 0.745288 0
0  0.000000 -2.923275 19.013954  0.000001 -0.849024 0.528355  0.207488 0.713816 0
beerkeg.002
0  2.700756 -1.118687 19.013954  0.784396 -0.324907 0.528354  0.170910 0.694782 0
0  2.769499 -1.850515 20.777380  0.665424 -0.444622 0.599602  0.680155 0.747358 0
0  2.067070 -2.067066 19.013954  0.600351 -0.600350 0.528354  0.185771 0.698960 0
beerkeg.002
0  -2.067070 -2.067066 19.013954  -0.600351 -0.600351 0.528354  0.219451 0.732151 0
0  -2.769499 -1.850515 20.777380  -0.665424 -0.444622 0.599602  0.691022 0.748762 0
0  -2.700756 -1.118687 19.013954  -0.784397 -0.324907 0.528354  0.222279 0.741903 0
beerkeg.002
0  -2.700756 -1.118687 19.013954  -0.784397 -0.324907 0.528354  0.222279 0.741903 0
0  -2.769499 -1.850515 20.777380  -0.665424 -0.444622 0.599602  0.691022 0.748762 0
0  -3.077302 -1.274656 20.777380  -0.737678 -0.305556 0.602051  0.691540 0.749734 0
beerkeg.002
0  -2.700756 -1.118687 19.013954  -0.784397 -0.324907 0.528354  0.222279 0.741903 0
0  -3.266846 -0.649812 20.777380  -0.784921 -0.156131 0.599602  0.691734 0.750802 0
0  -2.923277 0.000003 19.013952  -0.849024 0.000000 0.528355  0.223380 0.751729 0
beerkeg.002
0  2.067070 -2.067066 19.013954  0.600351 -0.600350 0.528354  0.185771 0.698960 0
0  1.850520 -2.769494 20.777380  0.444621 -0.665424 0.599602  0.682677 0.745733 0
0  1.118690 -2.700753 19.013954  0.324908 -0.784396 0.528354  0.197903 0.705635 0
beerkeg.002
0  2.923277 0.000003 19.013952  0.849024 -0.000000 0.528355  0.154655 0.693909 0
0  3.266846 -0.649812 20.777380  0.784921 -0.156131 0.599602  0.678475 0.750169 0
0  2.700756 -1.118687 19.013954  0.784396 -0.324907 0.528354  0.170910 0.694782 0
beerkeg.002
0  2.923277 0.000003 19.013952  0.849024 -0.000000 0.528355  0.153762 0.812557 0
0  3.266846 0.649819 20.777380  0.784921 0.156131 0.599602  0.678442 0.753506 0
0  3.330847 0.000003 20.777380  0.798458 0.000000 0.602051  0.677958 0.751846 0
beerkeg.002
0  -0.000000 0.000003 20.755983  -0.000000 -0.000000 1.000000  0.691534 0.751874 0
0  -3.330847 0.000003 20.777380  -0.798458 0.000000 0.602051  0.691929 0.751871 0
0  -3.266846 -0.649812 20.777380  -0.784921 -0.156131 0.599602  0.691734 0.750802 0
beerkeg.002
0  0.000000 2.923281 19.013954  -0.000001 0.849024 0.528354  0.207996 0.790342 0
0  1.118690 2.700759 19.013954  0.324908 0.784396 0.528354  0.198509 0.798831 0
0  1.533113 3.701265 18.682817  0.129627 0.312946 0.940883  0.206195 0.808520 0
beerkeg.002
0  0.000000 4.006221 18.682817  0.000000 0.338730 0.940883  0.216692 0.797525 0
0  1.533113 3.701265 18.682817  0.129627 0.312946 0.940883  0.206195 0.808520 0
0  1.973316 4.764008 18.217854  0.167439 0.404235 0.899199  0.214833 0.817070 0
beerkeg.002
0  0.000000 5.156526 18.217854  0.000000 0.437541 0.899199  0.225284 0.803601 0
0  1.973316 4.764008 18.217854  0.167439 0.404235 0.899199  0.214833 0.817070 0
0  2.516070 6.074330 17.428715  0.217132 0.524204 0.823446  0.225292 0.826113 0
beerkeg.002
0  -2.832824 2.832826 18.682817  -0.239519 0.239519 0.940883  0.228970 0.774517 0
0  -3.701262 1.533117 18.682817  -0.312945 0.129626 0.940884  0.231630 0.762963 0
0  -2.700756 1.118693 19.013954  -0.784396 0.324907 0.528354  0.222467 0.761511 0
beerkeg.002
0  -1.118690 2.700759 19.013954  -0.324908 0.784396 0.528354  0.215154 0.781125 0
0  0.000000 2.923281 19.013954  -0.000001 0.849024 0.528354  0.207996 0.790342 0
0  0.000000 4.006221 18.682817  0.000000 0.338730 0.940883  0.216692 0.797525 0
beerkeg.002
0  -3.701262 1.533117 18.682817  -0.312945 0.129626 0.940884  0.231630 0.762963 0
0  -4.006217 0.000003 18.682817  -0.338730 0.000000 0.940884  0.232255 0.751587 0
0  -2.923277 0.000003 19.013952  -0.849024 0.000000 0.528355  0.223380 0.751729 0
beerkeg.002
0  0.000000 6.574809 17.428715  -0.000000 0.567394 0.823446  0.235915 0.809859 0
0  2.516070 6.074330 17.428715  0.217132 0.524204 0.823446  0.225292 0.826113 0
0  3.128046 7.551770 16.132387  0.271431 0.655293 0.704923  0.238482 0.834800 0
beerkeg.002
0  -3.646213 3.646214 18.217854  -0.309388 0.309388 0.899199  0.237520 0.777190 0
0  -4.764006 1.973319 18.217854  -0.404234 0.167439 0.899199  0.240128 0.764240 0
0  -3.701262 1.533117 18.682817  -0.312945 0.129626 0.940884  0.231630 0.762963 0
beerkeg.002
0  -1.533113 3.701265 18.682817  -0.129627 0.312946 0.940883  0.224245 0.786102 0
0  0.000000 4.006221 18.682817  0.000000 0.338730 0.940883  0.216692 0.797525 0
0  0.000000 5.156526 18.217854  0.000000 0.437541 0.899199  0.225284 0.803601 0
beerkeg.002
0  -4.764006 1.973319 18.217854  -0.404234 0.167439 0.899199  0.240128 0.764240 0
0  -5.156522 0.000003 18.217854  -0.437540 0.000000 0.899199  0.240840 0.751443 0
0  -4.006217 0.000003 18.682817  -0.338730 0.000000 0.940884  0.232255 0.751587 0
beerkeg.002
0  0.000000 8.173977 16.132387  0.000000 0.709284 0.704923  0.248115 0.815756 0
0  3.128046 7.551770 16.132387  0.271431 0.655293 0.704923  0.238482 0.834800 0
0  3.652917 8.818918 14.478187  0.320617 0.774038 0.545957  0.251817 0.841598 0
beerkeg.002
0  -4.649090 4.649092 17.428717  -0.401208 0.401208 0.823446  0.247478 0.779557 0
0  -6.074327 2.516072 17.428717  -0.524203 0.217132 0.823447  0.249786 0.765206 0
0  -4.764006 1.973319 18.217854  -0.404234 0.167439 0.899199  0.240128 0.764240 0
beerkeg.002
0  -1.973316 4.764008 18.217854  -0.167440 0.404235 0.899199  0.232731 0.790316 0
0  0.000000 5.156526 18.217854  0.000000 0.437541 0.899199  0.225284 0.803601 0
0  0.000000 6.574809 17.428715  -0.000000 0.567394 0.823446  0.235915 0.809859 0
beerkeg.002
0  -6.074327 2.516072 17.428717  -0.524203 0.217132 0.823447  0.249786 0.765206 0
0  -6.574806 0.000003 17.428717  -0.567394 -0.000000 0.823447  0.250282 0.751155 0
0  -5.156522 0.000003 18.217854  -0.437540 0.000000 0.899199  0.240840 0.751443 0
beerkeg.002
0  0.000000 9.545530 14.478187  -0.000000 0.837813 0.545957  0.260041 0.820293 0
0  3.652917 8.818918 14.478187  0.320617 0.774038 0.545957  0.251817 0.841598 0
0  4.003628 9.665610 12.706214  0.357459 0.862982 0.357051  0.263956 0.846318 0
beerkeg.002
0  -5.779874 5.779874 16.132389  -0.501539 0.501540 0.704923  0.258477 0.781908 0
0  -7.551769 3.128047 16.132389  -0.655293 0.271431 0.704923  0.260412 0.766248 0
0  -6.074327 2.516072 17.428717  -0.524203 0.217132 0.823447  0.249786 0.765206 0
beerkeg.002
0  -2.516070 6.074330 17.428715  -0.217132 0.524204 0.823446  0.243085 0.794407 0
0  0.000000 6.574809 17.428715  -0.000000 0.567394 0.823446  0.235915 0.809859 0
0  0.000000 8.173977 16.132387  0.000000 0.709284 0.704923  0.248115 0.815756 0
beerkeg.002
0  -7.551769 3.128047 16.132389  -0.655293 0.271431 0.704923  0.260412 0.766248 0
0  -8.173974 0.000003 16.132389  -0.709284 0.000000 0.704923  0.260959 0.750934 0
0  -6.574806 0.000003 17.428717  -0.567394 -0.000000 0.823447  0.250282 0.751155 0
beerkeg.002
0  0.000000 10.461981 12.706214  0.000000 0.934085 0.357051  0.270658 0.823456 0
0  4.003628 9.665610 12.706214  0.357459 0.862982 0.357051  0.263956 0.846318 0
0  4.208339 10.159825 10.714399  0.376997 0.910150 0.171756  0.276465 0.849854 0
beerkeg.002
0  -6.749708 6.749709 14.478188  -0.592423 0.592423 0.545957  0.268681 0.783614 0
0  -8.818918 3.652918 14.478188  -0.774038 0.320617 0.545957  0.270417 0.766919 0
0  -7.551769 3.128047 16.132389  -0.655293 0.271431 0.704923  0.260412 0.766248 0
beerkeg.002
0  -3.128046 7.551770 16.132387  -0.271431 0.655293 0.704923  0.254398 0.798307 0
0  0.000000 8.173977 16.132387  0.000000 0.709284 0.704923  0.248115 0.815756 0
0  0.000000 9.545530 14.478187  -0.000000 0.837813 0.545957  0.260041 0.820293 0
beerkeg.002
0  -8.818918 3.652918 14.478188  -0.774038 0.320617 0.545957  0.270417 0.766919 0
0  -9.545528 0.000002 14.478188  -0.837813 0.000000 0.545957  0.270716 0.750699 0
0  -8.173974 0.000003 16.132389  -0.709284 0.000000 0.704923  0.260959 0.750934 0
beerkeg.002
0  0.000000 10.996918 10.714399  0.000000 0.985140 0.171755  0.281472 0.825903 0
0  4.208339 10.159825 10.714399  0.376997 0.910150 0.171756  0.276465 0.849854 0
0  4.288115 10.352421 8.312496  0.382219 0.922758 0.049262  0.291259 0.852590 0
beerkeg.002
0  -7.397738 7.397738 12.706215  -0.660498 0.660498 0.357051  0.277582 0.784780 0
0  -9.665609 4.003629 12.706215  -0.862982 0.357459 0.357051  0.279006 0.767336 0
0  -8.818918 3.652918 14.478188  -0.774038 0.320617 0.545957  0.270417 0.766919 0
beerkeg.002
0  -3.652917 8.818918 14.478187  -0.320617 0.774038 0.545957  0.265380 0.801187 0
0  0.000000 9.545530 14.478187  -0.000000 0.837813 0.545957  0.260041 0.820293 0
0  0.000000 10.461981 12.706214  0.000000 0.934085 0.357051  0.270658 0.823456 0
beerkeg.002
0  -9.665609 4.003629 12.706215  -0.862982 0.357459 0.357051  0.279006 0.767336 0
0  -10.461980 0.000002 12.706216  -0.934085 -0.000000 0.357051  0.279118 0.750517 0
0  -9.545528 0.000002 14.478188  -0.837813 0.000000 0.545957  0.270716 0.750699 0
beerkeg.002
0  0.000000 11.205381 8.312496  -0.000000 0.998786 0.049262  0.294172 0.827607 0
0  4.288115 10.352421 8.312496  0.382219 0.922758 0.049262  0.291259 0.852590 0
0  4.301918 10.385744 5.413615  0.382681 0.923872 0.003919  0.309459 0.854222 0
beerkeg.002
0  -7.775996 7.775995 10.714400  -0.696599 0.696599 0.171755  0.286586 0.785566 0
0  -10.159826 4.208340 10.714401  -0.910150 0.376997 0.171756  0.287503 0.767674 0
0  -9.665609 4.003629 12.706215  -0.862982 0.357459 0.357051  0.279006 0.767336 0
beerkeg.002
0  -4.003628 9.665610 12.706214  -0.357459 0.862982 0.357051  0.274977 0.803175 0
0  0.000000 10.461981 12.706214  0.000000 0.934085 0.357051  0.270658 0.823456 0
0  0.000000 10.996918 10.714399  0.000000 0.985140 0.171755  0.281472 0.825903 0
beerkeg.002
0  -10.159826 4.208340 10.714401  -0.910150 0.376997 0.171756  0.287503 0.767674 0
0  -10.996917 0.000002 10.714402  -0.985140 -0.000000 0.171755  0.287491 0.750350 0
0  -10.461980 0.000002 12.706216  -0.934085 -0.000000 0.357051  0.279118 0.750517 0
beerkeg.002
0  0.000000 11.241449 5.413615  -0.000000 0.999992 0.003919  0.309599 0.828327 0
0  4.301918 10.385744 5.413615  0.382681 0.923872 0.003919  0.309459 0.854222 0
0  4.297015 10.373906 2.625173  0.382668 0.923842 -0.008945  0.327031 0.853463 0
beerkeg.002
0  -7.923401 7.923400 8.312497  -0.706248 0.706248 0.049261  0.296936 0.786214 0
0  -10.352422 4.288115 8.312497  -0.922758 0.382219 0.049261  0.297332 0.767878 0
0  -10.159826 4.208340 10.714401  -0.910150 0.376997 0.171756  0.287503 0.767674 0
beerkeg.002
0  -4.208339 10.159825 10.714399  -0.376997 0.910150 0.171755  0.284630 0.804707 0
0  0.000000 10.996918 10.714399  0.000000 0.985140 0.171755  0.281472 0.825903 0
0  0.000000 11.205381 8.312496  -0.000000 0.998786 0.049262  0.294172 0.827607 0
beerkeg.002
0  -10.352422 4.288115 8.312497  -0.922758 0.382219 0.049261  0.297332 0.767878 0
0  -11.205379 0.000001 8.312498  -0.998786 0.000000 0.049261  0.297161 0.750153 0
0  -10.996917 0.000002 10.714402  -0.985140 -0.000000 0.171755  0.287491 0.750350 0
beerkeg.002
0  0.000000 11.228636 2.625173  0.000000 0.999960 -0.008945  0.324502 0.827798 0
0  4.297015 10.373906 2.625173  0.382668 0.923842 -0.008945  0.327031 0.853463 0
0  4.282838 10.339681 -0.158997  0.382666 0.923837 -0.009584  0.344154 0.850434 0
beerkeg.002
0  -7.948905 7.948903 5.413616  -0.707101 0.707101 0.003919  0.309441 0.786358 0
0  -10.385744 4.301917 5.413617  -0.923872 0.382681 0.003919  0.309179 0.767765 0
0  -10.352422 4.288115 8.312497  -0.922758 0.382219 0.049261  0.297332 0.767878 0
beerkeg.002
0  -4.288115 10.352421 8.312496  -0.382219 0.922758 0.049262  0.295899 0.805816 0
0  0.000000 11.205381 8.312496  -0.000000 0.998786 0.049262  0.294172 0.827607 0
0  0.000000 11.241449 5.413615  -0.000000 0.999992 0.003919  0.309599 0.828327 0
beerkeg.002
0  -10.385744 4.301917 5.413617  -0.923872 0.382681 0.003919  0.309179 0.767765 0
0  -11.241448 0.000001 5.413617  -0.999992 0.000000 0.003920  0.308775 0.749847 0
0  -11.205379 0.000001 8.312498  -0.998786 0.000000 0.049261  0.297161 0.750153 0
beerkeg.002
0  0.000000 11.191591 -0.158997  0.000000 0.999954 -0.009584  0.339153 0.826034 0
0  4.282838 10.339681 -0.158997  0.382666 0.923837 -0.009584  0.344154 0.850434 0
0  4.277409 10.326573 -2.581951  0.382682 0.923876 -0.002893  0.358309 0.846352 0
beerkeg.002
0  -7.939847 7.939842 2.625174  -0.707079 0.707078 -0.008945  0.321498 0.786016 0
0  -10.373908 4.297013 2.625174  -0.923843 0.382668 -0.008945  0.320619 0.767465 0
0  -10.385744 4.301917 5.413617  -0.923872 0.382681 0.003919  0.309179 0.767765 0
beerkeg.002
0  -4.301918 10.385744 5.413615  -0.382681 0.923872 0.003919  0.309582 0.806366 0
0  0.000000 11.241449 5.413615  -0.000000 0.999992 0.003919  0.309599 0.828327 0
0  0.000000 11.228636 2.625173  0.000000 0.999960 -0.008945  0.324502 0.827798 0
beerkeg.002
0  -10.373908 4.297013 2.625174  -0.923843 0.382668 -0.008945  0.320619 0.767465 0
0  -11.228637 0.000000 2.625175  -0.999960 0.000000 -0.008945  0.320024 0.749549 0
0  -11.241448 0.000001 5.413617  -0.999992 0.000000 0.003920  0.308775 0.749847 0
beerkeg.002
0  0.000000 11.177404 -2.581951  0.000000 0.999996 -0.002892  0.351475 0.823321 0
0  4.277409 10.326573 -2.581951  0.382682 0.923876 -0.002893  0.358309 0.846352 0
0  4.277462 10.326699 -4.467091  0.382706 0.923851 0.005908  0.368646 0.842559 0
beerkeg.002
0  -7.913652 7.913649 -0.158996  -0.707074 0.707074 -0.009584  0.333417 0.785136 0
0  -10.339682 4.282835 -0.158996  -0.923837 0.382666 -0.009584  0.331950 0.766917 0
0  -10.373908 4.297013 2.625174  -0.923843 0.382668 -0.008945  0.320619 0.767465 0
beerkeg.002
0  -4.297015 10.373906 2.625173  -0.382668 0.923842 -0.008945  0.322754 0.805949 0
0  0.000000 11.228636 2.625173  0.000000 0.999960 -0.008945  0.324502 0.827798 0
0  0.000000 11.191591 -0.158997  0.000000 0.999954 -0.009584  0.339153 0.826034 0
beerkeg.002
0  -10.339682 4.282835 -0.158996  -0.923837 0.382666 -0.009584  0.331950 0.766917 0
0  -11.191591 -0.000000 -0.158995  -0.999954 -0.000000 -0.009584  0.331178 0.749242 0
0  -11.228637 0.000000 2.625175  -0.999960 0.000000 -0.008945  0.320024 0.749549 0
beerkeg.002
0  0.000000 11.177541 -4.421609  0.000068 0.999980 0.006306  0.360396 0.820825 0
0  4.277462 10.326699 -4.467091  0.382706 0.923851 0.005908  0.368646 0.842559 0
0  4.284229 10.343038 -5.978601  0.383245 0.923312 0.024858  0.376444 0.839088 0
beerkeg.002
0  -7.903619 7.903615 -2.581951  -0.707104 0.707104 -0.002892  0.343526 0.784023 0
0  -10.326576 4.277406 -2.581950  -0.923876 0.382682 -0.002892  0.341677 0.766202 0
0  -10.339682 4.282835 -0.158996  -0.923837 0.382666 -0.009584  0.331950 0.766917 0
beerkeg.002
0  -4.282838 10.339681 -0.158997  -0.382666 0.923837 -0.009584  0.335740 0.804557 0
0  0.000000 11.191591 -0.158997  0.000000 0.999954 -0.009584  0.339153 0.826034 0
0  0.000000 11.177404 -2.581951  0.000000 0.999996 -0.002892  0.351475 0.823321 0
beerkeg.002
0  -10.326576 4.277406 -2.581950  -0.923876 0.382682 -0.002892  0.341677 0.766202 0
0  -11.177404 -0.000000 -2.581949  -0.999996 -0.000000 -0.002891  0.340769 0.748980 0
0  -11.191591 -0.000000 -0.158995  -0.999954 -0.000000 -0.009584  0.331178 0.749242 0
beerkeg.002
0  0.000000 11.195225 -5.811719  0.000293 0.999645 0.026630  0.366853 0.818658 0
0  4.284229 10.343038 -5.978601  0.383245 0.923312 0.024858  0.376444 0.839088 0
0  4.304572 10.392149 -7.379991  0.384357 0.922552 0.034177  0.383243 0.835605 0
beerkeg.002
0  -7.903718 7.903713 -4.469488  -0.707144 0.707049 0.005445  0.351236 0.782836 0
0  -10.326703 4.277458 -4.467089  -0.923824 0.382772 0.005851  0.349053 0.765570 0
0  -10.326576 4.277406 -2.581950  -0.923876 0.382682 -0.002892  0.341677 0.766202 0
beerkeg.002
0  -4.277409 10.326573 -2.581951  -0.382682 0.923876 -0.002893  0.346720 0.802826 0
0  0.000000 11.177404 -2.581951  0.000000 0.999996 -0.002892  0.351475 0.823321 0
0  0.000000 11.177541 -4.421609  0.000068 0.999980 0.006306  0.360396 0.820825 0
beerkeg.002
0  -10.326703 4.277458 -4.467089  -0.923824 0.382772 0.005851  0.349053 0.765570 0
0  -11.177542 -0.000001 -4.421607  -0.999980 0.000067 0.006306  0.347881 0.748770 0
0  -11.177404 -0.000000 -2.581949  -0.999996 -0.000000 -0.002891  0.340769 0.748980 0
beerkeg.002
0  0.000000 11.248383 -7.088147  0.000412 0.999291 0.037639  0.372527 0.816490 0
0  4.304572 10.392149 -7.379991  0.384357 0.922552 0.034177  0.383243 0.835605 0
0  4.318803 10.426505 -8.584738  0.383453 0.923492 0.011244  0.388729 0.832446 0
beerkeg.002
0  -7.916222 7.916217 -6.122111  -0.707287 0.706593 0.021702  0.357759 0.781666 0
0  -10.343041 4.284225 -5.978599  -0.923120 0.383728 0.024544  0.354823 0.764996 0
0  -10.326703 4.277458 -4.467089  -0.923824 0.382772 0.005851  0.349053 0.765570 0
beerkeg.002
0  -4.277462 10.326699 -4.467091  -0.382767 0.923826 0.005959  0.354982 0.801055 0
0  0.000000 11.177541 -4.421609  0.000068 0.999980 0.006306  0.360396 0.820825 0
0  0.000000 11.195225 -5.811719  0.000293 0.999645 0.026630  0.366853 0.818658 0
beerkeg.002
0  -10.343041 4.284225 -5.978599  -0.923120 0.383728 0.024544  0.354823 0.764996 0
0  -11.195226 -0.000001 -5.811716  -0.999645 0.000293 0.026631  0.353144 0.748613 0
0  -11.177542 -0.000001 -4.421607  -0.999980 0.000067 0.006306  0.347881 0.748770 0
beerkeg.002
0  0.000000 11.285570 -8.180895  0.000158 0.999911 0.013318  0.377183 0.814509 0
0  4.318803 10.426505 -8.584738  0.383453 0.923492 0.011244  0.388729 0.832446 0
0  4.315125 10.417625 -9.679119  0.375987 0.925472 -0.046210  0.393436 0.829471 0
beerkeg.002
0  -7.953811 7.953804 -7.810589  -0.707298 0.706328 0.028825  0.364164 0.780367 0
0  -10.392153 4.304568 -7.379989  -0.922229 0.385119 0.034300  0.360027 0.764424 0
0  -10.343041 4.284225 -5.978599  -0.923120 0.383728 0.024544  0.354823 0.764996 0
beerkeg.002
0  -4.284229 10.343038 -5.978601  -0.383512 0.923198 0.024977  0.361368 0.799433 0
0  0.000000 11.195225 -5.811719  0.000293 0.999645 0.026630  0.366853 0.818658 0
0  0.000000 11.248383 -7.088147  0.000412 0.999291 0.037639  0.372527 0.816490 0
beerkeg.002
0  -10.392153 4.304568 -7.379989  -0.922229 0.385119 0.034300  0.360027 0.764424 0
0  -11.248385 -0.000001 -7.088144  -0.999291 0.000411 0.037639  0.357862 0.748471 0
0  -11.195226 -0.000001 -5.811716  -0.999645 0.000293 0.026631  0.353144 0.748613 0
beerkeg.002
0  0.000000 11.275959 -9.177677  -0.000334 0.998844 -0.048063  0.381273 0.812615 0
0  4.315125 10.417625 -9.679119  0.375987 0.925472 -0.046210  0.393436 0.829471 0
0  4.285119 10.345185 -10.585295  0.358988 0.924125 -0.130848  0.397161 0.826927 0
beerkeg.002
0  -7.980106 7.980100 -9.268043  -0.707188 0.706985 0.007591  0.369457 0.779178 0
0  -10.426509 4.318799 -8.584736  -0.923351 0.383782 0.011580  0.364377 0.763907 0
0  -10.392153 4.304568 -7.379989  -0.922229 0.385119 0.034300  0.360027 0.764424 0
beerkeg.002
0  -4.304572 10.392149 -7.379991  -0.384700 0.922410 0.034137  0.367069 0.797789 0
0  0.000000 11.248383 -7.088147  0.000412 0.999291 0.037639  0.372527 0.816490 0
0  0.000000 11.285570 -8.180895  0.000158 0.999911 0.013318  0.377183 0.814509 0
beerkeg.002
0  -10.426509 4.318799 -8.584736  -0.923351 0.383782 0.011580  0.364377 0.763907 0
0  -11.285571 -0.000001 -8.180892  -0.999911 0.000158 0.013318  0.361811 0.748351 0
0  -11.248385 -0.000001 -7.088144  -0.999291 0.000411 0.037639  0.357862 0.748471 0
beerkeg.002
0  0.000000 11.197550 -10.012786  -0.000866 0.990519 -0.137370  0.384609 0.810951 0
0  4.285119 10.345185 -10.585295  0.358988 0.924125 -0.130848  0.397161 0.826927 0
0  4.227602 10.206327 -11.405350  0.338459 0.918368 -0.205050  0.400443 0.824541 0
beerkeg.002
0  -7.973311 7.973304 -10.568152  -0.705857 0.706883 -0.045627  0.373989 0.778074 0
0  -10.417631 4.315121 -9.679117  -0.925689 0.375495 -0.045863  0.368230 0.763420 0
0  -10.426509 4.318799 -8.584736  -0.923351 0.383782 0.011580  0.364377 0.763907 0
beerkeg.002
0  -4.318803 10.426505 -8.584738  -0.383539 0.923458 0.011095  0.371785 0.796272 0
0  0.000000 11.285570 -8.180895  0.000158 0.999911 0.013318  0.377183 0.814509 0
0  0.000000 11.275959 -9.177677  -0.000334 0.998844 -0.048063  0.381273 0.812615 0
beerkeg.002
0  -10.417631 4.315121 -9.679117  -0.925689 0.375495 -0.045863  0.368230 0.763420 0
0  -11.275961 -0.000001 -9.177676  -0.998844 -0.000334 -0.048063  0.365345 0.748243 0
0  -11.285571 -0.000001 -8.180892  -0.999911 0.000158 0.013318  0.361811 0.748351 0
beerkeg.002
0  0.000000 11.047250 -10.781296  -0.001166 0.976776 -0.214259  0.387651 0.809342 0
0  4.227602 10.206327 -11.405350  0.338459 0.918368 -0.205050  0.400443 0.824541 0
0  4.152661 10.025402 -12.219415  0.325435 0.914859 -0.239010  0.403634 0.822102 0
beerkeg.002
0  -7.917867 7.917861 -11.613586  -0.700477 0.702585 -0.125323  0.377528 0.777157 0
0  -10.345191 4.285115 -10.585293  -0.924677 0.357633 -0.130657  0.371373 0.763005 0
0  -10.417631 4.315121 -9.679117  -0.925689 0.375495 -0.045863  0.368230 0.763420 0
beerkeg.002
0  -4.315125 10.417625 -9.679119  -0.375616 0.925613 -0.046410  0.375921 0.794822 0
0  0.000000 11.275959 -9.177677  -0.000334 0.998844 -0.048063  0.381273 0.812615 0
0  0.000000 11.197550 -10.012786  -0.000866 0.990519 -0.137370  0.384609 0.810951 0
beerkeg.002
0  -10.345191 4.285115 -10.585293  -0.924677 0.357633 -0.130657  0.371373 0.763005 0
0  -11.197553 -0.000002 -10.012784  -0.990520 -0.000865 -0.137369  0.368281 0.748153 0
0  -11.275961 -0.000001 -9.177676  -0.998844 -0.000334 -0.048063  0.365345 0.748243 0
beerkeg.002
0  0.000000 10.851418 -11.559395  -0.001053 0.969108 -0.246633  0.390707 0.807642 0
0  4.152661 10.025402 -12.219415  0.325435 0.914859 -0.239010  0.403634 0.822102 0
0  4.075841 9.839944 -13.010058  0.313595 0.910512 -0.269491  0.406661 0.819689 0
beerkeg.002
0  -7.811589 7.811584 -12.527433  -0.692217 0.694674 -0.195611  0.380568 0.776329 0
0  -10.206332 4.227597 -11.405348  -0.919032 0.336608 -0.205125  0.374216 0.762616 0
0  -10.345191 4.285115 -10.585293  -0.924677 0.357633 -0.130657  0.371373 0.763005 0
beerkeg.002
0  -4.285119 10.345185 -10.585295  -0.358161 0.924423 -0.131006  0.379262 0.793562 0
0  0.000000 11.197550 -10.012786  -0.000866 0.990519 -0.137370  0.384609 0.810951 0
0  0.000000 11.047250 -10.781296  -0.001166 0.976776 -0.214259  0.387651 0.809342 0
beerkeg.002
0  -10.206332 4.227597 -11.405348  -0.919032 0.336608 -0.205125  0.374216 0.762616 0
0  -11.047254 -0.000002 -10.781294  -0.976776 -0.001166 -0.214259  0.371001 0.748068 0
0  -11.197553 -0.000002 -10.012784  -0.990520 -0.000865 -0.137369  0.368281 0.748153 0
beerkeg.002
0  0.000000 10.650679 -12.331964  -0.000649 0.962656 -0.270728  0.393694 0.805895 0
0  4.075841 9.839944 -13.010058  0.313595 0.910512 -0.269491  0.406661 0.819689 0
0  3.991522 9.636378 -13.716649  0.287373 0.894243 -0.343142  0.409344 0.817463 0
beerkeg.002
0  -7.673115 7.673108 -13.400791  -0.686997 0.688943 -0.231068  0.383428 0.775514 0
0  -10.025406 4.152656 -12.219414  -0.915387 0.323756 -0.239265  0.377044 0.762223 0
0  -10.206332 4.227597 -11.405348  -0.919032 0.336608 -0.205125  0.374216 0.762616 0
beerkeg.002
0  -4.227602 10.206327 -11.405350  -0.337432 0.918741 -0.205071  0.382254 0.792366 0
0  0.000000 11.047250 -10.781296  -0.001166 0.976776 -0.214259  0.387651 0.809342 0
0  0.000000 10.851418 -11.559395  -0.001053 0.969108 -0.246633  0.390707 0.807642 0
beerkeg.002
0  -10.025406 4.152656 -12.219414  -0.915387 0.323756 -0.239265  0.377044 0.762223 0
0  -10.851420 -0.000002 -11.559393  -0.969108 -0.001052 -0.246634  0.373775 0.747982 0
0  -11.047254 -0.000002 -10.781294  -0.976776 -0.001166 -0.214259  0.371001 0.748068 0
beerkeg.002
0  0.000000 10.430343 -13.041414  -0.000165 0.942012 -0.335580  0.396436 0.804210 0
0  3.991522 9.636378 -13.716649  0.287373 0.894243 -0.343142  0.409344 0.817463 0
0  3.887958 9.386352 -14.340224  0.240772 0.853824 -0.461534  0.411761 0.815376 0
beerkeg.002
0  -7.531172 7.531165 -14.217872  -0.679546 0.680790 -0.273391  0.386052 0.774734 0
0  -9.839949 4.075837 -13.010056  -0.910837 0.312497 -0.269671  0.379785 0.761845 0
0  -10.025406 4.152656 -12.219414  -0.915387 0.323756 -0.239265  0.377044 0.762223 0
beerkeg.002
0  -4.152661 10.025402 -12.219415  -0.324583 0.915192 -0.238891  0.385201 0.791120 0
0  0.000000 10.851418 -11.559395  -0.001053 0.969108 -0.246633  0.390707 0.807642 0
0  0.000000 10.650679 -12.331964  -0.000649 0.962656 -0.270728  0.393694 0.805895 0
beerkeg.002
0  8.706594 -0.000003 -15.652540  0.757839 -0.000000 -0.652441  0.474168 0.833689 0
0  8.359676 -0.000003 -16.057745  0.553137 -0.000103 -0.833090  0.474230 0.829528 0
0  7.723334 3.199106 -16.516708  0.527763 0.023964 -0.849053  0.451639 0.823614 0
beerkeg.002
0  -9.839949 4.075837 -13.010056  -0.910837 0.312497 -0.269671  0.379785 0.761845 0
0  -10.650682 -0.000002 -12.331964  -0.962656 -0.000649 -0.270727  0.376530 0.747896 0
0  -10.851420 -0.000002 -11.559393  -0.969108 -0.001052 -0.246634  0.373775 0.747982 0
beerkeg.002
0  0.000000 10.159715 -13.687181  0.000400 0.896254 -0.443540  0.398997 0.802564 0
0  3.887958 9.386352 -14.340224  0.240772 0.853824 -0.461534  0.411761 0.815376 0
0  3.759250 9.075625 -14.862957  0.189504 0.799347 -0.570204  0.413930 0.813411 0
beerkeg.002
0  -7.375371 7.375363 -14.922699  -0.658639 0.659338 -0.362585  0.388310 0.774038 0
0  -9.636383 3.991517 -13.716647  -0.894409 0.286717 -0.343258  0.382267 0.761508 0
0  -9.839949 4.075837 -13.010056  -0.910837 0.312497 -0.269671  0.379785 0.761845 0
beerkeg.002
0  -4.075841 9.839944 -13.010058  -0.313112 0.910721 -0.269346  0.388020 0.789848 0
0  0.000000 10.650679 -12.331964  -0.000649 0.962656 -0.270728  0.393694 0.805895 0
0  0.000000 10.430343 -13.041414  -0.000165 0.942012 -0.335580  0.396436 0.804210 0
beerkeg.002
0  -5.911185 5.911179 -17.440550  -0.277717 0.277022 -0.919854  0.398070 0.770757 0
0  -7.723334 3.199106 -16.516708  -0.528441 0.025780 -0.848579  0.394407 0.759905 0
0  -8.043845 3.331866 -16.149446  -0.720358 0.135902 -0.680158  0.392578 0.760095 0
beerkeg.002
0  9.115719 -0.000002 -15.177500  0.771132 -0.000000 -0.636675  0.473937 0.838688 0
0  8.706594 -0.000003 -15.652540  0.757839 -0.000000 -0.652441  0.474168 0.833689 0
0  8.043845 3.331866 -16.149446  0.720841 0.134293 -0.679966  0.450817 0.826708 0
beerkeg.002
0  -9.636383 3.991517 -13.716647  -0.894409 0.286717 -0.343258  0.382267 0.761508 0
0  -10.430346 -0.000002 -13.041412  -0.942012 -0.000166 -0.335580  0.379102 0.747815 0
0  -10.650682 -0.000002 -12.331964  -0.962656 -0.000649 -0.270727  0.376530 0.747896 0
beerkeg.002
0  0.000000 9.823389 -14.244112  0.000904 0.837194 -0.546905  0.401367 0.800978 0
0  3.759250 9.075625 -14.862957  0.189504 0.799347 -0.570204  0.413930 0.813411 0
0  3.625568 8.752888 -15.309019  0.159485 0.761427 -0.628326  0.415889 0.811582 0
beerkeg.002
0  -7.184007 7.184000 -15.523471  -0.612030 0.612271 -0.500544  0.390296 0.773408 0
0  -9.386356 3.887953 -14.340221  -0.853864 0.240463 -0.461622  0.384552 0.761196 0
0  -9.636383 3.991517 -13.716647  -0.894409 0.286717 -0.343258  0.382267 0.761508 0
beerkeg.002
0  -3.991522 9.636378 -13.716649  -0.287359 0.894317 -0.342961  0.390540 0.788641 0
0  0.000000 10.430343 -13.041414  -0.000165 0.942012 -0.335580  0.396436 0.804210 0
0  0.000000 10.159715 -13.687181  0.000400 0.896254 -0.443540  0.398997 0.802564 0
beerkeg.002
0  -8.359676 -0.000003 -16.057745  -0.553240 0.001056 -0.833021  0.392485 0.747388 0
0  -7.723334 -3.199111 -16.516708  -0.527205 -0.024825 -0.849375  0.393598 0.734782 0
0  -8.043845 -3.331871 -16.149446  -0.720330 -0.135923 -0.680183  0.391762 0.734710 0
beerkeg.002
0  -7.723334 -3.199111 -16.516708  -0.527205 -0.024825 -0.849375  0.393598 0.734782 0
0  -5.911185 -5.911184 -17.440546  -0.276816 -0.278120 -0.919795  0.396547 0.723735 0
0  -6.156493 -6.156491 -17.131418  -0.470456 -0.472827 -0.745054  0.395171 0.723341 0
beerkeg.002
0  -5.911185 -5.911184 -17.440546  -0.276816 -0.278120 -0.919795  0.396547 0.723735 0
0  -3.199111 -7.723336 -16.516706  -0.025672 -0.528100 -0.848794  0.400086 0.712240 0
0  -3.331871 -8.043844 -16.149445  -0.135901 -0.720356 -0.680161  0.398330 0.711248 0
beerkeg.002
0  -3.199111 -7.723336 -16.516706  -0.025672 -0.528100 -0.848794  0.400086 0.712240 0
0  0.000000 -8.359678 -16.057743  -0.001245 -0.553293 -0.832986  0.406816 0.699168 0
0  0.000000 -8.706597 -15.652538  -0.001758 -0.757778 -0.652510  0.404729 0.697764 0
beerkeg.002
0  0.000000 -8.359678 -16.057743  -0.001245 -0.553293 -0.832986  0.406816 0.699168 0
0  3.199111 -7.723336 -16.516706  0.024994 -0.527661 -0.849087  0.417694 0.687088 0
0  3.331871 -8.043844 -16.149445  0.135923 -0.720330 -0.680184  0.415780 0.685501 0
beerkeg.002
0  3.199111 -7.723336 -16.516706  0.024994 -0.527661 -0.849087  0.417694 0.687088 0
0  5.911185 -5.911184 -17.440546  0.278400 -0.276369 -0.919845  0.430661 0.677510 0
0  6.156493 -6.156491 -17.131418  0.472826 -0.470454 -0.745056  0.429462 0.675773 0
beerkeg.002
0  5.911185 -5.911184 -17.440546  0.278400 -0.276369 -0.919845  0.430661 0.677510 0
0  7.723334 -3.199111 -16.516708  0.527431 -0.025339 -0.849220  0.446237 0.667641 0
0  8.043845 -3.331871 -16.149446  0.720357 -0.135903 -0.680158  0.445209 0.664628 0
beerkeg.002
0  8.043845 3.331866 -16.149446  0.720841 0.134293 -0.679966  0.450817 0.826708 0
0  6.156493 6.156486 -17.131422  0.470667 0.472019 -0.745433  0.434247 0.816612 0
0  6.445788 6.445781 -16.765215  0.486292 0.485712 -0.726363  0.432932 0.818740 0
beerkeg.002
0  9.075631 3.759245 -14.862954  0.799246 0.189553 -0.570329  0.447264 0.836841 0
0  8.752892 3.625563 -15.309019  0.761188 0.160006 -0.628483  0.448549 0.833523 0
0  6.699175 6.699169 -16.407494  0.516178 0.515220 -0.684185  0.431651 0.820724 0
beerkeg.002
0  7.723334 -3.199111 -16.516708  0.527431 -0.025339 -0.849220  0.446237 0.667641 0
0  8.359676 -0.000003 -16.057745  0.553137 -0.000103 -0.833090  0.468238 0.660206 0
0  8.706594 -0.000003 -15.652540  0.757839 -0.000000 -0.652441  0.467885 0.656084 0
beerkeg.002
0  -9.386356 3.887953 -14.340221  -0.853864 0.240463 -0.461622  0.384552 0.761196 0
0  -10.159718 -0.000002 -13.687180  -0.896254 0.000400 -0.443541  0.381543 0.747738 0
0  -10.430346 -0.000002 -13.041412  -0.942012 -0.000166 -0.335580  0.379102 0.747815 0
beerkeg.002
0  0.000000 9.474058 -14.727910  0.001240 0.798301 -0.602257  0.403535 0.799470 0
0  3.625568 8.752888 -15.309019  0.159485 0.761427 -0.628326  0.415889 0.811582 0
0  3.488436 8.421821 -15.719167  0.141185 0.734237 -0.664051  0.417777 0.809789 0
beerkeg.002
0  7.723334 3.199106 -16.516708  0.527763 0.023964 -0.849053  0.451639 0.823614 0
0  5.911185 5.911179 -17.440550  0.276581 0.278001 -0.919901  0.435331 0.814788 0
0  6.156493 6.156486 -17.131422  0.470667 0.472019 -0.745433  0.434247 0.816612 0
beerkeg.002
0  -6.946188 6.946181 -16.007765  -0.556006 0.555698 -0.618107  0.392055 0.772835 0
0  -9.075631 3.759245 -14.862954  -0.799246 0.189553 -0.570329  0.386654 0.760895 0
0  -9.386356 3.887953 -14.340221  -0.853864 0.240463 -0.461622  0.384552 0.761196 0
beerkeg.002
0  -3.887958 9.386352 -14.340224  -0.241281 0.853760 -0.461386  0.392833 0.787489 0
0  0.000000 10.159715 -13.687181  0.000400 0.896254 -0.443540  0.398997 0.802564 0
0  0.000000 9.823389 -14.244112  0.000904 0.837194 -0.546905  0.401367 0.800978 0
beerkeg.002
0  -8.706594 -0.000003 -15.652540  -0.757779 0.001758 -0.652509  0.390426 0.747455 0
0  -8.043845 -3.331871 -16.149446  -0.720330 -0.135923 -0.680183  0.391762 0.734710 0
0  -8.421825 -3.488436 -15.719163  -0.733886 -0.142725 -0.664109  0.389646 0.734577 0
beerkeg.002
0  -7.723334 3.199106 -16.516708  -0.528441 0.025780 -0.848579  0.394407 0.759905 0
0  -8.359676 -0.000003 -16.057745  -0.553240 0.001056 -0.833021  0.392485 0.747388 0
0  -8.706594 -0.000003 -15.652540  -0.757779 0.001758 -0.652509  0.390426 0.747455 0
beerkeg.002
0  -8.043845 -3.331871 -16.149446  -0.720330 -0.135923 -0.680183  0.391762 0.734710 0
0  -6.156493 -6.156491 -17.131418  -0.470456 -0.472827 -0.745054  0.395171 0.723341 0
0  -6.445788 -6.445787 -16.765211  -0.484838 -0.486582 -0.726753  0.393553 0.722890 0
beerkeg.002
0  -6.156493 -6.156491 -17.131418  -0.470456 -0.472827 -0.745054  0.395171 0.723341 0
0  -3.331871 -8.043844 -16.149445  -0.135901 -0.720356 -0.680161  0.398330 0.711248 0
0  -3.488436 -8.421826 -15.719165  -0.142220 -0.733819 -0.664291  0.396252 0.710180 0
beerkeg.002
0  -3.331871 -8.043844 -16.149445  -0.135901 -0.720356 -0.680161  0.398330 0.711248 0
0  0.000000 -8.706597 -15.652538  -0.001758 -0.757778 -0.652510  0.404729 0.697764 0
0  0.000000 -9.115721 -15.177498  -0.001541 -0.771189 -0.636605  0.402302 0.696196 0
beerkeg.002
0  0.000000 -8.706597 -15.652538  -0.001758 -0.757778 -0.652510  0.404729 0.697764 0
0  3.331871 -8.043844 -16.149445  0.135923 -0.720330 -0.680184  0.415780 0.685501 0
0  3.488436 -8.421826 -15.719165  0.142725 -0.733886 -0.664109  0.413577 0.683648 0
beerkeg.002
0  3.331871 -8.043844 -16.149445  0.135923 -0.720330 -0.680184  0.415780 0.685501 0
0  6.156493 -6.156491 -17.131418  0.472826 -0.470454 -0.745056  0.429462 0.675773 0
0  6.445788 -6.445787 -16.765211  0.486582 -0.484837 -0.726754  0.428013 0.673751 0
beerkeg.002
0  6.156493 -6.156491 -17.131418  0.472826 -0.470454 -0.745056  0.429462 0.675773 0
0  8.043845 -3.331871 -16.149446  0.720357 -0.135903 -0.680158  0.445209 0.664628 0
0  8.421825 -3.488436 -15.719163  0.733822 -0.142221 -0.664288  0.443834 0.661150 0
beerkeg.002
0  -9.823392 -0.000002 -14.244110  -0.837194 0.000903 -0.546906  0.383838 0.747665 0
0  -9.075631 -3.759250 -14.862952  -0.799149 -0.190438 -0.570171  0.385807 0.734292 0
0  -9.386356 -3.887957 -14.340219  -0.853760 -0.241281 -0.461386  0.383694 0.734125 0
beerkeg.002
0  9.386356 3.887953 -14.340221  0.853864 0.240462 -0.461622  0.445730 0.840462 0
0  9.075631 3.759245 -14.862954  0.799246 0.189553 -0.570329  0.447264 0.836841 0
0  6.946188 6.946181 -16.007765  0.556006 0.555698 -0.618107  0.430259 0.822795 0
beerkeg.002
0  8.043845 -3.331871 -16.149446  0.720357 -0.135903 -0.680158  0.445209 0.664628 0
0  8.706594 -0.000003 -15.652540  0.757839 -0.000000 -0.652441  0.467885 0.656084 0
0  9.115719 -0.000002 -15.177500  0.771132 -0.000000 -0.636675  0.467304 0.651142 0
beerkeg.002
0  3.331871 8.043839 -16.149448  0.134649 0.720347 -0.680419  0.419862 0.807782 0
0  6.156493 6.156486 -17.131422  0.470667 0.472019 -0.745433  0.434247 0.816612 0
0  5.911185 5.911179 -17.440550  0.276581 0.278001 -0.919901  0.435331 0.814788 0
beerkeg.002
0  -9.075631 3.759245 -14.862954  -0.799246 0.189553 -0.570329  0.386654 0.760895 0
0  -9.823392 -0.000002 -14.244110  -0.837194 0.000903 -0.546906  0.383838 0.747665 0
0  -10.159718 -0.000002 -13.687180  -0.896254 0.000400 -0.443541  0.381543 0.747738 0
beerkeg.002
0  0.000000 9.115715 -15.177502  0.001541 0.771188 -0.636605  0.405635 0.797957 0
0  3.488436 8.421821 -15.719167  0.141185 0.734237 -0.664051  0.417777 0.809789 0
0  3.331871 8.043839 -16.149448  0.134649 0.720347 -0.680419  0.419862 0.807782 0
beerkeg.002
0  -6.699175 6.699169 -16.407494  -0.516178 0.515219 -0.684185  0.393633 0.772308 0
0  -8.752892 3.625563 -15.309019  -0.761188 0.160006 -0.628483  0.388586 0.760620 0
0  -9.075631 3.759245 -14.862954  -0.799246 0.189553 -0.570329  0.386654 0.760895 0
beerkeg.002
0  -3.759250 9.075625 -14.862957  -0.190438 0.799148 -0.570171  0.394926 0.786407 0
0  0.000000 9.823389 -14.244112  0.000904 0.837194 -0.546905  0.401367 0.800978 0
0  0.000000 9.474058 -14.727910  0.001240 0.798301 -0.602257  0.403535 0.799470 0
beerkeg.002
0  -9.115719 -0.000002 -15.177500  -0.771187 0.001541 -0.636606  0.388067 0.747530 0
0  -8.421825 -3.488436 -15.719163  -0.733886 -0.142725 -0.664109  0.389646 0.734577 0
0  -8.752892 -3.625567 -15.309017  -0.761132 -0.160712 -0.628371  0.387750 0.734442 0
beerkeg.002
0  -8.043845 3.331866 -16.149446  -0.720358 0.135902 -0.680158  0.392578 0.760095 0
0  -8.706594 -0.000003 -15.652540  -0.757779 0.001758 -0.652509  0.390426 0.747455 0
0  -9.115719 -0.000002 -15.177500  -0.771187 0.001541 -0.636606  0.388067 0.747530 0
beerkeg.002
0  -8.421825 -3.488436 -15.719163  -0.733886 -0.142725 -0.664109  0.389646 0.734577 0
0  -6.445788 -6.445787 -16.765211  -0.484838 -0.486582 -0.726753  0.393553 0.722890 0
0  -6.699175 -6.699174 -16.407490  -0.515220 -0.516178 -0.684184  0.392030 0.722477 0
beerkeg.002
0  -6.445788 -6.445787 -16.765211  -0.484838 -0.486582 -0.726753  0.393553 0.722890 0
0  -3.488436 -8.421826 -15.719165  -0.142220 -0.733819 -0.664291  0.396252 0.710180 0
0  -3.625568 -8.752893 -15.309017  -0.160008 -0.761188 -0.628483  0.394366 0.709266 0
beerkeg.002
0  -3.488436 -8.421826 -15.719165  -0.142220 -0.733819 -0.664291  0.396252 0.710180 0
0  0.000000 -9.115721 -15.177498  -0.001541 -0.771189 -0.636605  0.402302 0.696196 0
0  0.000000 -9.474064 -14.727906  -0.001240 -0.798302 -0.602257  0.400117 0.694831 0
beerkeg.002
0  0.000000 -9.115721 -15.177498  -0.001541 -0.771189 -0.636605  0.402302 0.696196 0
0  3.488436 -8.421826 -15.719165  0.142725 -0.733886 -0.664109  0.413577 0.683648 0
0  3.625568 -8.752893 -15.309017  0.160713 -0.761133 -0.628369  0.411584 0.681994 0
beerkeg.002
0  3.488436 -8.421826 -15.719165  0.142725 -0.733886 -0.664109  0.413577 0.683648 0
0  6.445788 -6.445787 -16.765211  0.486582 -0.484837 -0.726754  0.428013 0.673751 0
0  6.699175 -6.699174 -16.407490  0.516177 -0.515219 -0.684186  0.426609 0.671870 0
beerkeg.002
0  6.445788 -6.445787 -16.765211  0.486582 -0.484837 -0.726754  0.428013 0.673751 0
0  8.421825 -3.488436 -15.719163  0.733822 -0.142221 -0.664288  0.443834 0.661150 0
0  8.752892 -3.625567 -15.309017  0.761187 -0.160007 -0.628484  0.442490 0.658028 0
beerkeg.002
0  -10.159718 -0.000002 -13.687180  -0.896254 0.000400 -0.443541  0.381543 0.747738 0
0  -9.386356 -3.887957 -14.340219  -0.853760 -0.241281 -0.461386  0.383694 0.734125 0
0  -9.636383 -3.991521 -13.716645  -0.894317 -0.287359 -0.342961  0.381397 0.733959 0
beerkeg.002
0  9.636383 3.991517 -13.716647  0.894409 0.286717 -0.343258  0.443928 0.844409 0
0  9.386356 3.887953 -14.340221  0.853864 0.240462 -0.461622  0.445730 0.840462 0
0  7.184007 7.184000 -15.523471  0.612030 0.612271 -0.500544  0.428659 0.825078 0
beerkeg.002
0  8.421825 -3.488436 -15.719163  0.733822 -0.142221 -0.664288  0.443834 0.661150 0
0  9.115719 -0.000002 -15.177500  0.771132 -0.000000 -0.636675  0.467304 0.651142 0
0  9.474061 -0.000002 -14.727908  0.798269 0.000000 -0.602302  0.466595 0.646637 0
beerkeg.002
0  -3.331871 8.043839 -16.149448  -0.135922 0.720330 -0.680183  0.400668 0.783138 0
0  -6.156493 6.156486 -17.131422  -0.472826 0.470454 -0.745056  0.396719 0.771240 0
0  -6.445788 6.445781 -16.765215  -0.486582 0.484837 -0.726754  0.395130 0.771796 0
beerkeg.002
0  -8.752892 3.625563 -15.309019  -0.761188 0.160006 -0.628483  0.388586 0.760620 0
0  -9.474061 -0.000002 -14.727908  -0.798301 0.001240 -0.602258  0.385971 0.747597 0
0  -9.823392 -0.000002 -14.244110  -0.837194 0.000903 -0.546906  0.383838 0.747665 0
beerkeg.002
0  8.752892 3.625563 -15.309019  0.761188 0.160006 -0.628483  0.448549 0.833523 0
0  8.421825 3.488430 -15.719165  0.734237 0.141919 -0.663894  0.449680 0.830295 0
0  6.445788 6.445781 -16.765215  0.486292 0.485712 -0.726363  0.432932 0.818740 0
beerkeg.002
0  3.331871 8.043839 -16.149448  0.134649 0.720347 -0.680419  0.419862 0.807782 0
0  3.488436 8.421821 -15.719167  0.141185 0.734237 -0.664051  0.417777 0.809789 0
0  6.445788 6.445781 -16.765215  0.486292 0.485712 -0.726363  0.432932 0.818740 0
beerkeg.002
0  -6.445788 6.445781 -16.765215  -0.486582 0.484837 -0.726754  0.395130 0.771796 0
0  -8.421825 3.488430 -15.719165  -0.733822 0.142220 -0.664289  0.390471 0.760364 0
0  -8.752892 3.625563 -15.309019  -0.761188 0.160006 -0.628483  0.388586 0.760620 0
beerkeg.002
0  -3.625568 8.752888 -15.309019  -0.160712 0.761132 -0.628370  0.396828 0.785381 0
0  0.000000 9.474058 -14.727910  0.001240 0.798301 -0.602257  0.403535 0.799470 0
0  0.000000 9.115715 -15.177502  0.001541 0.771188 -0.636605  0.405635 0.797957 0
beerkeg.002
0  0.000000 8.706592 -15.652540  0.001758 0.757778 -0.652509  0.407964 0.796225 0
0  -3.331871 8.043839 -16.149448  -0.135922 0.720330 -0.680183  0.400668 0.783138 0
0  -3.488436 8.421821 -15.719167  -0.142725 0.733886 -0.664110  0.398657 0.784342 0
beerkeg.002
0  -6.156493 6.156486 -17.131422  -0.472826 0.470454 -0.745056  0.396719 0.771240 0
0  -8.043845 3.331866 -16.149446  -0.720358 0.135902 -0.680158  0.392578 0.760095 0
0  -8.421825 3.488430 -15.719165  -0.733822 0.142220 -0.664289  0.390471 0.760364 0
beerkeg.002
0  -8.752892 -3.625567 -15.309017  -0.761132 -0.160712 -0.628371  0.387750 0.734442 0
0  -6.699175 -6.699174 -16.407490  -0.515220 -0.516178 -0.684184  0.392030 0.722477 0
0  -6.946188 -6.946186 -16.007761  -0.555700 -0.556006 -0.618106  0.390425 0.722054 0
beerkeg.002
0  -6.699175 -6.699174 -16.407490  -0.515220 -0.516178 -0.684184  0.392030 0.722477 0
0  -3.625568 -8.752893 -15.309017  -0.160008 -0.761188 -0.628483  0.394366 0.709266 0
0  -3.759250 -9.075631 -14.862953  -0.189553 -0.799246 -0.570328  0.392410 0.708369 0
beerkeg.002
0  0.000000 8.706592 -15.652540  0.001758 0.757778 -0.652509  0.407964 0.796225 0
0  3.331871 8.043839 -16.149448  0.134649 0.720347 -0.680419  0.419862 0.807782 0
0  3.199111 7.723330 -16.516710  0.025451 0.527773 -0.849004  0.421675 0.806062 0
beerkeg.002
0  -3.625568 -8.752893 -15.309017  -0.160008 -0.761188 -0.628483  0.394366 0.709266 0
0  0.000000 -9.474064 -14.727906  -0.001240 -0.798302 -0.602257  0.400117 0.694831 0
0  0.000000 -9.823393 -14.244108  -0.000903 -0.837194 -0.546905  0.397866 0.693475 0
beerkeg.002
0  0.000000 8.359673 -16.057747  0.001073 0.552616 -0.833436  0.409963 0.794679 0
0  -3.199111 7.723330 -16.516710  -0.024519 0.526610 -0.849753  0.402360 0.782030 0
0  -3.331871 8.043839 -16.149448  -0.135922 0.720330 -0.680183  0.400668 0.783138 0
beerkeg.002
0  0.000000 -9.474064 -14.727906  -0.001240 -0.798302 -0.602257  0.400117 0.694831 0
0  3.625568 -8.752893 -15.309017  0.160713 -0.761133 -0.628369  0.411584 0.681994 0
0  3.759250 -9.075631 -14.862953  0.190439 -0.799150 -0.570168  0.409519 0.680310 0
beerkeg.002
0  3.625568 -8.752893 -15.309017  0.160713 -0.761133 -0.628369  0.411584 0.681994 0
0  6.699175 -6.699174 -16.407490  0.516177 -0.515219 -0.684186  0.426609 0.671870 0
0  6.946188 -6.946186 -16.007761  0.556007 -0.555697 -0.618108  0.425089 0.669910 0
beerkeg.002
0  6.699175 -6.699174 -16.407490  0.516177 -0.515219 -0.684186  0.426609 0.671870 0
0  8.752892 -3.625567 -15.309017  0.761187 -0.160007 -0.628484  0.442490 0.658028 0
0  9.075631 -3.759250 -14.862952  0.799246 -0.189554 -0.570329  0.440989 0.654827 0
beerkeg.002
0  -10.430346 -0.000002 -13.041412  -0.942012 -0.000166 -0.335580  0.379102 0.747815 0
0  -9.636383 -3.991521 -13.716645  -0.894317 -0.287359 -0.342961  0.381397 0.733959 0
0  -9.839949 -4.075840 -13.010055  -0.910721 -0.313112 -0.269347  0.378902 0.733779 0
beerkeg.002
0  9.839949 4.075837 -13.010056  0.910836 0.312497 -0.269671  0.441771 0.848696 0
0  9.636383 3.991517 -13.716647  0.894409 0.286717 -0.343258  0.443928 0.844409 0
0  7.375371 7.375363 -14.922699  0.658639 0.659339 -0.362585  0.426788 0.827625 0
beerkeg.002
0  8.752892 -3.625567 -15.309017  0.761187 -0.160007 -0.628484  0.442490 0.658028 0
0  9.474061 -0.000002 -14.727908  0.798269 0.000000 -0.602302  0.466595 0.646637 0
0  9.823392 -0.000002 -14.244110  0.837141 0.000000 -0.546987  0.465681 0.641925 0
beerkeg.002
0  -8.421825 3.488430 -15.719165  -0.733822 0.142220 -0.664289  0.390471 0.760364 0
0  -9.115719 -0.000002 -15.177500  -0.771187 0.001541 -0.636606  0.388067 0.747530 0
0  -9.474061 -0.000002 -14.727908  -0.798301 0.001240 -0.602258  0.385971 0.747597 0
beerkeg.002
0  -9.474061 -0.000002 -14.727908  -0.798301 0.001240 -0.602258  0.385971 0.747597 0
0  -8.752892 -3.625567 -15.309017  -0.761132 -0.160712 -0.628371  0.387750 0.734442 0
0  -9.075631 -3.759250 -14.862952  -0.799149 -0.190438 -0.570171  0.385807 0.734292 0
beerkeg.002
0  3.488436 8.421821 -15.719167  0.141185 0.734237 -0.664051  0.417777 0.809789 0
0  3.625568 8.752888 -15.309019  0.159485 0.761427 -0.628326  0.415889 0.811582 0
0  6.699175 6.699169 -16.407494  0.516178 0.515220 -0.684185  0.431651 0.820724 0
beerkeg.002
0  8.421825 3.488430 -15.719165  0.734237 0.141919 -0.663894  0.449680 0.830295 0
0  8.752892 3.625563 -15.309019  0.761188 0.160006 -0.628483  0.448549 0.833523 0
0  9.474061 -0.000002 -14.727908  0.798269 0.000000 -0.602302  0.473546 0.843261 0
beerkeg.002
0  -9.075631 -3.759250 -14.862952  -0.799149 -0.190438 -0.570171  0.385807 0.734292 0
0  -6.946188 -6.946186 -16.007761  -0.555700 -0.556006 -0.618106  0.390425 0.722054 0
0  -7.184007 -7.184005 -15.523469  -0.612270 -0.612030 -0.500544  0.388638 0.721596 0
beerkeg.002
0  -6.946188 -6.946186 -16.007761  -0.555700 -0.556006 -0.618106  0.390425 0.722054 0
0  -3.759250 -9.075631 -14.862953  -0.189553 -0.799246 -0.570328  0.392410 0.708369 0
0  -3.887958 -9.386355 -14.340220  -0.240463 -0.853864 -0.461621  0.390259 0.707428 0
beerkeg.002
0  -3.759250 -9.075631 -14.862953  -0.189553 -0.799246 -0.570328  0.392410 0.708369 0
0  0.000000 -9.823393 -14.244108  -0.000903 -0.837194 -0.546905  0.397866 0.693475 0
0  0.000000 -10.159719 -13.687177  -0.000400 -0.896254 -0.443540  0.395410 0.692054 0
beerkeg.002
0  0.000000 -9.823393 -14.244108  -0.000903 -0.837194 -0.546905  0.397866 0.693475 0
0  3.759250 -9.075631 -14.862953  0.190439 -0.799150 -0.570168  0.409519 0.680310 0
0  3.887958 -9.386355 -14.340220  0.241281 -0.853761 -0.461384  0.407237 0.678503 0
beerkeg.002
0  3.759250 -9.075631 -14.862953  0.190439 -0.799150 -0.570168  0.409519 0.680310 0
0  6.946188 -6.946186 -16.007761  0.556007 -0.555697 -0.618108  0.425089 0.669910 0
0  7.184007 -7.184005 -15.523469  0.612030 -0.612270 -0.500545  0.423347 0.667754 0
beerkeg.002
0  6.946188 -6.946186 -16.007761  0.556007 -0.555697 -0.618108  0.425089 0.669910 0
0  9.075631 -3.759250 -14.862952  0.799246 -0.189554 -0.570329  0.440989 0.654827 0
0  9.386356 -3.887957 -14.340219  0.853864 -0.240463 -0.461621  0.439219 0.651345 0
beerkeg.002
0  -10.650682 -0.000002 -12.331964  -0.962656 -0.000649 -0.270727  0.376530 0.747896 0
0  -9.839949 -4.075840 -13.010055  -0.910721 -0.313112 -0.269347  0.378902 0.733779 0
0  -10.025406 -4.152659 -12.219412  -0.915192 -0.324583 -0.238892  0.376147 0.733575 0
beerkeg.002
0  10.025406 4.152656 -12.219414  0.915387 0.323756 -0.239265  0.439130 0.853403 0
0  9.839949 4.075837 -13.010056  0.910836 0.312497 -0.269671  0.441771 0.848696 0
0  7.531172 7.531165 -14.217872  0.679546 0.680790 -0.273391  0.424580 0.830481 0
beerkeg.002
0  9.075631 -3.759250 -14.862952  0.799246 -0.189554 -0.570329  0.440989 0.654827 0
0  9.823392 -0.000002 -14.244110  0.837141 0.000000 -0.546987  0.465681 0.641925 0
0  10.159718 -0.000002 -13.687180  0.896177 -0.000000 -0.443698  0.464443 0.636716 0
beerkeg.002
0  -3.488436 8.421821 -15.719167  -0.142725 0.733886 -0.664110  0.398657 0.784342 0
0  -6.445788 6.445781 -16.765215  -0.486582 0.484837 -0.726754  0.395130 0.771796 0
0  -6.699175 6.699169 -16.407494  -0.516178 0.515219 -0.684185  0.393633 0.772308 0
beerkeg.002
0  3.625568 8.752888 -15.309019  0.159485 0.761427 -0.628326  0.415889 0.811582 0
0  3.759250 9.075625 -14.862957  0.189504 0.799347 -0.570204  0.413930 0.813411 0
0  6.946188 6.946181 -16.007765  0.556006 0.555698 -0.618107  0.430259 0.822795 0
beerkeg.002
0  8.752892 3.625563 -15.309019  0.761188 0.160006 -0.628483  0.448549 0.833523 0
0  9.075631 3.759245 -14.862954  0.799246 0.189553 -0.570329  0.447264 0.836841 0
0  9.823392 -0.000002 -14.244110  0.837141 0.000000 -0.546987  0.472963 0.848056 0
beerkeg.002
0  -3.199111 7.723330 -16.516710  -0.024519 0.526610 -0.849753  0.402360 0.782030 0
0  -5.911185 5.911179 -17.440550  -0.277717 0.277022 -0.919854  0.398070 0.770757 0
0  -6.156493 6.156486 -17.131422  -0.472826 0.470454 -0.745056  0.396719 0.771240 0
beerkeg.002
0  -9.386356 -3.887957 -14.340219  -0.853760 -0.241281 -0.461386  0.383694 0.734125 0
0  -7.184007 -7.184005 -15.523469  -0.612270 -0.612030 -0.500544  0.388638 0.721596 0
0  -7.375371 -7.375368 -14.922697  -0.659338 -0.658639 -0.362585  0.386621 0.721095 0
beerkeg.002
0  -7.184007 -7.184005 -15.523469  -0.612270 -0.612030 -0.500544  0.388638 0.721596 0
0  -3.887958 -9.386355 -14.340220  -0.240463 -0.853864 -0.461621  0.390259 0.707428 0
0  -3.991522 -9.636382 -13.716645  -0.286718 -0.894409 -0.343257  0.387907 0.706430 0
beerkeg.002
0  -3.887958 -9.386355 -14.340220  -0.240463 -0.853864 -0.461621  0.390259 0.707428 0
0  0.000000 -10.159719 -13.687177  -0.000400 -0.896254 -0.443540  0.395410 0.692054 0
0  0.000000 -10.430346 -13.041410  0.000165 -0.942012 -0.335580  0.392761 0.690586 0
beerkeg.002
0  0.000000 -10.159719 -13.687177  -0.000400 -0.896254 -0.443540  0.395410 0.692054 0
0  3.887958 -9.386355 -14.340220  0.241281 -0.853761 -0.461384  0.407237 0.678503 0
0  3.991522 -9.636382 -13.716645  0.287359 -0.894317 -0.342960  0.404702 0.676593 0
beerkeg.002
0  3.887958 -9.386355 -14.340220  0.241281 -0.853761 -0.461384  0.407237 0.678503 0
0  7.184007 -7.184005 -15.523469  0.612030 -0.612270 -0.500545  0.423347 0.667754 0
0  7.375371 -7.375368 -14.922697  0.658639 -0.659338 -0.362585  0.421322 0.665355 0
beerkeg.002
0  7.184007 -7.184005 -15.523469  0.612030 -0.612270 -0.500545  0.423347 0.667754 0
0  9.386356 -3.887957 -14.340219  0.853864 -0.240463 -0.461621  0.439219 0.651345 0
0  9.636383 -3.991521 -13.716645  0.894409 -0.286717 -0.343257  0.437162 0.647559 0
beerkeg.002
0  -10.851420 -0.000002 -11.559393  -0.969108 -0.001052 -0.246634  0.373775 0.747982 0
0  -10.025406 -4.152659 -12.219412  -0.915192 -0.324583 -0.238892  0.376147 0.733575 0
0  -10.206332 -4.227601 -11.405346  -0.918741 -0.337431 -0.205072  0.373304 0.733360 0
beerkeg.002
0  10.206332 4.227597 -11.405348  0.919032 0.336608 -0.205125  0.436123 0.858211 0
0  10.025406 4.152656 -12.219414  0.915387 0.323756 -0.239265  0.439130 0.853403 0
0  7.673115 7.673108 -13.400791  0.686997 0.688943 -0.231068  0.421906 0.833742 0
beerkeg.002
0  9.386356 -3.887957 -14.340219  0.853864 -0.240463 -0.461621  0.439219 0.651345 0
0  10.159718 -0.000002 -13.687180  0.896177 -0.000000 -0.443698  0.464443 0.636716 0
0  10.430346 -0.000002 -13.041412  0.941947 -0.000000 -0.335763  0.462768 0.631081 0
beerkeg.002
0  -3.625568 8.752888 -15.309019  -0.160712 0.761132 -0.628370  0.396828 0.785381 0
0  -6.699175 6.699169 -16.407494  -0.516178 0.515219 -0.684185  0.393633 0.772308 0
0  -6.946188 6.946181 -16.007765  -0.556006 0.555698 -0.618107  0.392055 0.772835 0
beerkeg.002
0  3.759250 9.075625 -14.862957  0.189504 0.799347 -0.570204  0.413930 0.813411 0
0  3.887958 9.386352 -14.340224  0.240772 0.853824 -0.461534  0.411761 0.815376 0
0  7.184007 7.184000 -15.523471  0.612030 0.612271 -0.500544  0.428659 0.825078 0
beerkeg.002
0  9.075631 3.759245 -14.862954  0.799246 0.189553 -0.570329  0.447264 0.836841 0
0  9.386356 3.887953 -14.340221  0.853864 0.240462 -0.461622  0.445730 0.840462 0
0  10.159718 -0.000002 -13.687180  0.896177 -0.000000 -0.443698  0.472092 0.853375 0
beerkeg.002
0  -9.636383 -3.991521 -13.716645  -0.894317 -0.287359 -0.342961  0.381397 0.733959 0
0  -7.375371 -7.375368 -14.922697  -0.659338 -0.658639 -0.362585  0.386621 0.721095 0
0  -7.531172 -7.531170 -14.217870  -0.680789 -0.679546 -0.273390  0.384330 0.720547 0
beerkeg.002
0  -7.375371 -7.375368 -14.922697  -0.659338 -0.658639 -0.362585  0.386621 0.721095 0
0  -3.991522 -9.636382 -13.716645  -0.286718 -0.894409 -0.343257  0.387907 0.706430 0
0  -4.075841 -9.839948 -13.010055  -0.312497 -0.910836 -0.269672  0.385325 0.705391 0
beerkeg.002
0  -3.991522 -9.636382 -13.716645  -0.286718 -0.894409 -0.343257  0.387907 0.706430 0
0  0.000000 -10.430346 -13.041410  0.000165 -0.942012 -0.335580  0.392761 0.690586 0
0  0.000000 -10.650682 -12.331960  0.000649 -0.962656 -0.270727  0.389931 0.689091 0
beerkeg.002
0  0.000000 -10.430346 -13.041410  0.000165 -0.942012 -0.335580  0.392761 0.690586 0
0  3.991522 -9.636382 -13.716645  0.287359 -0.894317 -0.342960  0.404702 0.676593 0
0  4.075841 -9.839948 -13.010055  0.313112 -0.910722 -0.269346  0.401895 0.674562 0
beerkeg.002
0  3.991522 -9.636382 -13.716645  0.287359 -0.894317 -0.342960  0.404702 0.676593 0
0  7.375371 -7.375368 -14.922697  0.658639 -0.659338 -0.362585  0.421322 0.665355 0
0  7.531172 -7.531170 -14.217870  0.679546 -0.680789 -0.273392  0.418940 0.662674 0
beerkeg.002
0  7.375371 -7.375368 -14.922697  0.658639 -0.659338 -0.362585  0.421322 0.665355 0
0  9.636383 -3.991521 -13.716645  0.894409 -0.286717 -0.343257  0.437162 0.647559 0
0  9.839949 -4.075840 -13.010055  0.910837 -0.312497 -0.269671  0.434731 0.643462 0
beerkeg.002
0  -11.047254 -0.000002 -10.781294  -0.976776 -0.001166 -0.214259  0.371001 0.748068 0
0  -10.206332 -4.227601 -11.405346  -0.918741 -0.337431 -0.205072  0.373304 0.733360 0
0  -10.345191 -4.285119 -10.585291  -0.924423 -0.358161 -0.131007  0.370448 0.733149 0
beerkeg.002
0  10.345191 4.285115 -10.585293  0.924677 0.357633 -0.130657  0.432840 0.862976 0
0  10.206332 4.227597 -11.405348  0.919032 0.336608 -0.205125  0.436123 0.858211 0
0  7.811589 7.811584 -12.527433  0.692217 0.694674 -0.195611  0.418858 0.837219 0
beerkeg.002
0  9.636383 -3.991521 -13.716645  0.894409 -0.286717 -0.343257  0.437162 0.647559 0
0  10.430346 -0.000002 -13.041412  0.941947 -0.000000 -0.335763  0.462768 0.631081 0
0  10.650682 -0.000002 -12.331964  0.962610 0.000000 -0.270890  0.460608 0.625093 0
beerkeg.002
0  -3.759250 9.075625 -14.862957  -0.190438 0.799148 -0.570171  0.394926 0.786407 0
0  -6.946188 6.946181 -16.007765  -0.556006 0.555698 -0.618107  0.392055 0.772835 0
0  -7.184007 7.184000 -15.523471  -0.612030 0.612271 -0.500544  0.390296 0.773408 0
beerkeg.002
0  3.887958 9.386352 -14.340224  0.240772 0.853824 -0.461534  0.411761 0.815376 0
0  3.991522 9.636378 -13.716649  0.287373 0.894243 -0.343142  0.409344 0.817463 0
0  7.375371 7.375363 -14.922699  0.658639 0.659339 -0.362585  0.426788 0.827625 0
beerkeg.002
0  9.386356 3.887953 -14.340221  0.853864 0.240462 -0.461622  0.445730 0.840462 0
0  9.636383 3.991517 -13.716647  0.894409 0.286717 -0.343258  0.443928 0.844409 0
0  10.430346 -0.000002 -13.041412  0.941947 -0.000000 -0.335763  0.470812 0.859155 0
beerkeg.002
0  -9.839949 -4.075840 -13.010055  -0.910721 -0.313112 -0.269347  0.378902 0.733779 0
0  -7.531172 -7.531170 -14.217870  -0.680789 -0.679546 -0.273390  0.384330 0.720547 0
0  -7.673115 -7.673113 -13.400789  -0.688943 -0.686997 -0.231066  0.381669 0.719937 0
beerkeg.002
0  -7.531172 -7.531170 -14.217870  -0.680789 -0.679546 -0.273390  0.384330 0.720547 0
0  -4.075841 -9.839948 -13.010055  -0.312497 -0.910836 -0.269672  0.385325 0.705391 0
0  -4.152661 -10.025406 -12.219411  -0.323757 -0.915387 -0.239266  0.382442 0.704307 0
beerkeg.002
0  -4.075841 -9.839948 -13.010055  -0.312497 -0.910836 -0.269672  0.385325 0.705391 0
0  0.000000 -10.650682 -12.331960  0.000649 -0.962656 -0.270727  0.389931 0.689091 0
0  0.000000 -10.851422 -11.559391  0.001053 -0.969108 -0.246633  0.386854 0.687549 0
beerkeg.002
0  0.000000 -10.650682 -12.331960  0.000649 -0.962656 -0.270727  0.389931 0.689091 0
0  4.075841 -9.839948 -13.010055  0.313112 -0.910722 -0.269346  0.401895 0.674562 0
0  4.152661 -10.025406 -12.219411  0.324583 -0.915192 -0.238892  0.398736 0.672368 0
beerkeg.002
0  4.075841 -9.839948 -13.010055  0.313112 -0.910722 -0.269346  0.401895 0.674562 0
0  7.531172 -7.531170 -14.217870  0.679546 -0.680789 -0.273392  0.418940 0.662674 0
0  7.673115 -7.673113 -13.400789  0.686998 -0.688943 -0.231067  0.416072 0.659621 0
beerkeg.002
0  7.531172 -7.531170 -14.217870  0.679546 -0.680789 -0.273392  0.418940 0.662674 0
0  9.839949 -4.075840 -13.010055  0.910837 -0.312497 -0.269671  0.434731 0.643462 0
0  10.025406 -4.152659 -12.219412  0.915387 -0.323757 -0.239265  0.431791 0.638984 0
beerkeg.002
0  -11.197553 -0.000002 -10.012784  -0.990520 -0.000865 -0.137369  0.368281 0.748153 0
0  -10.345191 -4.285119 -10.585291  -0.924423 -0.358161 -0.131007  0.370448 0.733149 0
0  -10.417631 -4.315124 -9.679115  -0.925613 -0.375616 -0.046409  0.367290 0.732930 0
beerkeg.002
0  10.417631 4.315121 -9.679117  0.925689 0.375495 -0.045863  0.428908 0.868143 0
0  10.345191 4.285115 -10.585293  0.924677 0.357633 -0.130657  0.432840 0.862976 0
0  7.917867 7.917861 -11.613586  0.700477 0.702585 -0.125323  0.415469 0.840819 0
beerkeg.002
0  9.839949 -4.075840 -13.010055  0.910837 -0.312497 -0.269671  0.434731 0.643462 0
0  10.650682 -0.000002 -12.331964  0.962610 0.000000 -0.270890  0.460608 0.625093 0
0  10.851420 -0.000002 -11.559393  0.969069 0.000000 -0.246789  0.457868 0.618643 0
beerkeg.002
0  -3.887958 9.386352 -14.340224  -0.241281 0.853760 -0.461386  0.392833 0.787489 0
0  -7.184007 7.184000 -15.523471  -0.612030 0.612271 -0.500544  0.390296 0.773408 0
0  -7.375371 7.375363 -14.922699  -0.658639 0.659338 -0.362585  0.388310 0.774038 0
beerkeg.002
0  3.991522 9.636378 -13.716649  0.287373 0.894243 -0.343142  0.409344 0.817463 0
0  4.075841 9.839944 -13.010058  0.313595 0.910512 -0.269491  0.406661 0.819689 0
0  7.531172 7.531165 -14.217872  0.679546 0.680790 -0.273391  0.424580 0.830481 0
beerkeg.002
0  9.636383 3.991517 -13.716647  0.894409 0.286717 -0.343258  0.443928 0.844409 0
0  9.839949 4.075837 -13.010056  0.910836 0.312497 -0.269671  0.441771 0.848696 0
0  10.650682 -0.000002 -12.331964  0.962610 0.000000 -0.270890  0.469072 0.865326 0
beerkeg.002
0  -10.025406 -4.152659 -12.219412  -0.915192 -0.324583 -0.238892  0.376147 0.733575 0
0  -7.673115 -7.673113 -13.400789  -0.688943 -0.686997 -0.231066  0.381669 0.719937 0
0  -7.811589 -7.811587 -12.527431  -0.694674 -0.692218 -0.195610  0.378772 0.719306 0
beerkeg.002
0  -7.673115 -7.673113 -13.400789  -0.688943 -0.686997 -0.231066  0.381669 0.719937 0
0  -4.152661 -10.025406 -12.219411  -0.323757 -0.915387 -0.239266  0.382442 0.704307 0
0  -4.227602 -10.206331 -11.405346  -0.336608 -0.919031 -0.205125  0.379436 0.703256 0
beerkeg.002
0  -4.152661 -10.025406 -12.219411  -0.323757 -0.915387 -0.239266  0.382442 0.704307 0
0  0.000000 -10.851422 -11.559391  0.001053 -0.969108 -0.246633  0.386854 0.687549 0
0  0.000000 -11.047254 -10.781292  0.001166 -0.976776 -0.214259  0.383713 0.686059 0
beerkeg.002
0  0.000000 -10.851422 -11.559391  0.001053 -0.969108 -0.246633  0.386854 0.687549 0
0  4.152661 -10.025406 -12.219411  0.324583 -0.915192 -0.238892  0.398736 0.672368 0
0  4.227602 -10.206331 -11.405346  0.337432 -0.918741 -0.205072  0.395413 0.670159 0
beerkeg.002
0  4.152661 -10.025406 -12.219411  0.324583 -0.915192 -0.238892  0.398736 0.672368 0
0  7.673115 -7.673113 -13.400789  0.686998 -0.688943 -0.231067  0.416072 0.659621 0
0  7.811589 -7.811587 -12.527431  0.692218 -0.694673 -0.195610  0.412820 0.656381 0
beerkeg.002
0  7.673115 -7.673113 -13.400789  0.686998 -0.688943 -0.231067  0.416072 0.659621 0
0  10.025406 -4.152659 -12.219412  0.915387 -0.323757 -0.239265  0.431791 0.638984 0
0  10.206332 -4.227601 -11.405346  0.919032 -0.336608 -0.205125  0.428485 0.634434 0
beerkeg.002
0  -11.275961 -0.000001 -9.177676  -0.998844 -0.000334 -0.048063  0.365345 0.748243 0
0  -10.417631 -4.315124 -9.679115  -0.925613 -0.375616 -0.046409  0.367290 0.732930 0
0  -10.426509 -4.318801 -8.584734  -0.923458 -0.383539 0.011096  0.363421 0.732682 0
beerkeg.002
0  10.426509 4.318799 -8.584736  0.923351 0.383782 0.011580  0.423643 0.874293 0
0  10.417631 4.315121 -9.679117  0.925689 0.375495 -0.045863  0.428908 0.868143 0
0  7.973311 7.973304 -10.568152  0.705857 0.706883 -0.045627  0.411341 0.844887 0
beerkeg.002
0  10.025406 -4.152659 -12.219412  0.915387 -0.323757 -0.239265  0.431791 0.638984 0
0  10.851420 -0.000002 -11.559393  0.969069 0.000000 -0.246789  0.457868 0.618643 0
0  11.047254 -0.000002 -10.781294  0.976773 -0.000000 -0.214275  0.454710 0.612188 0
beerkeg.002
0  -3.991522 9.636378 -13.716649  -0.287359 0.894317 -0.342961  0.390540 0.788641 0
0  -7.375371 7.375363 -14.922699  -0.658639 0.659338 -0.362585  0.388310 0.774038 0
0  -7.531172 7.531165 -14.217872  -0.679546 0.680790 -0.273391  0.386052 0.774734 0
beerkeg.002
0  4.075841 9.839944 -13.010058  0.313595 0.910512 -0.269491  0.406661 0.819689 0
0  4.152661 10.025402 -12.219415  0.325435 0.914859 -0.239010  0.403634 0.822102 0
0  7.673115 7.673108 -13.400791  0.686997 0.688943 -0.231068  0.421906 0.833742 0
beerkeg.002
0  9.839949 4.075837 -13.010056  0.910836 0.312497 -0.269671  0.441771 0.848696 0
0  10.025406 4.152656 -12.219414  0.915387 0.323756 -0.239265  0.439130 0.853403 0
0  10.851420 -0.000002 -11.559393  0.969069 0.000000 -0.246789  0.466781 0.872005 0
beerkeg.002
0  -10.206332 -4.227601 -11.405346  -0.918741 -0.337431 -0.205072  0.373304 0.733360 0
0  -7.811589 -7.811587 -12.527431  -0.694674 -0.692218 -0.195610  0.378772 0.719306 0
0  -7.917867 -7.917865 -11.613585  -0.702585 -0.700477 -0.125323  0.375695 0.718674 0
beerkeg.002
0  -7.811589 -7.811587 -12.527431  -0.694674 -0.692218 -0.195610  0.378772 0.719306 0
0  -4.227602 -10.206331 -11.405346  -0.336608 -0.919031 -0.205125  0.379436 0.703256 0
0  -4.285119 -10.345189 -10.585291  -0.357634 -0.924677 -0.130657  0.376388 0.702257 0
beerkeg.002
0  -4.227602 -10.206331 -11.405346  -0.336608 -0.919031 -0.205125  0.379436 0.703256 0
0  0.000000 -11.047254 -10.781292  0.001166 -0.976776 -0.214259  0.383713 0.686059 0
0  0.000000 -11.197554 -10.012782  0.000866 -0.990520 -0.137369  0.380592 0.684658 0
beerkeg.002
0  0.000000 -11.047254 -10.781292  0.001166 -0.976776 -0.214259  0.383713 0.686059 0
0  4.227602 -10.206331 -11.405346  0.337432 -0.918741 -0.205072  0.395413 0.670159 0
0  4.285119 -10.345189 -10.585291  0.358162 -0.924423 -0.131005  0.392005 0.668009 0
beerkeg.002
0  4.227602 -10.206331 -11.405346  0.337432 -0.918741 -0.205072  0.395413 0.670159 0
0  7.811589 -7.811587 -12.527431  0.692218 -0.694673 -0.195610  0.412820 0.656381 0
0  7.917867 -7.917865 -11.613585  0.700477 -0.702585 -0.125323  0.409222 0.653043 0
beerkeg.002
0  7.811589 -7.811587 -12.527431  0.692218 -0.694673 -0.195610  0.412820 0.656381 0
0  10.206332 -4.227601 -11.405346  0.919032 -0.336608 -0.205125  0.428485 0.634434 0
0  10.345191 -4.285119 -10.585291  0.924677 -0.357633 -0.130657  0.424908 0.629946 0
beerkeg.002
0  -11.285571 -0.000001 -8.180892  -0.999911 0.000158 0.013318  0.361811 0.748351 0
0  -10.426509 -4.318801 -8.584734  -0.923458 -0.383539 0.011096  0.363421 0.732682 0
0  -10.392153 -4.304571 -7.379988  -0.922410 -0.384701 0.034137  0.359056 0.732432 0
beerkeg.002
0  10.392153 4.304568 -7.379989  0.922229 0.385119 0.034300  0.417158 0.880960 0
0  10.426509 4.318799 -8.584736  0.923351 0.383782 0.011580  0.423643 0.874293 0
0  7.980106 7.980100 -9.268043  0.707187 0.706985 0.007591  0.405774 0.849901 0
beerkeg.002
0  10.206332 -4.227601 -11.405346  0.919032 -0.336608 -0.205125  0.428485 0.634434 0
0  11.047254 -0.000002 -10.781294  0.976773 -0.000000 -0.214275  0.454710 0.612188 0
0  11.197553 -0.000002 -10.012784  0.990539 0.000000 -0.137229  0.451208 0.605980 0
beerkeg.002
0  -4.075841 9.839944 -13.010058  -0.313112 0.910721 -0.269346  0.388020 0.789848 0
0  -7.531172 7.531165 -14.217872  -0.679546 0.680790 -0.273391  0.386052 0.774734 0
0  -7.673115 7.673108 -13.400791  -0.686997 0.688943 -0.231068  0.383428 0.775514 0
beerkeg.002
0  4.152661 10.025402 -12.219415  0.325435 0.914859 -0.239010  0.403634 0.822102 0
0  4.227602 10.206327 -11.405350  0.338459 0.918368 -0.205050  0.400443 0.824541 0
0  7.811589 7.811584 -12.527433  0.692217 0.694674 -0.195611  0.418858 0.837219 0
beerkeg.002
0  10.025406 4.152656 -12.219414  0.915387 0.323756 -0.239265  0.439130 0.853403 0
0  10.206332 4.227597 -11.405348  0.919032 0.336608 -0.205125  0.436123 0.858211 0
0  11.047254 -0.000002 -10.781294  0.976773 -0.000000 -0.214275  0.464070 0.878722 0
beerkeg.002
0  -10.345191 -4.285119 -10.585291  -0.924423 -0.358161 -0.131007  0.370448 0.733149 0
0  -7.917867 -7.917865 -11.613585  -0.702585 -0.700477 -0.125323  0.375695 0.718674 0
0  -7.973311 -7.973308 -10.568151  -0.706883 -0.705857 -0.045627  0.372118 0.717983 0
beerkeg.002
0  -7.917867 -7.917865 -11.613585  -0.702585 -0.700477 -0.125323  0.375695 0.718674 0
0  -4.285119 -10.345189 -10.585291  -0.357634 -0.924677 -0.130657  0.376388 0.702257 0
0  -4.315125 -10.417629 -9.679115  -0.375495 -0.925689 -0.045863  0.372991 0.701216 0
beerkeg.002
0  -4.285119 -10.345189 -10.585291  -0.357634 -0.924677 -0.130657  0.376388 0.702257 0
0  0.000000 -11.197554 -10.012782  0.000866 -0.990520 -0.137369  0.380592 0.684658 0
0  0.000000 -11.275963 -9.177673  0.000334 -0.998844 -0.048063  0.377178 0.683220 0
beerkeg.002
0  0.000000 -11.197554 -10.012782  0.000866 -0.990520 -0.137369  0.380592 0.684658 0
0  4.285119 -10.345189 -10.585291  0.358162 -0.924423 -0.131005  0.392005 0.668009 0
0  4.315125 -10.417629 -9.679115  0.375616 -0.925613 -0.046408  0.388150 0.665730 0
beerkeg.002
0  4.285119 -10.345189 -10.585291  0.358162 -0.924423 -0.131005  0.392005 0.668009 0
0  7.917867 -7.917865 -11.613585  0.700477 -0.702585 -0.125323  0.409222 0.653043 0
0  7.973311 -7.973308 -10.568151  0.705857 -0.706883 -0.045627  0.404864 0.649290 0
beerkeg.002
0  7.917867 -7.917865 -11.613585  0.700477 -0.702585 -0.125323  0.409222 0.653043 0
0  10.345191 -4.285119 -10.585291  0.924677 -0.357633 -0.130657  0.424908 0.629946 0
0  10.417631 -4.315124 -9.679115  0.925689 -0.375495 -0.045863  0.420664 0.625109 0
beerkeg.002
0  -11.248385 -0.000001 -7.088144  -0.999291 0.000411 0.037639  0.357862 0.748471 0
0  -10.392153 -4.304571 -7.379988  -0.922410 -0.384701 0.034137  0.359056 0.732432 0
0  -10.343041 -4.284227 -5.978598  -0.923198 -0.383511 0.024977  0.353837 0.732175 0
beerkeg.002
0  10.343041 4.284225 -5.978599  0.923120 0.383728 0.024544  0.408676 0.888475 0
0  10.392153 4.304568 -7.379989  0.922229 0.385119 0.034300  0.417158 0.880960 0
0  7.953811 7.953804 -7.810589  0.707298 0.706328 0.028825  0.398881 0.855441 0
beerkeg.002
0  10.345191 -4.285119 -10.585291  0.924677 -0.357633 -0.130657  0.424908 0.629946 0
0  11.197553 -0.000002 -10.012784  0.990539 0.000000 -0.137229  0.451208 0.605980 0
0  11.275961 -0.000001 -9.177676  0.998854 0.000000 -0.047858  0.446932 0.599429 0
beerkeg.002
0  -4.152661 10.025402 -12.219415  -0.324583 0.915192 -0.238891  0.385201 0.791120 0
0  -7.673115 7.673108 -13.400791  -0.686997 0.688943 -0.231068  0.383428 0.775514 0
0  -7.811589 7.811584 -12.527433  -0.692217 0.694674 -0.195611  0.380568 0.776329 0
beerkeg.002
0  4.227602 10.206327 -11.405350  0.338459 0.918368 -0.205050  0.400443 0.824541 0
0  4.285119 10.345185 -10.585295  0.358988 0.924125 -0.130848  0.397161 0.826927 0
0  7.917867 7.917861 -11.613586  0.700477 0.702585 -0.125323  0.415469 0.840819 0
beerkeg.002
0  10.206332 4.227597 -11.405348  0.919032 0.336608 -0.205125  0.436123 0.858211 0
0  10.345191 4.285115 -10.585293  0.924677 0.357633 -0.130657  0.432840 0.862976 0
0  11.197553 -0.000002 -10.012784  0.990539 0.000000 -0.137229  0.460995 0.885218 0
beerkeg.002
0  -10.417631 -4.315124 -9.679115  -0.925613 -0.375616 -0.046409  0.367290 0.732930 0
0  -7.973311 -7.973308 -10.568151  -0.706883 -0.705857 -0.045627  0.372118 0.717983 0
0  -7.980106 -7.980103 -9.268041  -0.706985 -0.707187 0.007591  0.367542 0.717167 0
beerkeg.002
0  -7.973311 -7.973308 -10.568151  -0.706883 -0.705857 -0.045627  0.372118 0.717983 0
0  -4.315125 -10.417629 -9.679115  -0.375495 -0.925689 -0.045863  0.372991 0.701216 0
0  -4.318803 -10.426507 -8.584734  -0.383782 -0.923351 0.011581  0.368794 0.700035 0
beerkeg.002
0  -4.315125 -10.417629 -9.679115  -0.375495 -0.925689 -0.045863  0.372991 0.701216 0
0  0.000000 -11.275963 -9.177673  0.000334 -0.998844 -0.048063  0.377178 0.683220 0
0  0.000000 -11.285572 -8.180891  -0.000158 -0.999911 0.013319  0.373003 0.681600 0
beerkeg.002
0  0.000000 -11.275963 -9.177673  0.000334 -0.998844 -0.048063  0.377178 0.683220 0
0  4.315125 -10.417629 -9.679115  0.375616 -0.925613 -0.046408  0.388150 0.665730 0
0  4.318803 -10.426507 -8.584734  0.383539 -0.923458 0.011096  0.383296 0.663087 0
beerkeg.002
0  4.315125 -10.417629 -9.679115  0.375616 -0.925613 -0.046408  0.388150 0.665730 0
0  7.973311 -7.973308 -10.568151  0.705857 -0.706883 -0.045627  0.404864 0.649290 0
0  7.980106 -7.980103 -9.268041  0.707188 -0.706985 0.007590  0.399021 0.644697 0
beerkeg.002
0  7.973311 -7.973308 -10.568151  0.705857 -0.706883 -0.045627  0.404864 0.649290 0
0  10.417631 -4.315124 -9.679115  0.925689 -0.375495 -0.045863  0.420664 0.625109 0
0  10.426509 -4.318801 -8.584734  0.923351 -0.383782 0.011580  0.415036 0.619396 0
beerkeg.002
0  -11.195226 -0.000001 -5.811716  -0.999645 0.000293 0.026631  0.353144 0.748613 0
0  -10.343041 -4.284227 -5.978598  -0.923198 -0.383511 0.024977  0.353837 0.732175 0
0  -10.326703 -4.277460 -4.467088  -0.923826 -0.382766 0.005959  0.348054 0.731947 0
beerkeg.002
0  10.326703 4.277458 -4.467089  0.923824 0.382772 0.005851  0.398457 0.896188 0
0  10.343041 4.284225 -5.978599  0.923120 0.383728 0.024544  0.408676 0.888475 0
0  7.916222 7.916217 -6.122111  0.707287 0.706593 0.021702  0.390009 0.861653 0
beerkeg.002
0  10.417631 -4.315124 -9.679115  0.925689 -0.375495 -0.045863  0.420664 0.625109 0
0  11.275961 -0.000001 -9.177676  0.998854 0.000000 -0.047858  0.446932 0.599429 0
0  11.285571 -0.000001 -8.180892  0.999909 -0.000000 0.013485  0.441100 0.591724 0
beerkeg.002
0  -4.227602 10.206327 -11.405350  -0.337432 0.918741 -0.205071  0.382254 0.792366 0
0  -7.811589 7.811584 -12.527433  -0.692217 0.694674 -0.195611  0.380568 0.776329 0
0  -7.917867 7.917861 -11.613586  -0.700477 0.702585 -0.125323  0.377528 0.777157 0
beerkeg.002
0  4.285119 10.345185 -10.585295  0.358988 0.924125 -0.130848  0.397161 0.826927 0
0  4.315125 10.417625 -9.679119  0.375987 0.925472 -0.046210  0.393436 0.829471 0
0  7.973311 7.973304 -10.568152  0.705857 0.706883 -0.045627  0.411341 0.844887 0
beerkeg.002
0  10.345191 4.285115 -10.585293  0.924677 0.357633 -0.130657  0.432840 0.862976 0
0  10.417631 4.315121 -9.679117  0.925689 0.375495 -0.045863  0.428908 0.868143 0
0  11.275961 -0.000001 -9.177676  0.998854 0.000000 -0.047858  0.457165 0.892118 0
beerkeg.002
0  -10.426509 -4.318801 -8.584734  -0.923458 -0.383539 0.011096  0.363421 0.732682 0
0  -7.980106 -7.980103 -9.268041  -0.706985 -0.707187 0.007591  0.367542 0.717167 0
0  -7.953811 -7.953807 -7.810586  -0.706328 -0.707298 0.028825  0.362205 0.716312 0
beerkeg.002
0  -7.980106 -7.980103 -9.268041  -0.706985 -0.707187 0.007591  0.367542 0.717167 0
0  -4.318803 -10.426507 -8.584734  -0.383782 -0.923351 0.011581  0.368794 0.700035 0
0  -4.304572 -10.392151 -7.379987  -0.385119 -0.922229 0.034301  0.364018 0.698822 0
beerkeg.002
0  -4.318803 -10.426507 -8.584734  -0.383782 -0.923351 0.011581  0.368794 0.700035 0
0  0.000000 -11.285572 -8.180891  -0.000158 -0.999911 0.013319  0.373003 0.681600 0
0  0.000000 -11.248384 -7.088143  -0.000411 -0.999291 0.037639  0.368264 0.679930 0
beerkeg.002
0  0.000000 -11.285572 -8.180891  -0.000158 -0.999911 0.013319  0.373003 0.681600 0
0  4.318803 -10.426507 -8.584734  0.383539 -0.923458 0.011096  0.383296 0.663087 0
0  4.304572 -10.392151 -7.379987  0.384701 -0.922410 0.034137  0.377662 0.660310 0
beerkeg.002
0  4.318803 -10.426507 -8.584734  0.383539 -0.923458 0.011096  0.383296 0.663087 0
0  7.980106 -7.980103 -9.268041  0.707188 -0.706985 0.007590  0.399021 0.644697 0
0  7.953811 -7.953807 -7.810586  0.707298 -0.706328 0.028825  0.391836 0.639671 0
beerkeg.002
0  7.980106 -7.980103 -9.268041  0.707188 -0.706985 0.007590  0.399021 0.644697 0
0  10.426509 -4.318801 -8.584734  0.923351 -0.383782 0.011580  0.415036 0.619396 0
0  10.392153 -4.304571 -7.379988  0.922229 -0.385119 0.034300  0.408171 0.613263 0
beerkeg.002
0  -11.177542 -0.000001 -4.421607  -0.999980 0.000067 0.006306  0.347881 0.748770 0
0  -10.326703 -4.277460 -4.467088  -0.923826 -0.382766 0.005959  0.348054 0.731947 0
0  -10.326576 -4.277407 -2.581949  -0.923876 -0.382682 -0.002892  0.340664 0.731744 0
beerkeg.002
0  10.326576 4.277406 -2.581950  0.923876 0.382682 -0.002892  0.384172 0.905008 0
0  10.326703 4.277458 -4.467089  0.923824 0.382772 0.005851  0.398457 0.896188 0
0  7.903718 7.903713 -4.469488  0.707144 0.707049 0.005445  0.380444 0.867392 0
beerkeg.002
0  10.426509 -4.318801 -8.584734  0.923351 -0.383782 0.011580  0.415036 0.619396 0
0  11.285571 -0.000001 -8.180892  0.999909 -0.000000 0.013485  0.441100 0.591724 0
0  11.248385 -0.000001 -7.088144  0.999289 -0.000000 0.037692  0.433862 0.583501 0
beerkeg.002
0  -4.285119 10.345185 -10.585295  -0.358161 0.924423 -0.131006  0.379262 0.793562 0
0  -7.917867 7.917861 -11.613586  -0.700477 0.702585 -0.125323  0.377528 0.777157 0
0  -7.973311 7.973304 -10.568152  -0.705857 0.706883 -0.045627  0.373989 0.778074 0
beerkeg.002
0  4.315125 10.417625 -9.679119  0.375987 0.925472 -0.046210  0.393436 0.829471 0
0  4.318803 10.426505 -8.584738  0.383453 0.923492 0.011244  0.388729 0.832446 0
0  7.980106 7.980100 -9.268043  0.707187 0.706985 0.007591  0.405774 0.849901 0
beerkeg.002
0  10.417631 4.315121 -9.679117  0.925689 0.375495 -0.045863  0.428908 0.868143 0
0  10.426509 4.318799 -8.584736  0.923351 0.383782 0.011580  0.423643 0.874293 0
0  11.285571 -0.000001 -8.180892  0.999909 -0.000000 0.013485  0.451855 0.900297 0
beerkeg.002
0  -10.392153 -4.304571 -7.379988  -0.922410 -0.384701 0.034137  0.359056 0.732432 0
0  -7.953811 -7.953807 -7.810586  -0.706328 -0.707298 0.028825  0.362205 0.716312 0
0  -7.916222 -7.916219 -6.122108  -0.706593 -0.707287 0.021702  0.355762 0.715416 0
beerkeg.002
0  -7.953811 -7.953807 -7.810586  -0.706328 -0.707298 0.028825  0.362205 0.716312 0
0  -4.304572 -10.392151 -7.379987  -0.385119 -0.922229 0.034301  0.364018 0.698822 0
0  -4.284229 -10.343040 -5.978598  -0.383728 -0.923120 0.024545  0.358261 0.697541 0
beerkeg.002
0  -4.304572 -10.392151 -7.379987  -0.385119 -0.922229 0.034301  0.364018 0.698822 0
0  0.000000 -11.248384 -7.088143  -0.000411 -0.999291 0.037639  0.368264 0.679930 0
0  0.000000 -11.195227 -5.811715  -0.000293 -0.999645 0.026630  0.362507 0.678137 0
beerkeg.002
0  0.000000 -11.248384 -7.088143  -0.000411 -0.999291 0.037639  0.368264 0.679930 0
0  4.304572 -10.392151 -7.379987  0.384701 -0.922410 0.034137  0.377662 0.660310 0
0  4.284229 -10.343040 -5.978598  0.383512 -0.923198 0.024977  0.370711 0.657294 0
beerkeg.002
0  4.304572 -10.392151 -7.379987  0.384701 -0.922410 0.034137  0.377662 0.660310 0
0  7.953811 -7.953807 -7.810586  0.707298 -0.706328 0.028825  0.391836 0.639671 0
0  7.916222 -7.916219 -6.122108  0.707287 -0.706593 0.021702  0.382657 0.634105 0
beerkeg.002
0  7.953811 -7.953807 -7.810586  0.707298 -0.706328 0.028825  0.391836 0.639671 0
0  10.392153 -4.304571 -7.379988  0.922229 -0.385119 0.034300  0.408171 0.613263 0
0  10.343041 -4.284227 -5.978598  0.923120 -0.383728 0.024544  0.399280 0.606441 0
beerkeg.002
0  -11.177404 -0.000000 -2.581949  -0.999996 -0.000000 -0.002891  0.340769 0.748980 0
0  -10.326576 -4.277407 -2.581949  -0.923876 -0.382682 -0.002892  0.340664 0.731744 0
0  -10.339682 -4.282835 -0.158994  -0.923837 -0.382666 -0.009584  0.330964 0.731590 0
beerkeg.002
0  10.339682 4.282835 -0.158996  0.923837 0.382666 -0.009584  0.363463 0.914413 0
0  10.326576 4.277406 -2.581950  0.923876 0.382682 -0.002892  0.384172 0.905008 0
0  7.903619 7.903615 -2.581951  0.707104 0.707104 -0.002892  0.368473 0.873335 0
beerkeg.002
0  10.392153 -4.304571 -7.379988  0.922229 -0.385119 0.034300  0.408171 0.613263 0
0  11.248385 -0.000001 -7.088144  0.999289 -0.000000 0.037692  0.433862 0.583501 0
0  11.195226 -0.000001 -5.811716  0.999649 0.000000 0.026506  0.424315 0.574164 0
beerkeg.002
0  -4.315125 10.417625 -9.679119  -0.375616 0.925613 -0.046410  0.375921 0.794822 0
0  -7.973311 7.973304 -10.568152  -0.705857 0.706883 -0.045627  0.373989 0.778074 0
0  -7.980106 7.980100 -9.268043  -0.707188 0.706985 0.007591  0.369457 0.779178 0
beerkeg.002
0  4.318803 10.426505 -8.584738  0.383453 0.923492 0.011244  0.388729 0.832446 0
0  4.304572 10.392149 -7.379991  0.384357 0.922552 0.034177  0.383243 0.835605 0
0  7.953811 7.953804 -7.810589  0.707298 0.706328 0.028825  0.398881 0.855441 0
beerkeg.002
0  10.426509 4.318799 -8.584736  0.923351 0.383782 0.011580  0.423643 0.874293 0
0  10.392153 4.304568 -7.379989  0.922229 0.385119 0.034300  0.417158 0.880960 0
0  11.248385 -0.000001 -7.088144  0.999289 -0.000000 0.037692  0.445163 0.909104 0
beerkeg.002
0  -10.343041 -4.284227 -5.978598  -0.923198 -0.383511 0.024977  0.353837 0.732175 0
0  -7.916222 -7.916219 -6.122108  -0.706593 -0.707287 0.021702  0.355762 0.715416 0
0  -7.903718 -7.903715 -4.469485  -0.707049 -0.707144 0.005445  0.349212 0.714651 0
beerkeg.002
0  -7.916222 -7.916219 -6.122108  -0.706593 -0.707287 0.021702  0.355762 0.715416 0
0  -4.284229 -10.343040 -5.978598  -0.383728 -0.923120 0.024545  0.358261 0.697541 0
0  -4.277462 -10.326701 -4.467087  -0.382772 -0.923824 0.005851  0.351828 0.696320 0
beerkeg.002
0  -4.284229 -10.343040 -5.978598  -0.383728 -0.923120 0.024545  0.358261 0.697541 0
0  0.000000 -11.195227 -5.811715  -0.000293 -0.999645 0.026630  0.362507 0.678137 0
0  0.000000 -11.177543 -4.421605  -0.000067 -0.999980 0.006306  0.355980 0.676392 0
beerkeg.002
0  0.000000 -11.195227 -5.811715  -0.000293 -0.999645 0.026630  0.362507 0.678137 0
0  4.284229 -10.343040 -5.978598  0.383512 -0.923198 0.024977  0.370711 0.657294 0
0  4.277462 -10.326701 -4.467087  0.382767 -0.923826 0.005959  0.362777 0.654349 0
beerkeg.002
0  4.284229 -10.343040 -5.978598  0.383512 -0.923198 0.024977  0.370711 0.657294 0
0  7.916222 -7.916219 -6.122108  0.707287 -0.706593 0.021702  0.382657 0.634105 0
0  7.903718 -7.903715 -4.469485  0.707144 -0.707049 0.005445  0.372829 0.629046 0
beerkeg.002
0  7.916222 -7.916219 -6.122108  0.707287 -0.706593 0.021702  0.382657 0.634105 0
0  10.343041 -4.284227 -5.978598  0.923120 -0.383728 0.024544  0.399280 0.606441 0
0  10.326703 -4.277460 -4.467088  0.923824 -0.382773 0.005851  0.388669 0.599562 0
beerkeg.002
0  -11.191591 -0.000000 -0.158995  -0.999954 -0.000000 -0.009584  0.331178 0.749242 0
0  -10.339682 -4.282835 -0.158994  -0.923837 -0.382666 -0.009584  0.330964 0.731590 0
0  -10.373908 -4.297012 2.625176  -0.923843 -0.382668 -0.008945  0.319642 0.731671 0
beerkeg.002
0  10.373908 4.297013 2.625174  0.923843 0.382668 -0.008945  0.337109 0.921637 0
0  10.339682 4.282835 -0.158996  0.923837 0.382666 -0.009584  0.363463 0.914413 0
0  7.913652 7.913649 -0.158996  0.707074 0.707074 -0.009584  0.351672 0.879302 0
beerkeg.002
0  10.343041 -4.284227 -5.978598  0.923120 -0.383728 0.024544  0.399280 0.606441 0
0  11.195226 -0.000001 -5.811716  0.999649 0.000000 0.026506  0.424315 0.574164 0
0  11.177542 -0.000001 -4.421607  0.999980 0.000000 0.006253  0.412746 0.564486 0
beerkeg.002
0  -4.318803 10.426505 -8.584738  -0.383539 0.923458 0.011095  0.371785 0.796272 0
0  -7.980106 7.980100 -9.268043  -0.707188 0.706985 0.007591  0.369457 0.779178 0
0  -7.953811 7.953804 -7.810589  -0.707298 0.706328 0.028825  0.364164 0.780367 0
beerkeg.002
0  4.304572 10.392149 -7.379991  0.384357 0.922552 0.034177  0.383243 0.835605 0
0  4.284229 10.343038 -5.978601  0.383245 0.923312 0.024858  0.376444 0.839088 0
0  7.916222 7.916217 -6.122111  0.707287 0.706593 0.021702  0.390009 0.861653 0
beerkeg.002
0  10.392153 4.304568 -7.379989  0.922229 0.385119 0.034300  0.417158 0.880960 0
0  10.343041 4.284225 -5.978599  0.923120 0.383728 0.024544  0.408676 0.888475 0
0  11.195226 -0.000001 -5.811716  0.999649 0.000000 0.026506  0.436223 0.919210 0
beerkeg.002
0  -10.326703 -4.277460 -4.467088  -0.923826 -0.382766 0.005959  0.348054 0.731947 0
0  -7.903718 -7.903715 -4.469485  -0.707049 -0.707144 0.005445  0.349212 0.714651 0
0  -7.903619 -7.903616 -2.581948  -0.707104 -0.707104 -0.002892  0.341493 0.713943 0
beerkeg.002
0  -7.903718 -7.903715 -4.469485  -0.707049 -0.707144 0.005445  0.349212 0.714651 0
0  -4.277462 -10.326701 -4.467087  -0.382772 -0.923824 0.005851  0.351828 0.696320 0
0  -4.277409 -10.326573 -2.581948  -0.382682 -0.923876 -0.002892  0.343533 0.695058 0
beerkeg.002
0  -4.277462 -10.326701 -4.467087  -0.382772 -0.923824 0.005851  0.351828 0.696320 0
0  0.000000 -11.177543 -4.421605  -0.000067 -0.999980 0.006306  0.355980 0.676392 0
0  0.000000 -11.177404 -2.581948  -0.000000 -0.999996 -0.002891  0.347000 0.674471 0
beerkeg.002
0  0.000000 -11.177543 -4.421605  -0.000067 -0.999980 0.006306  0.355980 0.676392 0
0  4.277462 -10.326701 -4.467087  0.382767 -0.923826 0.005959  0.362777 0.654349 0
0  4.277409 -10.326573 -2.581948  0.382682 -0.923876 -0.002892  0.352320 0.651238 0
beerkeg.002
0  4.277462 -10.326701 -4.467087  0.382767 -0.923826 0.005959  0.362777 0.654349 0
0  7.903718 -7.903715 -4.469485  0.707144 -0.707049 0.005445  0.372829 0.629046 0
0  7.903619 -7.903616 -2.581948  0.707104 -0.707104 -0.002892  0.360612 0.623916 0
beerkeg.002
0  7.903718 -7.903715 -4.469485  0.707144 -0.707049 0.005445  0.372829 0.629046 0
0  10.326703 -4.277460 -4.467088  0.923824 -0.382773 0.005851  0.388669 0.599562 0
0  10.326576 -4.277407 -2.581949  0.923876 -0.382682 -0.002892  0.373982 0.591922 0
beerkeg.002
0  -11.228637 0.000000 2.625175  -0.999960 0.000000 -0.008945  0.320024 0.749549 0
0  -10.373908 -4.297012 2.625176  -0.923843 -0.382668 -0.008945  0.319642 0.731671 0
0  -10.385744 -4.301915 5.413618  -0.923872 -0.382681 0.003919  0.308227 0.731934 0
beerkeg.002
0  10.385744 4.301917 5.413617  0.923872 0.382681 0.003919  0.308951 0.925082 0
0  10.373908 4.297013 2.625174  0.923843 0.382668 -0.008945  0.337109 0.921637 0
0  7.939847 7.939842 2.625174  0.707079 0.707078 -0.008945  0.330837 0.883738 0
beerkeg.002
0  10.326703 -4.277460 -4.467088  0.923824 -0.382773 0.005851  0.388669 0.599562 0
0  11.177542 -0.000001 -4.421607  0.999980 0.000000 0.006253  0.412746 0.564486 0
0  11.177404 -0.000000 -2.581949  0.999996 -0.000000 -0.002892  0.395276 0.552433 0
beerkeg.002
0  -4.304572 10.392149 -7.379991  -0.384700 0.922410 0.034137  0.367069 0.797789 0
0  -7.953811 7.953804 -7.810589  -0.707298 0.706328 0.028825  0.364164 0.780367 0
0  -7.916222 7.916217 -6.122111  -0.707287 0.706593 0.021702  0.357759 0.781666 0
beerkeg.002
0  4.284229 10.343038 -5.978601  0.383245 0.923312 0.024858  0.376444 0.839088 0
0  4.277462 10.326699 -4.467091  0.382706 0.923851 0.005908  0.368646 0.842559 0
0  7.903718 7.903713 -4.469488  0.707144 0.707049 0.005445  0.380444 0.867392 0
beerkeg.002
0  10.343041 4.284225 -5.978599  0.923120 0.383728 0.024544  0.408676 0.888475 0
0  10.326703 4.277458 -4.467089  0.923824 0.382772 0.005851  0.398457 0.896188 0
0  11.177542 -0.000001 -4.421607  0.999980 0.000000 0.006253  0.425261 0.929814 0
beerkeg.002
0  -10.326576 -4.277407 -2.581949  -0.923876 -0.382682 -0.002892  0.340664 0.731744 0
0  -7.903619 -7.903616 -2.581948  -0.707104 -0.707104 -0.002892  0.341493 0.713943 0
0  -7.913652 -7.913649 -0.158994  -0.707074 -0.707074 -0.009584  0.331368 0.713372 0
beerkeg.002
0  -7.903619 -7.903616 -2.581948  -0.707104 -0.707104 -0.002892  0.341493 0.713943 0
0  -4.277409 -10.326573 -2.581948  -0.382682 -0.923876 -0.002892  0.343533 0.695058 0
0  -4.282838 -10.339681 -0.158994  -0.382666 -0.923837 -0.009585  0.332538 0.693924 0
beerkeg.002
0  -4.277409 -10.326573 -2.581948  -0.382682 -0.923876 -0.002892  0.343533 0.695058 0
0  0.000000 -11.177404 -2.581948  -0.000000 -0.999996 -0.002891  0.347000 0.674471 0
0  0.000000 -11.191591 -0.158993  -0.000000 -0.999954 -0.009584  0.334677 0.672510 0
beerkeg.002
0  0.000000 -11.177404 -2.581948  -0.000000 -0.999996 -0.002891  0.347000 0.674471 0
0  4.277409 -10.326573 -2.581948  0.382682 -0.923876 -0.002892  0.352320 0.651238 0
0  4.282838 -10.339681 -0.158994  0.382666 -0.923837 -0.009584  0.338149 0.648301 0
beerkeg.002
0  4.277409 -10.326573 -2.581948  0.382682 -0.923876 -0.002892  0.352320 0.651238 0
0  7.903619 -7.903616 -2.581948  0.707104 -0.707104 -0.002892  0.360612 0.623916 0
0  7.913652 -7.913649 -0.158994  0.707074 -0.707074 -0.009584  0.343708 0.619444 0
beerkeg.002
0  7.903619 -7.903616 -2.581948  0.707104 -0.707104 -0.002892  0.360612 0.623916 0
0  10.326576 -4.277407 -2.581949  0.923876 -0.382682 -0.002892  0.373982 0.591922 0
0  10.339682 -4.282835 -0.158994  0.923837 -0.382666 -0.009584  0.352962 0.583700 0
beerkeg.002
0  -11.241448 0.000001 5.413617  -0.999992 0.000000 0.003920  0.308775 0.749847 0
0  -10.385744 -4.301915 5.413618  -0.923872 -0.382681 0.003919  0.308227 0.731934 0
0  -10.352422 -4.288112 8.312499  -0.922758 -0.382219 0.049262  0.296415 0.732460 0
beerkeg.002
0  10.352422 4.288115 8.312497  0.922758 0.382219 0.049261  0.279326 0.921606 0
0  10.385744 4.301917 5.413617  0.923872 0.382681 0.003919  0.308951 0.925082 0
0  7.948905 7.948903 5.413616  0.707101 0.707101 0.003919  0.309195 0.884986 0
beerkeg.002
0  10.326576 -4.277407 -2.581949  0.923876 -0.382682 -0.002892  0.373982 0.591922 0
0  11.177404 -0.000000 -2.581949  0.999996 -0.000000 -0.002892  0.395276 0.552433 0
0  11.191591 -0.000000 -0.158995  0.999954 0.000000 -0.009584  0.368406 0.539054 0
beerkeg.002
0  -4.284229 10.343038 -5.978601  -0.383512 0.923198 0.024977  0.361368 0.799433 0
0  -7.916222 7.916217 -6.122111  -0.707287 0.706593 0.021702  0.357759 0.781666 0
0  -7.903718 7.903713 -4.469488  -0.707144 0.707049 0.005445  0.351236 0.782836 0
beerkeg.002
0  4.277462 10.326699 -4.467091  0.382706 0.923851 0.005908  0.368646 0.842559 0
0  4.277409 10.326573 -2.581951  0.382682 0.923876 -0.002893  0.358309 0.846352 0
0  7.903619 7.903615 -2.581951  0.707104 0.707104 -0.002892  0.368473 0.873335 0
beerkeg.002
0  10.326703 4.277458 -4.467089  0.923824 0.382772 0.005851  0.398457 0.896188 0
0  10.326576 4.277406 -2.581950  0.923876 0.382682 -0.002892  0.384172 0.905008 0
0  11.177404 -0.000000 -2.581949  0.999996 -0.000000 -0.002892  0.408496 0.943245 0
beerkeg.002
0  -10.339682 -4.282835 -0.158994  -0.923837 -0.382666 -0.009584  0.330964 0.731590 0
0  -7.913652 -7.913649 -0.158994  -0.707074 -0.707074 -0.009584  0.331368 0.713372 0
0  -7.939847 -7.939841 2.625176  -0.707079 -0.707078 -0.008944  0.319479 0.713121 0
beerkeg.002
0  -7.913652 -7.913649 -0.158994  -0.707074 -0.707074 -0.009584  0.331368 0.713372 0
0  -4.282838 -10.339681 -0.158994  -0.382666 -0.923837 -0.009585  0.332538 0.693924 0
0  -4.297015 -10.373906 2.625176  -0.382668 -0.923842 -0.008945  0.319615 0.693365 0
beerkeg.002
0  -4.282838 -10.339681 -0.158994  -0.382666 -0.923837 -0.009585  0.332538 0.693924 0
0  0.000000 -11.191591 -0.158993  -0.000000 -0.999954 -0.009584  0.334677 0.672510 0
0  0.000000 -11.228636 2.625177  -0.000000 -0.999960 -0.008944  0.320101 0.671586 0
beerkeg.002
0  0.000000 -11.191591 -0.158993  -0.000000 -0.999954 -0.009584  0.334677 0.672510 0
0  4.282838 -10.339681 -0.158994  0.382666 -0.923837 -0.009584  0.338149 0.648301 0
0  4.297015 -10.373906 2.625176  0.382668 -0.923842 -0.008944  0.321114 0.646363 0
beerkeg.002
0  4.282838 -10.339681 -0.158994  0.382666 -0.923837 -0.009584  0.338149 0.648301 0
0  7.913652 -7.913649 -0.158994  0.707074 -0.707074 -0.009584  0.343708 0.619444 0
0  7.939847 -7.939841 2.625176  0.707079 -0.707078 -0.008944  0.323028 0.616308 0
beerkeg.002
0  7.913652 -7.913649 -0.158994  0.707074 -0.707074 -0.009584  0.343708 0.619444 0
0  10.339682 -4.282835 -0.158994  0.923837 -0.382666 -0.009584  0.352962 0.583700 0
0  10.373908 -4.297012 2.625176  0.923843 -0.382668 -0.008945  0.326582 0.578523 0
beerkeg.002
0  -11.205379 0.000001 8.312498  -0.998786 0.000000 0.049261  0.297161 0.750153 0
0  -10.352422 -4.288112 8.312499  -0.922758 -0.382219 0.049262  0.296415 0.732460 0
0  -10.159826 -4.208336 10.714403  -0.910150 -0.376996 0.171756  0.286610 0.733071 0
beerkeg.002
0  10.159826 4.208340 10.714401  0.910150 0.376997 0.171756  0.255597 0.914979 0
0  10.352422 4.288115 8.312497  0.922758 0.382219 0.049261  0.279326 0.921606 0
0  7.923401 7.923400 8.312497  0.706248 0.706248 0.049261  0.286625 0.883293 0
beerkeg.002
0  10.339682 -4.282835 -0.158994  0.923837 -0.382666 -0.009584  0.352962 0.583700 0
0  11.191591 -0.000000 -0.158995  0.999954 0.000000 -0.009584  0.368406 0.539054 0
0  11.228637 0.000000 2.625175  0.999960 -0.000000 -0.008945  0.333443 0.529520 0
beerkeg.002
0  -4.277462 10.326699 -4.467091  -0.382767 0.923826 0.005959  0.354982 0.801055 0
0  -7.903718 7.903713 -4.469488  -0.707144 0.707049 0.005445  0.351236 0.782836 0
0  -7.903619 7.903615 -2.581951  -0.707104 0.707104 -0.002892  0.343526 0.784023 0
beerkeg.002
0  4.277409 10.326573 -2.581951  0.382682 0.923876 -0.002893  0.358309 0.846352 0
0  4.282838 10.339681 -0.158997  0.382666 0.923837 -0.009584  0.344154 0.850434 0
0  7.913652 7.913649 -0.158996  0.707074 0.707074 -0.009584  0.351672 0.879302 0
beerkeg.002
0  10.326576 4.277406 -2.581950  0.923876 0.382682 -0.002892  0.384172 0.905008 0
0  10.339682 4.282835 -0.158996  0.923837 0.382666 -0.009584  0.363463 0.914413 0
0  11.191591 -0.000000 -0.158995  0.999954 0.000000 -0.009584  0.382397 0.958699 0
beerkeg.002
0  -10.373908 -4.297012 2.625176  -0.923843 -0.382668 -0.008945  0.319642 0.731671 0
0  -7.939847 -7.939841 2.625176  -0.707079 -0.707078 -0.008944  0.319479 0.713121 0
0  -7.948905 -7.948901 5.413619  -0.707101 -0.707101 0.003919  0.307492 0.713406 0
beerkeg.002
0  -7.939847 -7.939841 2.625176  -0.707079 -0.707078 -0.008944  0.319479 0.713121 0
0  -4.297015 -10.373906 2.625176  -0.382668 -0.923842 -0.008945  0.319615 0.693365 0
0  -4.301918 -10.385742 5.413619  -0.382681 -0.923872 0.003919  0.306559 0.693617 0
beerkeg.002
0  -4.297015 -10.373906 2.625176  -0.382668 -0.923842 -0.008945  0.319615 0.693365 0
0  0.000000 -11.228636 2.625177  -0.000000 -0.999960 -0.008944  0.320101 0.671586 0
0  0.000000 -11.241447 5.413619  0.000000 -0.999992 0.003919  0.305362 0.672013 0
beerkeg.002
0  0.000000 -11.228636 2.625177  -0.000000 -0.999960 -0.008944  0.320101 0.671586 0
0  4.297015 -10.373906 2.625176  0.382668 -0.923842 -0.008944  0.321114 0.646363 0
0  4.301918 -10.385742 5.413619  0.382681 -0.923872 0.003919  0.303741 0.646339 0
beerkeg.002
0  4.297015 -10.373906 2.625176  0.382668 -0.923842 -0.008944  0.321114 0.646363 0
0  7.939847 -7.939841 2.625176  0.707079 -0.707078 -0.008944  0.323028 0.616308 0
0  7.948905 -7.948901 5.413619  0.707102 -0.707101 0.003919  0.301667 0.616210 0
beerkeg.002
0  7.939847 -7.939841 2.625176  0.707079 -0.707078 -0.008944  0.323028 0.616308 0
0  10.373908 -4.297012 2.625176  0.923843 -0.382668 -0.008945  0.326582 0.578523 0
0  10.385744 -4.301915 5.413618  0.923872 -0.382680 0.003919  0.299004 0.577871 0
beerkeg.002
0  -10.996917 0.000002 10.714402  -0.985140 -0.000000 0.171755  0.287491 0.750350 0
0  -10.159826 -4.208336 10.714403  -0.910150 -0.376996 0.171756  0.286610 0.733071 0
0  -9.665609 -4.003625 12.706217  -0.862982 -0.357459 0.357051  0.278120 0.733729 0
beerkeg.002
0  9.665609 4.003629 12.706215  0.862982 0.357459 0.357051  0.236498 0.906087 0
0  10.159826 4.208340 10.714401  0.910150 0.376997 0.171756  0.255597 0.914979 0
0  7.775996 7.775995 10.714400  0.696599 0.696599 0.171755  0.268345 0.878899 0
beerkeg.002
0  10.373908 -4.297012 2.625176  0.923843 -0.382668 -0.008945  0.326582 0.578523 0
0  11.228637 0.000000 2.625175  0.999960 -0.000000 -0.008945  0.333443 0.529520 0
0  11.241448 0.000001 5.413617  0.999992 0.000000 0.003920  0.296462 0.527416 0
beerkeg.002
0  -4.277409 10.326573 -2.581951  -0.382682 0.923876 -0.002893  0.346720 0.802826 0
0  -7.903619 7.903615 -2.581951  -0.707104 0.707104 -0.002892  0.343526 0.784023 0
0  -7.913652 7.913649 -0.158996  -0.707074 0.707074 -0.009584  0.333417 0.785136 0
beerkeg.002
0  4.282838 10.339681 -0.158997  0.382666 0.923837 -0.009584  0.344154 0.850434 0
0  4.297015 10.373906 2.625173  0.382668 0.923842 -0.008945  0.327031 0.853463 0
0  7.939847 7.939842 2.625174  0.707079 0.707078 -0.008945  0.330837 0.883738 0
beerkeg.002
0  10.339682 4.282835 -0.158996  0.923837 0.382666 -0.009584  0.363463 0.914413 0
0  10.373908 4.297013 2.625174  0.923843 0.382668 -0.008945  0.337109 0.921637 0
0  11.228637 0.000000 2.625175  0.999960 -0.000000 -0.008945  0.347807 0.971241 0
beerkeg.002
0  -10.385744 -4.301915 5.413618  -0.923872 -0.382681 0.003919  0.308227 0.731934 0
0  -7.948905 -7.948901 5.413619  -0.707101 -0.707101 0.003919  0.307492 0.713406 0
0  -7.923401 -7.923397 8.312499  -0.706248 -0.706248 0.049261  0.295100 0.714217 0
beerkeg.002
0  -7.948905 -7.948901 5.413619  -0.707101 -0.707101 0.003919  0.307492 0.713406 0
0  -4.301918 -10.385742 5.413619  -0.382681 -0.923872 0.003919  0.306559 0.693617 0
0  -4.288115 -10.352419 8.312500  -0.382219 -0.922758 0.049262  0.293066 0.694879 0
beerkeg.002
0  -4.301918 -10.385742 5.413619  -0.382681 -0.923872 0.003919  0.306559 0.693617 0
0  0.000000 -11.241447 5.413619  0.000000 -0.999992 0.003919  0.305362 0.672013 0
0  0.000000 -11.205379 8.312500  0.000000 -0.998786 0.049262  0.290216 0.673520 0
beerkeg.002
0  0.000000 -11.241447 5.413619  0.000000 -0.999992 0.003919  0.305362 0.672013 0
0  4.301918 -10.385742 5.413619  0.382681 -0.923872 0.003919  0.303741 0.646339 0
0  4.288115 -10.352419 8.312500  0.382219 -0.922758 0.049262  0.285893 0.648990 0
beerkeg.002
0  4.301918 -10.385742 5.413619  0.382681 -0.923872 0.003919  0.303741 0.646339 0
0  7.948905 -7.948901 5.413619  0.707102 -0.707101 0.003919  0.301667 0.616210 0
0  7.923401 -7.923397 8.312499  0.706248 -0.706248 0.049262  0.279757 0.619640 0
beerkeg.002
0  7.948905 -7.948901 5.413619  0.707102 -0.707101 0.003919  0.301667 0.616210 0
0  10.385744 -4.301915 5.413618  0.923872 -0.382680 0.003919  0.299004 0.577871 0
0  10.352422 -4.288112 8.312499  0.922758 -0.382219 0.049262  0.270528 0.582614 0
beerkeg.002
0  -10.461980 0.000002 12.706216  -0.934085 -0.000000 0.357051  0.279118 0.750517 0
0  -9.665609 -4.003625 12.706217  -0.862982 -0.357459 0.357051  0.278120 0.733729 0
0  -8.818918 -3.652913 14.478189  -0.774038 -0.320617 0.545957  0.269690 0.734568 0
beerkeg.002
0  8.818918 3.652918 14.478188  0.774039 0.320617 0.545957  0.219676 0.894190 0
0  9.665609 4.003629 12.706215  0.862982 0.357459 0.357051  0.236498 0.906087 0
0  7.397738 7.397738 12.706215  0.660498 0.660498 0.357051  0.253257 0.873267 0
beerkeg.002
0  10.385744 -4.301915 5.413618  0.923872 -0.382680 0.003919  0.299004 0.577871 0
0  11.241448 0.000001 5.413617  0.999992 0.000000 0.003920  0.296462 0.527416 0
0  11.205379 0.000001 8.312498  0.998786 0.000000 0.049261  0.255801 0.531446 0
beerkeg.002
0  -4.282838 10.339681 -0.158997  -0.382666 0.923837 -0.009584  0.335740 0.804557 0
0  -7.913652 7.913649 -0.158996  -0.707074 0.707074 -0.009584  0.333417 0.785136 0
0  -7.939847 7.939842 2.625174  -0.707079 0.707078 -0.008945  0.321498 0.786016 0
beerkeg.002
0  4.297015 10.373906 2.625173  0.382668 0.923842 -0.008945  0.327031 0.853463 0
0  4.301918 10.385744 5.413615  0.382681 0.923872 0.003919  0.309459 0.854222 0
0  7.948905 7.948903 5.413616  0.707101 0.707101 0.003919  0.309195 0.884986 0
beerkeg.002
0  10.373908 4.297013 2.625174  0.923843 0.382668 -0.008945  0.337109 0.921637 0
0  10.385744 4.301917 5.413617  0.923872 0.382681 0.003919  0.308951 0.925082 0
0  11.241448 0.000001 5.413617  0.999992 0.000000 0.003920  0.310057 0.976510 0
beerkeg.002
0  -10.352422 -4.288112 8.312499  -0.922758 -0.382219 0.049262  0.296415 0.732460 0
0  -7.923401 -7.923397 8.312499  -0.706248 -0.706248 0.049261  0.295100 0.714217 0
0  -7.775996 -7.775991 10.714402  -0.696599 -0.696599 0.171756  0.284854 0.715386 0
beerkeg.002
0  -7.923401 -7.923397 8.312499  -0.706248 -0.706248 0.049261  0.295100 0.714217 0
0  -4.288115 -10.352419 8.312500  -0.382219 -0.922758 0.049262  0.293066 0.694879 0
0  -4.208339 -10.159822 10.714403  -0.376997 -0.910150 0.171756  0.281994 0.696538 0
beerkeg.002
0  -4.288115 -10.352419 8.312500  -0.382219 -0.922758 0.049262  0.293066 0.694879 0
0  0.000000 -11.205379 8.312500  0.000000 -0.998786 0.049262  0.290216 0.673520 0
0  0.000000 -10.996914 10.714403  -0.000000 -0.985140 0.171756  0.277839 0.675871 0
beerkeg.002
0  0.000000 -11.205379 8.312500  0.000000 -0.998786 0.049262  0.290216 0.673520 0
0  4.288115 -10.352419 8.312500  0.382219 -0.922758 0.049262  0.285893 0.648990 0
0  4.208339 -10.159822 10.714403  0.376997 -0.910150 0.171756  0.271450 0.652409 0
beerkeg.002
0  4.288115 -10.352419 8.312500  0.382219 -0.922758 0.049262  0.285893 0.648990 0
0  7.923401 -7.923397 8.312499  0.706248 -0.706248 0.049262  0.279757 0.619640 0
0  7.775996 -7.775991 10.714402  0.696599 -0.696599 0.171755  0.262227 0.624863 0
beerkeg.002
0  7.923401 -7.923397 8.312499  0.706248 -0.706248 0.049262  0.279757 0.619640 0
0  10.352422 -4.288112 8.312499  0.922758 -0.382219 0.049262  0.270528 0.582614 0
0  10.159826 -4.208336 10.714403  0.910150 -0.376997 0.171756  0.248039 0.590680 0
beerkeg.002
0  -9.545528 0.000002 14.478188  -0.837813 0.000000 0.545957  0.270716 0.750699 0
0  -8.818918 -3.652913 14.478189  -0.774038 -0.320617 0.545957  0.269690 0.734568 0
0  -7.551769 -3.128042 16.132389  -0.655293 -0.271431 0.704923  0.259850 0.735705 0
beerkeg.002
0  7.551769 3.128047 16.132389  0.655293 0.271431 0.704923  0.202898 0.878469 0
0  8.818918 3.652918 14.478188  0.774039 0.320617 0.545957  0.219676 0.894190 0
0  6.749708 6.749709 14.478188  0.592423 0.592423 0.545957  0.239090 0.865974 0
beerkeg.002
0  10.352422 -4.288112 8.312499  0.922758 -0.382219 0.049262  0.270528 0.582614 0
0  11.205379 0.000001 8.312498  0.998786 0.000000 0.049261  0.255801 0.531446 0
0  10.996917 0.000002 10.714402  0.985140 -0.000000 0.171755  0.224262 0.544972 0
beerkeg.002
0  -4.297015 10.373906 2.625173  -0.382668 0.923842 -0.008945  0.322754 0.805949 0
0  -7.939847 7.939842 2.625174  -0.707079 0.707078 -0.008945  0.321498 0.786016 0
0  -7.948905 7.948903 5.413616  -0.707101 0.707101 0.003919  0.309441 0.786358 0
beerkeg.002
0  4.301918 10.385744 5.413615  0.382681 0.923872 0.003919  0.309459 0.854222 0
0  4.288115 10.352421 8.312496  0.382219 0.922758 0.049262  0.291259 0.852590 0
0  7.923401 7.923400 8.312497  0.706248 0.706248 0.049261  0.286625 0.883293 0
beerkeg.002
0  10.385744 4.301917 5.413617  0.923872 0.382681 0.003919  0.308951 0.925082 0
0  10.352422 4.288115 8.312497  0.922758 0.382219 0.049261  0.279326 0.921606 0
0  11.205379 0.000001 8.312498  0.998786 0.000000 0.049261  0.267754 0.975245 0
beerkeg.002
0  -10.159826 -4.208336 10.714403  -0.910150 -0.376996 0.171756  0.286610 0.733071 0
0  -7.775996 -7.775991 10.714402  -0.696599 -0.696599 0.171756  0.284854 0.715386 0
0  -7.397738 -7.397734 12.706217  -0.660498 -0.660498 0.357051  0.276070 0.716587 0
beerkeg.002
0  -7.775996 -7.775991 10.714402  -0.696599 -0.696599 0.171756  0.284854 0.715386 0
0  -4.208339 -10.159822 10.714403  -0.376997 -0.910150 0.171756  0.281994 0.696538 0
0  -4.003628 -9.665606 12.706218  -0.357459 -0.862982 0.357051  0.272555 0.698507 0
beerkeg.002
0  -4.208339 -10.159822 10.714403  -0.376997 -0.910150 0.171756  0.281994 0.696538 0
0  0.000000 -10.996914 10.714403  -0.000000 -0.985140 0.171756  0.277839 0.675871 0
0  0.000000 -10.461977 12.706218  0.000000 -0.934085 0.357051  0.267280 0.678694 0
beerkeg.002
0  0.000000 -10.996914 10.714403  -0.000000 -0.985140 0.171756  0.277839 0.675871 0
0  4.208339 -10.159822 10.714403  0.376997 -0.910150 0.171756  0.271450 0.652409 0
0  4.003628 -9.665606 12.706218  0.357459 -0.862982 0.357051  0.259475 0.656773 0
beerkeg.002
0  4.208339 -10.159822 10.714403  0.376997 -0.910150 0.171756  0.271450 0.652409 0
0  7.775996 -7.775991 10.714402  0.696599 -0.696599 0.171755  0.262227 0.624863 0
0  7.397738 -7.397734 12.706217  0.660498 -0.660498 0.357051  0.247704 0.630947 0
beerkeg.002
0  7.775996 -7.775991 10.714402  0.696599 -0.696599 0.171755  0.262227 0.624863 0
0  10.159826 -4.208336 10.714403  0.910150 -0.376997 0.171756  0.248039 0.590680 0
0  9.665609 -4.003625 12.706217  0.862982 -0.357459 0.357051  0.230315 0.600550 0
beerkeg.002
0  -8.173974 0.000003 16.132389  -0.709284 0.000000 0.704923  0.260959 0.750934 0
0  -7.551769 -3.128042 16.132389  -0.655293 -0.271431 0.704923  0.259850 0.735705 0
0  -6.074327 -2.516067 17.428717  -0.524203 -0.217132 0.823447  0.249242 0.737181 0
beerkeg.002
0  6.074327 2.516072 17.428717  0.524203 0.217132 0.823447  0.188862 0.859451 0
0  7.551769 3.128047 16.132389  0.655293 0.271431 0.704923  0.202898 0.878469 0
0  5.779874 5.779874 16.132389  0.501539 0.501540 0.704923  0.224150 0.855714 0
beerkeg.002
0  10.159826 -4.208336 10.714403  0.910150 -0.376997 0.171756  0.248039 0.590680 0
0  10.996917 0.000002 10.714402  0.985140 -0.000000 0.171755  0.224262 0.544972 0
0  10.461980 0.000002 12.706216  0.934085 -0.000000 0.357051  0.200859 0.561558 0
beerkeg.002
0  -4.301918 10.385744 5.413615  -0.382681 0.923872 0.003919  0.309582 0.806366 0
0  -7.948905 7.948903 5.413616  -0.707101 0.707101 0.003919  0.309441 0.786358 0
0  -7.923401 7.923400 8.312497  -0.706248 0.706248 0.049261  0.296936 0.786214 0
beerkeg.002
0  4.288115 10.352421 8.312496  0.382219 0.922758 0.049262  0.291259 0.852590 0
0  4.208339 10.159825 10.714399  0.376997 0.910150 0.171756  0.276465 0.849854 0
0  7.775996 7.775995 10.714400  0.696599 0.696599 0.171755  0.268345 0.878899 0
beerkeg.002
0  10.352422 4.288115 8.312497  0.922758 0.382219 0.049261  0.279326 0.921606 0
0  10.159826 4.208340 10.714401  0.910150 0.376997 0.171756  0.255597 0.914979 0
0  10.996917 0.000002 10.714402  0.985140 -0.000000 0.171755  0.234446 0.963344 0
beerkeg.002
0  -9.665609 -4.003625 12.706217  -0.862982 -0.357459 0.357051  0.278120 0.733729 0
0  -7.397738 -7.397734 12.706217  -0.660498 -0.660498 0.357051  0.276070 0.716587 0
0  -6.749708 -6.749704 14.478189  -0.592423 -0.592423 0.545958  0.267212 0.718089 0
beerkeg.002
0  -7.397738 -7.397734 12.706217  -0.660498 -0.660498 0.357051  0.276070 0.716587 0
0  -4.003628 -9.665606 12.706218  -0.357459 -0.862982 0.357051  0.272555 0.698507 0
0  -3.652917 -8.818914 14.478190  -0.320617 -0.774038 0.545957  0.263178 0.700844 0
beerkeg.002
0  -4.003628 -9.665606 12.706218  -0.357459 -0.862982 0.357051  0.272555 0.698507 0
0  0.000000 -10.461977 12.706218  0.000000 -0.934085 0.357051  0.267280 0.678694 0
0  0.000000 -9.545527 14.478190  0.000000 -0.837813 0.545957  0.257008 0.682273 0
beerkeg.002
0  0.000000 -10.461977 12.706218  0.000000 -0.934085 0.357051  0.267280 0.678694 0
0  4.003628 -9.665606 12.706218  0.357459 -0.862982 0.357051  0.259475 0.656773 0
0  3.652917 -8.818914 14.478190  0.320617 -0.774038 0.545958  0.247964 0.661946 0
beerkeg.002
0  4.003628 -9.665606 12.706218  0.357459 -0.862982 0.357051  0.259475 0.656773 0
0  7.397738 -7.397734 12.706217  0.660498 -0.660498 0.357051  0.247704 0.630947 0
0  6.749708 -6.749704 14.478189  0.592423 -0.592423 0.545958  0.234487 0.638958 0
beerkeg.002
0  7.397738 -7.397734 12.706217  0.660498 -0.660498 0.357051  0.247704 0.630947 0
0  9.665609 -4.003625 12.706217  0.862982 -0.357459 0.357051  0.230315 0.600550 0
0  8.818918 -3.652913 14.478189  0.774038 -0.320617 0.545957  0.214372 0.612480 0
beerkeg.002
0  -6.574806 0.000003 17.428717  -0.567394 -0.000000 0.823447  0.250282 0.751155 0
0  -6.074327 -2.516067 17.428717  -0.524203 -0.217132 0.823447  0.249242 0.737181 0
0  -4.764006 -1.973313 18.217854  -0.404235 -0.167439 0.899199  0.239841 0.738636 0
beerkeg.002
0  4.764006 1.973319 18.217854  0.404234 0.167439 0.899199  0.180120 0.841841 0
0  6.074327 2.516072 17.428717  0.524203 0.217132 0.823447  0.188862 0.859451 0
0  4.649090 4.649092 17.428717  0.401209 0.401208 0.823446  0.210607 0.842868 0
beerkeg.002
0  9.665609 -4.003625 12.706217  0.862982 -0.357459 0.357051  0.230315 0.600550 0
0  10.461980 0.000002 12.706216  0.934085 -0.000000 0.357051  0.200859 0.561558 0
0  9.545528 0.000002 14.478188  0.837813 0.000000 0.545957  0.181928 0.581641 0
beerkeg.002
0  -4.288115 10.352421 8.312496  -0.382219 0.922758 0.049262  0.295899 0.805816 0
0  -7.923401 7.923400 8.312497  -0.706248 0.706248 0.049261  0.296936 0.786214 0
0  -7.775996 7.775995 10.714400  -0.696599 0.696599 0.171755  0.286586 0.785566 0
beerkeg.002
0  4.208339 10.159825 10.714399  0.376997 0.910150 0.171756  0.276465 0.849854 0
0  4.003628 9.665610 12.706214  0.357459 0.862982 0.357051  0.263956 0.846318 0
0  7.397738 7.397738 12.706215  0.660498 0.660498 0.357051  0.253257 0.873267 0
beerkeg.002
0  10.159826 4.208340 10.714401  0.910150 0.376997 0.171756  0.255597 0.914979 0
0  9.665609 4.003629 12.706215  0.862982 0.357459 0.357051  0.236498 0.906087 0
0  10.461980 0.000002 12.706216  0.934085 -0.000000 0.357051  0.209439 0.947812 0
beerkeg.002
0  -8.818918 -3.652913 14.478189  -0.774038 -0.320617 0.545957  0.269690 0.734568 0
0  -6.749708 -6.749704 14.478189  -0.592423 -0.592423 0.545958  0.267212 0.718089 0
0  -5.779874 -5.779869 16.132389  -0.501539 -0.501539 0.704923  0.257133 0.720235 0
beerkeg.002
0  -6.749708 -6.749704 14.478189  -0.592423 -0.592423 0.545958  0.267212 0.718089 0
0  -3.652917 -8.818914 14.478190  -0.320617 -0.774038 0.545957  0.263178 0.700844 0
0  -3.128046 -7.551764 16.132391  -0.271432 -0.655293 0.704923  0.252535 0.704186 0
beerkeg.002
0  -3.652917 -8.818914 14.478190  -0.320617 -0.774038 0.545957  0.263178 0.700844 0
0  0.000000 -9.545527 14.478190  0.000000 -0.837813 0.545957  0.257008 0.682273 0
0  0.000000 -8.173971 16.132391  0.000000 -0.709284 0.704923  0.245556 0.687274 0
beerkeg.002
0  0.000000 -9.545527 14.478190  0.000000 -0.837813 0.545957  0.257008 0.682273 0
0  3.652917 -8.818914 14.478190  0.320617 -0.774038 0.545958  0.247964 0.661946 0
0  3.128046 -7.551764 16.132391  0.271431 -0.655293 0.704923  0.235487 0.669173 0
beerkeg.002
0  3.652917 -8.818914 14.478190  0.320617 -0.774038 0.545958  0.247964 0.661946 0
0  6.749708 -6.749704 14.478189  0.592423 -0.592423 0.545958  0.234487 0.638958 0
0  5.779874 -5.779869 16.132389  0.501540 -0.501539 0.704923  0.220874 0.649692 0
beerkeg.002
0  6.749708 -6.749704 14.478189  0.592423 -0.592423 0.545958  0.234487 0.638958 0
0  8.818918 -3.652913 14.478189  0.774038 -0.320617 0.545957  0.214372 0.612480 0
0  7.551769 -3.128042 16.132389  0.655293 -0.271431 0.704923  0.198794 0.628516 0
beerkeg.002
0  -5.156522 0.000003 18.217854  -0.437540 0.000000 0.899199  0.240840 0.751443 0
0  -4.764006 -1.973313 18.217854  -0.404235 -0.167439 0.899199  0.239841 0.738636 0
0  -3.701262 -1.533110 18.682817  -0.312946 -0.129626 0.940884  0.231345 0.740192 0
beerkeg.002
0  3.701262 1.533117 18.682817  0.312945 0.129626 0.940884  0.174912 0.826603 0
0  4.764006 1.973319 18.217854  0.404234 0.167439 0.899199  0.180120 0.841841 0
0  3.646213 3.646214 18.217854  0.309388 0.309388 0.899199  0.200249 0.830234 0
beerkeg.002
0  8.818918 -3.652913 14.478189  0.774038 -0.320617 0.545957  0.214372 0.612480 0
0  9.545528 0.000002 14.478188  0.837813 0.000000 0.545957  0.181928 0.581641 0
0  8.173974 0.000003 16.132389  0.709284 0.000000 0.704923  0.166326 0.607292 0
beerkeg.002
0  -4.208339 10.159825 10.714399  -0.376997 0.910150 0.171755  0.284630 0.804707 0
0  -7.775996 7.775995 10.714400  -0.696599 0.696599 0.171755  0.286586 0.785566 0
0  -7.397738 7.397738 12.706215  -0.660498 0.660498 0.357051  0.277582 0.784780 0
beerkeg.002
0  4.003628 9.665610 12.706214  0.357459 0.862982 0.357051  0.263956 0.846318 0
0  3.652917 8.818918 14.478187  0.320617 0.774038 0.545957  0.251817 0.841598 0
0  6.749708 6.749709 14.478188  0.592423 0.592423 0.545957  0.239090 0.865974 0
beerkeg.002
0  9.665609 4.003629 12.706215  0.862982 0.357459 0.357051  0.236498 0.906087 0
0  8.818918 3.652918 14.478188  0.774039 0.320617 0.545957  0.219676 0.894190 0
0  9.545528 0.000002 14.478188  0.837813 0.000000 0.545957  0.187351 0.929019 0
beerkeg.002
0  -7.551769 -3.128042 16.132389  -0.655293 -0.271431 0.704923  0.259850 0.735705 0
0  -5.779874 -5.779869 16.132389  -0.501539 -0.501539 0.704923  0.257133 0.720235 0
0  -4.649090 -4.649086 17.428717  -0.401208 -0.401208 0.823447  0.246407 0.723023 0
beerkeg.002
0  -5.779874 -5.779869 16.132389  -0.501539 -0.501539 0.704923  0.257133 0.720235 0
0  -3.128046 -7.551764 16.132391  -0.271432 -0.655293 0.704923  0.252535 0.704186 0
0  -2.516070 -6.074325 17.428719  -0.217132 -0.524203 0.823447  0.241405 0.708509 0
beerkeg.002
0  -3.128046 -7.551764 16.132391  -0.271432 -0.655293 0.704923  0.252535 0.704186 0
0  0.000000 -8.173971 16.132391  0.000000 -0.709284 0.704923  0.245556 0.687274 0
0  0.000000 -6.574803 17.428719  0.000000 -0.567394 0.823447  0.234104 0.693601 0
beerkeg.002
0  0.000000 -8.173971 16.132391  0.000000 -0.709284 0.704923  0.245556 0.687274 0
0  3.128046 -7.551764 16.132391  0.271431 -0.655293 0.704923  0.235487 0.669173 0
0  2.516070 -6.074325 17.428719  0.217133 -0.524203 0.823447  0.223074 0.678133 0
beerkeg.002
0  3.128046 -7.551764 16.132391  0.271431 -0.655293 0.704923  0.235487 0.669173 0
0  5.779874 -5.779869 16.132389  0.501540 -0.501539 0.704923  0.220874 0.649692 0
0  4.649090 -4.649086 17.428717  0.401209 -0.401208 0.823446  0.207924 0.662572 0
beerkeg.002
0  5.779874 -5.779869 16.132389  0.501540 -0.501539 0.704923  0.220874 0.649692 0
0  7.551769 -3.128042 16.132389  0.655293 -0.271431 0.704923  0.198794 0.628516 0
0  6.074327 -2.516067 17.428717  0.524203 -0.217132 0.823447  0.186374 0.647478 0
beerkeg.002
0  -4.006217 0.000003 18.682817  -0.338730 0.000000 0.940884  0.232255 0.751587 0
0  -3.701262 -1.533110 18.682817  -0.312946 -0.129626 0.940884  0.231345 0.740192 0
0  -2.700756 -1.118687 19.013954  -0.784397 -0.324907 0.528354  0.222279 0.741903 0
beerkeg.002
0  2.700756 1.118693 19.013954  0.784396 0.324907 0.528354  0.170863 0.810893 0
0  3.701262 1.533117 18.682817  0.312945 0.129626 0.940884  0.174912 0.826603 0
0  2.832824 2.832826 18.682817  0.239519 0.239519 0.940884  0.192769 0.818568 0
beerkeg.002
0  7.551769 -3.128042 16.132389  0.655293 -0.271431 0.704923  0.198794 0.628516 0
0  8.173974 0.000003 16.132389  0.709284 0.000000 0.704923  0.166326 0.607292 0
0  6.574806 0.000003 17.428717  0.567393 -0.000000 0.823447  0.155228 0.635224 0
beerkeg.002
0  -4.003628 9.665610 12.706214  -0.357459 0.862982 0.357051  0.274977 0.803175 0
0  -7.397738 7.397738 12.706215  -0.660498 0.660498 0.357051  0.277582 0.784780 0
0  -6.749708 6.749709 14.478188  -0.592423 0.592423 0.545957  0.268681 0.783614 0
beerkeg.002
0  3.652917 8.818918 14.478187  0.320617 0.774038 0.545957  0.251817 0.841598 0
0  3.128046 7.551770 16.132387  0.271431 0.655293 0.704923  0.238482 0.834800 0
0  5.779874 5.779874 16.132389  0.501539 0.501540 0.704923  0.224150 0.855714 0
beerkeg.002
0  8.818918 3.652918 14.478188  0.774039 0.320617 0.545957  0.219676 0.894190 0
0  7.551769 3.128047 16.132389  0.655293 0.271431 0.704923  0.202898 0.878469 0
0  8.173974 0.000003 16.132389  0.709284 0.000000 0.704923  0.169659 0.902603 0
beerkeg.002
0  -6.074327 -2.516067 17.428717  -0.524203 -0.217132 0.823447  0.249242 0.737181 0
0  -4.649090 -4.649086 17.428717  -0.401208 -0.401208 0.823447  0.246407 0.723023 0
0  -3.646213 -3.646209 18.217854  -0.309388 -0.309387 0.899199  0.236611 0.725837 0
beerkeg.002
0  -4.649090 -4.649086 17.428717  -0.401208 -0.401208 0.823447  0.246407 0.723023 0
0  -2.516070 -6.074325 17.428719  -0.217132 -0.524203 0.823447  0.241405 0.708509 0
0  -1.973316 -4.764002 18.217854  -0.167439 -0.404234 0.899199  0.231670 0.712957 0
beerkeg.002
0  -2.516070 -6.074325 17.428719  -0.217132 -0.524203 0.823447  0.241405 0.708509 0
0  0.000000 -6.574803 17.428719  0.000000 -0.567394 0.823447  0.234104 0.693601 0
0  0.000000 -5.156520 18.217854  -0.000001 -0.437540 0.899199  0.223850 0.700109 0
beerkeg.002
0  0.000000 -6.574803 17.428719  0.000000 -0.567394 0.823447  0.234104 0.693601 0
0  2.516070 -6.074325 17.428719  0.217133 -0.524203 0.823447  0.223074 0.678133 0
0  1.973316 -4.764002 18.217854  0.167439 -0.404234 0.899199  0.213091 0.687281 0
beerkeg.002
0  2.516070 -6.074325 17.428719  0.217133 -0.524203 0.823447  0.223074 0.678133 0
0  4.649090 -4.649086 17.428717  0.401209 -0.401208 0.823446  0.207924 0.662572 0
0  3.646213 -3.646209 18.217854  0.309388 -0.309387 0.899199  0.198515 0.675153 0
beerkeg.002
0  4.649090 -4.649086 17.428717  0.401209 -0.401208 0.823446  0.207924 0.662572 0
0  6.074327 -2.516067 17.428717  0.524203 -0.217132 0.823447  0.186374 0.647478 0
0  4.764006 -1.973313 18.217854  0.404235 -0.167439 0.899198  0.178754 0.664764 0
beerkeg.002
0  6.074327 -2.516067 17.428717  0.524203 -0.217132 0.823447  0.186374 0.647478 0
0  6.574806 0.000003 17.428717  0.567393 -0.000000 0.823447  0.155228 0.635224 0
0  5.156522 0.000003 18.217854  0.437540 0.000000 0.899199  0.152637 0.658910 0
beerkeg.002
0  -3.652917 8.818918 14.478187  -0.320617 0.774038 0.545957  0.265380 0.801187 0
0  -6.749708 6.749709 14.478188  -0.592423 0.592423 0.545957  0.268681 0.783614 0
0  -5.779874 5.779874 16.132389  -0.501539 0.501540 0.704923  0.258477 0.781908 0
beerkeg.002
0  3.128046 7.551770 16.132387  0.271431 0.655293 0.704923  0.238482 0.834800 0
0  2.516070 6.074330 17.428715  0.217132 0.524204 0.823446  0.225292 0.826113 0
0  4.649090 4.649092 17.428717  0.401209 0.401208 0.823446  0.210607 0.842868 0
beerkeg.002
0  7.551769 3.128047 16.132389  0.655293 0.271431 0.704923  0.202898 0.878469 0
0  6.074327 2.516072 17.428717  0.524203 0.217132 0.823447  0.188862 0.859451 0
0  6.574806 0.000003 17.428717  0.567393 -0.000000 0.823447  0.156645 0.873806 0
beerkeg.002
0  -4.764006 -1.973313 18.217854  -0.404235 -0.167439 0.899199  0.239841 0.738636 0
0  -3.646213 -3.646209 18.217854  -0.309388 -0.309387 0.899199  0.236611 0.725837 0
0  -2.832824 -2.832820 18.682817  -0.239518 -0.239518 0.940884  0.228288 0.728738 0
beerkeg.002
0  -3.646213 -3.646209 18.217854  -0.309388 -0.309387 0.899199  0.236611 0.725837 0
0  -1.973316 -4.764002 18.217854  -0.167439 -0.404234 0.899199  0.231670 0.712957 0
0  -1.533113 -3.701259 18.682817  -0.129626 -0.312946 0.940884  0.223249 0.717484 0
beerkeg.002
0  -1.973316 -4.764002 18.217854  -0.167439 -0.404234 0.899199  0.231670 0.712957 0
0  0.000000 -5.156520 18.217854  -0.000001 -0.437540 0.899199  0.223850 0.700109 0
0  0.000000 -4.006215 18.682817  -0.000000 -0.338730 0.940883  0.215791 0.706489 0
beerkeg.002
0  0.000000 -5.156520 18.217854  -0.000001 -0.437540 0.899199  0.223850 0.700109 0
0  1.973316 -4.764002 18.217854  0.167439 -0.404234 0.899199  0.213091 0.687281 0
0  1.533113 -3.701259 18.682817  0.129626 -0.312946 0.940884  0.205371 0.695809 0
beerkeg.002
0  1.973316 -4.764002 18.217854  0.167439 -0.404234 0.899199  0.213091 0.687281 0
0  3.646213 -3.646209 18.217854  0.309388 -0.309387 0.899199  0.198515 0.675153 0
0  2.832824 -2.832820 18.682817  0.239518 -0.239519 0.940884  0.191484 0.686569 0
beerkeg.002
0  3.646213 -3.646209 18.217854  0.309388 -0.309387 0.899199  0.198515 0.675153 0
0  4.764006 -1.973313 18.217854  0.404235 -0.167439 0.899198  0.178754 0.664764 0
0  3.701262 -1.533110 18.682817  0.312945 -0.129626 0.940884  0.174097 0.679632 0
beerkeg.002
0  4.764006 -1.973313 18.217854  0.404235 -0.167439 0.899198  0.178754 0.664764 0
0  5.156522 0.000003 18.217854  0.437540 0.000000 0.899199  0.152637 0.658910 0
0  4.006217 0.000003 18.682817  0.338730 -0.000000 0.940884  0.152565 0.677229 0
beerkeg.002
0  -3.128046 7.551770 16.132387  -0.271431 0.655293 0.704923  0.254398 0.798307 0
0  -5.779874 5.779874 16.132389  -0.501539 0.501540 0.704923  0.258477 0.781908 0
0  -4.649090 4.649092 17.428717  -0.401208 0.401208 0.823446  0.247478 0.779557 0
beerkeg.002
0  2.516070 6.074330 17.428715  0.217132 0.524204 0.823446  0.225292 0.826113 0
0  1.973316 4.764008 18.217854  0.167439 0.404235 0.899199  0.214833 0.817070 0
0  3.646213 3.646214 18.217854  0.309388 0.309388 0.899199  0.200249 0.830234 0
beerkeg.002
0  6.074327 2.516072 17.428717  0.524203 0.217132 0.823447  0.188862 0.859451 0
0  4.764006 1.973319 18.217854  0.404234 0.167439 0.899199  0.180120 0.841841 0
0  5.156522 0.000003 18.217854  0.437540 0.000000 0.899199  0.152859 0.848963 0
beerkeg.002
0  -3.701262 -1.533110 18.682817  -0.312946 -0.129626 0.940884  0.231345 0.740192 0
0  -2.832824 -2.832820 18.682817  -0.239518 -0.239518 0.940884  0.228288 0.728738 0
0  -2.067070 -2.067066 19.013954  -0.600351 -0.600351 0.528354  0.219451 0.732151 0
beerkeg.002
0  -2.832824 -2.832820 18.682817  -0.239518 -0.239518 0.940884  0.228288 0.728738 0
0  -1.533113 -3.701259 18.682817  -0.129626 -0.312946 0.940884  0.223249 0.717484 0
0  -1.118690 -2.700753 19.013954  -0.324907 -0.784396 0.528354  0.214672 0.722674 0
beerkeg.002
0  -1.533113 -3.701259 18.682817  -0.129626 -0.312946 0.940884  0.223249 0.717484 0
0  0.000000 -4.006215 18.682817  -0.000000 -0.338730 0.940883  0.215791 0.706489 0
0  0.000000 -2.923275 19.013954  0.000001 -0.849024 0.528355  0.207488 0.713816 0
beerkeg.002
0  0.000000 -4.006215 18.682817  -0.000000 -0.338730 0.940883  0.215791 0.706489 0
0  1.533113 -3.701259 18.682817  0.129626 -0.312946 0.940884  0.205371 0.695809 0
0  1.118690 -2.700753 19.013954  0.324908 -0.784396 0.528354  0.197903 0.705635 0
beerkeg.002
0  1.533113 -3.701259 18.682817  0.129626 -0.312946 0.940884  0.205371 0.695809 0
0  2.832824 -2.832820 18.682817  0.239518 -0.239519 0.940884  0.191484 0.686569 0
0  2.067070 -2.067066 19.013954  0.600351 -0.600350 0.528354  0.185771 0.698960 0
beerkeg.002
0  2.832824 -2.832820 18.682817  0.239518 -0.239519 0.940884  0.191484 0.686569 0
0  3.701262 -1.533110 18.682817  0.312945 -0.129626 0.940884  0.174097 0.679632 0
0  2.700756 -1.118687 19.013954  0.784396 -0.324907 0.528354  0.170910 0.694782 0
beerkeg.002
0  3.701262 -1.533110 18.682817  0.312945 -0.129626 0.940884  0.174097 0.679632 0
0  4.006217 0.000003 18.682817  0.338730 -0.000000 0.940884  0.152565 0.677229 0
0  2.923277 0.000003 19.013952  0.849024 -0.000000 0.528355  0.154655 0.693909 0
beerkeg.002
0  -2.516070 6.074330 17.428715  -0.217132 0.524204 0.823446  0.243085 0.794407 0
0  -4.649090 4.649092 17.428717  -0.401208 0.401208 0.823446  0.247478 0.779557 0
0  -3.646213 3.646214 18.217854  -0.309388 0.309388 0.899199  0.237520 0.777190 0
beerkeg.002
0  1.973316 4.764008 18.217854  0.167439 0.404235 0.899199  0.214833 0.817070 0
0  1.533113 3.701265 18.682817  0.129627 0.312946 0.940883  0.206195 0.808520 0
0  2.832824 2.832826 18.682817  0.239519 0.239519 0.940884  0.192769 0.818568 0
beerkeg.002
0  4.764006 1.973319 18.217854  0.404234 0.167439 0.899199  0.180120 0.841841 0
0  3.701262 1.533117 18.682817  0.312945 0.129626 0.940884  0.174912 0.826603 0
0  4.006217 0.000003 18.682817  0.338730 -0.000000 0.940884  0.152576 0.830013 0
beerkeg.002
0  -1.973316 4.764008 18.217854  -0.167440 0.404235 0.899199  0.232731 0.790316 0
0  -3.646213 3.646214 18.217854  -0.309388 0.309388 0.899199  0.237520 0.777190 0
0  -2.832824 2.832826 18.682817  -0.239519 0.239519 0.940883  0.228970 0.774517 0
beerkeg.002
0  1.533113 3.701265 18.682817  0.129627 0.312946 0.940883  0.206195 0.808520 0
0  1.118690 2.700759 19.013954  0.324908 0.784396 0.528354  0.198509 0.798831 0
0  2.067070 2.067072 19.013954  0.600352 0.600350 0.528353  0.186022 0.805861 0
beerkeg.002
0  3.701262 1.533117 18.682817  0.312945 0.129626 0.940884  0.174912 0.826603 0
0  2.700756 1.118693 19.013954  0.784396 0.324907 0.528354  0.170863 0.810893 0
0  2.923277 0.000003 19.013952  0.849024 -0.000000 0.528355  0.153762 0.812557 0
beerkeg.002
0  -1.533113 3.701265 18.682817  -0.129627 0.312946 0.940883  0.224245 0.786102 0
0  -2.832824 2.832826 18.682817  -0.239519 0.239519 0.940883  0.228970 0.774517 0
0  -2.067070 2.067072 19.013954  -0.600352 0.600350 0.528354  0.220011 0.771413 0
beerkeg.002
0  -0.000000 0.000003 20.755983  -0.000000 -0.000000 1.000000  0.691207 0.753880 0
0  -3.077302 1.274663 20.777380  -0.737679 0.305557 0.602051  0.691579 0.754007 0
0  -3.266846 0.649819 20.777380  -0.784921 0.156131 0.599602  0.691754 0.752939 0
beerkeg.002
0  -0.000000 0.000003 20.755983  -0.000000 -0.000000 1.000000  0.690225 0.755689 0
0  -2.355265 2.355268 20.777380  -0.564595 0.564595 0.602051  0.690541 0.755940 0
0  -2.769499 1.850522 20.777380  -0.665424 0.444622 0.599602  0.691060 0.754974 0
beerkeg.002
0  -0.000000 0.000003 20.755983  -0.000000 -0.000000 1.000000  0.688631 0.757100 0
0  -1.274661 3.077305 20.777380  -0.305557 0.737679 0.602051  0.688842 0.757451 0
0  -1.850520 2.769501 20.777380  -0.444621 0.665424 0.599602  0.689691 0.756695 0
beerkeg.002
0  -0.000000 0.000003 20.755983  -0.000000 -0.000000 1.000000  0.686481 0.757885 0
0  0.000000 3.330850 20.777380  -0.000000 0.798458 0.602051  0.686573 0.758348 0
0  -0.649817 3.266849 20.777380  -0.156130 0.784921 0.599602  0.687707 0.757900 0
beerkeg.002
0  -0.000000 0.000003 20.755983  -0.000000 -0.000000 1.000000  0.683982 0.757929 0
0  1.274661 3.077305 20.777380  0.305557 0.737679 0.602051  0.683898 0.758430 0
0  0.649817 3.266849 20.777380  0.156130 0.784921 0.599602  0.685236 0.758389 0
beerkeg.002
0  -0.000000 0.000003 20.755983  -0.000000 -0.000000 1.000000  0.681457 0.756979 0
0  2.355265 2.355268 20.777380  0.564595 0.564595 0.602051  0.681162 0.757428 0
0  1.850520 2.769501 20.777380  0.444621 0.665424 0.599602  0.682530 0.757929 0
beerkeg.002
0  -0.000000 0.000003 20.755983  -0.000000 -0.000000 1.000000  0.679522 0.748810 0
0  3.077302 -1.274656 20.777380  0.737678 -0.305556 0.602051  0.678992 0.748492 0
0  3.266846 -0.649812 20.777380  0.784921 -0.156131 0.599602  0.678475 0.750169 0
beerkeg.002
0  -0.000000 0.000003 20.755983  -0.000000 -0.000000 1.000000  0.679463 0.754857 0
0  3.077302 1.274663 20.777380  0.737679 0.305557 0.602051  0.678926 0.755167 0
0  2.769499 1.850522 20.777380  0.665424 0.444622 0.599602  0.680044 0.756297 0
beerkeg.002
0  -0.000000 0.000003 20.755983  -0.000000 -0.000000 1.000000  0.691154 0.749867 0
0  -3.077302 -1.274656 20.777380  -0.737678 -0.305556 0.602051  0.691540 0.749734 0
0  -2.769499 -1.850515 20.777380  -0.665424 -0.444622 0.599602  0.691022 0.748762 0
beerkeg.002
0  -0.000000 0.000003 20.755983  -0.000000 -0.000000 1.000000  0.690195 0.748030 0
0  -2.355265 -2.355261 20.777380  -0.564595 -0.564595 0.602051  0.690505 0.747791 0
0  -1.850520 -2.769494 20.777380  -0.444621 -0.665424 0.599602  0.689673 0.747016 0
beerkeg.002
0  -0.000000 0.000003 20.755983  -0.000000 -0.000000 1.000000  0.688614 0.746599 0
0  -1.274661 -3.077298 20.777380  -0.305557 -0.737678 0.602051  0.688841 0.746241 0
0  -0.649817 -3.266842 20.777380  -0.156130 -0.784921 0.599602  0.687733 0.745787 0
beerkeg.002
0  -0.000000 0.000003 20.755983  -0.000000 -0.000000 1.000000  0.686529 0.745786 0
0  0.000000 -3.330844 20.777380  0.000000 -0.798457 0.602051  0.686626 0.745334 0
0  0.649817 -3.266842 20.777380  0.156130 -0.784921 0.599602  0.685330 0.745288 0
beerkeg.002
0  -0.000000 0.000003 20.755983  -0.000000 -0.000000 1.000000  0.684116 0.745714 0
0  1.274661 -3.077298 20.777380  0.305557 -0.737679 0.602051  0.684035 0.745243 0
0  1.850520 -2.769494 20.777380  0.444621 -0.665424 0.599602  0.682677 0.745733 0
beerkeg.002
0  -0.000000 0.000003 20.755983  -0.000000 -0.000000 1.000000  0.678607 0.751852 0
0  3.330847 0.000003 20.777380  0.798458 0.000000 0.602051  0.677958 0.751846 0
0  3.266846 0.649819 20.777380  0.784921 0.156131 0.599602  0.678442 0.753506 0
beerkeg.002
0  -0.000000 0.000003 20.755983  -0.000000 -0.000000 1.000000  0.681620 0.746691 0
0  2.355265 -2.355261 20.777380  0.564595 -0.564595 0.602051  0.681318 0.746224 0
0  2.769499 -1.850515 20.777380  0.665424 -0.444622 0.599602  0.680155 0.747358 0
end
