PRT1
1422
3978
4 0 4 (-996.080994 5507 -512 ) (-996.080994 5443 -512 ) (-996.080994 5443 -384 ) (-996.080994 5507 -384 ) 
4 0 1 (-988.080994 5443 -512 ) (-948.080994 5443 -512 ) (-948.080994 5443 -384 ) (-988.080994 5443 -384 ) 
4 0 2 (-996.080994 5443 -384 ) (-996.080994 5443 -512 ) (-988.080994 5443 -512 ) (-988.080994 5443 -384 ) 
4 1 2 (-988.080994 5443 -384 ) (-988.080994 5443 -512 ) (-988.080994 5283 -512 ) (-988.080994 5283 -384 ) 
4 2 4 (-996.080994 5443 -512 ) (-996.080994 5251 -512 ) (-996.080994 5251 -384 ) (-996.080994 5443 -384 ) 
4 3 6 (-1024 5539 -384 ) (-1024 5731 -384 ) (-1024 5731 -512 ) (-1024 5539 -512 ) 
4 4 8 (-1024 5251 -384 ) (-1024 5535 -384 ) (-1024 5535 -512 ) (-1024 5251 -512 ) 
4 5 29 (-1988.079956 5285 -384 ) (-1988.079956 5409 -384 ) (-1284.079956 5409 -384 ) (-1284.079956 5285 -384 ) 
4 5 27 (-1988.079956 5409 -384 ) (-1988.079956 5411 -384 ) (-1284.079956 5411 -384 ) (-1284.079956 5409 -384 ) 
4 5 31 (-1284.079956 5283 -384 ) (-1988.079956 5283 -384 ) (-1988.079956 5285 -384 ) (-1284.079956 5285 -384 ) 
4 5 25 (-1988.079956 5411 -384 ) (-1988.079956 5537 -384 ) (-1284.079956 5537 -384 ) (-1284.079956 5411 -384 ) 
4 5 23 (-1988.079956 5537 -384 ) (-1988.079956 5539 -384 ) (-1284.079956 5539 -384 ) (-1284.079956 5537 -384 ) 
4 5 21 (-1988.079956 5539 -384 ) (-1988.079956 5571 -384 ) (-1284.079956 5571 -384 ) (-1284.079956 5539 -384 ) 
4 5 18 (-1988.079956 5571 -384 ) (-1988.079956 5699 -384 ) (-1284.079956 5699 -384 ) (-1284.079956 5571 -384 ) 
4 5 17 (-1988.079956 5699 -384 ) (-1988.079956 5731 -384 ) (-1284.079956 5731 -384 ) (-1284.079956 5699 -384 ) 
4 6 9 (-1124.079956 5731 -512 ) (-1124.079956 5539 -512 ) (-1124.079956 5539 -384 ) (-1124.079956 5731 -384 ) 
4 6 7 (-1088.079956 5539 -512 ) (-1032.079956 5539 -512 ) (-1032.079956 5539 -400 ) (-1088.079956 5539 -400 ) 
4 7 8 (-1088.079956 5535 -512 ) (-1032.079956 5535 -512 ) (-1032.079956 5535 -400 ) (-1088.079956 5535 -400 ) 
4 8 10 (-1124.079956 5315 -416 ) (-1124.079956 5507 -416 ) (-1124.079956 5507 -480 ) (-1124.079956 5315 -480 ) 
4 9 19 (-1252.079956 5663 -512 ) (-1252.079956 5607 -512 ) (-1252.079956 5607 -400 ) (-1252.079956 5663 -400 ) 
4 9 11 (-1252.079956 5539 -384 ) (-1252.079956 5539 -512 ) (-1156.079956 5539 -512 ) (-1156.079956 5539 -384 ) 
4 10 11 (-1156.079956 5507 -480 ) (-1156.079956 5315 -480 ) (-1156.079956 5315 -416 ) (-1156.079956 5507 -416 ) 
4 11 22 (-1252.079956 5539 -512 ) (-1252.079956 5283 -512 ) (-1252.079956 5283 -430 ) (-1252.079956 5539 -430 ) 
4 12 13 (-1584.079956 5891 -384 ) (-1584.079956 5891 -512 ) (-1584.079956 5763 -512 ) (-1584.079956 5763 -384 ) 
4 13 15 (-1688.079956 5891 -512 ) (-1688.079956 5763 -512 ) (-1688.079956 5763 -384 ) (-1688.079956 5891 -384 ) 
4 13 14 (-1688.079956 5763 -400 ) (-1688.079956 5763 -512 ) (-1584.079956 5763 -512 ) (-1584.079956 5763 -400 ) 
4 14 17 (-1688.079956 5731 -512 ) (-1584.079956 5731 -512 ) (-1584.079956 5731 -400 ) (-1688.079956 5731 -400 ) 
4 15 108 (-2048 5763 -384 ) (-2048 5891 -384 ) (-2048 5891 -512 ) (-2048 5763 -512 ) 
4 15 16 (-2048 5763 -512 ) (-2020.079956 5763 -512 ) (-2020.079956 5763 -384 ) (-2048 5763 -384 ) 
4 16 108 (-2048 5731 -384 ) (-2048 5763 -384 ) (-2048 5763 -512 ) (-2048 5731 -512 ) 
4 16 33 (-2048 5731 -512 ) (-2020.079956 5731 -512 ) (-2020.079956 5731 -384 ) (-2048 5731 -384 ) 
4 17 20 (-1988.079956 5699 -400 ) (-1988.079956 5699 -512 ) (-1284.079956 5699 -512 ) (-1284.079956 5699 -400 ) 
4 17 18 (-1988.079956 5699 -384 ) (-1988.079956 5699 -400 ) (-1284.079956 5699 -400 ) (-1284.079956 5699 -384 ) 
4 18 21 (-1988.079956 5571 -384 ) (-1988.079956 5571 -400 ) (-1284.079956 5571 -400 ) (-1284.079956 5571 -384 ) 
4 18 20 (-1256.079956 5571 -400 ) (-1988.079956 5571 -400 ) (-1988.079956 5699 -400 ) (-1256.079956 5699 -400 ) 
4 19 20 (-1256.079956 5607 -400 ) (-1256.079956 5663 -400 ) (-1256.079956 5663 -512 ) (-1256.079956 5607 -512 ) 
4 20 21 (-1988.079956 5571 -400 ) (-1988.079956 5571 -512 ) (-1284.079956 5571 -512 ) (-1284.079956 5571 -400 ) 
4 21 34 (-1988.079956 5559 -512 ) (-1988.079956 5539 -512 ) (-1988.079956 5539 -400 ) (-1988.079956 5559 -400 ) 
4 21 23 (-1988.079956 5539 -384 ) (-1988.079956 5539 -476 ) (-1284.079956 5539 -476 ) (-1284.079956 5539 -384 ) 
4 21 32 (-1988.079956 5539 -476 ) (-1988.079956 5539 -512 ) (-1284.079956 5539 -512 ) (-1284.079956 5539 -476 ) 
4 22 30 (-1270.079956 5285 -462 ) (-1270.079956 5285 -460 ) (-1270.079956 5409 -460 ) (-1270.079956 5409 -462 ) 
4 22 29 (-1270.079956 5285 -460 ) (-1270.079956 5285 -430 ) (-1270.079956 5409 -430 ) (-1270.079956 5409 -460 ) 
4 22 28 (-1270.079956 5409 -476 ) (-1270.079956 5285 -476 ) (-1270.079956 5285 -462 ) (-1270.079956 5409 -462 ) 
4 22 27 (-1270.079956 5411 -476 ) (-1270.079956 5409 -476 ) (-1270.079956 5409 -430 ) (-1270.079956 5411 -430 ) 
4 22 31 (-1270.079956 5285 -476 ) (-1270.079956 5283 -476 ) (-1270.079956 5283 -430 ) (-1270.079956 5285 -430 ) 
4 22 26 (-1270.079956 5411 -462 ) (-1270.079956 5411 -460 ) (-1270.079956 5537 -460.010986 ) (-1270.079956 5537 -462 ) 
4 22 25 (-1270.079956 5411 -460 ) (-1270.079956 5411 -430 ) (-1270.079956 5537 -430 ) (-1270.079956 5537 -460.010986 ) 
4 22 24 (-1270.079956 5537 -476 ) (-1270.079956 5411 -476 ) (-1270.079956 5411 -462 ) (-1270.079956 5537 -462 ) 
4 22 23 (-1270.079956 5539 -430 ) (-1270.079956 5539 -476 ) (-1270.079956 5537 -476 ) (-1270.079956 5537 -430 ) 
4 22 32 (-1270.079956 5539 -476 ) (-1270.079956 5539 -512 ) (-1270.079956 5283 -512 ) (-1270.079956 5283 -476 ) 
4 23 34 (-1988.079956 5539 -400 ) (-1988.079956 5539 -476 ) (-1988.079956 5537 -476 ) (-1988.079956 5537 -400 ) 
4 23 26 (-1286.060059 5537 -476 ) (-1284.079834 5537 -476 ) (-1270.079956 5537 -462 ) (-1270.079956 5537 -460.011017 ) 
5 23 25 (-1988.079956 5537 -384 ) (-1988.079956 5537 -476 ) (-1286.060059 5537 -476 ) (-1270.079956 5537 -460.011017 ) (-1270.079956 5537 -384 ) 
3 23 24 (-1284.079834 5537 -476 ) (-1270.079956 5537 -476 ) (-1270.079956 5537 -462 ) 
4 23 32 (-1988.079956 5537 -476 ) (-1988.079956 5539 -476 ) (-1270.079956 5539 -476 ) (-1270.079956 5537 -476 ) 
3 24 27 (-1284.079834 5411 -476 ) (-1270.079956 5411 -476 ) (-1270.079956 5411 -462 ) 
4 24 26 (-1270.079956 5537 -462 ) (-1284.078125 5537 -476 ) (-1284.078125 5411 -476 ) (-1270.079956 5411 -462.001831 ) 
4 24 32 (-1284.079834 5537 -476 ) (-1270.079956 5537 -476 ) (-1270.079956 5411 -476 ) (-1284.079834 5411 -476 ) 
4 25 34 (-1988.079956 5537 -400 ) (-1988.079956 5537 -476 ) (-1988.079956 5455 -476 ) (-1988.079956 5455 -400 ) 
5 25 27 (-1988.079956 5411 -384 ) (-1988.079956 5411 -476 ) (-1286.071045 5411 -476 ) (-1270.079956 5411 -460 ) (-1270.079956 5411 -384 ) 
4 25 32 (-1988.079956 5411 -476 ) (-1988.079956 5537 -476 ) (-1286.060059 5537 -476 ) (-1286.071045 5411 -476 ) 
4 25 26 (-1270.079956 5411 -460 ) (-1286.070312 5411 -476 ) (-1286.060059 5537 -476 ) (-1270.079956 5537 -460.010986 ) 
4 26 27 (-1286.071045 5411 -476 ) (-1284.079834 5411 -476 ) (-1270.079956 5411 -462 ) (-1270.079956 5411 -460 ) 
4 26 32 (-1286.060059 5537 -476 ) (-1284.079834 5537 -476 ) (-1284.079834 5411 -476 ) (-1286.071045 5411 -476 ) 
4 27 30 (-1286.079956 5409 -476 ) (-1284.079834 5409 -476 ) (-1270.079956 5409 -462 ) (-1270.079956 5409 -460 ) 
5 27 29 (-1988.079956 5409 -384 ) (-1988.079956 5409 -476 ) (-1286.079956 5409 -476 ) (-1270.079956 5409 -460 ) (-1270.079956 5409 -384 ) 
3 27 28 (-1284.079834 5409 -476 ) (-1270.079956 5409 -476 ) (-1270.079956 5409 -462 ) 
4 27 32 (-1988.079956 5409 -476 ) (-1988.079956 5411 -476 ) (-1270.079956 5411 -476 ) (-1270.079956 5409 -476 ) 
4 28 30 (-1270.079956 5409 -462 ) (-1284.078125 5409 -476 ) (-1284.078125 5285 -476 ) (-1270.079956 5285 -462.001831 ) 
4 28 32 (-1284.079834 5409 -476 ) (-1270.079956 5409 -476 ) (-1270.079956 5285 -476 ) (-1284.079834 5285 -476 ) 
3 28 31 (-1284.079834 5285 -476 ) (-1270.079956 5285 -476 ) (-1270.079956 5285 -462 ) 
5 29 31 (-1988.079956 5285 -384 ) (-1988.079956 5285 -476 ) (-1286.079956 5285 -476 ) (-1270.079956 5285 -460 ) (-1270.079956 5285 -384 ) 
4 29 32 (-1988.079956 5285 -476 ) (-1988.079956 5409 -476 ) (-1286.079956 5409 -476 ) (-1286.079956 5285 -476 ) 
4 29 30 (-1270.079956 5285 -460 ) (-1286.078125 5285 -476 ) (-1286.078125 5409 -476 ) (-1270.079956 5409 -460.001831 ) 
4 30 31 (-1286.079956 5285 -476 ) (-1284.079834 5285 -476 ) (-1270.079956 5285 -462 ) (-1270.079956 5285 -460 ) 
4 30 32 (-1286.079956 5409 -476 ) (-1284.079834 5409 -476 ) (-1284.079834 5285 -476 ) (-1286.079956 5285 -476 ) 
4 31 32 (-1270.079956 5283 -476 ) (-1988.079956 5283 -476 ) (-1988.079956 5285 -476 ) (-1270.079956 5285 -476 ) 
4 32 34 (-1988.079956 5539 -512 ) (-1988.079956 5455 -512 ) (-1988.079956 5455 -476 ) (-1988.079956 5539 -476 ) 
4 33 111 (-2048 5559 -384 ) (-2048 5571 -384 ) (-2048 5571 -512 ) (-2048 5559 -512 ) 
4 33 110 (-2048 5571 -384 ) (-2048 5635 -384 ) (-2048 5635 -512 ) (-2048 5571 -512 ) 
4 33 108 (-2048 5635 -384 ) (-2048 5731 -384 ) (-2048 5731 -512 ) (-2048 5635 -512 ) 
4 33 35 (-2048 5559 -512 ) (-2020.079956 5559 -512 ) (-2020.079956 5559 -384 ) (-2048 5559 -384 ) 
4 34 35 (-2020.079956 5559 -400 ) (-2020.079956 5559 -512 ) (-2020.079956 5455 -512 ) (-2020.079956 5455 -400 ) 
4 35 111 (-2048 5455 -384 ) (-2048 5559 -384 ) (-2048 5559 -512 ) (-2048 5455 -512 ) 
4 35 36 (-2048 5455 -512 ) (-2020.079956 5455 -512 ) (-2020.079956 5455 -384 ) (-2048 5455 -384 ) 
4 36 121 (-2048 5251 -384 ) (-2048 5315 -384 ) (-2048 5315 -512 ) (-2048 5251 -512 ) 
4 36 124 (-2048 5123 -384 ) (-2048 5251 -384 ) (-2048 5251 -512 ) (-2048 5123 -512 ) 
4 36 112 (-2048 5315 -384 ) (-2048 5379 -384 ) (-2048 5379 -512 ) (-2048 5315 -512 ) 
4 36 111 (-2048 5379 -384 ) (-2048 5455 -384 ) (-2048 5455 -512 ) (-2048 5379 -512 ) 
4 37 66 (-2208 5488 0 ) (-2208 5456 0 ) (-2336 5456 0 ) (-2336 5488 0 ) 
3 37 39 (-2336 5456 0 ) (-2208 5456 0 ) (-2336 5456 32 ) 
4 37 38 (-2336 5488 0 ) (-2336 5456 0 ) (-2336 5456 32 ) (-2336 5488 32 ) 
4 38 67 (-2496 5520 0 ) (-2336 5520 0 ) (-2336 5456 0 ) (-2496 5456 0 ) 
4 38 39 (-2496 5456 0 ) (-2336 5456 0 ) (-2336 5456 32 ) (-2496 5456 32 ) 
4 39 68 (-2496 5328 0 ) (-2496 5456 0 ) (-2208 5456 0 ) (-2208 5328 0 ) 
4 39 50 (-2496 5400 0 ) (-2496 5356 0 ) (-2496 5356 16 ) (-2496 5400 16 ) 
4 39 49 (-2496 5404 0 ) (-2496 5400 0 ) (-2496 5400 16 ) (-2496 5404 16 ) 
4 39 53 (-2496 5356 0 ) (-2496 5352 0 ) (-2496 5352 16 ) (-2496 5356 16 ) 
4 39 46 (-2496 5452 0 ) (-2496 5404 0 ) (-2496 5404 16 ) (-2496 5452 16 ) 
4 39 45 (-2496 5456 16 ) (-2496 5456 0 ) (-2496 5452 0 ) (-2496 5452 16 ) 
4 39 43 (-2496 5456 32 ) (-2496 5456 16 ) (-2496 5352 16 ) (-2496 5352 32 ) 
4 39 40 (-2496 5328 32 ) (-2496 5328 0 ) (-2208 5328 0 ) (-2336 5328 32 ) 
4 40 87 (-2496 5296 0 ) (-2496 5328 0 ) (-2208 5328 0 ) (-2208 5296 0 ) 
4 41 88 (-2496 5200 0 ) (-2496 5232 0 ) (-2208 5232 0 ) (-2208 5200 0 ) 
4 41 42 (-2496 5200 32 ) (-2496 5200 0 ) (-2208 5200 0 ) (-2336 5200 32 ) 
4 42 126 (-2336 5120 32 ) (-2496 5120 32 ) (-2496 5120 0 ) (-2208 5120 0 ) 
4 42 89 (-2208 5120 0 ) (-2496 5120 0 ) (-2496 5200 0 ) (-2208 5200 0 ) 
4 42 61 (-2496 5124 0 ) (-2496 5120 0 ) (-2496 5120 16 ) (-2496 5124 16 ) 
4 42 60 (-2496 5128 0 ) (-2496 5124 0 ) (-2496 5124 16 ) (-2496 5128 16 ) 
4 42 57 (-2496 5172 0 ) (-2496 5128 0 ) (-2496 5128 16 ) (-2496 5172 16 ) 
4 42 56 (-2496 5176 0 ) (-2496 5172 0 ) (-2496 5172 16 ) (-2496 5176 16 ) 
4 42 54 (-2496 5120 16 ) (-2496 5120 32 ) (-2496 5176 32 ) (-2496 5176 16 ) 
4 43 50 (-2524 5356 16 ) (-2524 5400 16 ) (-2496 5400 16 ) (-2496 5356 16 ) 
4 43 49 (-2524 5400 16 ) (-2524 5404 16 ) (-2496 5404 16 ) (-2496 5400 16 ) 
4 43 53 (-2496 5352 16 ) (-2524 5352 16 ) (-2524 5356 16 ) (-2496 5356 16 ) 
4 43 46 (-2524 5404 16 ) (-2524 5452 16 ) (-2496 5452 16 ) (-2496 5404 16 ) 
4 43 45 (-2524 5452 16 ) (-2524 5456 16 ) (-2496 5456 16 ) (-2496 5452 16 ) 
4 43 44 (-2524 5456 20 ) (-2524 5456 16 ) (-2524 5352 16 ) (-2524 5352 20 ) 
4 44 64 (-2528 5352 16 ) (-2528 5352 20 ) (-2528 5456 20 ) (-2528 5456 16 ) 
4 44 51 (-2527 5400 16 ) (-2525 5400 16 ) (-2525 5356 16 ) (-2527 5356 16 ) 
4 44 50 (-2525 5400 16 ) (-2524 5400 16 ) (-2524 5356 16 ) (-2525 5356 16 ) 
4 44 52 (-2528 5356 16 ) (-2528 5400 16 ) (-2527 5400 16 ) (-2527 5356 16 ) 
4 44 49 (-2528 5400 16 ) (-2528 5404 16 ) (-2524 5404 16 ) (-2524 5400 16 ) 
4 44 53 (-2524 5352 16 ) (-2528 5352 16 ) (-2528 5356 16 ) (-2524 5356 16 ) 
4 44 47 (-2527 5452 16 ) (-2525 5452 16 ) (-2525 5404 16 ) (-2527 5404 16 ) 
4 44 46 (-2525 5452 16 ) (-2524 5452 16 ) (-2524 5404 16 ) (-2525 5404 16 ) 
4 44 48 (-2528 5404 16 ) (-2528 5452 16 ) (-2527 5452 16 ) (-2527 5404 16 ) 
4 44 45 (-2528 5452 16 ) (-2528 5456 16 ) (-2524 5456 16 ) (-2524 5452 16 ) 
4 45 69 (-2528 5452 0 ) (-2528 5456 0 ) (-2496 5456 0 ) (-2496 5452 0 ) 
4 45 64 (-2528 5456 0 ) (-2528 5452 0 ) (-2528 5452 16 ) (-2528 5456 16 ) 
4 45 47 (-2525 5452 16 ) (-2527 5452 16 ) (-2527 5452 0 ) (-2525 5452 0 ) 
4 45 46 (-2496 5452 0 ) (-2496 5452 16 ) (-2525 5452 16 ) (-2525 5452 0 ) 
4 45 48 (-2527 5452 16 ) (-2528 5452 16 ) (-2528 5452 0 ) (-2527 5452 0 ) 
4 46 70 (-2525 5452 0 ) (-2496 5452 0 ) (-2496 5404 0 ) (-2525 5404 0 ) 
4 46 49 (-2496 5404 0 ) (-2496 5404 16 ) (-2525 5404 16 ) (-2525 5404 0 ) 
4 46 47 (-2525 5452 16 ) (-2525 5452 0 ) (-2525 5404 0 ) (-2525 5404 16 ) 
4 47 71 (-2527 5452 0 ) (-2525 5452 0 ) (-2525 5404 0 ) (-2527 5404 0 ) 
4 47 49 (-2525 5404 16 ) (-2527 5404 16 ) (-2527 5404 0 ) (-2525 5404 0 ) 
4 47 48 (-2527 5452 16 ) (-2527 5452 0 ) (-2527 5404 0 ) (-2527 5404 16 ) 
4 48 72 (-2528 5404 0 ) (-2528 5452 0 ) (-2527 5452 0 ) (-2527 5404 0 ) 
4 48 64 (-2528 5452 0 ) (-2528 5404 0 ) (-2528 5404 16 ) (-2528 5452 16 ) 
4 48 49 (-2527 5404 16 ) (-2528 5404 16 ) (-2528 5404 0 ) (-2527 5404 0 ) 
4 49 73 (-2528 5400 0 ) (-2528 5404 0 ) (-2496 5404 0 ) (-2496 5400 0 ) 
4 49 64 (-2528 5404 0 ) (-2528 5400 0 ) (-2528 5400 16 ) (-2528 5404 16 ) 
4 49 51 (-2525 5400 16 ) (-2527 5400 16 ) (-2527 5400 0 ) (-2525 5400 0 ) 
4 49 50 (-2496 5400 0 ) (-2496 5400 16 ) (-2525 5400 16 ) (-2525 5400 0 ) 
4 49 52 (-2527 5400 16 ) (-2528 5400 16 ) (-2528 5400 0 ) (-2527 5400 0 ) 
4 50 74 (-2525 5400 0 ) (-2496 5400 0 ) (-2496 5356 0 ) (-2525 5356 0 ) 
4 50 53 (-2496 5356 0 ) (-2496 5356 16 ) (-2525 5356 16 ) (-2525 5356 0 ) 
4 50 51 (-2525 5400 16 ) (-2525 5400 0 ) (-2525 5356 0 ) (-2525 5356 16 ) 
4 51 75 (-2527 5400 0 ) (-2525 5400 0 ) (-2525 5356 0 ) (-2527 5356 0 ) 
4 51 52 (-2527 5400 16 ) (-2527 5400 0 ) (-2527 5356 0 ) (-2527 5356 16 ) 
4 51 53 (-2525 5356 16 ) (-2527 5356 16 ) (-2527 5356 0 ) (-2525 5356 0 ) 
4 52 76 (-2528 5356 0 ) (-2528 5400 0 ) (-2527 5400 0 ) (-2527 5356 0 ) 
4 52 64 (-2528 5400 0 ) (-2528 5356 0 ) (-2528 5356 16 ) (-2528 5400 16 ) 
4 52 53 (-2527 5356 16 ) (-2528 5356 16 ) (-2528 5356 0 ) (-2527 5356 0 ) 
4 53 77 (-2528 5352 0 ) (-2528 5356 0 ) (-2496 5356 0 ) (-2496 5352 0 ) 
4 53 64 (-2528 5356 0 ) (-2528 5352 0 ) (-2528 5352 16 ) (-2528 5356 16 ) 
4 54 126 (-2496 5120 32 ) (-2524 5120 32 ) (-2524 5120 16 ) (-2496 5120 16 ) 
4 54 61 (-2496 5124 16 ) (-2496 5120 16 ) (-2524 5120 16 ) (-2524 5124 16 ) 
4 54 60 (-2496 5128 16 ) (-2496 5124 16 ) (-2524 5124 16 ) (-2524 5128 16 ) 
4 54 57 (-2496 5172 16 ) (-2496 5128 16 ) (-2524 5128 16 ) (-2524 5172 16 ) 
4 54 56 (-2524 5176 16 ) (-2496 5176 16 ) (-2496 5172 16 ) (-2524 5172 16 ) 
4 54 55 (-2524 5176 20 ) (-2524 5176 16 ) (-2524 5120 16 ) (-2524 5120 20 ) 
4 55 127 (-2528 5120 20 ) (-2528 5120 16 ) (-2524 5120 16 ) (-2524 5120 20 ) 
4 55 64 (-2528 5120 16 ) (-2528 5120 20 ) (-2528 5176 20 ) (-2528 5176 16 ) 
4 55 62 (-2527 5124 16 ) (-2525 5124 16 ) (-2525 5120 16 ) (-2527 5120 16 ) 
4 55 61 (-2525 5124 16 ) (-2524 5124 16 ) (-2524 5120 16 ) (-2525 5120 16 ) 
4 55 63 (-2528 5120 16 ) (-2528 5124 16 ) (-2527 5124 16 ) (-2527 5120 16 ) 
4 55 60 (-2528 5124 16 ) (-2528 5128 16 ) (-2524 5128 16 ) (-2524 5124 16 ) 
4 55 58 (-2527 5172 16 ) (-2525 5172 16 ) (-2525 5128 16 ) (-2527 5128 16 ) 
4 55 57 (-2525 5172 16 ) (-2524 5172 16 ) (-2524 5128 16 ) (-2525 5128 16 ) 
4 55 59 (-2528 5128 16 ) (-2528 5172 16 ) (-2527 5172 16 ) (-2527 5128 16 ) 
4 55 56 (-2528 5172 16 ) (-2528 5176 16 ) (-2524 5176 16 ) (-2524 5172 16 ) 
4 56 91 (-2528 5172 0 ) (-2528 5176 0 ) (-2496 5176 0 ) (-2496 5172 0 ) 
4 56 64 (-2528 5176 0 ) (-2528 5172 0 ) (-2528 5172 16 ) (-2528 5176 16 ) 
4 56 58 (-2525 5172 16 ) (-2527 5172 16 ) (-2527 5172 0 ) (-2525 5172 0 ) 
4 56 57 (-2496 5172 0 ) (-2496 5172 16 ) (-2525 5172 16 ) (-2525 5172 0 ) 
4 56 59 (-2527 5172 16 ) (-2528 5172 16 ) (-2528 5172 0 ) (-2527 5172 0 ) 
4 57 92 (-2525 5172 0 ) (-2496 5172 0 ) (-2496 5128 0 ) (-2525 5128 0 ) 
4 57 60 (-2496 5128 0 ) (-2496 5128 16 ) (-2525 5128 16 ) (-2525 5128 0 ) 
4 57 58 (-2525 5172 16 ) (-2525 5172 0 ) (-2525 5128 0 ) (-2525 5128 16 ) 
4 58 93 (-2527 5172 0 ) (-2525 5172 0 ) (-2525 5128 0 ) (-2527 5128 0 ) 
4 58 60 (-2525 5128 16 ) (-2527 5128 16 ) (-2527 5128 0 ) (-2525 5128 0 ) 
4 58 59 (-2527 5172 16 ) (-2527 5172 0 ) (-2527 5128 0 ) (-2527 5128 16 ) 
4 59 94 (-2528 5128 0 ) (-2528 5172 0 ) (-2527 5172 0 ) (-2527 5128 0 ) 
4 59 64 (-2528 5172 0 ) (-2528 5128 0 ) (-2528 5128 16 ) (-2528 5172 16 ) 
4 59 60 (-2527 5128 16 ) (-2528 5128 16 ) (-2528 5128 0 ) (-2527 5128 0 ) 
4 60 95 (-2528 5124 0 ) (-2528 5128 0 ) (-2496 5128 0 ) (-2496 5124 0 ) 
4 60 64 (-2528 5128 0 ) (-2528 5124 0 ) (-2528 5124 16 ) (-2528 5128 16 ) 
4 60 62 (-2525 5124 16 ) (-2527 5124 16 ) (-2527 5124 0 ) (-2525 5124 0 ) 
4 60 61 (-2496 5124 0 ) (-2496 5124 16 ) (-2525 5124 16 ) (-2525 5124 0 ) 
4 60 63 (-2527 5124 16 ) (-2528 5124 16 ) (-2528 5124 0 ) (-2527 5124 0 ) 
4 61 128 (-2525 5120 0 ) (-2524 5120 0 ) (-2524 5120 16 ) (-2525 5120 16 ) 
4 61 126 (-2524 5120 0 ) (-2496 5120 0 ) (-2496 5120 16 ) (-2524 5120 16 ) 
4 61 96 (-2496 5120 0 ) (-2525 5120 0 ) (-2525 5124 0 ) (-2496 5124 0 ) 
4 61 62 (-2525 5124 16 ) (-2525 5124 0 ) (-2525 5120 0 ) (-2525 5120 16 ) 
4 62 129 (-2527 5120 0 ) (-2525 5120 0 ) (-2525 5120 16 ) (-2527 5120 16 ) 
4 62 97 (-2525 5120 0 ) (-2527 5120 0 ) (-2527 5124 0 ) (-2525 5124 0 ) 
4 62 63 (-2527 5124 16 ) (-2527 5124 0 ) (-2527 5120 0 ) (-2527 5120 16 ) 
4 63 130 (-2528 5120 16 ) (-2528 5120 0 ) (-2527 5120 0 ) (-2527 5120 16 ) 
4 63 98 (-2527 5120 0 ) (-2528 5120 0 ) (-2528 5124 0 ) (-2527 5124 0 ) 
4 63 64 (-2528 5124 0 ) (-2528 5120 0 ) (-2528 5120 16 ) (-2528 5124 16 ) 
4 64 132 (-2528 5120 32 ) (-2592 5120 32 ) (-2592 5120 0 ) (-2528 5120 0 ) 
4 64 107 (-2528 5120 0 ) (-2592 5120 0 ) (-2592 5456 0 ) (-2528 5456 0 ) 
4 64 65 (-2592 5456 0 ) (-2592 5120 0 ) (-2592 5120 32 ) (-2592 5456 32 ) 
4 65 132 (-2592 5120 32 ) (-2784 5120 32 ) (-2784 5120 0 ) (-2592 5120 0 ) 
5 65 106 (-2784 5456 0 ) (-2784 5584 0 ) (-2656 5584 0 ) (-2592 5520 0 ) (-2592 5456 0 ) 
4 65 107 (-2592 5120 0 ) (-2784 5120 0 ) (-2784 5456 0 ) (-2592 5456 0 ) 
4 66 68 (-2208 5456 -124 ) (-2208 5456 0 ) (-2336 5456 0 ) (-2336 5456 -124 ) 
4 66 67 (-2336 5488 -128 ) (-2336 5456 -128 ) (-2336 5456 0 ) (-2336 5488 0 ) 
4 67 85 (-2496 5456 -128 ) (-2336 5456 -128 ) (-2336 5456 -124 ) (-2496 5456 -124 ) 
4 67 68 (-2336 5456 -124 ) (-2336 5456 0 ) (-2496 5456 0 ) (-2496 5456 -124 ) 
4 68 87 (-2496 5328 -124 ) (-2208 5328 -124 ) (-2208 5328 0 ) (-2496 5328 0 ) 
4 68 85 (-2336 5328 -124 ) (-2496 5328 -124 ) (-2496 5456 -124 ) (-2336 5456 -124 ) 
4 68 80 (-2496 5356 -80 ) (-2496 5356 -20 ) (-2496 5400 -20 ) (-2496 5400 -80 ) 
4 68 79 (-2496 5356 -20 ) (-2496 5356 -16 ) (-2496 5400 -16 ) (-2496 5400 -20 ) 
4 68 83 (-2496 5400 -124 ) (-2496 5356 -124 ) (-2496 5356 -80 ) (-2496 5400 -80 ) 
4 68 78 (-2496 5456 -16 ) (-2496 5456 -124 ) (-2496 5400 -124 ) (-2496 5400 -16 ) 
4 68 84 (-2496 5356 -124 ) (-2496 5352 -124 ) (-2496 5352 -16 ) (-2496 5356 -16 ) 
4 68 74 (-2496 5400 -16 ) (-2496 5356 -16 ) (-2496 5356 0 ) (-2496 5400 0 ) 
4 68 77 (-2496 5356 -16 ) (-2496 5352 -16 ) (-2496 5352 0 ) (-2496 5356 0 ) 
4 68 70 (-2496 5452 -16 ) (-2496 5404 -16 ) (-2496 5404 0 ) (-2496 5452 0 ) 
4 68 69 (-2496 5456 0 ) (-2496 5456 -16 ) (-2496 5452 -16 ) (-2496 5452 0 ) 
4 68 73 (-2496 5404 -16 ) (-2496 5400 -16 ) (-2496 5400 0 ) (-2496 5404 0 ) 
4 69 107 (-2528 5452 0 ) (-2528 5456 0 ) (-2528 5456 -16 ) (-2528 5452 -16 ) 
4 69 78 (-2528 5452 -16 ) (-2528 5456 -16 ) (-2496 5456 -16 ) (-2496 5452 -16 ) 
4 69 71 (-2527 5452 -16 ) (-2525 5452 -16 ) (-2525 5452 0 ) (-2527 5452 0 ) 
4 69 70 (-2525 5452 -16 ) (-2496 5452 -16 ) (-2496 5452 0 ) (-2525 5452 0 ) 
4 69 72 (-2528 5452 0 ) (-2528 5452 -16 ) (-2527 5452 -16 ) (-2527 5452 0 ) 
4 70 78 (-2525 5452 -16 ) (-2496 5452 -16 ) (-2496 5404 -16 ) (-2525 5404 -16 ) 
4 70 73 (-2525 5404 -16 ) (-2496 5404 -16 ) (-2496 5404 0 ) (-2525 5404 0 ) 
4 70 71 (-2525 5452 0 ) (-2525 5452 -16 ) (-2525 5404 -16 ) (-2525 5404 0 ) 
4 71 78 (-2527 5452 -16 ) (-2525 5452 -16 ) (-2525 5404 -16 ) (-2527 5404 -16 ) 
4 71 72 (-2527 5452 0 ) (-2527 5452 -16 ) (-2527 5404 -16 ) (-2527 5404 0 ) 
4 71 73 (-2527 5404 -16 ) (-2525 5404 -16 ) (-2525 5404 0 ) (-2527 5404 0 ) 
4 72 107 (-2528 5404 0 ) (-2528 5452 0 ) (-2528 5452 -16 ) (-2528 5404 -16 ) 
4 72 78 (-2528 5404 -16 ) (-2528 5452 -16 ) (-2527 5452 -16 ) (-2527 5404 -16 ) 
4 72 73 (-2528 5404 0 ) (-2528 5404 -16 ) (-2527 5404 -16 ) (-2527 5404 0 ) 
4 73 107 (-2528 5400 0 ) (-2528 5404 0 ) (-2528 5404 -16 ) (-2528 5400 -16 ) 
4 73 78 (-2528 5400 -16 ) (-2528 5404 -16 ) (-2496 5404 -16 ) (-2496 5400 -16 ) 
4 73 75 (-2527 5400 -16 ) (-2525 5400 -16 ) (-2525 5400 0 ) (-2527 5400 0 ) 
4 73 74 (-2525 5400 -16 ) (-2496 5400 -16 ) (-2496 5400 0 ) (-2525 5400 0 ) 
4 73 76 (-2528 5400 0 ) (-2528 5400 -16 ) (-2527 5400 -16 ) (-2527 5400 0 ) 
4 74 79 (-2525 5400 -16 ) (-2496 5400 -16 ) (-2496 5356 -16 ) (-2525 5356 -16 ) 
4 74 77 (-2525 5356 -16 ) (-2496 5356 -16 ) (-2496 5356 0 ) (-2525 5356 0 ) 
4 74 75 (-2525 5400 0 ) (-2525 5400 -16 ) (-2525 5356 -16 ) (-2525 5356 0 ) 
4 75 79 (-2527 5400 -16 ) (-2525 5400 -16 ) (-2525 5356 -16 ) (-2527 5356 -16 ) 
4 75 76 (-2527 5400 0 ) (-2527 5400 -16 ) (-2527 5356 -16 ) (-2527 5356 0 ) 
4 75 77 (-2527 5356 -16 ) (-2525 5356 -16 ) (-2525 5356 0 ) (-2527 5356 0 ) 
4 76 107 (-2528 5356 0 ) (-2528 5400 0 ) (-2528 5400 -16 ) (-2528 5356 -16 ) 
4 76 79 (-2528 5356 -16 ) (-2528 5400 -16 ) (-2527 5400 -16 ) (-2527 5356 -16 ) 
4 76 77 (-2528 5356 0 ) (-2528 5356 -16 ) (-2527 5356 -16 ) (-2527 5356 0 ) 
4 77 107 (-2528 5352 0 ) (-2528 5356 0 ) (-2528 5356 -16 ) (-2528 5352 -16 ) 
4 77 84 (-2496 5352 -16 ) (-2528 5352 -16 ) (-2528 5356 -16 ) (-2496 5356 -16 ) 
4 78 107 (-2528 5456 -16 ) (-2528 5456 -124 ) (-2528 5400 -124 ) (-2528 5400 -16 ) 
4 78 86 (-2528 5400 -124 ) (-2528 5456 -124 ) (-2496 5456 -124 ) (-2496 5400 -124 ) 
4 78 81 (-2525 5400 -20 ) (-2527 5400 -20 ) (-2527 5400 -80 ) (-2525 5400 -80 ) 
4 78 80 (-2496 5400 -80 ) (-2496 5400 -20 ) (-2525 5400 -20 ) (-2525 5400 -80 ) 
4 78 82 (-2527 5400 -20 ) (-2528 5400 -20 ) (-2528 5400 -80 ) (-2527 5400 -80 ) 
4 78 79 (-2496 5400 -20 ) (-2496 5400 -16 ) (-2528 5400 -16 ) (-2528 5400 -20 ) 
4 78 83 (-2528 5400 -124 ) (-2496 5400 -124 ) (-2496 5400 -80 ) (-2528 5400 -80 ) 
4 79 107 (-2528 5356 -20 ) (-2528 5356 -16 ) (-2528 5400 -16 ) (-2528 5400 -20 ) 
4 79 81 (-2525 5356 -20 ) (-2527 5356 -20 ) (-2527 5400 -20 ) (-2525 5400 -20 ) 
4 79 80 (-2496 5356 -20 ) (-2525 5356 -20 ) (-2525 5400 -20 ) (-2496 5400 -20 ) 
4 79 82 (-2527 5356 -20 ) (-2528 5356 -20 ) (-2528 5400 -20 ) (-2527 5400 -20 ) 
4 79 84 (-2496 5356 -20 ) (-2496 5356 -16 ) (-2528 5356 -16 ) (-2528 5356 -20 ) 
4 80 83 (-2496 5356 -80 ) (-2525 5356 -80 ) (-2525 5400 -80 ) (-2496 5400 -80 ) 
4 80 84 (-2496 5356 -80 ) (-2496 5356 -20 ) (-2525 5356 -20 ) (-2525 5356 -80 ) 
4 80 81 (-2525 5400 -80 ) (-2525 5356 -80 ) (-2525 5356 -20 ) (-2525 5400 -20 ) 
4 81 82 (-2527 5400 -80 ) (-2527 5356 -80 ) (-2527 5356 -20 ) (-2527 5400 -20 ) 
4 81 83 (-2525 5356 -80 ) (-2527 5356 -80 ) (-2527 5400 -80 ) (-2525 5400 -80 ) 
4 81 84 (-2525 5356 -20 ) (-2527 5356 -20 ) (-2527 5356 -80 ) (-2525 5356 -80 ) 
4 82 107 (-2528 5356 -80 ) (-2528 5356 -20 ) (-2528 5400 -20 ) (-2528 5400 -80 ) 
4 82 84 (-2527 5356 -20 ) (-2528 5356 -20 ) (-2528 5356 -80 ) (-2527 5356 -80 ) 
4 82 83 (-2527 5356 -80 ) (-2528 5356 -80 ) (-2528 5400 -80 ) (-2527 5400 -80 ) 
4 83 107 (-2528 5400 -124 ) (-2528 5356 -124 ) (-2528 5356 -80 ) (-2528 5400 -80 ) 
4 83 86 (-2528 5356 -124 ) (-2528 5400 -124 ) (-2496 5400 -124 ) (-2496 5356 -124 ) 
4 83 84 (-2528 5356 -124 ) (-2496 5356 -124 ) (-2496 5356 -80 ) (-2528 5356 -80 ) 
4 84 107 (-2528 5356 -124 ) (-2528 5352 -124 ) (-2528 5352 -16 ) (-2528 5356 -16 ) 
4 84 86 (-2528 5352 -124 ) (-2528 5356 -124 ) (-2496 5356 -124 ) (-2496 5352 -124 ) 
4 85 87 (-2496 5328 -128 ) (-2336 5328 -128 ) (-2336 5328 -124 ) (-2496 5328 -124 ) 
4 85 86 (-2496 5352 -124 ) (-2496 5456 -124 ) (-2496 5456 -128 ) (-2496 5352 -128 ) 
4 86 107 (-2528 5456 -128 ) (-2528 5352 -128 ) (-2528 5352 -124 ) (-2528 5456 -124 ) 
4 88 90 (-2496 5200 -124 ) (-2496 5200 -128 ) (-2336 5200 -128 ) (-2336 5200 -124 ) 
4 88 89 (-2496 5200 0 ) (-2496 5200 -124 ) (-2208 5200 -124 ) (-2208 5200 0 ) 
4 89 137 (-2083.325195 5120 0 ) (-2496 5120 0 ) (-2496 5120 -16 ) (-2083.325195 5120 -16 ) 
4 89 140 (-2496 5120 -16 ) (-2496 5120 -124 ) (-2083.325195 5120 -124 ) (-2083.325195 5120 -16 ) 
4 89 101 (-2496 5172 -20 ) (-2496 5172 -80 ) (-2496 5128 -80 ) (-2496 5128 -20 ) 
4 89 100 (-2496 5128 -16 ) (-2496 5172 -16 ) (-2496 5172 -20 ) (-2496 5128 -20 ) 
4 89 104 (-2496 5172 -80 ) (-2496 5172 -124 ) (-2496 5128 -124 ) (-2496 5128 -80 ) 
4 89 99 (-2496 5172 -16 ) (-2496 5176 -16 ) (-2496 5176 -124 ) (-2496 5172 -124 ) 
4 89 105 (-2496 5120 -124 ) (-2496 5120 -16 ) (-2496 5128 -16 ) (-2496 5128 -124 ) 
4 89 96 (-2496 5120 -16 ) (-2496 5120 0 ) (-2496 5124 0 ) (-2496 5124 -16 ) 
4 89 95 (-2496 5124 0 ) (-2496 5128 0 ) (-2496 5128 -16 ) (-2496 5124 -16 ) 
4 89 92 (-2496 5128 0 ) (-2496 5172 0 ) (-2496 5172 -16 ) (-2496 5128 -16 ) 
4 89 91 (-2496 5172 0 ) (-2496 5176 0 ) (-2496 5176 -16 ) (-2496 5172 -16 ) 
4 89 90 (-2336 5120 -124 ) (-2496 5120 -124 ) (-2496 5200 -124 ) (-2336 5200 -124 ) 
4 90 142 (-2336 5120 -124 ) (-2496 5120 -124 ) (-2496 5120 -128 ) (-2336 5120 -128 ) 
4 90 104 (-2496 5172 -128 ) (-2496 5128 -128 ) (-2496 5128 -124 ) (-2496 5172 -124 ) 
4 90 99 (-2496 5176 -128 ) (-2496 5172 -128 ) (-2496 5172 -124 ) (-2496 5176 -124 ) 
4 90 105 (-2496 5128 -128 ) (-2496 5120 -128 ) (-2496 5120 -124 ) (-2496 5128 -124 ) 
4 91 107 (-2528 5172 0 ) (-2528 5176 0 ) (-2528 5176 -16 ) (-2528 5172 -16 ) 
4 91 99 (-2528 5172 -16 ) (-2528 5176 -16 ) (-2496 5176 -16 ) (-2496 5172 -16 ) 
4 91 93 (-2527 5172 -16 ) (-2525 5172 -16 ) (-2525 5172 0 ) (-2527 5172 0 ) 
4 91 92 (-2525 5172 -16 ) (-2496 5172 -16 ) (-2496 5172 0 ) (-2525 5172 0 ) 
4 91 94 (-2528 5172 0 ) (-2528 5172 -16 ) (-2527 5172 -16 ) (-2527 5172 0 ) 
4 92 100 (-2525 5172 -16 ) (-2496 5172 -16 ) (-2496 5128 -16 ) (-2525 5128 -16 ) 
4 92 95 (-2525 5128 -16 ) (-2496 5128 -16 ) (-2496 5128 0 ) (-2525 5128 0 ) 
4 92 93 (-2525 5172 0 ) (-2525 5172 -16 ) (-2525 5128 -16 ) (-2525 5128 0 ) 
4 93 100 (-2527 5172 -16 ) (-2525 5172 -16 ) (-2525 5128 -16 ) (-2527 5128 -16 ) 
4 93 95 (-2527 5128 -16 ) (-2525 5128 -16 ) (-2525 5128 0 ) (-2527 5128 0 ) 
4 93 94 (-2527 5172 0 ) (-2527 5172 -16 ) (-2527 5128 -16 ) (-2527 5128 0 ) 
4 94 107 (-2528 5128 0 ) (-2528 5172 0 ) (-2528 5172 -16 ) (-2528 5128 -16 ) 
4 94 100 (-2528 5128 -16 ) (-2528 5172 -16 ) (-2527 5172 -16 ) (-2527 5128 -16 ) 
4 94 95 (-2528 5128 0 ) (-2528 5128 -16 ) (-2527 5128 -16 ) (-2527 5128 0 ) 
4 95 107 (-2528 5124 0 ) (-2528 5128 0 ) (-2528 5128 -16 ) (-2528 5124 -16 ) 
4 95 105 (-2528 5124 -16 ) (-2528 5128 -16 ) (-2496 5128 -16 ) (-2496 5124 -16 ) 
4 95 97 (-2527 5124 -16 ) (-2525 5124 -16 ) (-2525 5124 0 ) (-2527 5124 0 ) 
4 95 96 (-2525 5124 -16 ) (-2496 5124 -16 ) (-2496 5124 0 ) (-2525 5124 0 ) 
4 95 98 (-2528 5124 0 ) (-2528 5124 -16 ) (-2527 5124 -16 ) (-2527 5124 0 ) 
4 96 137 (-2496 5120 0 ) (-2525 5120 0 ) (-2525 5120 -16 ) (-2496 5120 -16 ) 
4 96 105 (-2525 5124 -16 ) (-2496 5124 -16 ) (-2496 5120 -16 ) (-2525 5120 -16 ) 
4 96 97 (-2525 5124 0 ) (-2525 5124 -16 ) (-2525 5120 -16 ) (-2525 5120 0 ) 
4 97 138 (-2525 5120 0 ) (-2527 5120 0 ) (-2527 5120 -16 ) (-2525 5120 -16 ) 
4 97 105 (-2527 5124 -16 ) (-2525 5124 -16 ) (-2525 5120 -16 ) (-2527 5120 -16 ) 
4 97 98 (-2527 5124 0 ) (-2527 5124 -16 ) (-2527 5120 -16 ) (-2527 5120 0 ) 
4 98 139 (-2527 5120 0 ) (-2528 5120 0 ) (-2528 5120 -16 ) (-2527 5120 -16 ) 
4 98 107 (-2528 5120 -16 ) (-2528 5120 0 ) (-2528 5124 0 ) (-2528 5124 -16 ) 
4 98 105 (-2528 5120 -16 ) (-2528 5124 -16 ) (-2527 5124 -16 ) (-2527 5120 -16 ) 
4 99 107 (-2528 5176 -128 ) (-2528 5172 -128 ) (-2528 5172 -16 ) (-2528 5176 -16 ) 
4 99 102 (-2525 5172 -20 ) (-2527 5172 -20 ) (-2527 5172 -80 ) (-2525 5172 -80 ) 
4 99 101 (-2496 5172 -80 ) (-2496 5172 -20 ) (-2525 5172 -20 ) (-2525 5172 -80 ) 
4 99 103 (-2527 5172 -20 ) (-2528 5172 -20 ) (-2528 5172 -80 ) (-2527 5172 -80 ) 
4 99 100 (-2496 5172 -20 ) (-2496 5172 -16 ) (-2528 5172 -16 ) (-2528 5172 -20 ) 
4 99 104 (-2496 5172 -128 ) (-2496 5172 -80 ) (-2528 5172 -80 ) (-2528 5172 -128 ) 
4 100 107 (-2528 5128 -20 ) (-2528 5128 -16 ) (-2528 5172 -16 ) (-2528 5172 -20 ) 
4 100 102 (-2525 5128 -20 ) (-2527 5128 -20 ) (-2527 5172 -20 ) (-2525 5172 -20 ) 
4 100 101 (-2496 5128 -20 ) (-2525 5128 -20 ) (-2525 5172 -20 ) (-2496 5172 -20 ) 
4 100 103 (-2527 5128 -20 ) (-2528 5128 -20 ) (-2528 5172 -20 ) (-2527 5172 -20 ) 
4 100 105 (-2496 5128 -20 ) (-2496 5128 -16 ) (-2528 5128 -16 ) (-2528 5128 -20 ) 
4 101 104 (-2496 5128 -80 ) (-2525 5128 -80 ) (-2525 5172 -80 ) (-2496 5172 -80 ) 
4 101 105 (-2496 5128 -80 ) (-2496 5128 -20 ) (-2525 5128 -20 ) (-2525 5128 -80 ) 
4 101 102 (-2525 5172 -80 ) (-2525 5128 -80 ) (-2525 5128 -20 ) (-2525 5172 -20 ) 
4 102 103 (-2527 5172 -80 ) (-2527 5128 -80 ) (-2527 5128 -20 ) (-2527 5172 -20 ) 
4 102 104 (-2525 5128 -80 ) (-2527 5128 -80 ) (-2527 5172 -80 ) (-2525 5172 -80 ) 
4 102 105 (-2525 5128 -20 ) (-2527 5128 -20 ) (-2527 5128 -80 ) (-2525 5128 -80 ) 
4 103 107 (-2528 5128 -80 ) (-2528 5128 -20 ) (-2528 5172 -20 ) (-2528 5172 -80 ) 
4 103 105 (-2527 5128 -20 ) (-2528 5128 -20 ) (-2528 5128 -80 ) (-2527 5128 -80 ) 
4 103 104 (-2527 5128 -80 ) (-2528 5128 -80 ) (-2528 5172 -80 ) (-2527 5172 -80 ) 
4 104 107 (-2528 5172 -128 ) (-2528 5128 -128 ) (-2528 5128 -80 ) (-2528 5172 -80 ) 
4 104 105 (-2496 5128 -128 ) (-2496 5128 -80 ) (-2528 5128 -80 ) (-2528 5128 -128 ) 
4 105 142 (-2528 5120 -124 ) (-2528 5120 -128 ) (-2496 5120 -128 ) (-2496 5120 -124 ) 
4 105 140 (-2528 5120 -16 ) (-2528 5120 -124 ) (-2496 5120 -124 ) (-2496 5120 -16 ) 
4 105 107 (-2528 5128 -128 ) (-2528 5120 -128 ) (-2528 5120 -16 ) (-2528 5128 -16 ) 
4 106 107 (-2784 5456 0 ) (-2784 5456 -128 ) (-2592 5456 -128 ) (-2592 5456 0 ) 
4 107 142 (-2784 5120 -124 ) (-2784 5120 -128 ) (-2528 5120 -128 ) (-2528 5120 -124 ) 
4 107 139 (-2528 5120 0 ) (-2784 5120 0 ) (-2784 5120 -16 ) (-2528 5120 -16 ) 
4 107 140 (-2784 5120 -16 ) (-2784 5120 -124 ) (-2528 5120 -124 ) (-2528 5120 -16 ) 
4 108 110 (-2148.080078 5635 -512 ) (-2048 5635 -512 ) (-2048 5635 -384 ) (-2148.080078 5635 -384 ) 
3 109 493 (-3072 5635 -384 ) (-3072 5699 -384 ) (-3072 5699 -448 ) 
4 109 492 (-3072 5699 -512 ) (-3072 5635 -512 ) (-3072 5635 -384 ) (-3072 5699 -448 ) 
4 109 446 (-3072 5731 -512 ) (-3072 5699 -512 ) (-3072 5699 -384 ) (-3072 5731 -384 ) 
4 109 118 (-3072 5635 -512 ) (-2597 5635 -512 ) (-2597 5635 -384 ) (-3072 5635 -384 ) 
4 110 111 (-2048 5571 -384 ) (-2180.080078 5571 -384 ) (-2180.080078 5571 -512 ) (-2048 5571 -512 ) 
4 111 112 (-2048 5379 -384 ) (-2148.080078 5379 -384 ) (-2148.080078 5379 -512 ) (-2048 5379 -512 ) 
4 112 121 (-2148.080078 5315 -512 ) (-2048 5315 -512 ) (-2048 5315 -384 ) (-2148.080078 5315 -384 ) 
4 113 115 (-2368.080078 5319 -512 ) (-2312.080078 5319 -512 ) (-2312.080078 5319 -400 ) (-2368.080078 5319 -400 ) 
4 114 116 (-2496.080078 5319 -512 ) (-2440.080078 5319 -512 ) (-2440.080078 5319 -400 ) (-2496.080078 5319 -400 ) 
4 115 122 (-2368.080078 5315 -512 ) (-2312.080078 5315 -512 ) (-2312.080078 5315 -400 ) (-2368.080078 5315 -400 ) 
4 116 122 (-2496.080078 5315 -512 ) (-2440.080078 5315 -512 ) (-2440.080078 5315 -400 ) (-2496.080078 5315 -400 ) 
3 117 492 (-3072 5571 -320 ) (-3072 5635 -384 ) (-3072 5571 -384 ) 
4 117 119 (-2596.080078 5571 -320 ) (-3072 5571 -320 ) (-3072 5571 -384 ) (-2596.080078 5571 -384 ) 
4 117 118 (-2597 5571 -384 ) (-3072 5571 -384 ) (-3072 5635 -384 ) (-2597 5635 -384 ) 
4 118 492 (-3072 5635 -384 ) (-3072 5635 -512 ) (-3072 5571 -512 ) (-3072 5571 -384 ) 
4 118 120 (-3072 5571 -512 ) (-2597 5571 -512 ) (-2597 5571 -384 ) (-3072 5571 -384 ) 
4 119 492 (-3072 5379.009766 -320 ) (-3072 5571 -320 ) (-3072 5571 -384 ) (-3072 5315 -384 ) 
4 119 120 (-3072 5571 -384 ) (-2597 5571 -384 ) (-2597 5315 -384 ) (-3072 5315 -384 ) 
4 120 492 (-3072 5571 -384 ) (-3072 5571 -512 ) (-3072 5315 -512 ) (-3072 5315 -384 ) 
4 120 123 (-3044.080078 5315 -512 ) (-2660.080078 5315 -512 ) (-2660.080078 5315 -384 ) (-3044.080078 5315 -384 ) 
4 121 124 (-2148.080078 5251 -512 ) (-2048 5251 -512 ) (-2048 5251 -384 ) (-2148.080078 5251 -384 ) 
4 122 124 (-2532.080078 5251 -512 ) (-2276.080078 5251 -512 ) (-2276.080078 5251 -384 ) (-2532.080078 5251 -384 ) 
4 123 124 (-3044.080078 5251 -512 ) (-2660.080078 5251 -512 ) (-2660.080078 5251 -384 ) (-3044.080078 5251 -384 ) 
4 124 514 (-3072 5123 -384 ) (-3072 5135 -384 ) (-3072 5135 -512 ) (-3072 5123 -512 ) 
4 124 512 (-3072 5135 -384 ) (-3072 5239 -384 ) (-3072 5239 -512 ) (-3072 5135 -512 ) 
4 124 511 (-3072 5239 -384 ) (-3072 5251 -384 ) (-3072 5251 -512 ) (-3072 5239 -512 ) 
4 124 125 (-2532.080078 5123 -512 ) (-2372.080078 5123 -512 ) (-2372.080078 5123 -384 ) (-2532.080078 5123 -384 ) 
4 125 210 (-2372.080078 5120 -384 ) (-2532.080078 5120 -384 ) (-2532.080078 5120 -512 ) (-2372.080078 5120 -512 ) 
4 126 137 (-2524 5120 0 ) (-2208 5120 0 ) (-2208 5076 0 ) (-2524 5076 0 ) 
4 126 141 (-2208 5076 0 ) (-2208 5072 0 ) (-2524 5072 0 ) (-2524 5076 0 ) 
3 126 133 (-2336 5072 0 ) (-2208 5072 0 ) (-2336 5072 32 ) 
4 126 134 (-2496 5072 0 ) (-2336 5072 0 ) (-2336 5072 32 ) (-2496 5072 32 ) 
4 126 128 (-2524 5120 0 ) (-2524 5076 0 ) (-2524 5076 16 ) (-2524 5120 16 ) 
4 126 127 (-2524 5076 16 ) (-2524 5076 20 ) (-2524 5120 20 ) (-2524 5120 16 ) 
4 126 131 (-2524 5076 0 ) (-2524 5072 0 ) (-2524 5072 20 ) (-2524 5076 20 ) 
4 127 132 (-2528 5076 16 ) (-2528 5076 20 ) (-2528 5120 20 ) (-2528 5120 16 ) 
4 127 129 (-2525 5076 16 ) (-2527 5076 16 ) (-2527 5120 16 ) (-2525 5120 16 ) 
4 127 128 (-2524 5076 16 ) (-2525 5076 16 ) (-2525 5120 16 ) (-2524 5120 16 ) 
4 127 130 (-2527 5076 16 ) (-2528 5076 16 ) (-2528 5120 16 ) (-2527 5120 16 ) 
4 127 131 (-2524 5076 16 ) (-2524 5076 20 ) (-2528 5076 20 ) (-2528 5076 16 ) 
4 128 137 (-2525 5120 0 ) (-2524 5120 0 ) (-2524 5076 0 ) (-2525 5076 0 ) 
4 128 131 (-2524 5076 0 ) (-2524 5076 16 ) (-2525 5076 16 ) (-2525 5076 0 ) 
4 128 129 (-2525 5120 0 ) (-2525 5076 0 ) (-2525 5076 16 ) (-2525 5120 16 ) 
4 129 138 (-2527 5120 0 ) (-2525 5120 0 ) (-2525 5076 0 ) (-2527 5076 0 ) 
4 129 130 (-2527 5120 0 ) (-2527 5076 0 ) (-2527 5076 16 ) (-2527 5120 16 ) 
4 129 131 (-2525 5076 16 ) (-2527 5076 16 ) (-2527 5076 0 ) (-2525 5076 0 ) 
4 130 139 (-2528 5120 0 ) (-2527 5120 0 ) (-2527 5076 0 ) (-2528 5076 0 ) 
4 130 132 (-2528 5120 0 ) (-2528 5076 0 ) (-2528 5076 16 ) (-2528 5120 16 ) 
4 130 131 (-2527 5076 16 ) (-2528 5076 16 ) (-2528 5076 0 ) (-2527 5076 0 ) 
4 131 141 (-2524 5076 0 ) (-2524 5072 0 ) (-2528 5072 0 ) (-2528 5076 0 ) 
4 131 132 (-2528 5076 0 ) (-2528 5072 0 ) (-2528 5072 20 ) (-2528 5076 20 ) 
4 132 139 (-2784 5120 0 ) (-2528 5120 0 ) (-2528 5076 0 ) (-2784 5076 0 ) 
4 132 141 (-2528 5076 0 ) (-2528 5072 0 ) (-2784 5072 0 ) (-2784 5076 0 ) 
4 132 135 (-2784 5072 0 ) (-2592 5072 0 ) (-2592 5072 32 ) (-2784 5072 32 ) 
4 133 143 (-2336 5072 0 ) (-2208 5072 0 ) (-2208 5040 0 ) (-2336 5040 0 ) 
4 133 134 (-2336 5072 32 ) (-2336 5072 0 ) (-2336 5040 0 ) (-2336 5040 32 ) 
4 134 144 (-2496 5072 0 ) (-2336 5072 0 ) (-2336 5008 0 ) (-2496 5008 0 ) 
4 135 145 (-2784 5072 0 ) (-2592 5072 0 ) (-2592 5008 0 ) (-2784 5008 0 ) 
4 135 136 (-2784 5008 0 ) (-2592 5008 0 ) (-2592 5008 32 ) (-2784 5008 32 ) 
3 136 146 (-2656 5008 0 ) (-2592 5008 0 ) (-2656 4944 0 ) 
4 136 147 (-2784 5008 0 ) (-2656 5008 0 ) (-2656 4944 0 ) (-2784 4944 0 ) 
4 137 141 (-2525 5076 -16 ) (-2124.787109 5076 -16 ) (-2124.787109 5076 0 ) (-2525 5076 0 ) 
7 137 140 (-2083.323242 5120 -16 ) (-2084.980469 5112.027344 -16 ) (-2099.019531 5090.996094 -16 ) (-2119.996582 5076.996582 -16 ) (-2124.784424 5076 -16 ) (-2525 5076 -16 ) (-2525 5120 -16 ) 
4 137 138 (-2525 5120 -16 ) (-2525 5076 -16 ) (-2525 5076 0 ) (-2525 5120 0 ) 
4 138 139 (-2527 5120 -16 ) (-2527 5076 -16 ) (-2527 5076 0 ) (-2527 5120 0 ) 
4 138 141 (-2527 5076 -16 ) (-2525 5076 -16 ) (-2525 5076 0 ) (-2527 5076 0 ) 
4 138 140 (-2525 5076 -16 ) (-2527 5076 -16 ) (-2527 5120 -16 ) (-2525 5120 -16 ) 
4 139 140 (-2527 5076 -16 ) (-2784 5076 -16 ) (-2784 5120 -16 ) (-2527 5120 -16 ) 
4 139 141 (-2784 5076 0 ) (-2784 5076 -16 ) (-2527 5076 -16 ) (-2527 5076 0 ) 
4 140 142 (-2784 5076 -124 ) (-2784 5120 -124 ) (-2336 5120 -124 ) (-2336 5076 -124 ) 
4 140 141 (-2784 5076 -16 ) (-2784 5076 -124 ) (-2124.787109 5076 -124 ) (-2124.787109 5076 -16 ) 
4 141 145 (-2592 5072 0 ) (-2784 5072 0 ) (-2784 5072 -124 ) (-2592 5072 -124 ) 
4 141 143 (-2208 5072 0 ) (-2336 5072 0 ) (-2336 5072 -124 ) (-2208 5072 -124 ) 
4 141 144 (-2336 5072 0 ) (-2496 5072 0 ) (-2496 5072 -124 ) (-2336 5072 -124 ) 
4 141 142 (-2336 5072 -124 ) (-2784 5072 -124 ) (-2784 5076 -124 ) (-2336 5076 -124 ) 
4 142 145 (-2592 5072 -124 ) (-2784 5072 -124 ) (-2784 5072 -128 ) (-2592 5072 -128 ) 
4 142 144 (-2336 5072 -124 ) (-2496 5072 -124 ) (-2496 5072 -128 ) (-2336 5072 -128 ) 
4 143 144 (-2336 5072 0 ) (-2336 5072 -128 ) (-2336 5040 -128 ) (-2336 5040 0 ) 
4 145 146 (-2592 5008 0 ) (-2656 5008 0 ) (-2656 5008 -128 ) (-2592 5008 -128 ) 
4 145 147 (-2656 5008 0 ) (-2784 5008 0 ) (-2784 5008 -128 ) (-2656 5008 -128 ) 
4 146 147 (-2656 5008 0 ) (-2656 5008 -128 ) (-2656 4944 -128 ) (-2656 4944 0 ) 
4 147 153 (-2656 4880 0 ) (-2784 4880 0 ) (-2784 4880 -128 ) (-2656 4880 -128 ) 
4 148 180 (-2579 4446 -160 ) (-2579 4510 -160 ) (-2402 4510 -160 ) (-2402 4446 -160 ) 
4 148 179 (-2579 4510 -160 ) (-2579 4511 -160 ) (-2402 4511 -160 ) (-2402 4510 -160 ) 
4 148 183 (-2579 4351 -160 ) (-2579 4446 -160 ) (-2402 4446 -160 ) (-2402 4351 -160 ) 
4 148 168 (-2402 4511 -160 ) (-2301 4511 -160 ) (-2301 4351 -160 ) (-2402 4351 -160 ) 
4 148 152 (-2579 4351 -128 ) (-2579 4351 0 ) (-2579 4511 0 ) (-2579 4511 -128 ) 
4 148 151 (-2579 4351 -127.910797 ) (-2579 4351 -137.919083 ) (-2545.878662 4351 -160 ) (-2530.866211 4351 -160 ) 
5 148 150 (-2579 4351 0 ) (-2579 4351 -127.910797 ) (-2530.866211 4351 -160 ) (-2301 4351 -160 ) (-2301 4351 0 ) 
3 148 149 (-2579 4351 -137.919083 ) (-2579 4351 -160 ) (-2545.878662 4351 -160 ) 
4 149 184 (-2579 4289 -160 ) (-2579 4351 -160 ) (-2545.878662 4351 -160 ) (-2545.878662 4289 -160 ) 
4 149 151 (-2545.876709 4351 -160 ) (-2579 4351 -137.917969 ) (-2579 4289 -137.917969 ) (-2545.876953 4289 -160 ) 
4 150 185 (-2530.866211 4351 -160 ) (-2402 4351 -160 ) (-2402 4289 -160 ) (-2530.866211 4289 -160 ) 
4 150 169 (-2402 4351 -160 ) (-2301 4351 -160 ) (-2301 4289 -160 ) (-2402 4289 -160 ) 
4 150 152 (-2579 4289 -127.910805 ) (-2579 4289 0 ) (-2579 4351 0 ) (-2579 4351 -127.910797 ) 
4 150 151 (-2530.870850 4289 -160 ) (-2579 4289 -127.914062 ) (-2579 4351 -127.914062 ) (-2530.871094 4351 -160 ) 
4 151 186 (-2545.878662 4351 -160 ) (-2530.866211 4351 -160 ) (-2530.866211 4289 -160 ) (-2545.878662 4289 -160 ) 
4 152 161 (-2580 4428 -128 ) (-2580 4289 -128 ) (-2580 4289 0 ) (-2580 4428 0 ) 
4 153 154 (-2784 4543 -128 ) (-2612 4543 -128 ) (-2612 4543 0 ) (-2784 4543 0 ) 
4 154 162 (-2836.360107 4511 -128 ) (-2612 4511 -128 ) (-2612 4511 0 ) (-2836.360107 4511 0 ) 
4 154 155 (-2836.360107 4543 0 ) (-2836.360107 4543 -25.749203 ) (-2836.360107 4541.089844 -25.749203 ) (-2836.360107 4541.089844 0 ) 
4 154 156 (-2836.360107 4541.089844 -128 ) (-2836.360107 4511 -128 ) (-2836.360107 4511 0 ) (-2836.360107 4541.089844 0 ) 
4 155 157 (-2884.360107 4543 0 ) (-2884.360107 4543 -25.749203 ) (-2884.360107 4541.089844 -25.749203 ) (-2884.360107 4541.089844 0 ) 
4 155 156 (-2884.360107 4541.089844 0 ) (-2884.360107 4541.089844 -25.749203 ) (-2836.360107 4541.089844 -25.749203 ) (-2836.360107 4541.089844 0 ) 
4 156 162 (-2884.360107 4511 -128 ) (-2836.360107 4511 -128 ) (-2836.360107 4511 0 ) (-2884.360107 4511 0 ) 
4 156 157 (-2884.360107 4541.089844 -128 ) (-2884.360107 4511 -128 ) (-2884.360107 4511 0 ) (-2884.360107 4541.089844 0 ) 
4 157 162 (-2992 4511 -128 ) (-2884.360107 4511 -128 ) (-2884.360107 4511 0 ) (-2992 4511 0 ) 
4 157 158 (-2992 4543 0 ) (-2992 4543 -25.749203 ) (-2992 4541.089844 -25.749203 ) (-2992 4541.089844 0 ) 
4 157 159 (-2992 4541.089844 -128 ) (-2992 4511 -128 ) (-2992 4511 0 ) (-2992 4541.089844 0 ) 
4 158 159 (-3040 4541.089844 0 ) (-3040 4541.089844 -25.749203 ) (-2992 4541.089844 -25.749203 ) (-2992 4541.089844 0 ) 
4 158 160 (-3040 4543 0 ) (-3040 4543 -25.749203 ) (-3040 4541.089844 -25.749203 ) (-3040 4541.089844 0 ) 
4 159 162 (-3040 4511 -128 ) (-2992 4511 -128 ) (-2992 4511 0 ) (-3040 4511 0 ) 
4 159 160 (-3040 4541.089844 -128 ) (-3040 4511 -128 ) (-3040 4511 0 ) (-3040 4541.089844 0 ) 
4 160 535 (-3072 4511 0 ) (-3072 4543 0 ) (-3072 4543 -128 ) (-3072 4511 -128 ) 
4 160 162 (-3072 4511 -128 ) (-3040 4511 -128 ) (-3040 4511 0 ) (-3072 4511 0 ) 
4 161 163 (-2612 4225 -128 ) (-2580 4225 -128 ) (-2580 4225 0 ) (-2612 4225 0 ) 
4 161 162 (-2612 4428 -128 ) (-2612 4225 -128 ) (-2612 4225 0 ) (-2612 4428 0 ) 
4 162 541 (-3072 4226.069824 -25.749203 ) (-3072 4226.069824 -128 ) (-3072 4225 -128 ) (-3072 4225 -25.749203 ) 
4 162 540 (-3072 4225 0 ) (-3072 4226.069824 0 ) (-3072 4226.069824 -25.749203 ) (-3072 4225 -25.749203 ) 
4 162 539 (-3072 4226.069824 0 ) (-3072 4396 0 ) (-3072 4396 -128 ) (-3072 4226.069824 -128 ) 
4 162 535 (-3072 4396 0 ) (-3072 4511 0 ) (-3072 4511 -128 ) (-3072 4396 -128 ) 
4 162 163 (-2708 4225 -128 ) (-2612 4225 -128 ) (-2612 4225 0 ) (-2708 4225 0 ) 
4 163 311 (-2708 4096 -64 ) (-2708 4096 -128 ) (-2580 4096 -128 ) (-2580 4096 -64 ) 
4 163 276 (-2708 4096 -48 ) (-2708 4096 -64 ) (-2580 4096 -64 ) (-2580 4096 -48 ) 
4 163 275 (-2580 4096 0 ) (-2708 4096 0 ) (-2708 4096 -48 ) (-2580 4096 -48 ) 
5 164 216 (-2788 4883 -384 ) (-2916 4883 -384 ) (-2916 4931.089844 -384 ) (-2852.090088 4995 -384 ) (-2788 4995 -384 ) 
4 164 213 (-2276.080078 4883 -384 ) (-2788 4883 -384 ) (-2788 4995 -384 ) (-2276.080078 4995 -384 ) 
4 164 166 (-2756.080078 4883 -384 ) (-2564.080078 4883 -384 ) (-2564.080078 4883 -320 ) (-2756.080078 4883 -320 ) 
3 164 165 (-2372.080078 4883 -384 ) (-2276.080078 4883 -384 ) (-2372.080078 4883 -320 ) 
4 165 214 (-2276.080078 4867 -384 ) (-2372.080078 4867 -384 ) (-2372.080078 4883 -384 ) (-2276.080078 4883 -384 ) 
4 166 215 (-2756.080078 4883 -384 ) (-2564.080078 4883 -384 ) (-2564.080078 4879 -384 ) (-2756.080078 4879 -384 ) 
4 166 167 (-2756.080078 4879 -384 ) (-2564.080078 4879 -384 ) (-2564.080078 4879 -320 ) (-2756.080078 4879 -320 ) 
4 167 215 (-2564.080078 4867 -384 ) (-2756.080078 4867 -384 ) (-2756.080078 4879 -384 ) (-2564.080078 4879 -384 ) 
4 168 180 (-2402 4510 -254 ) (-2402 4446 -254 ) (-2402 4446 -160 ) (-2402 4510 -160 ) 
4 168 179 (-2402 4511 -160 ) (-2402 4511 -254 ) (-2402 4510 -254 ) (-2402 4510 -160 ) 
4 168 183 (-2402 4446 -254 ) (-2402 4351 -254 ) (-2402 4351 -160 ) (-2402 4446 -160 ) 
4 168 171 (-2402 4351 -254 ) (-2402 4511 -254 ) (-2301 4511 -254 ) (-2301 4351 -254 ) 
3 168 170 (-2402 4351 -245.910690 ) (-2402 4351 -254 ) (-2389.865967 4351 -254 ) 
5 168 169 (-2402 4351 -160 ) (-2402 4351 -245.910690 ) (-2389.865967 4351 -254 ) (-2301 4351 -254 ) (-2301 4351 -160 ) 
4 169 187 (-2402 4288.500000 -245.910690 ) (-2402 4288.500000 -191.910797 ) (-2402 4351 -191.910797 ) (-2402 4351 -245.910690 ) 
4 169 185 (-2402 4288.500000 -191.910797 ) (-2402 4288.500000 -160 ) (-2402 4351 -160 ) (-2402 4351 -191.910797 ) 
4 169 173 (-2301 4288.500000 -254 ) (-2389.865967 4288.500000 -254 ) (-2389.865967 4289 -254 ) (-2301 4289 -254 ) 
4 169 172 (-2389.865967 4289 -254 ) (-2389.865967 4351 -254 ) (-2301 4351 -254 ) (-2301 4289 -254 ) 
4 169 170 (-2402 4288.500000 -245.910156 ) (-2402 4351 -245.910156 ) (-2389.867188 4351 -254 ) (-2389.867188 4288.500000 -254 ) 
4 170 189 (-2402 4351 -254 ) (-2402 4288.500000 -254 ) (-2402 4288.500000 -245.910690 ) (-2402 4351 -245.910690 ) 
4 170 175 (-2389.865967 4288.500000 -254 ) (-2402 4288.500000 -254 ) (-2402 4289 -254 ) (-2389.865967 4289 -254 ) 
4 170 174 (-2402 4289 -254 ) (-2402 4351 -254 ) (-2389.865967 4351 -254 ) (-2389.865967 4289 -254 ) 
4 171 182 (-2402 4510 -264 ) (-2402 4446 -264 ) (-2402 4446 -254 ) (-2402 4510 -254 ) 
4 171 179 (-2402 4511 -254 ) (-2402 4511 -264 ) (-2402 4510 -264 ) (-2402 4510 -254 ) 
4 171 183 (-2402 4446 -264 ) (-2402 4351 -264 ) (-2402 4351 -254 ) (-2402 4446 -254 ) 
4 171 176 (-2402 4351 -264 ) (-2301 4351 -264 ) (-2301 4351 -255.919006 ) (-2402 4351 -255.919006 ) 
4 171 174 (-2389.865967 4351 -254 ) (-2402 4351 -254 ) (-2402 4351 -255.919006 ) (-2386.987549 4351 -255.919006 ) 
4 171 172 (-2301 4351 -255.919006 ) (-2301 4351 -254 ) (-2389.865967 4351 -254 ) (-2386.987549 4351 -255.919006 ) 
4 171 178 (-2402 4351 -264 ) (-2402 4511 -264 ) (-2301 4511 -264 ) (-2301 4351 -264 ) 
4 172 176 (-2386.987549 4289 -255.919006 ) (-2386.987549 4351 -255.919006 ) (-2301 4351 -255.919006 ) (-2301 4289 -255.919006 ) 
4 172 174 (-2389.871094 4289 -254 ) (-2389.871094 4351 -254 ) (-2386.992188 4351 -255.919006 ) (-2386.992188 4289 -255.919006 ) 
4 172 173 (-2389.863281 4289 -254 ) (-2386.988281 4289 -255.919006 ) (-2301 4289 -255.919006 ) (-2301 4289 -254 ) 
4 173 177 (-2301 4288.500000 -255.919006 ) (-2386.987549 4288.500000 -255.919006 ) (-2386.987549 4289 -255.919006 ) (-2301 4289 -255.919006 ) 
4 173 175 (-2389.871094 4288.500000 -254 ) (-2389.871094 4289 -254 ) (-2386.992188 4289 -255.919006 ) (-2386.992188 4288.500000 -255.919006 ) 
4 174 189 (-2402 4289 -254 ) (-2402 4351 -254 ) (-2402 4351 -255.919006 ) (-2402 4289 -255.919006 ) 
4 174 176 (-2402 4289 -255.919006 ) (-2402 4351 -255.919006 ) (-2386.987549 4351 -255.919006 ) (-2386.987549 4289 -255.919006 ) 
4 174 175 (-2402 4289 -255.919006 ) (-2386.984375 4289 -255.919006 ) (-2389.862793 4289 -254 ) (-2402 4289 -254 ) 
4 175 189 (-2402 4288.500000 -255.919006 ) (-2402 4288.500000 -254 ) (-2402 4289 -254 ) (-2402 4289 -255.919006 ) 
4 175 177 (-2386.987549 4288.500000 -255.919006 ) (-2402 4288.500000 -255.919006 ) (-2402 4289 -255.919006 ) (-2386.987549 4289 -255.919006 ) 
4 176 188 (-2402 4351 -264 ) (-2402 4289 -264 ) (-2402 4289 -255.919006 ) (-2402 4351 -255.919006 ) 
4 176 178 (-2402 4289 -264 ) (-2402 4351 -264 ) (-2301 4351 -264 ) (-2301 4289 -264 ) 
4 176 177 (-2402 4289 -264 ) (-2301 4289 -264 ) (-2301 4289 -255.919006 ) (-2402 4289 -255.919006 ) 
4 177 188 (-2402 4289 -264 ) (-2402 4288.500000 -264 ) (-2402 4288.500000 -255.919006 ) (-2402 4289 -255.919006 ) 
4 177 178 (-2301 4288.500000 -264 ) (-2402 4288.500000 -264 ) (-2402 4289 -264 ) (-2301 4289 -264 ) 
4 178 222 (-2301 4351 -384 ) (-2301 4288.500000 -384 ) (-2402 4288.500000 -384 ) (-2402 4351 -384 ) 
4 178 220 (-2402 4511 -384 ) (-2301 4511 -384 ) (-2301 4351 -384 ) (-2402 4351 -384 ) 
4 178 197 (-2402 4351 -384 ) (-2402 4288.500000 -384 ) (-2402 4288.500000 -317.919037 ) (-2402 4351 -317.919037 ) 
4 178 196 (-2402 4446 -384 ) (-2402 4351 -384 ) (-2402 4351 -317.919037 ) (-2402 4446 -317.919037 ) 
4 178 191 (-2402 4511 -317.919037 ) (-2402 4511 -384 ) (-2402 4446 -384 ) (-2402 4446 -317.919037 ) 
4 178 188 (-2402 4351 -317.919037 ) (-2402 4288.500000 -317.919037 ) (-2402 4288.500000 -264 ) (-2402 4351 -264 ) 
4 178 181 (-2402 4510 -317.919037 ) (-2402 4446 -317.919037 ) (-2402 4446 -264 ) (-2402 4510 -264 ) 
4 178 179 (-2402 4511 -264 ) (-2402 4511 -317.919037 ) (-2402 4510 -317.919037 ) (-2402 4510 -264 ) 
4 178 183 (-2402 4446 -317.919037 ) (-2402 4351 -317.919037 ) (-2402 4351 -264 ) (-2402 4446 -264 ) 
4 179 199 (-2681 4510 -317.919037 ) (-2681 4511 -317.919037 ) (-2579 4511 -317.919037 ) (-2579 4510 -317.919037 ) 
4 179 192 (-2579 4511 -317.919037 ) (-2498 4511 -317.919037 ) (-2498 4510 -317.919037 ) (-2579 4510 -317.919037 ) 
4 179 191 (-2498 4511 -317.919037 ) (-2402 4511 -317.919037 ) (-2402 4510 -317.919037 ) (-2498 4510 -317.919037 ) 
4 179 182 (-2498 4510 -317.919037 ) (-2483 4510 -317.919037 ) (-2402 4510 -263.919098 ) (-2402 4510 -253.919037 ) 
3 179 181 (-2483 4510 -317.919037 ) (-2402 4510 -317.919037 ) (-2402 4510 -263.919098 ) 
5 179 180 (-2681 4510 -160 ) (-2681 4510 -317.919037 ) (-2498 4510 -317.919037 ) (-2402 4510 -253.919037 ) (-2402 4510 -160 ) 
4 180 202 (-2681 4446 -317.919037 ) (-2681 4510 -317.919037 ) (-2579 4510 -317.919037 ) (-2579 4446 -317.919037 ) 
4 180 193 (-2579 4510 -317.919037 ) (-2498 4510 -317.919037 ) (-2498 4446 -317.919037 ) (-2579 4446 -317.919037 ) 
4 180 182 (-2402 4446 -253.921875 ) (-2497.992188 4446 -317.919037 ) (-2497.996094 4510 -317.919037 ) (-2402 4510 -253.921646 ) 
5 180 183 (-2681 4446 -160 ) (-2681 4446 -317.919037 ) (-2498 4446 -317.919037 ) (-2402 4446 -253.919037 ) (-2402 4446 -160 ) 
4 181 191 (-2483 4510 -317.919037 ) (-2402 4510 -317.919037 ) (-2402 4446 -317.919037 ) (-2483 4446 -317.919037 ) 
3 181 183 (-2483 4446 -317.919037 ) (-2402 4446 -317.919037 ) (-2402 4446 -263.919098 ) 
4 181 182 (-2402 4510 -263.917969 ) (-2483 4510 -317.919037 ) (-2483 4446 -317.919037 ) (-2402 4446 -263.919037 ) 
4 182 191 (-2498 4510 -317.919037 ) (-2483 4510 -317.919037 ) (-2483 4446 -317.919037 ) (-2498 4446 -317.919037 ) 
4 182 183 (-2498 4446 -317.919037 ) (-2483 4446 -317.919037 ) (-2402 4446 -263.919098 ) (-2402 4446 -253.919037 ) 
4 183 207 (-2681 4351 -317.919037 ) (-2681 4446 -317.919037 ) (-2579 4446 -317.919037 ) (-2579 4351 -317.919037 ) 
4 183 196 (-2579 4446 -317.919037 ) (-2402 4446 -317.919037 ) (-2402 4351 -317.919037 ) (-2579 4351 -317.919037 ) 
4 183 189 (-2402 4351 -255.919006 ) (-2402 4351 -245.910721 ) (-2483 4351 -191.910797 ) (-2483 4351 -201.919083 ) 
4 183 188 (-2483 4351 -317.919037 ) (-2402 4351 -317.919037 ) (-2402 4351 -255.919006 ) (-2483 4351 -201.919083 ) 
3 183 187 (-2402 4351 -245.910721 ) (-2402 4351 -191.910797 ) (-2483 4351 -191.910797 ) 
4 183 190 (-2681 4351 -191.910797 ) (-2681 4351 -317.919037 ) (-2483 4351 -317.919037 ) (-2483 4351 -191.910797 ) 
4 183 186 (-2498.012207 4351 -191.910797 ) (-2483 4351 -191.910797 ) (-2530.866211 4351 -160 ) (-2545.878418 4351 -160 ) 
4 183 185 (-2483 4351 -191.910797 ) (-2402 4351 -191.910797 ) (-2402 4351 -160 ) (-2530.866211 4351 -160 ) 
4 183 184 (-2681 4351 -160 ) (-2681 4351 -191.910797 ) (-2498.012207 4351 -191.910797 ) (-2545.878418 4351 -160 ) 
4 184 190 (-2681 4288.500000 -191.910797 ) (-2681 4351 -191.910797 ) (-2498.012207 4351 -191.910797 ) (-2498.012207 4288.500000 -191.910797 ) 
4 184 186 (-2498.013428 4288.500000 -191.910797 ) (-2498.013428 4351 -191.910797 ) (-2545.879639 4351 -160 ) (-2545.879639 4288.500000 -160 ) 
4 185 187 (-2483 4351 -191.910797 ) (-2402 4351 -191.910797 ) (-2402 4288.500000 -191.910797 ) (-2483 4288.500000 -191.910797 ) 
4 185 186 (-2530.870361 4351 -160 ) (-2483.003906 4351 -191.910797 ) (-2483.003906 4288.500000 -191.910797 ) (-2530.870361 4288.500000 -160 ) 
4 186 190 (-2498.012207 4351 -191.910797 ) (-2483 4351 -191.910797 ) (-2483 4288.500000 -191.910797 ) (-2498.012207 4288.500000 -191.910797 ) 
4 187 189 (-2483 4288.500000 -191.912231 ) (-2483 4351 -191.912231 ) (-2402 4351 -245.912216 ) (-2402 4288.500000 -245.912216 ) 
4 188 197 (-2483 4351 -317.919037 ) (-2402 4351 -317.919037 ) (-2402 4288.500000 -317.919037 ) (-2483 4288.500000 -317.919037 ) 
4 188 190 (-2483 4351 -201.919083 ) (-2483 4351 -317.919037 ) (-2483 4288.500000 -317.919037 ) (-2483 4288.500000 -201.919067 ) 
4 188 189 (-2402 4351 -255.919434 ) (-2483 4351 -201.919800 ) (-2483 4288.500000 -201.919800 ) (-2402 4288.500000 -255.919434 ) 
4 189 190 (-2483 4288.500000 -191.910797 ) (-2483 4351 -191.910797 ) (-2483 4351 -201.919083 ) (-2483 4288.500000 -201.919067 ) 
4 190 207 (-2681 4289 -317.919037 ) (-2681 4351 -317.919037 ) (-2579 4351 -317.919037 ) (-2579 4289 -317.919037 ) 
4 190 209 (-2681 4288.500000 -317.919037 ) (-2681 4289 -317.919037 ) (-2579 4289 -317.919037 ) (-2579 4288.500000 -317.919037 ) 
4 190 197 (-2579 4351 -317.919037 ) (-2483 4351 -317.919037 ) (-2483 4288.500000 -317.919037 ) (-2579 4288.500000 -317.919037 ) 
4 191 220 (-2498 4511 -384 ) (-2402 4511 -384 ) (-2402 4446 -384 ) (-2498 4446 -384 ) 
4 191 196 (-2498 4446 -384 ) (-2402 4446 -384 ) (-2402 4446 -317.919037 ) (-2498 4446 -317.919037 ) 
4 191 195 (-2498 4446 -327.919098 ) (-2498 4446 -317.919037 ) (-2498 4510 -317.919037 ) (-2498 4510 -327.919098 ) 
4 191 194 (-2498 4446 -384 ) (-2498 4446 -327.919098 ) (-2498 4510 -327.919098 ) (-2498 4510 -384 ) 
4 191 192 (-2498 4510 -317.919037 ) (-2498 4511 -317.919037 ) (-2498 4511 -384 ) (-2498 4510 -384 ) 
4 192 220 (-2579 4511 -384 ) (-2498 4511 -384 ) (-2498 4510 -384 ) (-2579 4510 -384 ) 
4 192 200 (-2579 4511 -381 ) (-2579 4511 -384 ) (-2579 4510 -384 ) (-2579 4510 -381 ) 
4 192 199 (-2579 4510 -317.919037 ) (-2579 4511 -317.919037 ) (-2579 4511 -381 ) (-2579 4510 -381 ) 
4 192 195 (-2579 4510 -371.919006 ) (-2579 4510 -381.919067 ) (-2498 4510 -327.919098 ) (-2498 4510 -317.919037 ) 
4 192 194 (-2579 4510 -381.919067 ) (-2579 4510 -384 ) (-2498 4510 -384 ) (-2498 4510 -327.919098 ) 
3 192 193 (-2579 4510 -317.919037 ) (-2579 4510 -371.919006 ) (-2498 4510 -317.919037 ) 
4 193 202 (-2579 4446 -317.919037 ) (-2579 4510 -317.919037 ) (-2579 4510 -371.919006 ) (-2579 4446 -371.919006 ) 
3 193 196 (-2579 4446 -317.919037 ) (-2579 4446 -371.919006 ) (-2498 4446 -317.919037 ) 
4 193 195 (-2579 4510 -371.921875 ) (-2498 4510 -317.921875 ) (-2498 4446 -317.921875 ) (-2579 4446 -371.921875 ) 
4 194 220 (-2498 4510 -384 ) (-2498 4446 -384 ) (-2579 4446 -384 ) (-2579 4510 -384 ) 
4 194 201 (-2579 4510 -381.919067 ) (-2579 4510 -384 ) (-2579 4446 -384 ) (-2579 4446 -381.919067 ) 
4 194 196 (-2579 4446 -381.919067 ) (-2579 4446 -384 ) (-2498 4446 -384 ) (-2498 4446 -327.919098 ) 
4 194 195 (-2498 4510 -327.917969 ) (-2579 4510 -381.917969 ) (-2579 4446 -381.917969 ) (-2498 4446 -327.917969 ) 
4 195 205 (-2579 4510 -381 ) (-2579 4510 -381.919067 ) (-2579 4446 -381.919067 ) (-2579 4446 -381 ) 
4 195 204 (-2579 4510 -371.919006 ) (-2579 4510 -381 ) (-2579 4446 -381 ) (-2579 4446 -371.919006 ) 
4 195 196 (-2579 4446 -371.919006 ) (-2579 4446 -381.919067 ) (-2498 4446 -327.919098 ) (-2498 4446 -317.919037 ) 
4 196 220 (-2402 4446 -384 ) (-2402 4351 -384 ) (-2579 4351 -384 ) (-2579 4446 -384 ) 
4 196 208 (-2579 4446 -381 ) (-2579 4446 -384 ) (-2579 4351 -384 ) (-2579 4351 -381 ) 
4 196 207 (-2579 4351 -317.919037 ) (-2579 4446 -317.919037 ) (-2579 4446 -381 ) (-2579 4351 -381 ) 
3 196 198 (-2579 4351 -380.542053 ) (-2579 4351 -384 ) (-2573.812988 4351 -384 ) 
5 196 197 (-2579 4351 -317.919037 ) (-2579 4351 -380.542053 ) (-2573.812988 4351 -384 ) (-2402 4351 -384 ) (-2402 4351 -317.919037 ) 
4 197 222 (-2402 4351 -384 ) (-2402 4288.500000 -384 ) (-2573.812988 4288.500000 -384 ) (-2573.812988 4351 -384 ) 
4 197 207 (-2579 4289 -317.919037 ) (-2579 4351 -317.919037 ) (-2579 4351 -380.542053 ) (-2579 4289 -380.542053 ) 
4 197 209 (-2579 4288.500000 -380.542053 ) (-2579 4288.500000 -317.919037 ) (-2579 4289 -317.919037 ) (-2579 4289 -380.542053 ) 
4 197 198 (-2579 4288.500000 -380.542969 ) (-2579 4351 -380.542969 ) (-2573.814453 4351 -384 ) (-2573.814453 4288.500000 -384 ) 
4 198 223 (-2573.812988 4288.500000 -384 ) (-2579 4288.500000 -384 ) (-2579 4351 -384 ) (-2573.812988 4351 -384 ) 
4 198 208 (-2579 4351 -381 ) (-2579 4351 -384 ) (-2579 4289 -384 ) (-2579 4289 -381 ) 
4 198 207 (-2579 4289 -380.542053 ) (-2579 4351 -380.542053 ) (-2579 4351 -381 ) (-2579 4289 -381 ) 
4 198 209 (-2579 4288.500000 -384 ) (-2579 4288.500000 -380.542053 ) (-2579 4289 -380.542053 ) (-2579 4289 -384 ) 
3 199 204 (-2579 4510 -381 ) (-2579 4510 -371.918945 ) (-2592.621582 4510 -381 ) 
5 199 202 (-2579 4510 -371.918945 ) (-2579 4510 -317.919037 ) (-2681 4510 -317.919037 ) (-2681 4510 -381 ) (-2592.621582 4510 -381 ) 
4 199 200 (-2579 4510 -381 ) (-2681 4510 -381 ) (-2681 4511 -381 ) (-2579 4511 -381 ) 
4 200 224 (-2681 4511 -384 ) (-2579 4511 -384 ) (-2579 4510 -384 ) (-2681 4510 -384 ) 
4 200 206 (-2579 4510 -381.919006 ) (-2594 4510 -381.919037 ) (-2597.121338 4510 -384 ) (-2582.121338 4510 -384 ) 
4 200 205 (-2579 4510 -381.919006 ) (-2579 4510 -381 ) (-2592.621582 4510 -381 ) (-2594 4510 -381.919037 ) 
4 200 203 (-2592.621582 4510 -381 ) (-2681 4510 -381 ) (-2681 4510 -384 ) (-2597.121338 4510 -384 ) 
3 200 201 (-2579 4510 -384 ) (-2579 4510 -381.919006 ) (-2582.121338 4510 -384 ) 
4 201 224 (-2579 4510 -384 ) (-2579 4446 -384 ) (-2582.121338 4446 -384 ) (-2582.121338 4510 -384 ) 
3 201 208 (-2579 4446 -384 ) (-2579 4446 -381.919067 ) (-2582.121338 4446 -384 ) 
4 201 206 (-2579 4510 -381.917969 ) (-2582.123047 4510 -384 ) (-2582.123047 4446 -384 ) (-2579 4446 -381.917969 ) 
5 202 207 (-2579 4446 -371.919006 ) (-2579 4446 -317.919037 ) (-2681 4446 -317.919037 ) (-2681 4446 -381 ) (-2592.621338 4446 -381 ) 
4 202 204 (-2579 4446 -371.921875 ) (-2592.617188 4446 -381 ) (-2592.623047 4510 -381 ) (-2579 4510 -371.917969 ) 
4 202 203 (-2681 4510 -381 ) (-2592.625000 4510 -381 ) (-2592.625000 4446 -381 ) (-2681 4446 -381 ) 
4 203 224 (-2597.121338 4446 -384 ) (-2681 4446 -384 ) (-2681 4510 -384 ) (-2597.121338 4510 -384 ) 
4 203 208 (-2681 4446 -381 ) (-2681 4446 -384 ) (-2597.121338 4446 -384 ) (-2592.621338 4446 -381 ) 
4 203 206 (-2593.995850 4446 -381.919037 ) (-2597.117188 4446 -384 ) (-2597.123047 4510 -384 ) (-2594.001709 4510 -381.919037 ) 
4 203 205 (-2592.617188 4446 -381 ) (-2593.995850 4446 -381.919037 ) (-2594.001709 4510 -381.919037 ) (-2592.623047 4510 -381 ) 
3 204 207 (-2579 4446 -381 ) (-2579 4446 -371.919006 ) (-2592.621338 4446 -381 ) 
4 204 205 (-2592.625000 4446 -381 ) (-2592.625000 4510 -381 ) (-2579 4510 -381 ) (-2579 4446 -381 ) 
4 205 208 (-2579 4446 -381.919067 ) (-2579 4446 -381 ) (-2592.621338 4446 -381 ) (-2594 4446 -381.919037 ) 
4 205 206 (-2594.005615 4446 -381.919037 ) (-2594.005615 4510 -381.919037 ) (-2579 4510 -381.919037 ) (-2579 4446 -381.919037 ) 
4 206 224 (-2582.121338 4446 -384 ) (-2597.121338 4446 -384 ) (-2597.121338 4510 -384 ) (-2582.121338 4510 -384 ) 
4 206 208 (-2579 4446 -381.919067 ) (-2594 4446 -381.919037 ) (-2597.121338 4446 -384 ) (-2582.121338 4446 -384 ) 
4 207 209 (-2579 4289 -381 ) (-2579 4289 -317.919037 ) (-2681 4289 -317.919037 ) (-2681 4289 -381 ) 
4 207 208 (-2579 4289 -381 ) (-2681 4289 -381 ) (-2681 4446 -381 ) (-2579 4446 -381 ) 
4 208 224 (-2579 4446 -384 ) (-2579 4289 -384 ) (-2681 4289 -384 ) (-2681 4446 -384 ) 
4 208 209 (-2579 4289 -384 ) (-2579 4289 -381 ) (-2681 4289 -381 ) (-2681 4289 -384 ) 
4 209 225 (-2579 4289 -384 ) (-2579 4288.500000 -384 ) (-2681 4288.500000 -384 ) (-2681 4289 -384 ) 
4 210 211 (-2532.080078 5059 -512 ) (-2372.080078 5059 -512 ) (-2372.080078 5059 -384 ) (-2532.080078 5059 -384 ) 
4 211 212 (-2564.080078 5027 -388 ) (-2564.080078 5027 -512 ) (-2372.080078 5027 -512 ) (-2372.080078 5027 -388 ) 
4 212 213 (-2564.080078 4995 -512 ) (-2372.080078 4995 -512 ) (-2372.080078 4995 -388 ) (-2564.080078 4995 -388 ) 
4 213 216 (-2788 4995 -384 ) (-2788 4995 -512 ) (-2788 4883 -512 ) (-2788 4883 -384 ) 
4 213 215 (-2756.080078 4883 -512 ) (-2564.080078 4883 -512 ) (-2564.080078 4883 -384 ) (-2756.080078 4883 -384 ) 
4 213 214 (-2372.080078 4883 -512 ) (-2276.080078 4883 -512 ) (-2276.080078 4883 -384 ) (-2372.080078 4883 -384 ) 
4 216 217 (-2916 4879 -512 ) (-2788 4879 -512 ) (-2788 4879 -391 ) (-2916 4879 -391 ) 
4 217 218 (-2916 4867 -512 ) (-2788 4867 -512 ) (-2788 4867 -391 ) (-2916 4867 -391 ) 
4 218 219 (-2916 4543 -391 ) (-2916 4543 -509 ) (-2788 4543 -509 ) (-2788 4543 -391 ) 
4 219 235 (-2916 4511 -391 ) (-2916 4511 -509 ) (-2788 4511 -509 ) (-2788 4511 -391 ) 
4 220 226 (-2579 4351 -391 ) (-2579 4511 -391 ) (-2301 4511 -391 ) (-2301 4351 -391 ) 
4 220 224 (-2579 4511 -384 ) (-2579 4511 -391 ) (-2579 4351 -391 ) (-2579 4351 -384 ) 
5 220 223 (-2579 4351 -384 ) (-2579 4351 -390.542114 ) (-2578.313232 4351 -391 ) (-2563.313232 4351 -391 ) (-2573.812988 4351 -384 ) 
4 220 222 (-2563.313232 4351 -391 ) (-2301 4351 -391 ) (-2301 4351 -384 ) (-2573.812988 4351 -384 ) 
3 220 221 (-2579 4351 -390.542114 ) (-2579 4351 -391 ) (-2578.313232 4351 -391 ) 
4 221 231 (-2578.313232 4288.500000 -391 ) (-2579 4288.500000 -391 ) (-2579 4351 -391 ) (-2578.313232 4351 -391 ) 
4 221 225 (-2579 4289 -391 ) (-2579 4288.500000 -391 ) (-2579 4288.500000 -390.542114 ) (-2579 4289 -390.542114 ) 
4 221 224 (-2579 4351 -391 ) (-2579 4289 -391 ) (-2579 4289 -390.542114 ) (-2579 4351 -390.542114 ) 
4 221 223 (-2578.312500 4351 -391 ) (-2579 4351 -390.542969 ) (-2579 4288.500000 -390.542969 ) (-2578.312500 4288.500000 -391 ) 
4 222 232 (-2483 4288.500000 -391 ) (-2563.313232 4288.500000 -391 ) (-2563.313232 4351 -391 ) (-2483 4351 -391 ) 
4 222 227 (-2301 4288.500000 -391 ) (-2483 4288.500000 -391 ) (-2483 4351 -391 ) (-2301 4351 -391 ) 
4 222 223 (-2573.814453 4351 -384 ) (-2563.314453 4351 -391 ) (-2563.314453 4288.500000 -391 ) (-2573.814453 4288.500000 -384 ) 
4 223 233 (-2563.313232 4288.500000 -391 ) (-2578.313232 4288.500000 -391 ) (-2578.313232 4351 -391 ) (-2563.313232 4351 -391 ) 
4 223 225 (-2579 4288.500000 -390.542114 ) (-2579 4288.500000 -384 ) (-2579 4289 -384 ) (-2579 4289 -390.542114 ) 
4 223 224 (-2579 4289 -384 ) (-2579 4351 -384 ) (-2579 4351 -390.542114 ) (-2579 4289 -390.542114 ) 
4 224 235 (-2681 4354 -391 ) (-2681 4511 -391 ) (-2579 4511 -391 ) (-2579 4354 -391 ) 
4 224 225 (-2681 4289 -384 ) (-2681 4289 -391 ) (-2579 4289 -391 ) (-2579 4289 -384 ) 
4 226 235 (-2579 4354 -391 ) (-2579 4511 -391 ) (-2579 4511 -509 ) (-2579 4354 -509 ) 
4 226 233 (-2498.004395 4351 -444.539062 ) (-2483.004395 4351 -444.539062 ) (-2563.313232 4351 -391 ) (-2578.313232 4351 -391 ) 
4 226 232 (-2483.004395 4351 -444.539062 ) (-2483 4351 -444.539062 ) (-2483 4351 -391 ) (-2563.313232 4351 -391 ) 
4 226 231 (-2579 4351 -391 ) (-2579 4351 -444.539062 ) (-2498.004395 4351 -444.539062 ) (-2578.313232 4351 -391 ) 
4 226 234 (-2579 4351 -444.539062 ) (-2579 4351 -509 ) (-2483 4351 -509 ) (-2483 4351 -444.539062 ) 
4 226 229 (-2483 4351 -444.542023 ) (-2483 4351 -454.542084 ) (-2402 4351 -508.541992 ) (-2387 4351 -508.541992 ) 
3 226 228 (-2483 4351 -454.542084 ) (-2483 4351 -508.541992 ) (-2402 4351 -508.541992 ) 
5 226 227 (-2301 4351 -508.541992 ) (-2301 4351 -391 ) (-2483 4351 -391 ) (-2483 4351 -444.542023 ) (-2387 4351 -508.541992 ) 
4 226 230 (-2483 4351 -509 ) (-2301 4351 -509 ) (-2301 4351 -508.541992 ) (-2483 4351 -508.541992 ) 
4 227 232 (-2483 4351 -391 ) (-2483 4351 -444.542023 ) (-2483 4288.500000 -444.542023 ) (-2483 4288.500000 -391 ) 
4 227 229 (-2483 4288.500000 -444.542511 ) (-2483 4351 -444.542511 ) (-2387 4351 -508.541992 ) (-2387 4288.500000 -508.541992 ) 
4 227 230 (-2301 4288.500000 -508.541992 ) (-2387 4288.500000 -508.541992 ) (-2387 4351 -508.541992 ) (-2301 4351 -508.541992 ) 
4 228 234 (-2483 4351 -454.542084 ) (-2483 4351 -508.541992 ) (-2483 4288.500000 -508.541992 ) (-2483 4288.500000 -454.542084 ) 
4 228 230 (-2402 4288.500000 -508.541992 ) (-2483 4288.500000 -508.541992 ) (-2483 4351 -508.541992 ) (-2402 4351 -508.541992 ) 
4 228 229 (-2483 4351 -454.541077 ) (-2483 4288.500000 -454.541077 ) (-2401.997803 4288.500000 -508.541992 ) (-2401.997803 4351 -508.541992 ) 
4 229 234 (-2483 4351 -444.542023 ) (-2483 4351 -454.542084 ) (-2483 4288.500000 -454.542084 ) (-2483 4288.500000 -444.542023 ) 
4 229 230 (-2387 4288.500000 -508.541992 ) (-2402 4288.500000 -508.541992 ) (-2402 4351 -508.541992 ) (-2387 4351 -508.541992 ) 
4 230 234 (-2483 4351 -508.541992 ) (-2483 4351 -509 ) (-2483 4288.500000 -509 ) (-2483 4288.500000 -508.541992 ) 
4 231 233 (-2498.006104 4288.500000 -444.539062 ) (-2498.006104 4351 -444.539062 ) (-2578.314697 4351 -391 ) (-2578.314697 4288.500000 -391 ) 
4 231 234 (-2579 4288.500000 -444.539062 ) (-2579 4351 -444.539062 ) (-2498.004395 4351 -444.539062 ) (-2498.004395 4288.500000 -444.539062 ) 
4 232 233 (-2563.314453 4288.500000 -391 ) (-2563.314453 4351 -391 ) (-2483.006104 4351 -444.539062 ) (-2483.006104 4288.500000 -444.539062 ) 
4 233 234 (-2498.004395 4351 -444.539062 ) (-2483 4351 -444.539062 ) (-2483 4288.500000 -444.539062 ) (-2498.004395 4288.500000 -444.539062 ) 
4 236 574 (-3072 4483 -384 ) (-3072 4591 -384 ) (-3072 4591 -512 ) (-3072 4483 -512 ) 
4 236 572 (-3072 4693 -478 ) (-3072 4693 -512 ) (-3072 4591 -512 ) (-3072 4591 -478 ) 
4 236 567 (-3072 4591 -384 ) (-3072 4693 -384 ) (-3072 4693 -478 ) (-3072 4591 -478 ) 
4 236 566 (-3072 4693 -384 ) (-3072 4739 -384 ) (-3072 4739 -512 ) (-3072 4693 -512 ) 
4 237 247 (-2048 3829 128 ) (-2048 3645.133301 128 ) (-2048 3645.133301 192 ) (-2048 3829 192 ) 
4 237 242 (-2048 3840.220215 128 ) (-2048 3829 128 ) (-2048 3829 192 ) (-2048 3840.220215 192 ) 
16 237 240 (-2048 3645.133301 128 ) (-2048 3840.220215 128 ) (-1664.632080 3840.220215 128 ) (-1615.634155 3830.220703 128 ) (-1573.634033 3803.222656 128 ) (-1546.628540 3761.217773 128 ) (-1536.630127 3712.220459 128 ) (-1536.630127 3648.218750 128 ) (-1546.622925 3599.233887 128 ) (-1573.648438 3557.191162 128 ) (-1615.588379 3530.227295 128 ) (-1664.627686 3520.220215 128 ) (-1920.621338 3520.220215 128 ) (-1969.643311 3530.230713 128 ) (-2011.636841 3557.224365 128 ) (-2038.629883 3599.215332 128 ) 
4 237 238 (-1792.630127 3520.220215 128 ) (-1664.628662 3520.220215 128 ) (-1664.628540 3520.220215 192 ) (-1792.630127 3520.220215 192 ) 
4 238 341 (-1664.632812 3072 192 ) (-1792.630127 3072 192 ) (-1792.630127 3072 128 ) (-1664.632812 3072 128 ) 
4 238 241 (-1664.632812 3072 128 ) (-1792.630127 3072 128 ) (-1792.630127 3520.220215 128 ) (-1664.632812 3520.220215 128 ) 
4 239 243 (-2048 3868.220215 0 ) (-2048 3840.220215 0 ) (-2048 3840.220215 128 ) (-2048 3868.220215 128 ) 
4 239 240 (-2048 3840.220215 0 ) (-1856.630127 3840.220215 0 ) (-1856.630127 3840.220215 128 ) (-2048 3840.220215 128 ) 
4 240 249 (-2048 3829 0 ) (-2048 3645.133301 0 ) (-2048 3645.133301 128 ) (-2048 3829 128 ) 
4 240 243 (-2048 3840.220215 0 ) (-2048 3829 0 ) (-2048 3829 128 ) (-2048 3840.220215 128 ) 
4 240 241 (-1792.630127 3520.220215 0 ) (-1664.628296 3520.220215 0 ) (-1664.628540 3520.220215 128 ) (-1792.630127 3520.220215 128 ) 
4 241 341 (-1664.632812 3072 128 ) (-1792.630127 3072 128 ) (-1792.630127 3072 0 ) (-1664.632812 3072 0 ) 
4 242 247 (-2048 3829 128 ) (-2048 3829 192 ) (-2048.629883 3829 192 ) (-2048.629883 3829 128 ) 
4 242 243 (-2048 3829 128 ) (-2048.629883 3829 128 ) (-2048.629883 3840.220215 128 ) (-2048 3840.220215 128 ) 
4 243 249 (-2048.629883 3829 0 ) (-2048 3829 0 ) (-2048 3829 128 ) (-2048.629883 3829 128 ) 
4 244 252 (-2580 3829 0 ) (-2571 3829 0 ) (-2571 3829 111.834007 ) (-2580 3829 111.834007 ) 
4 244 245 (-2580 3856 0 ) (-2580 3829 0 ) (-2580 3829 111.834007 ) (-2580 3856 111.834007 ) 
4 245 307 (-2708 3856 0 ) (-2708 3868 0 ) (-2580.430176 3868 0 ) (-2580.430176 3856 0 ) 
4 245 306 (-2580.430176 3868 0 ) (-2580 3868 0 ) (-2580 3856 0 ) (-2580.430176 3856 0 ) 
4 245 303 (-2708 3868 0 ) (-2708 3880 0 ) (-2580 3880 0 ) (-2580 3868 0 ) 
4 245 298 (-2708 3880 0 ) (-2708 3892 0 ) (-2580 3892 0 ) (-2580 3880 0 ) 
4 245 293 (-2708 3892 0 ) (-2708 3904 0 ) (-2580 3904 0 ) (-2580 3892 0 ) 
4 245 288 (-2708 3904 0 ) (-2708 3916 0 ) (-2580 3916 0 ) (-2580 3904 0 ) 
4 245 283 (-2708 3916 0 ) (-2708 3928 0 ) (-2580 3928 0 ) (-2580 3916 0 ) 
4 245 275 (-2708 3928 0 ) (-2708 4048 0 ) (-2580 4048 0 ) (-2580 3928 0 ) 
4 245 252 (-2708 3829 0 ) (-2580 3829 0 ) (-2580 3829 111.834007 ) (-2708 3829 111.834007 ) 
4 245 246 (-2708 3856 0 ) (-2708 3829 0 ) (-2708 3829 111.834007 ) (-2708 3856 111.834007 ) 
4 246 252 (-2720 3829 0 ) (-2708 3829 0 ) (-2708 3829 111.834007 ) (-2720 3829 111.834007 ) 
4 247 249 (-2048.489990 3829 128 ) (-2048 3829 128 ) (-2048 3645.133301 128 ) (-2048.489990 3647.534668 128 ) 
4 248 253 (-2912 3680.149902 160 ) (-2912 3829 160 ) (-2912 3829 128 ) (-2912 3680.149902 128 ) 
4 248 252 (-2912 3680.149902 128 ) (-2912 3829 128 ) (-2080.629883 3829 128 ) (-2080.629883 3680.149902 128 ) 
4 249 250 (-2048.489990 3647.533203 0 ) (-2048.489990 3647.533203 111.834007 ) (-2048.489990 3829 111.834007 ) (-2048.489990 3829 0 ) 
4 250 251 (-2048.629883 3680 111.834007 ) (-2048.629883 3829 111.834007 ) (-2048.629883 3829 0 ) (-2048.629883 3680 0 ) 
4 251 252 (-2052.629883 3829 111.834007 ) (-2052.629883 3829 0 ) (-2052.629883 3680 0 ) (-2052.629883 3680 111.834007 ) 
4 252 253 (-2912 3829 0 ) (-2912 3680.149902 0 ) (-2912 3680.149902 128 ) (-2912 3829 128 ) 
4 253 254 (-2956.300293 3829 160 ) (-2956.300293 3829 0 ) (-2956.300293 3680 0 ) (-2956.300293 3680 160 ) 
4 254 255 (-3060 3300 112 ) (-3060 3300 0 ) (-2956.300293 3300 0 ) (-2956.300293 3300 112 ) 
4 255 256 (-3060 3296 0 ) (-2956.300293 3296 0 ) (-2956.300293 3296 112 ) (-3060 3296 112 ) 
4 256 621 (-3072 3296 160 ) (-3072 3296 0 ) (-3072 3168 0 ) (-3072 3168 160 ) 
4 256 269 (-3012 3168 48 ) (-3012 3168 108 ) (-3056 3168 108 ) (-3056 3168 48 ) 
4 256 272 (-3056 3168 0 ) (-3012 3168 0 ) (-3012 3168 48 ) (-3056 3168 48 ) 
4 256 265 (-3012 3168 112 ) (-3012 3168 144 ) (-3056 3168 144 ) (-3056 3168 112 ) 
4 256 264 (-3012 3168 144 ) (-3012 3168 148 ) (-3056 3168 148 ) (-3056 3168 144 ) 
4 256 268 (-3012 3168 108 ) (-3012 3168 112 ) (-3056 3168 112 ) (-3056 3168 108 ) 
4 256 273 (-3060 3168 0 ) (-3056 3168 0 ) (-3056 3168 148 ) (-3060 3168 148 ) 
4 256 259 (-2960 3168 112 ) (-2960 3168 144 ) (-3008 3168 144 ) (-3008 3168 112 ) 
4 256 258 (-2960 3168 144 ) (-2960 3168 148 ) (-3008 3168 148 ) (-3008 3168 144 ) 
4 256 262 (-3008 3168 0 ) (-2960 3168 0 ) (-2960 3168 112 ) (-3008 3168 112 ) 
4 256 257 (-2960 3168 0 ) (-2956 3168 0 ) (-2956 3168 148 ) (-2960 3168 148 ) 
4 256 263 (-3012 3168 0 ) (-3008 3168 0 ) (-3008 3168 148 ) (-3012 3168 148 ) 
4 257 274 (-2960 3164 0 ) (-2956 3164 0 ) (-2956 3164 148 ) (-2960 3164 148 ) 
4 257 260 (-2960 3165 144 ) (-2960 3167 144 ) (-2960 3167 112 ) (-2960 3165 112 ) 
4 257 259 (-2960 3167 144 ) (-2960 3168 144 ) (-2960 3168 112 ) (-2960 3167 112 ) 
4 257 261 (-2960 3164 112 ) (-2960 3164 144 ) (-2960 3165 144 ) (-2960 3165 112 ) 
4 257 258 (-2960 3164 144 ) (-2960 3164 148 ) (-2960 3168 148 ) (-2960 3168 144 ) 
4 257 262 (-2960 3164 0 ) (-2960 3164 112 ) (-2960 3168 112 ) (-2960 3168 0 ) 
4 258 274 (-2960 3164 144 ) (-2960 3164 148 ) (-3008 3164 148 ) (-3008 3164 144 ) 
4 258 260 (-3008 3165 144 ) (-3008 3167 144 ) (-2960 3167 144 ) (-2960 3165 144 ) 
4 258 259 (-3008 3167 144 ) (-3008 3168 144 ) (-2960 3168 144 ) (-2960 3167 144 ) 
4 258 261 (-3008 3164 144 ) (-3008 3165 144 ) (-2960 3165 144 ) (-2960 3164 144 ) 
4 258 263 (-3008 3164 144 ) (-3008 3164 148 ) (-3008 3168 148 ) (-3008 3168 144 ) 
4 259 262 (-3008 3167 112 ) (-3008 3168 112 ) (-2960 3168 112 ) (-2960 3167 112 ) 
4 259 263 (-3008 3167 144 ) (-3008 3168 144 ) (-3008 3168 112 ) (-3008 3167 112 ) 
4 259 260 (-3008 3167 112 ) (-2960 3167 112 ) (-2960 3167 144 ) (-3008 3167 144 ) 
4 260 261 (-3008 3165 112 ) (-2960 3165 112 ) (-2960 3165 144 ) (-3008 3165 144 ) 
4 260 262 (-3008 3165 112 ) (-3008 3167 112 ) (-2960 3167 112 ) (-2960 3165 112 ) 
4 260 263 (-3008 3165 144 ) (-3008 3167 144 ) (-3008 3167 112 ) (-3008 3165 112 ) 
4 261 274 (-2960 3164 112 ) (-2960 3164 144 ) (-3008 3164 144 ) (-3008 3164 112 ) 
4 261 263 (-3008 3164 112 ) (-3008 3164 144 ) (-3008 3165 144 ) (-3008 3165 112 ) 
4 261 262 (-3008 3164 112 ) (-3008 3165 112 ) (-2960 3165 112 ) (-2960 3164 112 ) 
4 262 274 (-3008 3164 0 ) (-2960 3164 0 ) (-2960 3164 112 ) (-3008 3164 112 ) 
4 262 263 (-3008 3164 0 ) (-3008 3164 112 ) (-3008 3168 112 ) (-3008 3168 0 ) 
4 263 274 (-3012 3164 0 ) (-3008 3164 0 ) (-3008 3164 148 ) (-3012 3164 148 ) 
4 263 270 (-3012 3165 108 ) (-3012 3167 108 ) (-3012 3167 48 ) (-3012 3165 48 ) 
4 263 269 (-3012 3167 108 ) (-3012 3168 108 ) (-3012 3168 48 ) (-3012 3167 48 ) 
4 263 271 (-3012 3164 48 ) (-3012 3164 108 ) (-3012 3165 108 ) (-3012 3165 48 ) 
4 263 272 (-3012 3164 0 ) (-3012 3164 48 ) (-3012 3168 48 ) (-3012 3168 0 ) 
4 263 266 (-3012 3165 144 ) (-3012 3167 144 ) (-3012 3167 112 ) (-3012 3165 112 ) 
4 263 265 (-3012 3167 144 ) (-3012 3168 144 ) (-3012 3168 112 ) (-3012 3167 112 ) 
4 263 267 (-3012 3164 112 ) (-3012 3164 144 ) (-3012 3165 144 ) (-3012 3165 112 ) 
4 263 264 (-3012 3164 144 ) (-3012 3164 148 ) (-3012 3168 148 ) (-3012 3168 144 ) 
4 263 268 (-3012 3164 108 ) (-3012 3164 112 ) (-3012 3168 112 ) (-3012 3168 108 ) 
4 264 274 (-3012 3164 144 ) (-3012 3164 148 ) (-3056 3164 148 ) (-3056 3164 144 ) 
4 264 266 (-3056 3165 144 ) (-3056 3167 144 ) (-3012 3167 144 ) (-3012 3165 144 ) 
4 264 265 (-3056 3167 144 ) (-3056 3168 144 ) (-3012 3168 144 ) (-3012 3167 144 ) 
4 264 267 (-3056 3164 144 ) (-3056 3165 144 ) (-3012 3165 144 ) (-3012 3164 144 ) 
4 264 273 (-3056 3164 144 ) (-3056 3164 148 ) (-3056 3168 148 ) (-3056 3168 144 ) 
4 265 268 (-3056 3167 112 ) (-3056 3168 112 ) (-3012 3168 112 ) (-3012 3167 112 ) 
4 265 273 (-3056 3167 144 ) (-3056 3168 144 ) (-3056 3168 112 ) (-3056 3167 112 ) 
4 265 266 (-3056 3167 112 ) (-3012 3167 112 ) (-3012 3167 144 ) (-3056 3167 144 ) 
4 266 267 (-3056 3165 112 ) (-3012 3165 112 ) (-3012 3165 144 ) (-3056 3165 144 ) 
4 266 268 (-3056 3165 112 ) (-3056 3167 112 ) (-3012 3167 112 ) (-3012 3165 112 ) 
4 266 273 (-3056 3165 144 ) (-3056 3167 144 ) (-3056 3167 112 ) (-3056 3165 112 ) 
4 267 274 (-3012 3164 112 ) (-3012 3164 144 ) (-3056 3164 144 ) (-3056 3164 112 ) 
4 267 273 (-3056 3164 112 ) (-3056 3164 144 ) (-3056 3165 144 ) (-3056 3165 112 ) 
4 267 268 (-3056 3164 112 ) (-3056 3165 112 ) (-3012 3165 112 ) (-3012 3164 112 ) 
4 268 274 (-3012 3164 108 ) (-3012 3164 112 ) (-3056 3164 112 ) (-3056 3164 108 ) 
4 268 270 (-3056 3165 108 ) (-3056 3167 108 ) (-3012 3167 108 ) (-3012 3165 108 ) 
4 268 269 (-3056 3167 108 ) (-3056 3168 108 ) (-3012 3168 108 ) (-3012 3167 108 ) 
4 268 271 (-3056 3164 108 ) (-3056 3165 108 ) (-3012 3165 108 ) (-3012 3164 108 ) 
4 268 273 (-3056 3164 108 ) (-3056 3164 112 ) (-3056 3168 112 ) (-3056 3168 108 ) 
4 269 273 (-3056 3167 108 ) (-3056 3168 108 ) (-3056 3168 48 ) (-3056 3167 48 ) 
4 269 272 (-3056 3167 48 ) (-3056 3168 48 ) (-3012 3168 48 ) (-3012 3167 48 ) 
4 269 270 (-3056 3167 48 ) (-3012 3167 48 ) (-3012 3167 108 ) (-3056 3167 108 ) 
4 270 271 (-3056 3165 48 ) (-3012 3165 48 ) (-3012 3165 108 ) (-3056 3165 108 ) 
4 270 273 (-3056 3165 108 ) (-3056 3167 108 ) (-3056 3167 48 ) (-3056 3165 48 ) 
4 270 272 (-3056 3165 48 ) (-3056 3167 48 ) (-3012 3167 48 ) (-3012 3165 48 ) 
4 271 274 (-3012 3164 48 ) (-3012 3164 108 ) (-3056 3164 108 ) (-3056 3164 48 ) 
4 271 272 (-3056 3164 48 ) (-3056 3165 48 ) (-3012 3165 48 ) (-3012 3164 48 ) 
4 271 273 (-3056 3164 48 ) (-3056 3164 108 ) (-3056 3165 108 ) (-3056 3165 48 ) 
4 272 274 (-3056 3164 0 ) (-3012 3164 0 ) (-3012 3164 48 ) (-3056 3164 48 ) 
4 272 273 (-3056 3164 0 ) (-3056 3164 48 ) (-3056 3168 48 ) (-3056 3168 0 ) 
4 273 274 (-3060 3164 0 ) (-3056 3164 0 ) (-3056 3164 148 ) (-3060 3164 148 ) 
4 274 433 (-3072 3072 160 ) (-3072 3072 0 ) (-3060 3072 0 ) (-3060 3072 160 ) 
4 274 428 (-2960 3072 48 ) (-2960 3072 108 ) (-3004 3072 108 ) (-3004 3072 48 ) 
4 274 427 (-2960 3072 108 ) (-2960 3072 112 ) (-3004 3072 112 ) (-3004 3072 108 ) 
4 274 431 (-3004 3072 0 ) (-2960 3072 0 ) (-2960 3072 48 ) (-3004 3072 48 ) 
4 274 426 (-2960 3072 0 ) (-2956 3072 0 ) (-2956 3072 112 ) (-2960 3072 112 ) 
4 274 432 (-3060 3072 0 ) (-3004 3072 0 ) (-3004 3072 112 ) (-3060 3072 112 ) 
4 274 423 (-2956 3072 112 ) (-2956 3072 160 ) (-3060 3072 160 ) (-3060 3072 112 ) 
4 274 420 (-2956 3072 0 ) (-2944 3072 0 ) (-2944 3072 160 ) (-2956 3072 160 ) 
4 275 285 (-2708 3928 -40 ) (-2708 3928 -48 ) (-2580.430176 3928 -48 ) (-2580.430176 3928 -40 ) 
4 275 284 (-2580.430176 3928 -48 ) (-2580 3928 -48 ) (-2580 3928 -40 ) (-2580.430176 3928 -40 ) 
4 275 283 (-2708 3928 0 ) (-2708 3928 -40 ) (-2580 3928 -40 ) (-2580 3928 0 ) 
4 275 280 (-2580.430176 3928 -48 ) (-2708 3928 -48 ) (-2708 3940 -48 ) (-2580.430176 3940 -48 ) 
4 275 279 (-2580 3928 -48 ) (-2580.430176 3928 -48 ) (-2580.430176 3940 -48 ) (-2580 3940 -48 ) 
4 275 277 (-2708 3940 -48 ) (-2708 3952 -48 ) (-2580 3952 -48 ) (-2580 3940 -48 ) 
4 275 276 (-2708 3952 -48 ) (-2708 4096 -48 ) (-2580 4096 -48 ) (-2580 3952 -48 ) 
4 276 337 (-2708 3952 -64 ) (-2708 3964 -64 ) (-2580.430176 3964 -64 ) (-2580.430176 3952 -64 ) 
4 276 336 (-2580.430176 3964 -64 ) (-2580 3964 -64 ) (-2580 3952 -64 ) (-2580.430176 3952 -64 ) 
4 276 333 (-2708 3964 -64 ) (-2708 3976 -64 ) (-2580 3976 -64 ) (-2580 3964 -64 ) 
4 276 330 (-2708 3976 -64 ) (-2708 3988 -64 ) (-2580 3988 -64 ) (-2580 3976 -64 ) 
4 276 327 (-2708 3988 -64 ) (-2708 4000 -64 ) (-2580 4000 -64 ) (-2580 3988 -64 ) 
4 276 323 (-2708 4000 -64 ) (-2708 4012 -64 ) (-2580 4012 -64 ) (-2580 4000 -64 ) 
4 276 319 (-2708 4012 -64 ) (-2708 4024 -64 ) (-2580 4024 -64 ) (-2580 4012 -64 ) 
4 276 315 (-2708 4024 -64 ) (-2708 4036 -64 ) (-2580 4036 -64 ) (-2580 4024 -64 ) 
4 276 312 (-2708 4036 -64 ) (-2708 4048 -64 ) (-2580 4048 -64 ) (-2580 4036 -64 ) 
4 276 311 (-2708 4048 -64 ) (-2708 4096 -64 ) (-2580 4096 -64 ) (-2580 4048 -64 ) 
4 276 278 (-2708 3952 -64 ) (-2580 3952 -64 ) (-2580 3952 -56 ) (-2708 3952 -56 ) 
4 276 277 (-2580 3952 -56 ) (-2580 3952 -48 ) (-2708 3952 -48 ) (-2708 3952 -56 ) 
4 277 280 (-2580.430176 3940 -48 ) (-2708 3940 -48 ) (-2708 3940 -56 ) (-2580.430176 3940 -56 ) 
4 277 279 (-2580 3940 -56 ) (-2580 3940 -48 ) (-2580.430176 3940 -48 ) (-2580.430176 3940 -56 ) 
4 277 278 (-2580 3940 -56 ) (-2708 3940 -56 ) (-2708 3952 -56 ) (-2580 3952 -56 ) 
4 278 338 (-2708 3940 -64 ) (-2708 3952 -64 ) (-2580 3952 -64 ) (-2580 3940 -64 ) 
4 278 282 (-2708 3940 -64 ) (-2580.430176 3940 -64 ) (-2580.430176 3940 -56 ) (-2708 3940 -56 ) 
4 278 281 (-2580.430176 3940 -64 ) (-2580 3940 -64 ) (-2580 3940 -56 ) (-2580.430176 3940 -56 ) 
4 279 284 (-2580.430176 3928 -56 ) (-2580 3928 -56 ) (-2580 3928 -48 ) (-2580.430176 3928 -48 ) 
4 279 281 (-2580 3928 -56 ) (-2580.430176 3928 -56 ) (-2580.430176 3940 -56 ) (-2580 3940 -56 ) 
4 279 280 (-2580.430176 3940 -48 ) (-2580.430176 3940 -56 ) (-2580.430176 3928 -56 ) (-2580.430176 3928 -48 ) 
4 280 285 (-2708 3928 -48 ) (-2708 3928 -56 ) (-2580.430176 3928 -56 ) (-2580.430176 3928 -48 ) 
4 280 282 (-2580.430176 3928 -56 ) (-2708 3928 -56 ) (-2708 3940 -56 ) (-2580.430176 3940 -56 ) 
4 281 338 (-2580.430176 3940 -64 ) (-2580 3940 -64 ) (-2580 3928 -64 ) (-2580.430176 3928 -64 ) 
4 281 286 (-2580.430176 3928 -64 ) (-2580 3928 -64 ) (-2580 3928 -56 ) (-2580.430176 3928 -56 ) 
4 281 282 (-2580.430176 3928 -64 ) (-2580.430176 3928 -56 ) (-2580.430176 3940 -56 ) (-2580.430176 3940 -64 ) 
4 282 338 (-2708 3928 -64 ) (-2708 3940 -64 ) (-2580.430176 3940 -64 ) (-2580.430176 3928 -64 ) 
4 282 287 (-2708 3928 -56 ) (-2708 3928 -64 ) (-2580.430176 3928 -64 ) (-2580.430176 3928 -56 ) 
4 283 290 (-2708 3916 -32 ) (-2708 3916 -40 ) (-2580.430176 3916 -40 ) (-2580.430176 3916 -32 ) 
4 283 289 (-2580.430176 3916 -40 ) (-2580 3916 -40 ) (-2580 3916 -32 ) (-2580.430176 3916 -32 ) 
4 283 288 (-2708 3916 0 ) (-2708 3916 -32 ) (-2580 3916 -32 ) (-2580 3916 0 ) 
4 283 285 (-2580.430176 3916 -40 ) (-2708 3916 -40 ) (-2708 3928 -40 ) (-2580.430176 3928 -40 ) 
4 283 284 (-2580 3916 -40 ) (-2580.430176 3916 -40 ) (-2580.430176 3928 -40 ) (-2580 3928 -40 ) 
4 284 289 (-2580.430176 3916 -56 ) (-2580 3916 -56 ) (-2580 3916 -40 ) (-2580.430176 3916 -40 ) 
4 284 286 (-2580 3916 -56 ) (-2580.430176 3916 -56 ) (-2580.430176 3928 -56 ) (-2580 3928 -56 ) 
4 284 285 (-2580.430176 3928 -56 ) (-2580.430176 3916 -56 ) (-2580.430176 3916 -40 ) (-2580.430176 3928 -40 ) 
4 285 290 (-2708 3916 -40 ) (-2708 3916 -56 ) (-2580.430176 3916 -56 ) (-2580.430176 3916 -40 ) 
4 285 287 (-2580.430176 3916 -56 ) (-2708 3916 -56 ) (-2708 3928 -56 ) (-2580.430176 3928 -56 ) 
4 286 338 (-2580.430176 3928 -64 ) (-2580 3928 -64 ) (-2580 3916 -64 ) (-2580.430176 3916 -64 ) 
4 286 291 (-2580.430176 3916 -64 ) (-2580 3916 -64 ) (-2580 3916 -56 ) (-2580.430176 3916 -56 ) 
4 286 287 (-2580.430176 3916 -64 ) (-2580.430176 3916 -56 ) (-2580.430176 3928 -56 ) (-2580.430176 3928 -64 ) 
4 287 338 (-2708 3916 -64 ) (-2708 3928 -64 ) (-2580.430176 3928 -64 ) (-2580.430176 3916 -64 ) 
4 287 292 (-2708 3916 -56 ) (-2708 3916 -64 ) (-2580.430176 3916 -64 ) (-2580.430176 3916 -56 ) 
4 288 295 (-2708 3904 -24 ) (-2708 3904 -32 ) (-2580.430176 3904 -32 ) (-2580.430176 3904 -24 ) 
4 288 294 (-2580.430176 3904 -32 ) (-2580 3904 -32 ) (-2580 3904 -24 ) (-2580.430176 3904 -24 ) 
4 288 293 (-2708 3904 0 ) (-2708 3904 -24 ) (-2580 3904 -24 ) (-2580 3904 0 ) 
4 288 290 (-2580.430176 3904 -32 ) (-2708 3904 -32 ) (-2708 3916 -32 ) (-2580.430176 3916 -32 ) 
4 288 289 (-2580 3904 -32 ) (-2580.430176 3904 -32 ) (-2580.430176 3916 -32 ) (-2580 3916 -32 ) 
4 289 294 (-2580.430176 3904 -56 ) (-2580 3904 -56 ) (-2580 3904 -32 ) (-2580.430176 3904 -32 ) 
4 289 291 (-2580 3904 -56 ) (-2580.430176 3904 -56 ) (-2580.430176 3916 -56 ) (-2580 3916 -56 ) 
4 289 290 (-2580.430176 3916 -56 ) (-2580.430176 3904 -56 ) (-2580.430176 3904 -32 ) (-2580.430176 3916 -32 ) 
4 290 295 (-2708 3904 -32 ) (-2708 3904 -56 ) (-2580.430176 3904 -56 ) (-2580.430176 3904 -32 ) 
4 290 292 (-2580.430176 3904 -56 ) (-2708 3904 -56 ) (-2708 3916 -56 ) (-2580.430176 3916 -56 ) 
4 291 338 (-2580.430176 3916 -64 ) (-2580 3916 -64 ) (-2580 3904 -64 ) (-2580.430176 3904 -64 ) 
4 291 296 (-2580.430176 3904 -64 ) (-2580 3904 -64 ) (-2580 3904 -56 ) (-2580.430176 3904 -56 ) 
4 291 292 (-2580.430176 3904 -64 ) (-2580.430176 3904 -56 ) (-2580.430176 3916 -56 ) (-2580.430176 3916 -64 ) 
4 292 338 (-2708 3904 -64 ) (-2708 3916 -64 ) (-2580.430176 3916 -64 ) (-2580.430176 3904 -64 ) 
4 292 297 (-2708 3904 -56 ) (-2708 3904 -64 ) (-2580.430176 3904 -64 ) (-2580.430176 3904 -56 ) 
4 293 300 (-2708 3892 -16 ) (-2708 3892 -24 ) (-2580.430176 3892 -24 ) (-2580.430176 3892 -16 ) 
4 293 299 (-2580.430176 3892 -24 ) (-2580 3892 -24 ) (-2580 3892 -16 ) (-2580.430176 3892 -16 ) 
4 293 298 (-2708 3892 0 ) (-2708 3892 -16 ) (-2580 3892 -16 ) (-2580 3892 0 ) 
4 293 295 (-2580.430176 3892 -24 ) (-2708 3892 -24 ) (-2708 3904 -24 ) (-2580.430176 3904 -24 ) 
4 293 294 (-2580 3892 -24 ) (-2580.430176 3892 -24 ) (-2580.430176 3904 -24 ) (-2580 3904 -24 ) 
4 294 299 (-2580.430176 3892 -56 ) (-2580 3892 -56 ) (-2580 3892 -24 ) (-2580.430176 3892 -24 ) 
4 294 296 (-2580 3892 -56 ) (-2580.430176 3892 -56 ) (-2580.430176 3904 -56 ) (-2580 3904 -56 ) 
4 294 295 (-2580.430176 3904 -56 ) (-2580.430176 3892 -56 ) (-2580.430176 3892 -24 ) (-2580.430176 3904 -24 ) 
4 295 300 (-2708 3892 -24 ) (-2708 3892 -56 ) (-2580.430176 3892 -56 ) (-2580.430176 3892 -24 ) 
4 295 297 (-2580.430176 3892 -56 ) (-2708 3892 -56 ) (-2708 3904 -56 ) (-2580.430176 3904 -56 ) 
4 296 338 (-2580.430176 3904 -64 ) (-2580 3904 -64 ) (-2580 3892 -64 ) (-2580.430176 3892 -64 ) 
4 296 301 (-2580.430176 3892 -64 ) (-2580 3892 -64 ) (-2580 3892 -56 ) (-2580.430176 3892 -56 ) 
4 296 297 (-2580.430176 3892 -64 ) (-2580.430176 3892 -56 ) (-2580.430176 3904 -56 ) (-2580.430176 3904 -64 ) 
4 297 338 (-2708 3892 -64 ) (-2708 3904 -64 ) (-2580.430176 3904 -64 ) (-2580.430176 3892 -64 ) 
4 297 302 (-2708 3892 -56 ) (-2708 3892 -64 ) (-2580.430176 3892 -64 ) (-2580.430176 3892 -56 ) 
4 298 305 (-2708 3880 -8 ) (-2708 3880 -16 ) (-2580.430176 3880 -16 ) (-2580.430176 3880 -8 ) 
4 298 304 (-2580.430176 3880 -16 ) (-2580 3880 -16 ) (-2580 3880 -8 ) (-2580.430176 3880 -8 ) 
4 298 303 (-2708 3880 0 ) (-2708 3880 -8 ) (-2580 3880 -8 ) (-2580 3880 0 ) 
4 298 300 (-2580.430176 3880 -16 ) (-2708 3880 -16 ) (-2708 3892 -16 ) (-2580.430176 3892 -16 ) 
4 298 299 (-2580 3880 -16 ) (-2580.430176 3880 -16 ) (-2580.430176 3892 -16 ) (-2580 3892 -16 ) 
4 299 304 (-2580.430176 3880 -56 ) (-2580 3880 -56 ) (-2580 3880 -16 ) (-2580.430176 3880 -16 ) 
4 299 301 (-2580 3880 -56 ) (-2580.430176 3880 -56 ) (-2580.430176 3892 -56 ) (-2580 3892 -56 ) 
4 299 300 (-2580.430176 3892 -56 ) (-2580.430176 3880 -56 ) (-2580.430176 3880 -16 ) (-2580.430176 3892 -16 ) 
4 300 305 (-2708 3880 -16 ) (-2708 3880 -56 ) (-2580.430176 3880 -56 ) (-2580.430176 3880 -16 ) 
4 300 302 (-2580.430176 3880 -56 ) (-2708 3880 -56 ) (-2708 3892 -56 ) (-2580.430176 3892 -56 ) 
4 301 338 (-2580.430176 3892 -64 ) (-2580 3892 -64 ) (-2580 3880 -64 ) (-2580.430176 3880 -64 ) 
4 301 308 (-2580.430176 3880 -64 ) (-2580 3880 -64 ) (-2580 3880 -56 ) (-2580.430176 3880 -56 ) 
4 301 302 (-2580.430176 3880 -64 ) (-2580.430176 3880 -56 ) (-2580.430176 3892 -56 ) (-2580.430176 3892 -64 ) 
4 302 338 (-2708 3880 -64 ) (-2708 3892 -64 ) (-2580.430176 3892 -64 ) (-2580.430176 3880 -64 ) 
4 302 309 (-2708 3880 -56 ) (-2708 3880 -64 ) (-2580.430176 3880 -64 ) (-2580.430176 3880 -56 ) 
4 303 307 (-2708 3868 0 ) (-2708 3868 -8 ) (-2580.430176 3868 -8 ) (-2580.430176 3868 0 ) 
4 303 306 (-2580.430176 3868 -8 ) (-2580 3868 -8 ) (-2580 3868 0 ) (-2580.430176 3868 0 ) 
4 303 305 (-2580.430176 3868 -8 ) (-2708 3868 -8 ) (-2708 3880 -8 ) (-2580.430176 3880 -8 ) 
4 303 304 (-2580 3868 -8 ) (-2580.430176 3868 -8 ) (-2580.430176 3880 -8 ) (-2580 3880 -8 ) 
4 304 308 (-2580.430176 3880 -56 ) (-2580 3880 -56 ) (-2580 3868 -56 ) (-2580.430176 3868 -56 ) 
4 304 306 (-2580.430176 3868 -56 ) (-2580 3868 -56 ) (-2580 3868 -8 ) (-2580.430176 3868 -8 ) 
4 304 305 (-2580.430176 3880 -56 ) (-2580.430176 3868 -56 ) (-2580.430176 3868 -8 ) (-2580.430176 3880 -8 ) 
4 305 309 (-2708 3880 -56 ) (-2580.430176 3880 -56 ) (-2580.430176 3868 -56 ) (-2708 3868 -56 ) 
4 305 307 (-2708 3868 -8 ) (-2708 3868 -56 ) (-2580.430176 3868 -56 ) (-2580.430176 3868 -8 ) 
4 306 308 (-2580 3868 -56 ) (-2580 3856 -56 ) (-2580.430176 3856 -56 ) (-2580.430176 3868 -56 ) 
4 306 307 (-2580.430176 3868 0 ) (-2580.430176 3868 -56 ) (-2580.430176 3856 -56 ) (-2580.430176 3856 0 ) 
4 307 310 (-2580.430176 3856 -56 ) (-2708 3856 -56 ) (-2708 3868 -56 ) (-2580.430176 3868 -56 ) 
4 308 338 (-2580 3856 -64 ) (-2580.430176 3856 -64 ) (-2580.430176 3880 -64 ) (-2580 3880 -64 ) 
4 308 310 (-2580.430176 3856 -56 ) (-2580.430176 3868 -56 ) (-2580.430176 3868 -64 ) (-2580.430176 3856 -64 ) 
4 308 309 (-2580.430176 3868 -56 ) (-2580.430176 3880 -56 ) (-2580.430176 3880 -64 ) (-2580.430176 3868 -64 ) 
4 309 338 (-2708 3868 -64 ) (-2708 3880 -64 ) (-2580.430176 3880 -64 ) (-2580.430176 3868 -64 ) 
4 309 310 (-2708 3868 -64 ) (-2580.430176 3868 -64 ) (-2580.430176 3868 -56 ) (-2708 3868 -56 ) 
4 310 338 (-2580.430176 3856 -64 ) (-2708 3856 -64 ) (-2708 3868 -64 ) (-2580.430176 3868 -64 ) 
4 311 314 (-2708 4048 -128 ) (-2580.430176 4048 -128 ) (-2580.430176 4048 -118 ) (-2708 4048 -118 ) 
4 311 313 (-2580.430176 4048 -128 ) (-2580 4048 -128 ) (-2580 4048 -118 ) (-2580.430176 4048 -118 ) 
4 311 312 (-2580 4048 -118 ) (-2580 4048 -64 ) (-2708 4048 -64 ) (-2708 4048 -118 ) 
4 312 317 (-2580.430176 4036 -110 ) (-2708 4036 -110 ) (-2708 4036 -118 ) (-2580.430176 4036 -118 ) 
4 312 316 (-2580 4036 -118 ) (-2580 4036 -110 ) (-2580.430176 4036 -110 ) (-2580.430176 4036 -118 ) 
4 312 315 (-2580 4036 -110 ) (-2580 4036 -64 ) (-2708 4036 -64 ) (-2708 4036 -110 ) 
4 312 314 (-2580.430176 4036 -118 ) (-2708 4036 -118 ) (-2708 4048 -118 ) (-2580.430176 4048 -118 ) 
4 312 313 (-2580 4036 -118 ) (-2580.430176 4036 -118 ) (-2580.430176 4048 -118 ) (-2580 4048 -118 ) 
4 313 316 (-2580 4036 -126 ) (-2580 4036 -118 ) (-2580.430176 4036 -118 ) (-2580.430176 4036 -126 ) 
4 313 318 (-2580.430176 4036 -128 ) (-2580 4036 -128 ) (-2580 4036 -126 ) (-2580.430176 4036 -126 ) 
4 313 314 (-2580.430176 4036 -128 ) (-2580.430176 4036 -118 ) (-2580.430176 4048 -118 ) (-2580.430176 4048 -128 ) 
4 314 317 (-2580.430176 4036 -126 ) (-2580.430176 4036 -118 ) (-2708 4036 -118 ) (-2708 4036 -126 ) 
4 314 318 (-2708 4036 -128 ) (-2580.430176 4036 -128 ) (-2580.430176 4036 -126 ) (-2708 4036 -126 ) 
4 315 321 (-2580.430176 4024 -104 ) (-2708 4024 -104 ) (-2708 4024 -110 ) (-2580.430176 4024 -110 ) 
4 315 320 (-2580 4024 -110 ) (-2580 4024 -104 ) (-2580.430176 4024 -104 ) (-2580.430176 4024 -110 ) 
4 315 319 (-2580 4024 -104 ) (-2580 4024 -64 ) (-2708 4024 -64 ) (-2708 4024 -104 ) 
4 315 317 (-2580.430176 4024 -110 ) (-2708 4024 -110 ) (-2708 4036 -110 ) (-2580.430176 4036 -110 ) 
4 315 316 (-2580 4024 -110 ) (-2580.430176 4024 -110 ) (-2580.430176 4036 -110 ) (-2580 4036 -110 ) 
4 316 320 (-2580 4024 -120 ) (-2580 4024 -110 ) (-2580.430176 4024 -110 ) (-2580.430176 4024 -120 ) 
4 316 322 (-2580 4024 -126 ) (-2580 4024 -120 ) (-2580.430176 4024 -120 ) (-2580.430176 4024 -126 ) 
4 316 318 (-2580 4024 -126 ) (-2580.430176 4024 -126 ) (-2580.430176 4036 -126 ) (-2580 4036 -126 ) 
4 316 317 (-2580.430176 4036 -126 ) (-2580.430176 4024 -126 ) (-2580.430176 4024 -110 ) (-2580.430176 4036 -110 ) 
4 317 321 (-2580.430176 4024 -110 ) (-2708 4024 -110 ) (-2708 4024 -120 ) (-2580.430176 4024 -120 ) 
4 317 322 (-2708 4024 -120 ) (-2708 4024 -126 ) (-2580.430176 4024 -126 ) (-2580.430176 4024 -120 ) 
4 317 318 (-2580.430176 4024 -126 ) (-2708 4024 -126 ) (-2708 4036 -126 ) (-2580.430176 4036 -126 ) 
4 318 322 (-2708 4024 -128 ) (-2580 4024 -128 ) (-2580 4024 -126 ) (-2708 4024 -126 ) 
4 319 325 (-2580.430176 4012 -96 ) (-2708 4012 -96 ) (-2708 4012 -104 ) (-2580.430176 4012 -104 ) 
4 319 324 (-2580 4012 -104 ) (-2580 4012 -96 ) (-2580.430176 4012 -96 ) (-2580.430176 4012 -104 ) 
4 319 323 (-2580 4012 -96 ) (-2580 4012 -64 ) (-2708 4012 -64 ) (-2708 4012 -96 ) 
4 319 321 (-2580.430176 4012 -104 ) (-2708 4012 -104 ) (-2708 4024 -104 ) (-2580.430176 4024 -104 ) 
4 319 320 (-2580 4012 -104 ) (-2580.430176 4012 -104 ) (-2580.430176 4024 -104 ) (-2580 4024 -104 ) 
4 320 324 (-2580 4012 -120 ) (-2580 4012 -104 ) (-2580.430176 4012 -104 ) (-2580.430176 4012 -120 ) 
4 320 322 (-2580 4012 -120 ) (-2580.430176 4012 -120 ) (-2580.430176 4024 -120 ) (-2580 4024 -120 ) 
4 320 321 (-2580.430176 4024 -120 ) (-2580.430176 4012 -120 ) (-2580.430176 4012 -104 ) (-2580.430176 4024 -104 ) 
4 321 325 (-2580.430176 4012 -104 ) (-2708 4012 -104 ) (-2708 4012 -120 ) (-2580.430176 4012 -120 ) 
4 321 322 (-2580.430176 4012 -120 ) (-2708 4012 -120 ) (-2708 4024 -120 ) (-2580.430176 4024 -120 ) 
4 322 326 (-2708 4012 -128 ) (-2580 4012 -128 ) (-2580 4012 -120 ) (-2708 4012 -120 ) 
4 323 329 (-2580.430176 4000 -88 ) (-2708 4000 -88 ) (-2708 4000 -96 ) (-2580.430176 4000 -96 ) 
4 323 328 (-2580 4000 -96 ) (-2580 4000 -88 ) (-2580.430176 4000 -88 ) (-2580.430176 4000 -96 ) 
4 323 327 (-2580 4000 -88 ) (-2580 4000 -64 ) (-2708 4000 -64 ) (-2708 4000 -88 ) 
4 323 325 (-2580.430176 4000 -96 ) (-2708 4000 -96 ) (-2708 4012 -96 ) (-2580.430176 4012 -96 ) 
4 323 324 (-2580 4000 -96 ) (-2580.430176 4000 -96 ) (-2580.430176 4012 -96 ) (-2580 4012 -96 ) 
4 324 328 (-2580 4000 -120 ) (-2580 4000 -96 ) (-2580.430176 4000 -96 ) (-2580.430176 4000 -120 ) 
4 324 326 (-2580 4000 -120 ) (-2580.430176 4000 -120 ) (-2580.430176 4012 -120 ) (-2580 4012 -120 ) 
4 324 325 (-2580.430176 4012 -120 ) (-2580.430176 4000 -120 ) (-2580.430176 4000 -96 ) (-2580.430176 4012 -96 ) 
4 325 329 (-2580.430176 4000 -96 ) (-2708 4000 -96 ) (-2708 4000 -120 ) (-2580.430176 4000 -120 ) 
4 325 326 (-2580.430176 4000 -120 ) (-2708 4000 -120 ) (-2708 4012 -120 ) (-2580.430176 4012 -120 ) 
4 326 339 (-2708 4000 -128 ) (-2580 4000 -128 ) (-2580 4000 -120 ) (-2708 4000 -120 ) 
4 327 332 (-2580.430176 3988 -80 ) (-2708 3988 -80 ) (-2708 3988 -88 ) (-2580.430176 3988 -88 ) 
4 327 331 (-2580 3988 -88 ) (-2580 3988 -80 ) (-2580.430176 3988 -80 ) (-2580.430176 3988 -88 ) 
4 327 330 (-2580 3988 -80 ) (-2580 3988 -64 ) (-2708 3988 -64 ) (-2708 3988 -80 ) 
4 327 329 (-2580.430176 3988 -88 ) (-2708 3988 -88 ) (-2708 4000 -88 ) (-2580.430176 4000 -88 ) 
4 327 328 (-2580 3988 -88 ) (-2580.430176 3988 -88 ) (-2580.430176 4000 -88 ) (-2580 4000 -88 ) 
4 328 339 (-2580.430176 4000 -120 ) (-2580 4000 -120 ) (-2580 3988 -120 ) (-2580.430176 3988 -120 ) 
4 328 331 (-2580.430176 3988 -120 ) (-2580 3988 -120 ) (-2580 3988 -88 ) (-2580.430176 3988 -88 ) 
4 328 329 (-2580.430176 4000 -120 ) (-2580.430176 3988 -120 ) (-2580.430176 3988 -88 ) (-2580.430176 4000 -88 ) 
4 329 339 (-2708 4000 -120 ) (-2580.430176 4000 -120 ) (-2580.430176 3988 -120 ) (-2708 3988 -120 ) 
4 329 332 (-2708 3988 -120 ) (-2580.430176 3988 -120 ) (-2580.430176 3988 -88 ) (-2708 3988 -88 ) 
4 330 335 (-2580.430176 3976 -72 ) (-2708 3976 -72 ) (-2708 3976 -80 ) (-2580.430176 3976 -80 ) 
4 330 334 (-2580 3976 -80 ) (-2580 3976 -72 ) (-2580.430176 3976 -72 ) (-2580.430176 3976 -80 ) 
4 330 333 (-2580 3976 -72 ) (-2580 3976 -64 ) (-2708 3976 -64 ) (-2708 3976 -72 ) 
4 330 332 (-2580.430176 3976 -80 ) (-2708 3976 -80 ) (-2708 3988 -80 ) (-2580.430176 3988 -80 ) 
4 330 331 (-2580 3976 -80 ) (-2580.430176 3976 -80 ) (-2580.430176 3988 -80 ) (-2580 3988 -80 ) 
4 331 339 (-2580 3988 -120 ) (-2580 3976 -120 ) (-2580.430176 3976 -120 ) (-2580.430176 3988 -120 ) 
4 331 334 (-2580.430176 3976 -120 ) (-2580 3976 -120 ) (-2580 3976 -80 ) (-2580.430176 3976 -80 ) 
4 331 332 (-2580.430176 3976 -120 ) (-2580.430176 3976 -80 ) (-2580.430176 3988 -80 ) (-2580.430176 3988 -120 ) 
4 332 339 (-2580.430176 3976 -120 ) (-2708 3976 -120 ) (-2708 3988 -120 ) (-2580.430176 3988 -120 ) 
4 332 335 (-2708 3976 -120 ) (-2580.430176 3976 -120 ) (-2580.430176 3976 -80 ) (-2708 3976 -80 ) 
4 333 337 (-2580.430176 3964 -64 ) (-2708 3964 -64 ) (-2708 3964 -72 ) (-2580.430176 3964 -72 ) 
4 333 336 (-2580 3964 -72 ) (-2580 3964 -64 ) (-2580.430176 3964 -64 ) (-2580.430176 3964 -72 ) 
4 333 335 (-2580.430176 3964 -72 ) (-2708 3964 -72 ) (-2708 3976 -72 ) (-2580.430176 3976 -72 ) 
4 333 334 (-2580 3964 -72 ) (-2580.430176 3964 -72 ) (-2580.430176 3976 -72 ) (-2580 3976 -72 ) 
4 334 339 (-2580 3976 -120 ) (-2580 3964 -120 ) (-2580.430176 3964 -120 ) (-2580.430176 3976 -120 ) 
4 334 336 (-2580.430176 3964 -120 ) (-2580 3964 -120 ) (-2580 3964 -72 ) (-2580.430176 3964 -72 ) 
4 334 335 (-2580.430176 3964 -120 ) (-2580.430176 3964 -72 ) (-2580.430176 3976 -72 ) (-2580.430176 3976 -120 ) 
4 335 339 (-2580.430176 3964 -120 ) (-2708 3964 -120 ) (-2708 3976 -120 ) (-2580.430176 3976 -120 ) 
4 335 337 (-2708 3964 -120 ) (-2580.430176 3964 -120 ) (-2580.430176 3964 -72 ) (-2708 3964 -72 ) 
4 336 339 (-2580 3964 -120 ) (-2580 3952 -120 ) (-2580.430176 3952 -120 ) (-2580.430176 3964 -120 ) 
4 336 338 (-2580.430176 3952 -120 ) (-2580 3952 -120 ) (-2580 3952 -64 ) (-2580.430176 3952 -64 ) 
4 336 337 (-2580.430176 3964 -64 ) (-2580.430176 3964 -120 ) (-2580.430176 3952 -120 ) (-2580.430176 3952 -64 ) 
4 337 339 (-2580.430176 3952 -120 ) (-2708 3952 -120 ) (-2708 3964 -120 ) (-2580.430176 3964 -120 ) 
4 337 338 (-2708 3952 -120 ) (-2580.430176 3952 -120 ) (-2580.430176 3952 -64 ) (-2708 3952 -64 ) 
4 338 340 (-2580 3952 -120 ) (-2580 3856 -120 ) (-2708 3856 -120 ) (-2708 3952 -120 ) 
4 339 340 (-2708 3952 -128 ) (-2580 3952 -128 ) (-2580 3952 -120 ) (-2708 3952 -120 ) 
4 341 358 (-1780.630127 2784.220215 0 ) (-1776.630127 2784.220215 0 ) (-1776.630127 2784.220215 148 ) (-1780.630127 2784.220215 148 ) 
4 341 354 (-1732.630127 2784.220215 48 ) (-1732.630127 2784.220215 108 ) (-1776.630127 2784.220215 108 ) (-1776.630127 2784.220215 48 ) 
4 341 357 (-1776.630127 2784.220215 0 ) (-1732.630127 2784.220215 0 ) (-1732.630127 2784.220215 48 ) (-1776.630127 2784.220215 48 ) 
4 341 350 (-1732.630127 2784.220215 112 ) (-1732.630127 2784.220215 144 ) (-1776.630127 2784.220215 144 ) (-1776.630127 2784.220215 112 ) 
4 341 349 (-1732.630127 2784.220215 144 ) (-1732.630127 2784.220215 148 ) (-1776.630127 2784.220215 148 ) (-1776.630127 2784.220215 144 ) 
4 341 353 (-1732.630127 2784.220215 108 ) (-1732.630127 2784.220215 112 ) (-1776.630127 2784.220215 112 ) (-1776.630127 2784.220215 108 ) 
4 341 344 (-1680.630127 2784.220215 112 ) (-1680.630127 2784.220215 144 ) (-1728.630127 2784.220215 144 ) (-1728.630127 2784.220215 112 ) 
4 341 343 (-1680.630127 2784.220215 144 ) (-1680.630127 2784.220215 148 ) (-1728.630127 2784.220215 148 ) (-1728.630127 2784.220215 144 ) 
4 341 347 (-1728.630127 2784.220215 0 ) (-1680.630127 2784.220215 0 ) (-1680.630127 2784.220215 112 ) (-1728.630127 2784.220215 112 ) 
4 341 342 (-1680.630127 2784.220215 0 ) (-1676.630127 2784.220215 0 ) (-1676.630127 2784.220215 148 ) (-1680.630127 2784.220215 148 ) 
4 341 348 (-1732.630127 2784.220215 0 ) (-1728.630127 2784.220215 0 ) (-1728.630127 2784.220215 148 ) (-1732.630127 2784.220215 148 ) 
4 342 364 (-1680.630127 2752.209961 0 ) (-1676.630127 2752.209961 0 ) (-1676.630127 2752.209961 148 ) (-1680.630127 2752.209961 148 ) 
4 342 345 (-1680.630127 2769.220215 144 ) (-1680.630127 2771.220215 144 ) (-1680.630127 2771.220215 112 ) (-1680.630127 2769.220215 112 ) 
4 342 344 (-1680.630127 2771.220215 144 ) (-1680.630127 2784.220215 144 ) (-1680.630127 2784.220215 112 ) (-1680.630127 2771.220215 112 ) 
4 342 346 (-1680.630127 2752.209961 112 ) (-1680.630127 2752.209961 144 ) (-1680.630127 2769.220215 144 ) (-1680.630127 2769.220215 112 ) 
4 342 343 (-1680.630127 2752.209961 144 ) (-1680.630127 2752.209961 148 ) (-1680.630127 2784.220215 148 ) (-1680.630127 2784.220215 144 ) 
4 342 347 (-1680.630127 2752.209961 0 ) (-1680.630127 2752.209961 112 ) (-1680.630127 2784.220215 112 ) (-1680.630127 2784.220215 0 ) 
4 343 366 (-1680.630127 2752.209961 144 ) (-1680.630127 2752.209961 148 ) (-1728.630127 2752.209961 148 ) (-1728.630127 2752.209961 144 ) 
4 343 345 (-1728.630127 2769.220215 144 ) (-1728.630127 2771.220215 144 ) (-1680.630127 2771.220215 144 ) (-1680.630127 2769.220215 144 ) 
4 343 344 (-1728.630127 2771.220215 144 ) (-1728.630127 2784.220215 144 ) (-1680.630127 2784.220215 144 ) (-1680.630127 2771.220215 144 ) 
4 343 346 (-1728.630127 2752.209961 144 ) (-1728.630127 2769.220215 144 ) (-1680.630127 2769.220215 144 ) (-1680.630127 2752.209961 144 ) 
4 343 348 (-1728.630127 2752.209961 144 ) (-1728.630127 2752.209961 148 ) (-1728.630127 2784.220215 148 ) (-1728.630127 2784.220215 144 ) 
4 344 347 (-1728.630127 2771.220215 112 ) (-1728.630127 2784.220215 112 ) (-1680.630127 2784.220215 112 ) (-1680.630127 2771.220215 112 ) 
4 344 348 (-1728.630127 2771.220215 144 ) (-1728.630127 2784.220215 144 ) (-1728.630127 2784.220215 112 ) (-1728.630127 2771.220215 112 ) 
4 344 345 (-1728.630127 2771.220215 112 ) (-1680.630127 2771.220215 112 ) (-1680.630127 2771.220215 144 ) (-1728.630127 2771.220215 144 ) 
4 345 346 (-1728.630127 2769.220215 112 ) (-1680.630127 2769.220215 112 ) (-1680.630127 2769.220215 144 ) (-1728.630127 2769.220215 144 ) 
4 345 347 (-1728.630127 2769.220215 112 ) (-1728.630127 2771.220215 112 ) (-1680.630127 2771.220215 112 ) (-1680.630127 2769.220215 112 ) 
4 345 348 (-1728.630127 2769.220215 144 ) (-1728.630127 2771.220215 144 ) (-1728.630127 2771.220215 112 ) (-1728.630127 2769.220215 112 ) 
4 346 366 (-1680.630127 2752.209961 112 ) (-1680.630127 2752.209961 144 ) (-1728.630127 2752.209961 144 ) (-1728.630127 2752.209961 112 ) 
4 346 348 (-1728.630127 2752.209961 112 ) (-1728.630127 2752.209961 144 ) (-1728.630127 2769.220215 144 ) (-1728.630127 2769.220215 112 ) 
4 346 347 (-1728.630127 2752.209961 112 ) (-1728.630127 2769.220215 112 ) (-1680.630127 2769.220215 112 ) (-1680.630127 2752.209961 112 ) 
4 347 366 (-1728.630127 2752.209961 0 ) (-1680.630127 2752.209961 0 ) (-1680.630127 2752.209961 112 ) (-1728.630127 2752.209961 112 ) 
4 347 348 (-1728.630127 2752.209961 0 ) (-1728.630127 2752.209961 112 ) (-1728.630127 2784.220215 112 ) (-1728.630127 2784.220215 0 ) 
4 348 366 (-1732.630127 2752.209961 0 ) (-1728.630127 2752.209961 0 ) (-1728.630127 2752.209961 148 ) (-1732.630127 2752.209961 148 ) 
4 348 355 (-1732.630127 2769.220215 108 ) (-1732.630127 2771.220215 108 ) (-1732.630127 2771.220215 48 ) (-1732.630127 2769.220215 48 ) 
4 348 354 (-1732.630127 2771.220215 108 ) (-1732.630127 2784.220215 108 ) (-1732.630127 2784.220215 48 ) (-1732.630127 2771.220215 48 ) 
4 348 356 (-1732.630127 2752.209961 48 ) (-1732.630127 2752.209961 108 ) (-1732.630127 2769.220215 108 ) (-1732.630127 2769.220215 48 ) 
4 348 357 (-1732.630127 2752.209961 0 ) (-1732.630127 2752.209961 48 ) (-1732.630127 2784.220215 48 ) (-1732.630127 2784.220215 0 ) 
4 348 351 (-1732.630127 2769.220215 144 ) (-1732.630127 2771.220215 144 ) (-1732.630127 2771.220215 112 ) (-1732.630127 2769.220215 112 ) 
4 348 350 (-1732.630127 2771.220215 144 ) (-1732.630127 2784.220215 144 ) (-1732.630127 2784.220215 112 ) (-1732.630127 2771.220215 112 ) 
4 348 352 (-1732.630127 2752.209961 112 ) (-1732.630127 2752.209961 144 ) (-1732.630127 2769.220215 144 ) (-1732.630127 2769.220215 112 ) 
4 348 349 (-1732.630127 2752.209961 144 ) (-1732.630127 2752.209961 148 ) (-1732.630127 2784.220215 148 ) (-1732.630127 2784.220215 144 ) 
4 348 353 (-1732.630127 2752.209961 108 ) (-1732.630127 2752.209961 112 ) (-1732.630127 2784.220215 112 ) (-1732.630127 2784.220215 108 ) 
4 349 366 (-1732.630127 2752.209961 144 ) (-1732.630127 2752.209961 148 ) (-1776.630127 2752.209961 148 ) (-1776.630127 2752.209961 144 ) 
4 349 358 (-1776.630127 2752.209961 144 ) (-1776.630127 2752.209961 148 ) (-1776.630127 2784.220215 148 ) (-1776.630127 2784.220215 144 ) 
4 349 351 (-1776.630127 2769.220215 144 ) (-1776.630127 2771.220215 144 ) (-1732.630127 2771.220215 144 ) (-1732.630127 2769.220215 144 ) 
4 349 350 (-1776.630127 2771.220215 144 ) (-1776.630127 2784.220215 144 ) (-1732.630127 2784.220215 144 ) (-1732.630127 2771.220215 144 ) 
4 349 352 (-1776.630127 2752.209961 144 ) (-1776.630127 2769.220215 144 ) (-1732.630127 2769.220215 144 ) (-1732.630127 2752.209961 144 ) 
4 350 358 (-1776.630127 2771.220215 144 ) (-1776.630127 2784.220215 144 ) (-1776.630127 2784.220215 112 ) (-1776.630127 2771.220215 112 ) 
4 350 353 (-1776.630127 2771.220215 112 ) (-1776.630127 2784.220215 112 ) (-1732.630127 2784.220215 112 ) (-1732.630127 2771.220215 112 ) 
4 350 351 (-1776.630127 2771.220215 112 ) (-1732.630127 2771.220215 112 ) (-1732.630127 2771.220215 144 ) (-1776.630127 2771.220215 144 ) 
4 351 358 (-1776.630127 2769.220215 144 ) (-1776.630127 2771.220215 144 ) (-1776.630127 2771.220215 112 ) (-1776.630127 2769.220215 112 ) 
4 351 352 (-1776.630127 2769.220215 112 ) (-1732.630127 2769.220215 112 ) (-1732.630127 2769.220215 144 ) (-1776.630127 2769.220215 144 ) 
4 351 353 (-1776.630127 2769.220215 112 ) (-1776.630127 2771.220215 112 ) (-1732.630127 2771.220215 112 ) (-1732.630127 2769.220215 112 ) 
4 352 366 (-1732.630127 2752.209961 112 ) (-1732.630127 2752.209961 144 ) (-1776.630127 2752.209961 144 ) (-1776.630127 2752.209961 112 ) 
4 352 358 (-1776.630127 2752.209961 112 ) (-1776.630127 2752.209961 144 ) (-1776.630127 2769.220215 144 ) (-1776.630127 2769.220215 112 ) 
4 352 353 (-1776.630127 2752.209961 112 ) (-1776.630127 2769.220215 112 ) (-1732.630127 2769.220215 112 ) (-1732.630127 2752.209961 112 ) 
4 353 366 (-1732.630127 2752.209961 108 ) (-1732.630127 2752.209961 112 ) (-1776.630127 2752.209961 112 ) (-1776.630127 2752.209961 108 ) 
4 353 358 (-1776.630127 2752.209961 108 ) (-1776.630127 2752.209961 112 ) (-1776.630127 2784.220215 112 ) (-1776.630127 2784.220215 108 ) 
4 353 355 (-1776.630127 2769.220215 108 ) (-1776.630127 2771.220215 108 ) (-1732.630127 2771.220215 108 ) (-1732.630127 2769.220215 108 ) 
4 353 354 (-1776.630127 2771.220215 108 ) (-1776.630127 2784.220215 108 ) (-1732.630127 2784.220215 108 ) (-1732.630127 2771.220215 108 ) 
4 353 356 (-1776.630127 2752.209961 108 ) (-1776.630127 2769.220215 108 ) (-1732.630127 2769.220215 108 ) (-1732.630127 2752.209961 108 ) 
4 354 358 (-1776.630127 2771.220215 108 ) (-1776.630127 2784.220215 108 ) (-1776.630127 2784.220215 48 ) (-1776.630127 2771.220215 48 ) 
4 354 357 (-1776.630127 2771.220215 48 ) (-1776.630127 2784.220215 48 ) (-1732.630127 2784.220215 48 ) (-1732.630127 2771.220215 48 ) 
4 354 355 (-1776.630127 2771.220215 48 ) (-1732.630127 2771.220215 48 ) (-1732.630127 2771.220215 108 ) (-1776.630127 2771.220215 108 ) 
4 355 358 (-1776.630127 2769.220215 108 ) (-1776.630127 2771.220215 108 ) (-1776.630127 2771.220215 48 ) (-1776.630127 2769.220215 48 ) 
4 355 356 (-1776.630127 2769.220215 48 ) (-1732.630127 2769.220215 48 ) (-1732.630127 2769.220215 108 ) (-1776.630127 2769.220215 108 ) 
4 355 357 (-1776.630127 2769.220215 48 ) (-1776.630127 2771.220215 48 ) (-1732.630127 2771.220215 48 ) (-1732.630127 2769.220215 48 ) 
4 356 366 (-1732.630127 2752.209961 48 ) (-1732.630127 2752.209961 108 ) (-1776.630127 2752.209961 108 ) (-1776.630127 2752.209961 48 ) 
4 356 358 (-1776.630127 2752.209961 48 ) (-1776.630127 2752.209961 108 ) (-1776.630127 2769.220215 108 ) (-1776.630127 2769.220215 48 ) 
4 356 357 (-1776.630127 2752.209961 48 ) (-1776.630127 2769.220215 48 ) (-1732.630127 2769.220215 48 ) (-1732.630127 2752.209961 48 ) 
4 357 366 (-1776.630127 2752.209961 0 ) (-1732.630127 2752.209961 0 ) (-1732.630127 2752.209961 48 ) (-1776.630127 2752.209961 48 ) 
4 357 358 (-1776.630127 2752.209961 0 ) (-1776.630127 2752.209961 48 ) (-1776.630127 2784.220215 48 ) (-1776.630127 2784.220215 0 ) 
4 358 366 (-1780.630127 2752.209961 0 ) (-1776.630127 2752.209961 0 ) (-1776.630127 2752.209961 148 ) (-1780.630127 2752.209961 148 ) 
4 359 364 (-1676.630127 2496.220215 192 ) (-1676.630127 2752.209961 192 ) (-1676.630127 2752.209961 148 ) (-1676.630127 2496.220215 148 ) 
4 359 360 (-1676.630127 2496.220215 148 ) (-1676.630127 2752.209961 148 ) (-1664.632812 2752.209961 148 ) (-1664.632812 2496.220215 148 ) 
4 360 365 (-1676.630127 2496 148 ) (-1676.630127 2496.220215 148 ) (-1676.630127 2496.220215 128 ) (-1676.630127 2496 128 ) 
4 360 364 (-1676.630127 2496.220215 148 ) (-1676.630127 2752.209961 148 ) (-1676.630127 2752.209961 128 ) (-1676.630127 2496.220215 128 ) 
4 360 363 (-1676.630127 2496.220215 128 ) (-1676.630127 2752.209961 128 ) (-1664.632812 2752.209961 128 ) (-1664.632812 2496.220215 128 ) 
4 361 362 (-1664 2496.220215 127.601341 ) (-1664 2752.209961 127.601341 ) (-1664 2752.209961 127.398003 ) (-1664 2496.220215 127.398003 ) 
4 362 363 (-1664.632812 2752.209961 127.601341 ) (-1664.632812 2752.209961 127.398003 ) (-1664.632812 2496.220215 127.398003 ) (-1664.632812 2496.220215 127.601341 ) 
4 363 364 (-1676.630127 2496.220215 128 ) (-1676.630127 2752.209961 128 ) (-1676.630127 2752.209961 0 ) (-1676.630127 2496.220215 0 ) 
4 364 366 (-1680.630127 2496.220215 192 ) (-1680.630127 2752.209961 192 ) (-1680.630127 2752.209961 0 ) (-1680.630127 2496.220215 0 ) 
4 364 365 (-1680.630127 2496.220215 148 ) (-1680.630127 2496.220215 0 ) (-1676.630127 2496.220215 0 ) (-1676.630127 2496.220215 148 ) 
4 365 383 (-1680.630127 2464.220215 148 ) (-1680.630127 2464.220215 0 ) (-1676.630127 2464.220215 0 ) (-1676.630127 2464.220215 148 ) 
4 365 378 (-1680.630127 2477.220215 108 ) (-1680.630127 2479.220215 108 ) (-1680.630127 2479.220215 48 ) (-1680.630127 2477.220215 48 ) 
4 365 377 (-1680.630127 2479.220215 108 ) (-1680.630127 2496.220215 108 ) (-1680.630127 2496.220215 48 ) (-1680.630127 2479.220215 48 ) 
4 365 379 (-1680.630127 2464.220215 48 ) (-1680.630127 2464.220215 108 ) (-1680.630127 2477.220215 108 ) (-1680.630127 2477.220215 48 ) 
4 365 376 (-1680.630127 2464.220215 108 ) (-1680.630127 2464.220215 112 ) (-1680.630127 2496.220215 112 ) (-1680.630127 2496.220215 108 ) 
4 365 380 (-1680.630127 2464.220215 0 ) (-1680.630127 2464.220215 48 ) (-1680.630127 2496.220215 48 ) (-1680.630127 2496.220215 0 ) 
4 365 369 (-1680.630127 2477.220215 144 ) (-1680.630127 2479.220215 144 ) (-1680.630127 2479.220215 112 ) (-1680.630127 2477.220215 112 ) 
4 365 368 (-1680.630127 2479.220215 144 ) (-1680.630127 2496.220215 144 ) (-1680.630127 2496.220215 112 ) (-1680.630127 2479.220215 112 ) 
4 365 370 (-1680.630127 2464.220215 112 ) (-1680.630127 2464.220215 144 ) (-1680.630127 2477.220215 144 ) (-1680.630127 2477.220215 112 ) 
4 365 367 (-1680.630127 2464.220215 144 ) (-1680.630127 2464.220215 148 ) (-1680.630127 2496.220215 148 ) (-1680.630127 2496.220215 144 ) 
4 366 403 (-1792 2752.209961 128 ) (-1792 2752.209961 0 ) (-1792 2496.220215 0 ) (-1792 2496.220215 128 ) 
4 366 402 (-1792 2752.209961 192 ) (-1792 2752.209961 128 ) (-1792 2496.220215 128 ) (-1792 2496.220215 192 ) 
4 366 377 (-1680.630127 2496.220215 48 ) (-1680.630127 2496.220215 108 ) (-1724.630127 2496.220215 108 ) (-1724.630127 2496.220215 48 ) 
4 366 376 (-1680.630127 2496.220215 108 ) (-1680.630127 2496.220215 112 ) (-1724.630127 2496.220215 112 ) (-1724.630127 2496.220215 108 ) 
4 366 380 (-1680.630127 2496.220215 0 ) (-1680.630127 2496.220215 48 ) (-1724.630127 2496.220215 48 ) (-1724.630127 2496.220215 0 ) 
4 366 381 (-1724.630127 2496.220215 112 ) (-1780.630127 2496.220215 112 ) (-1780.630127 2496.220215 0 ) (-1724.630127 2496.220215 0 ) 
4 366 372 (-1728.630127 2496.220215 144 ) (-1776.630127 2496.220215 144 ) (-1776.630127 2496.220215 112 ) (-1728.630127 2496.220215 112 ) 
4 366 375 (-1776.630127 2496.220215 144 ) (-1780.630127 2496.220215 144 ) (-1780.630127 2496.220215 112 ) (-1776.630127 2496.220215 112 ) 
4 366 368 (-1680.630127 2496.220215 112 ) (-1680.630127 2496.220215 144 ) (-1724.630127 2496.220215 144 ) (-1724.630127 2496.220215 112 ) 
4 366 371 (-1724.630127 2496.220215 144 ) (-1728.630127 2496.220215 144 ) (-1728.630127 2496.220215 112 ) (-1724.630127 2496.220215 112 ) 
4 366 367 (-1680.630127 2496.220215 144 ) (-1680.630127 2496.220215 148 ) (-1780.630127 2496.220215 148 ) (-1780.630127 2496.220215 144 ) 
4 367 383 (-1680.630127 2464.220215 144 ) (-1680.630127 2464.220215 148 ) (-1780.630127 2464.220215 148 ) (-1780.630127 2464.220215 144 ) 
4 367 373 (-1728.630127 2479.220215 144 ) (-1728.630127 2477.220215 144 ) (-1776.630127 2477.220215 144 ) (-1776.630127 2479.220215 144 ) 
4 367 372 (-1776.630127 2496.220215 144 ) (-1728.630127 2496.220215 144 ) (-1728.630127 2479.220215 144 ) (-1776.630127 2479.220215 144 ) 
4 367 374 (-1728.630127 2477.220215 144 ) (-1728.630127 2464.220215 144 ) (-1776.630127 2464.220215 144 ) (-1776.630127 2477.220215 144 ) 
4 367 375 (-1780.630127 2464.220215 144 ) (-1780.630127 2496.220215 144 ) (-1776.630127 2496.220215 144 ) (-1776.630127 2464.220215 144 ) 
4 367 369 (-1680.630127 2479.220215 144 ) (-1680.630127 2477.220215 144 ) (-1724.630127 2477.220215 144 ) (-1724.630127 2479.220215 144 ) 
4 367 368 (-1724.630127 2496.220215 144 ) (-1680.630127 2496.220215 144 ) (-1680.630127 2479.220215 144 ) (-1724.630127 2479.220215 144 ) 
4 367 370 (-1680.630127 2477.220215 144 ) (-1680.630127 2464.220215 144 ) (-1724.630127 2464.220215 144 ) (-1724.630127 2477.220215 144 ) 
4 367 371 (-1728.630127 2496.220215 144 ) (-1724.630127 2496.220215 144 ) (-1724.630127 2464.220215 144 ) (-1728.630127 2464.220215 144 ) 
4 368 376 (-1724.630127 2496.220215 112 ) (-1680.630127 2496.220215 112 ) (-1680.630127 2479.220215 112 ) (-1724.630127 2479.220215 112 ) 
4 368 371 (-1724.630127 2496.220215 112 ) (-1724.630127 2479.220215 112 ) (-1724.630127 2479.220215 144 ) (-1724.630127 2496.220215 144 ) 
4 368 369 (-1724.630127 2479.220215 144 ) (-1724.630127 2479.220215 112 ) (-1680.630127 2479.220215 112 ) (-1680.630127 2479.220215 144 ) 
4 369 376 (-1680.630127 2479.220215 112 ) (-1680.630127 2477.220215 112 ) (-1724.630127 2477.220215 112 ) (-1724.630127 2479.220215 112 ) 
4 369 370 (-1724.630127 2477.220215 144 ) (-1724.630127 2477.220215 112 ) (-1680.630127 2477.220215 112 ) (-1680.630127 2477.220215 144 ) 
4 369 371 (-1724.630127 2479.220215 112 ) (-1724.630127 2477.220215 112 ) (-1724.630127 2477.220215 144 ) (-1724.630127 2479.220215 144 ) 
4 370 383 (-1680.630127 2464.220215 112 ) (-1680.630127 2464.220215 144 ) (-1724.630127 2464.220215 144 ) (-1724.630127 2464.220215 112 ) 
4 370 376 (-1680.630127 2477.220215 112 ) (-1680.630127 2464.220215 112 ) (-1724.630127 2464.220215 112 ) (-1724.630127 2477.220215 112 ) 
4 370 371 (-1724.630127 2477.220215 112 ) (-1724.630127 2464.220215 112 ) (-1724.630127 2464.220215 144 ) (-1724.630127 2477.220215 144 ) 
4 371 383 (-1724.630127 2464.220215 144 ) (-1728.630127 2464.220215 144 ) (-1728.630127 2464.220215 112 ) (-1724.630127 2464.220215 112 ) 
4 371 381 (-1728.630127 2496.220215 112 ) (-1724.630127 2496.220215 112 ) (-1724.630127 2464.220215 112 ) (-1728.630127 2464.220215 112 ) 
4 371 373 (-1728.630127 2479.220215 112 ) (-1728.630127 2477.220215 112 ) (-1728.630127 2477.220215 144 ) (-1728.630127 2479.220215 144 ) 
4 371 372 (-1728.630127 2496.220215 112 ) (-1728.630127 2479.220215 112 ) (-1728.630127 2479.220215 144 ) (-1728.630127 2496.220215 144 ) 
4 371 374 (-1728.630127 2477.220215 112 ) (-1728.630127 2464.220215 112 ) (-1728.630127 2464.220215 144 ) (-1728.630127 2477.220215 144 ) 
4 372 381 (-1776.630127 2496.220215 112 ) (-1728.630127 2496.220215 112 ) (-1728.630127 2479.220215 112 ) (-1776.630127 2479.220215 112 ) 
4 372 375 (-1776.630127 2496.220215 112 ) (-1776.630127 2479.220215 112 ) (-1776.630127 2479.220215 144 ) (-1776.630127 2496.220215 144 ) 
4 372 373 (-1776.630127 2479.220215 144 ) (-1776.630127 2479.220215 112 ) (-1728.630127 2479.220215 112 ) (-1728.630127 2479.220215 144 ) 
4 373 381 (-1728.630127 2479.220215 112 ) (-1728.630127 2477.220215 112 ) (-1776.630127 2477.220215 112 ) (-1776.630127 2479.220215 112 ) 
4 373 374 (-1776.630127 2477.220215 144 ) (-1776.630127 2477.220215 112 ) (-1728.630127 2477.220215 112 ) (-1728.630127 2477.220215 144 ) 
4 373 375 (-1776.630127 2479.220215 112 ) (-1776.630127 2477.220215 112 ) (-1776.630127 2477.220215 144 ) (-1776.630127 2479.220215 144 ) 
4 374 383 (-1728.630127 2464.220215 144 ) (-1776.630127 2464.220215 144 ) (-1776.630127 2464.220215 112 ) (-1728.630127 2464.220215 112 ) 
4 374 381 (-1728.630127 2477.220215 112 ) (-1728.630127 2464.220215 112 ) (-1776.630127 2464.220215 112 ) (-1776.630127 2477.220215 112 ) 
4 374 375 (-1776.630127 2477.220215 112 ) (-1776.630127 2464.220215 112 ) (-1776.630127 2464.220215 144 ) (-1776.630127 2477.220215 144 ) 
4 375 383 (-1776.630127 2464.220215 144 ) (-1780.630127 2464.220215 144 ) (-1780.630127 2464.220215 112 ) (-1776.630127 2464.220215 112 ) 
4 375 381 (-1780.630127 2464.220215 112 ) (-1780.630127 2496.220215 112 ) (-1776.630127 2496.220215 112 ) (-1776.630127 2464.220215 112 ) 
4 376 383 (-1680.630127 2464.220215 108 ) (-1680.630127 2464.220215 112 ) (-1724.630127 2464.220215 112 ) (-1724.630127 2464.220215 108 ) 
4 376 378 (-1724.630127 2477.220215 108 ) (-1724.630127 2479.220215 108 ) (-1680.630127 2479.220215 108 ) (-1680.630127 2477.220215 108 ) 
4 376 377 (-1724.630127 2479.220215 108 ) (-1724.630127 2496.220215 108 ) (-1680.630127 2496.220215 108 ) (-1680.630127 2479.220215 108 ) 
4 376 379 (-1724.630127 2464.220215 108 ) (-1724.630127 2477.220215 108 ) (-1680.630127 2477.220215 108 ) (-1680.630127 2464.220215 108 ) 
4 376 381 (-1724.630127 2464.220215 108 ) (-1724.630127 2464.220215 112 ) (-1724.630127 2496.220215 112 ) (-1724.630127 2496.220215 108 ) 
4 377 380 (-1724.630127 2479.220215 48 ) (-1724.630127 2496.220215 48 ) (-1680.630127 2496.220215 48 ) (-1680.630127 2479.220215 48 ) 
4 377 381 (-1724.630127 2479.220215 108 ) (-1724.630127 2496.220215 108 ) (-1724.630127 2496.220215 48 ) (-1724.630127 2479.220215 48 ) 
4 377 378 (-1724.630127 2479.220215 48 ) (-1680.630127 2479.220215 48 ) (-1680.630127 2479.220215 108 ) (-1724.630127 2479.220215 108 ) 
4 378 379 (-1724.630127 2477.220215 48 ) (-1680.630127 2477.220215 48 ) (-1680.630127 2477.220215 108 ) (-1724.630127 2477.220215 108 ) 
4 378 380 (-1724.630127 2477.220215 48 ) (-1724.630127 2479.220215 48 ) (-1680.630127 2479.220215 48 ) (-1680.630127 2477.220215 48 ) 
4 378 381 (-1724.630127 2477.220215 108 ) (-1724.630127 2479.220215 108 ) (-1724.630127 2479.220215 48 ) (-1724.630127 2477.220215 48 ) 
4 379 383 (-1680.630127 2464.220215 48 ) (-1680.630127 2464.220215 108 ) (-1724.630127 2464.220215 108 ) (-1724.630127 2464.220215 48 ) 
4 379 381 (-1724.630127 2464.220215 48 ) (-1724.630127 2464.220215 108 ) (-1724.630127 2477.220215 108 ) (-1724.630127 2477.220215 48 ) 
4 379 380 (-1724.630127 2464.220215 48 ) (-1724.630127 2477.220215 48 ) (-1680.630127 2477.220215 48 ) (-1680.630127 2464.220215 48 ) 
4 380 383 (-1724.630127 2464.220215 0 ) (-1680.630127 2464.220215 0 ) (-1680.630127 2464.220215 48 ) (-1724.630127 2464.220215 48 ) 
4 380 381 (-1724.630127 2464.220215 0 ) (-1724.630127 2464.220215 48 ) (-1724.630127 2496.220215 48 ) (-1724.630127 2496.220215 0 ) 
4 381 383 (-1780.630127 2464.220215 0 ) (-1724.630127 2464.220215 0 ) (-1724.630127 2464.220215 112 ) (-1780.630127 2464.220215 112 ) 
4 382 825 (-1664 2048 192 ) (-1664.632812 2048 192 ) (-1664.632812 2048 0 ) (-1664 2048 0 ) 
4 382 383 (-1664.632812 2464.220215 192 ) (-1664.632812 2464.220215 0 ) (-1664.632812 2112.220215 0 ) (-1664.632812 2112.220215 192 ) 
4 382 401 (-1664.632812 2080.220215 0 ) (-1664.632812 2048 0 ) (-1664.632812 2048 192 ) (-1664.632812 2080.220215 192 ) 
4 383 405 (-1792 2332.220215 0 ) (-1792 2276.220215 0 ) (-1792 2276.220215 112 ) (-1792 2332.220215 112 ) 
4 383 396 (-1776.630127 2112.220215 144 ) (-1776.630127 2112.220215 112 ) (-1728.630127 2112.220215 112 ) (-1728.630127 2112.220215 144 ) 
4 383 395 (-1728.630127 2112.220215 148 ) (-1776.630127 2112.220215 148 ) (-1776.630127 2112.220215 144 ) (-1728.630127 2112.220215 144 ) 
4 383 399 (-1776.630127 2112.220215 112 ) (-1776.630127 2112.220215 0 ) (-1728.630127 2112.220215 0 ) (-1728.630127 2112.220215 112 ) 
4 383 394 (-1724.630127 2112.220215 148 ) (-1728.630127 2112.220215 148 ) (-1728.630127 2112.220215 0 ) (-1724.630127 2112.220215 0 ) 
4 383 400 (-1776.630127 2112.220215 148 ) (-1780.630127 2112.220215 148 ) (-1780.630127 2112.220215 0 ) (-1776.630127 2112.220215 0 ) 
4 383 390 (-1724.630127 2112.220215 108 ) (-1724.630127 2112.220215 48 ) (-1680.630127 2112.220215 48 ) (-1680.630127 2112.220215 108 ) 
4 383 393 (-1724.630127 2112.220215 48 ) (-1724.630127 2112.220215 0 ) (-1680.630127 2112.220215 0 ) (-1680.630127 2112.220215 48 ) 
4 383 386 (-1724.630127 2112.220215 144 ) (-1724.630127 2112.220215 112 ) (-1680.630127 2112.220215 112 ) (-1680.630127 2112.220215 144 ) 
4 383 385 (-1680.630127 2112.220215 148 ) (-1724.630127 2112.220215 148 ) (-1724.630127 2112.220215 144 ) (-1680.630127 2112.220215 144 ) 
4 383 389 (-1724.630127 2112.220215 112 ) (-1724.630127 2112.220215 108 ) (-1680.630127 2112.220215 108 ) (-1680.630127 2112.220215 112 ) 
4 383 384 (-1676.630127 2112.220215 148 ) (-1680.630127 2112.220215 148 ) (-1680.630127 2112.220215 0 ) (-1676.630127 2112.220215 0 ) 
4 384 391 (-1680.630127 2093.220215 108 ) (-1680.630127 2095.220215 108 ) (-1680.630127 2095.220215 48 ) (-1680.630127 2093.220215 48 ) 
4 384 390 (-1680.630127 2095.220215 108 ) (-1680.630127 2112.220215 108 ) (-1680.630127 2112.220215 48 ) (-1680.630127 2095.220215 48 ) 
4 384 392 (-1680.630127 2080.220215 48 ) (-1680.630127 2080.220215 108 ) (-1680.630127 2093.220215 108 ) (-1680.630127 2093.220215 48 ) 
4 384 393 (-1680.630127 2080.220215 0 ) (-1680.630127 2080.220215 48 ) (-1680.630127 2112.220215 48 ) (-1680.630127 2112.220215 0 ) 
4 384 387 (-1680.630127 2093.220215 144 ) (-1680.630127 2095.220215 144 ) (-1680.630127 2095.220215 112 ) (-1680.630127 2093.220215 112 ) 
4 384 386 (-1680.630127 2095.220215 144 ) (-1680.630127 2112.220215 144 ) (-1680.630127 2112.220215 112 ) (-1680.630127 2095.220215 112 ) 
4 384 388 (-1680.630127 2080.220215 112 ) (-1680.630127 2080.220215 144 ) (-1680.630127 2093.220215 144 ) (-1680.630127 2093.220215 112 ) 
4 384 385 (-1680.630127 2080.220215 144 ) (-1680.630127 2080.220215 148 ) (-1680.630127 2112.220215 148 ) (-1680.630127 2112.220215 144 ) 
4 384 389 (-1680.630127 2080.220215 108 ) (-1680.630127 2080.220215 112 ) (-1680.630127 2112.220215 112 ) (-1680.630127 2112.220215 108 ) 
4 384 401 (-1676.630127 2080.220215 148 ) (-1680.630127 2080.220215 148 ) (-1680.630127 2080.220215 0 ) (-1676.630127 2080.220215 0 ) 
4 385 394 (-1724.630127 2080.220215 144 ) (-1724.630127 2080.220215 148 ) (-1724.630127 2112.220215 148 ) (-1724.630127 2112.220215 144 ) 
4 385 387 (-1724.630127 2093.220215 144 ) (-1724.630127 2095.220215 144 ) (-1680.630127 2095.220215 144 ) (-1680.630127 2093.220215 144 ) 
4 385 386 (-1724.630127 2095.220215 144 ) (-1724.630127 2112.220215 144 ) (-1680.630127 2112.220215 144 ) (-1680.630127 2095.220215 144 ) 
4 385 388 (-1724.630127 2080.220215 144 ) (-1724.630127 2093.220215 144 ) (-1680.630127 2093.220215 144 ) (-1680.630127 2080.220215 144 ) 
4 385 401 (-1680.630127 2080.220215 148 ) (-1724.630127 2080.220215 148 ) (-1724.630127 2080.220215 144 ) (-1680.630127 2080.220215 144 ) 
4 386 394 (-1724.630127 2095.220215 144 ) (-1724.630127 2112.220215 144 ) (-1724.630127 2112.220215 112 ) (-1724.630127 2095.220215 112 ) 
4 386 389 (-1724.630127 2095.220215 112 ) (-1724.630127 2112.220215 112 ) (-1680.630127 2112.220215 112 ) (-1680.630127 2095.220215 112 ) 
4 386 387 (-1724.630127 2095.220215 112 ) (-1680.630127 2095.220215 112 ) (-1680.630127 2095.220215 144 ) (-1724.630127 2095.220215 144 ) 
4 387 394 (-1724.630127 2093.220215 144 ) (-1724.630127 2095.220215 144 ) (-1724.630127 2095.220215 112 ) (-1724.630127 2093.220215 112 ) 
4 387 388 (-1724.630127 2093.220215 112 ) (-1680.630127 2093.220215 112 ) (-1680.630127 2093.220215 144 ) (-1724.630127 2093.220215 144 ) 
4 387 389 (-1724.630127 2093.220215 112 ) (-1724.630127 2095.220215 112 ) (-1680.630127 2095.220215 112 ) (-1680.630127 2093.220215 112 ) 
4 388 394 (-1724.630127 2080.220215 112 ) (-1724.630127 2080.220215 144 ) (-1724.630127 2093.220215 144 ) (-1724.630127 2093.220215 112 ) 
4 388 401 (-1724.630127 2080.220215 144 ) (-1724.630127 2080.220215 112 ) (-1680.630127 2080.220215 112 ) (-1680.630127 2080.220215 144 ) 
4 388 389 (-1724.630127 2080.220215 112 ) (-1724.630127 2093.220215 112 ) (-1680.630127 2093.220215 112 ) (-1680.630127 2080.220215 112 ) 
4 389 394 (-1724.630127 2080.220215 108 ) (-1724.630127 2080.220215 112 ) (-1724.630127 2112.220215 112 ) (-1724.630127 2112.220215 108 ) 
4 389 391 (-1724.630127 2093.220215 108 ) (-1724.630127 2095.220215 108 ) (-1680.630127 2095.220215 108 ) (-1680.630127 2093.220215 108 ) 
4 389 390 (-1724.630127 2095.220215 108 ) (-1724.630127 2112.220215 108 ) (-1680.630127 2112.220215 108 ) (-1680.630127 2095.220215 108 ) 
4 389 392 (-1724.630127 2080.220215 108 ) (-1724.630127 2093.220215 108 ) (-1680.630127 2093.220215 108 ) (-1680.630127 2080.220215 108 ) 
4 389 401 (-1724.630127 2080.220215 112 ) (-1724.630127 2080.220215 108 ) (-1680.630127 2080.220215 108 ) (-1680.630127 2080.220215 112 ) 
4 390 394 (-1724.630127 2095.220215 108 ) (-1724.630127 2112.220215 108 ) (-1724.630127 2112.220215 48 ) (-1724.630127 2095.220215 48 ) 
4 390 393 (-1724.630127 2095.220215 48 ) (-1724.630127 2112.220215 48 ) (-1680.630127 2112.220215 48 ) (-1680.630127 2095.220215 48 ) 
4 390 391 (-1724.630127 2095.220215 48 ) (-1680.630127 2095.220215 48 ) (-1680.630127 2095.220215 108 ) (-1724.630127 2095.220215 108 ) 
4 391 394 (-1724.630127 2093.220215 108 ) (-1724.630127 2095.220215 108 ) (-1724.630127 2095.220215 48 ) (-1724.630127 2093.220215 48 ) 
4 391 392 (-1724.630127 2093.220215 48 ) (-1680.630127 2093.220215 48 ) (-1680.630127 2093.220215 108 ) (-1724.630127 2093.220215 108 ) 
4 391 393 (-1724.630127 2093.220215 48 ) (-1724.630127 2095.220215 48 ) (-1680.630127 2095.220215 48 ) (-1680.630127 2093.220215 48 ) 
4 392 394 (-1724.630127 2080.220215 48 ) (-1724.630127 2080.220215 108 ) (-1724.630127 2093.220215 108 ) (-1724.630127 2093.220215 48 ) 
4 392 393 (-1724.630127 2080.220215 48 ) (-1724.630127 2093.220215 48 ) (-1680.630127 2093.220215 48 ) (-1680.630127 2080.220215 48 ) 
4 392 401 (-1724.630127 2080.220215 108 ) (-1724.630127 2080.220215 48 ) (-1680.630127 2080.220215 48 ) (-1680.630127 2080.220215 108 ) 
4 393 394 (-1724.630127 2080.220215 0 ) (-1724.630127 2080.220215 48 ) (-1724.630127 2112.220215 48 ) (-1724.630127 2112.220215 0 ) 
4 393 401 (-1724.630127 2080.220215 48 ) (-1724.630127 2080.220215 0 ) (-1680.630127 2080.220215 0 ) (-1680.630127 2080.220215 48 ) 
4 394 397 (-1728.630127 2093.220215 144 ) (-1728.630127 2095.220215 144 ) (-1728.630127 2095.220215 112 ) (-1728.630127 2093.220215 112 ) 
4 394 396 (-1728.630127 2095.220215 144 ) (-1728.630127 2112.220215 144 ) (-1728.630127 2112.220215 112 ) (-1728.630127 2095.220215 112 ) 
4 394 398 (-1728.630127 2080.220215 112 ) (-1728.630127 2080.220215 144 ) (-1728.630127 2093.220215 144 ) (-1728.630127 2093.220215 112 ) 
4 394 395 (-1728.630127 2080.220215 144 ) (-1728.630127 2080.220215 148 ) (-1728.630127 2112.220215 148 ) (-1728.630127 2112.220215 144 ) 
4 394 399 (-1728.630127 2080.220215 0 ) (-1728.630127 2080.220215 112 ) (-1728.630127 2112.220215 112 ) (-1728.630127 2112.220215 0 ) 
4 394 401 (-1724.630127 2080.220215 148 ) (-1728.630127 2080.220215 148 ) (-1728.630127 2080.220215 0 ) (-1724.630127 2080.220215 0 ) 
4 395 397 (-1776.630127 2093.220215 144 ) (-1776.630127 2095.220215 144 ) (-1728.630127 2095.220215 144 ) (-1728.630127 2093.220215 144 ) 
4 395 396 (-1776.630127 2095.220215 144 ) (-1776.630127 2112.220215 144 ) (-1728.630127 2112.220215 144 ) (-1728.630127 2095.220215 144 ) 
4 395 398 (-1776.630127 2080.220215 144 ) (-1776.630127 2093.220215 144 ) (-1728.630127 2093.220215 144 ) (-1728.630127 2080.220215 144 ) 
4 395 400 (-1776.630127 2080.220215 144 ) (-1776.630127 2080.220215 148 ) (-1776.630127 2112.220215 148 ) (-1776.630127 2112.220215 144 ) 
4 395 401 (-1728.630127 2080.220215 148 ) (-1776.630127 2080.220215 148 ) (-1776.630127 2080.220215 144 ) (-1728.630127 2080.220215 144 ) 
4 396 399 (-1776.630127 2095.220215 112 ) (-1776.630127 2112.220215 112 ) (-1728.630127 2112.220215 112 ) (-1728.630127 2095.220215 112 ) 
4 396 400 (-1776.630127 2095.220215 144 ) (-1776.630127 2112.220215 144 ) (-1776.630127 2112.220215 112 ) (-1776.630127 2095.220215 112 ) 
4 396 397 (-1776.630127 2095.220215 112 ) (-1728.630127 2095.220215 112 ) (-1728.630127 2095.220215 144 ) (-1776.630127 2095.220215 144 ) 
4 397 398 (-1776.630127 2093.220215 112 ) (-1728.630127 2093.220215 112 ) (-1728.630127 2093.220215 144 ) (-1776.630127 2093.220215 144 ) 
4 397 399 (-1776.630127 2093.220215 112 ) (-1776.630127 2095.220215 112 ) (-1728.630127 2095.220215 112 ) (-1728.630127 2093.220215 112 ) 
4 397 400 (-1776.630127 2093.220215 144 ) (-1776.630127 2095.220215 144 ) (-1776.630127 2095.220215 112 ) (-1776.630127 2093.220215 112 ) 
4 398 401 (-1776.630127 2080.220215 144 ) (-1776.630127 2080.220215 112 ) (-1728.630127 2080.220215 112 ) (-1728.630127 2080.220215 144 ) 
4 398 400 (-1776.630127 2080.220215 112 ) (-1776.630127 2080.220215 144 ) (-1776.630127 2093.220215 144 ) (-1776.630127 2093.220215 112 ) 
4 398 399 (-1776.630127 2080.220215 112 ) (-1776.630127 2093.220215 112 ) (-1728.630127 2093.220215 112 ) (-1728.630127 2080.220215 112 ) 
4 399 401 (-1776.630127 2080.220215 112 ) (-1776.630127 2080.220215 0 ) (-1728.630127 2080.220215 0 ) (-1728.630127 2080.220215 112 ) 
4 399 400 (-1776.630127 2080.220215 0 ) (-1776.630127 2080.220215 112 ) (-1776.630127 2112.220215 112 ) (-1776.630127 2112.220215 0 ) 
4 400 401 (-1776.630127 2080.220215 148 ) (-1780.630127 2080.220215 148 ) (-1780.630127 2080.220215 0 ) (-1776.630127 2080.220215 0 ) 
4 401 825 (-1664.632812 2048 192 ) (-1792 2048 192 ) (-1792 2048 0 ) (-1664.632812 2048 0 ) 
4 402 403 (-1793.250000 2752.209961 128 ) (-1792 2752.209961 128 ) (-1792 2496.220215 128 ) (-1793.250000 2496.220215 128 ) 
4 404 412 (-2048 2240 112 ) (-2048 2240 128 ) (-2048 2368.220215 128 ) (-2048 2368.220215 112 ) 
4 404 408 (-1984 2240 128 ) (-2048 2240 128 ) (-2048 2240 112 ) (-1984 2240 112 ) 
4 404 407 (-1888 2240 128 ) (-1984 2240 128 ) (-1984 2240 112 ) (-1888 2240 112 ) 
4 404 406 (-1796.630127 2240 112 ) (-2048 2240 112 ) (-2048 2368.220215 112 ) (-1796.630127 2368.220215 112 ) 
4 405 406 (-1796.630127 2276.220215 112 ) (-1796.630127 2332.220215 112 ) (-1796.630127 2332.220215 0 ) (-1796.630127 2276.220215 0 ) 
4 406 412 (-2048 2368.220215 0 ) (-2048 2240 0 ) (-2048 2240 112 ) (-2048 2368.220215 112 ) 
4 406 408 (-2048 2240 0 ) (-1984 2240 0 ) (-1984 2240 112 ) (-2048 2240 112 ) 
4 406 407 (-1984 2240 0 ) (-1888 2240 0 ) (-1888 2240 112 ) (-1984 2240 112 ) 
4 407 408 (-1984 2240 128 ) (-1984 2240 0 ) (-1984 2144 0 ) (-1984 2144 128 ) 
4 408 412 (-2048 2240 0 ) (-2048 2112.220215 0 ) (-2048 2112.220215 128 ) (-2048 2240 128 ) 
4 409 413 (-2816 2976 0 ) (-2816 2912 0 ) (-2816 2912 160 ) (-2816 2976 160 ) 
4 409 410 (-2792 2912 0 ) (-2736 2912 0 ) (-2736 2912 112 ) (-2792 2912 112 ) 
4 410 411 (-2792 2880 0 ) (-2736 2880 0 ) (-2736 2880 112 ) (-2792 2880 112 ) 
4 411 415 (-2816 2880 0 ) (-2816 2624 0 ) (-2816 2624 160 ) (-2816 2880 160 ) 
4 413 419 (-2912 3008 0 ) (-2912 2912 0 ) (-2912 2912 160 ) (-2912 3008 160 ) 
4 413 414 (-2912 2912 144 ) (-2912 2912 0 ) (-2816 2912 0 ) (-2816 2912 144 ) 
4 414 419 (-2912 2912 0 ) (-2912 2880 0 ) (-2912 2880 144 ) (-2912 2912 144 ) 
4 414 416 (-2912 2880 144 ) (-2912 2880 0 ) (-2880 2880 0 ) (-2880 2880 144 ) 
4 414 415 (-2880 2880 0 ) (-2816 2880 0 ) (-2816 2880 144 ) (-2880 2880 144 ) 
4 415 417 (-2880 2624 0 ) (-2816 2624 0 ) (-2816 2624 144 ) (-2880 2624 144 ) 
4 415 416 (-2880 2880 144 ) (-2880 2880 0 ) (-2880 2624 0 ) (-2880 2624 144 ) 
4 416 419 (-2912 2880 0 ) (-2912 2624 0 ) (-2912 2624 144 ) (-2912 2880 144 ) 
4 416 417 (-2912 2624 144 ) (-2912 2624 0 ) (-2880 2624 0 ) (-2880 2624 144 ) 
4 417 419 (-2912 2624 0 ) (-2912 2592 0 ) (-2912 2592 144 ) (-2912 2624 144 ) 
4 417 418 (-2912 2592 144 ) (-2912 2592 0 ) (-2816 2592 0 ) (-2816 2592 144 ) 
4 418 419 (-2912 2592 0 ) (-2912 2272 0 ) (-2912 2272 160 ) (-2912 2592 160 ) 
4 419 421 (-2944 3008 0 ) (-2944 2240 0 ) (-2944 2240 160 ) (-2944 3008 160 ) 
4 420 426 (-2956 3072 0 ) (-2956 3012 0 ) (-2956 3012 112 ) (-2956 3072 112 ) 
4 420 423 (-2956 3012 112 ) (-2956 3012 160 ) (-2956 3072 160 ) (-2956 3072 112 ) 
4 421 426 (-2956 3008 0 ) (-2956 2144 0 ) (-2956 2144 112 ) (-2956 3008 112 ) 
4 421 424 (-2956 2144 112 ) (-2956 2144 160 ) (-2956 3008 160 ) (-2956 3008 112 ) 
4 422 828 (-2944 2048 160 ) (-2956 2048 160 ) (-2956 2048 0 ) (-2944 2048 0 ) 
4 422 426 (-2956 2140 0 ) (-2956 2048 0 ) (-2956 2048 112 ) (-2956 2140 112 ) 
4 422 425 (-2956 2048 112 ) (-2956 2048 160 ) (-2956 2140 160 ) (-2956 2140 112 ) 
4 423 433 (-3060 3012 160 ) (-3060 3072 160 ) (-3060 3072 112 ) (-3060 3012 112 ) 
4 423 427 (-3004 3072 112 ) (-2960 3072 112 ) (-2960 3012 112 ) (-3004 3012 112 ) 
4 423 426 (-2960 3072 112 ) (-2956 3072 112 ) (-2956 3012 112 ) (-2960 3012 112 ) 
4 423 432 (-3060 3012 112 ) (-3060 3072 112 ) (-3004 3072 112 ) (-3004 3012 112 ) 
4 424 434 (-3060 2144 160 ) (-3060 3008 160 ) (-3060 3008 112 ) (-3060 2144 112 ) 
4 424 427 (-3004 3008 112 ) (-2960 3008 112 ) (-2960 2144 112 ) (-3004 2144 112 ) 
4 424 426 (-2960 3008 112 ) (-2956 3008 112 ) (-2956 2144 112 ) (-2960 2144 112 ) 
4 424 432 (-3060 2144 112 ) (-3060 3008 112 ) (-3004 3008 112 ) (-3004 2144 112 ) 
4 425 828 (-2956 2048 160 ) (-3060 2048 160 ) (-3060 2048 112 ) (-2956 2048 112 ) 
4 425 435 (-3060 2048 112 ) (-3060 2048 160 ) (-3060 2140 160 ) (-3060 2140 112 ) 
4 425 427 (-3004 2140 112 ) (-2960 2140 112 ) (-2960 2048 112 ) (-3004 2048 112 ) 
4 425 426 (-2960 2140 112 ) (-2956 2140 112 ) (-2956 2048 112 ) (-2960 2048 112 ) 
4 425 432 (-3060 2048 112 ) (-3060 2140 112 ) (-3004 2140 112 ) (-3004 2048 112 ) 
4 426 828 (-2960 2048 0 ) (-2956 2048 0 ) (-2956 2048 112 ) (-2960 2048 112 ) 
4 426 429 (-2960 3009 108 ) (-2960 3011 108 ) (-2960 3011 48 ) (-2960 3009 48 ) 
4 426 428 (-2960 3011 108 ) (-2960 3072 108 ) (-2960 3072 48 ) (-2960 3011 48 ) 
4 426 430 (-2960 2048 48 ) (-2960 2048 108 ) (-2960 3009 108 ) (-2960 3009 48 ) 
4 426 427 (-2960 2048 108 ) (-2960 2048 112 ) (-2960 3072 112 ) (-2960 3072 108 ) 
4 426 431 (-2960 3072 0 ) (-2960 2048 0 ) (-2960 2048 48 ) (-2960 3072 48 ) 
4 427 828 (-2960 2048 108 ) (-2960 2048 112 ) (-3004 2048 112 ) (-3004 2048 108 ) 
4 427 429 (-3004 3009 108 ) (-3004 3011 108 ) (-2960 3011 108 ) (-2960 3009 108 ) 
4 427 428 (-3004 3011 108 ) (-3004 3072 108 ) (-2960 3072 108 ) (-2960 3011 108 ) 
4 427 430 (-3004 2048 108 ) (-3004 3009 108 ) (-2960 3009 108 ) (-2960 2048 108 ) 
4 427 432 (-3004 2048 108 ) (-3004 2048 112 ) (-3004 3072 112 ) (-3004 3072 108 ) 
4 428 431 (-3004 3011 48 ) (-3004 3072 48 ) (-2960 3072 48 ) (-2960 3011 48 ) 
4 428 432 (-3004 3011 108 ) (-3004 3072 108 ) (-3004 3072 48 ) (-3004 3011 48 ) 
4 428 429 (-3004 3011 48 ) (-2960 3011 48 ) (-2960 3011 108 ) (-3004 3011 108 ) 
4 429 430 (-3004 3009 48 ) (-2960 3009 48 ) (-2960 3009 108 ) (-3004 3009 108 ) 
4 429 431 (-3004 3009 48 ) (-3004 3011 48 ) (-2960 3011 48 ) (-2960 3009 48 ) 
4 429 432 (-3004 3009 108 ) (-3004 3011 108 ) (-3004 3011 48 ) (-3004 3009 48 ) 
4 430 828 (-2960 2048 48 ) (-2960 2048 108 ) (-3004 2048 108 ) (-3004 2048 48 ) 
4 430 432 (-3004 2048 48 ) (-3004 2048 108 ) (-3004 3009 108 ) (-3004 3009 48 ) 
4 430 431 (-3004 2048 48 ) (-3004 3009 48 ) (-2960 3009 48 ) (-2960 2048 48 ) 
4 431 828 (-3004 2048 0 ) (-2960 2048 0 ) (-2960 2048 48 ) (-3004 2048 48 ) 
4 431 432 (-3004 3072 0 ) (-3004 2048 0 ) (-3004 2048 48 ) (-3004 3072 48 ) 
4 432 828 (-3060 2048 112 ) (-3060 2048 0 ) (-3004 2048 0 ) (-3004 2048 112 ) 
4 432 434 (-3060 3008 0 ) (-3060 2144 0 ) (-3060 2144 112 ) (-3060 3008 112 ) 
4 432 435 (-3060 2140 0 ) (-3060 2048 0 ) (-3060 2048 112 ) (-3060 2140 112 ) 
4 432 433 (-3060 3072 0 ) (-3060 3012 0 ) (-3060 3012 112 ) (-3060 3072 112 ) 
4 434 715 (-3072 2144 160 ) (-3072 2624 160 ) (-3072 2624 0 ) (-3072 2144 0 ) 
4 435 828 (-3060 2048 160 ) (-3072 2048 160 ) (-3072 2048 0 ) (-3060 2048 0 ) 
4 435 723 (-3072 2048 0 ) (-3072 2048 112 ) (-3072 2100 112 ) (-3072 2100 0 ) 
4 436 437 (-3428 6146 -508 ) (-3427.080078 6146 -508 ) (-3427.080078 6146 -288 ) (-3428 6146 -288 ) 
4 437 456 (-3428.080078 6144 -384 ) (-3428.080078 6144 -508 ) (-3425.079590 6144 -508 ) (-3425.079590 6144 -384 ) 
4 437 440 (-3425.079590 6144 -288 ) (-3428.080078 6144 -288 ) (-3428.080078 6144 -384 ) (-3425.079590 6144 -384 ) 
4 437 438 (-3428.080078 6146 -288 ) (-3428.080078 6146 -508 ) (-3428.080078 6144 -508 ) (-3428.080078 6144 -288 ) 
4 438 457 (-3556.080078 6144 -384 ) (-3556.080078 6144 -512 ) (-3428.080078 6144 -512 ) (-3428.080078 6144 -384 ) 
4 438 440 (-3428.080078 6144 -288 ) (-3524.080078 6144 -288 ) (-3556.080078 6144 -384 ) (-3428.080078 6144 -384 ) 
4 439 477 (-3556.080078 5707 -128 ) (-3556.080078 5699 -128 ) (-3556.080078 5699 32 ) (-3556.080078 5707 32 ) 
4 439 476 (-3556.080078 5890.080078 -128 ) (-3556.080078 5707 -128 ) (-3556.080078 5707 32 ) (-3556.080078 5890.080078 32 ) 
4 440 456 (-3428.080078 6144 -384 ) (-3425.079590 6144 -384 ) (-3300.079834 6019 -384 ) (-3428.080078 6019 -384 ) 
4 440 457 (-3556.080078 6019 -384 ) (-3556.080078 6144 -384 ) (-3428.080078 6144 -384 ) (-3428.080078 6019 -384 ) 
4 440 441 (-3556.080078 6019 -384 ) (-3300.079834 6019 -384 ) (-3300.079834 6019 -288 ) (-3524.080078 6019 -288 ) 
4 441 462 (-3452.080078 6019 -384 ) (-3436.080078 6019 -384 ) (-3436.080078 5987 -384 ) (-3452.080078 5987 -384 ) 
4 441 461 (-3436.080078 6019 -384 ) (-3364.080078 6019 -384 ) (-3364.080078 5987 -384 ) (-3436.080078 5987 -384 ) 
4 441 463 (-3556.080078 5987 -384 ) (-3556.080078 6019 -384 ) (-3452.080078 6019 -384 ) (-3452.080078 5987 -384 ) 
4 441 458 (-3364.080078 6019 -384 ) (-3300.080078 6019 -384 ) (-3300.080078 5987 -384 ) (-3364.080078 5987 -384 ) 
4 441 447 (-3236.080078 6019 -384 ) (-3172.080078 6019 -384 ) (-3172.080078 5987 -384 ) (-3236.080078 5987 -384 ) 
4 441 449 (-3300.080078 6019 -384 ) (-3236.080078 6019 -384 ) (-3236.080078 5987 -384 ) (-3300.080078 5987 -384 ) 
4 441 444 (-3556.080078 5987 -384 ) (-3452.080078 5987 -384 ) (-3452.080078 5987 -288 ) (-3524.080078 5987 -288 ) 
4 441 443 (-3452.080078 5987 -384 ) (-3436.080078 5987 -384 ) (-3436.080078 5987 -288 ) (-3452.080078 5987 -288 ) 
4 441 442 (-3436.080078 5987 -384 ) (-3172.080078 5987 -384 ) (-3172.080078 5987 -288 ) (-3436.080078 5987 -288 ) 
4 442 461 (-3436.080078 5987 -384 ) (-3364.080078 5987 -384 ) (-3364.080078 5763 -384 ) (-3436.080078 5763 -384 ) 
4 442 459 (-3300.080078 5827 -384 ) (-3300.080078 5763 -384 ) (-3364.080078 5763 -384 ) (-3364.080078 5827 -384 ) 
4 442 458 (-3364.080078 5987 -384 ) (-3300.080078 5987 -384 ) (-3300.080078 5827 -384 ) (-3364.080078 5827 -384 ) 
4 442 450 (-3172.080078 5955 -384 ) (-3172.080078 5763 -384 ) (-3300.080078 5763 -384 ) (-3300.080078 5955 -384 ) 
4 442 447 (-3236.080078 5987 -384 ) (-3172.080078 5987 -384 ) (-3172.080078 5955 -384 ) (-3236.080078 5955 -384 ) 
4 442 449 (-3300.080078 5987 -384 ) (-3236.080078 5987 -384 ) (-3236.080078 5955 -384 ) (-3300.080078 5955 -384 ) 
4 442 443 (-3436.080078 5987 -288 ) (-3436.080078 5987 -384 ) (-3436.080078 5779 -384 ) (-3436.080078 5779 -288 ) 
4 443 462 (-3452.080078 5987 -384 ) (-3436.080078 5987 -384 ) (-3436.080078 5779 -384 ) (-3452.080078 5779 -384 ) 
4 443 445 (-3452.080078 5795 -384 ) (-3452.080078 5779 -384 ) (-3452.080078 5779 -288 ) (-3452.080078 5795 -288 ) 
4 443 444 (-3452.080078 5987 -288 ) (-3452.080078 5987 -384 ) (-3452.080078 5795 -384 ) (-3452.080078 5795 -288 ) 
10 444 482 (-3556.080078 5986.990234 -384 ) (-3556.080078 5795 -384 ) (-3556.080078 5795 -383.980469 ) (-3556.080078 5802.497070 -347.247528 ) (-3556.080078 5822.738770 -315.757080 ) (-3556.080078 5854.249512 -295.501923 ) (-3556.080078 5891.009766 -288.001984 ) (-3556.080078 5927.748535 -295.498993 ) (-3556.080078 5959.241211 -315.743530 ) (-3556.080078 5979.473633 -347.203949 ) 
4 444 463 (-3556.080078 5795 -384 ) (-3556.080078 5987 -384 ) (-3452.080078 5987 -384 ) (-3452.080078 5795 -384 ) 
4 444 445 (-3556.080078 5795 -384 ) (-3452.080078 5795 -384 ) (-3452.080078 5795 -288 ) (-3524.080078 5795 -288 ) 
4 445 463 (-3556.080078 5763 -384 ) (-3556.080078 5795 -384 ) (-3452.080078 5795 -384 ) (-3452.080078 5763 -384 ) 
4 446 493 (-3072 5699 -448 ) (-3072 5699 -384 ) (-3108.080078 5699 -384 ) (-3108.080078 5699 -448 ) 
4 446 492 (-3072 5699 -512 ) (-3072 5699 -448 ) (-3108.080078 5699 -448 ) (-3108.080078 5699 -512 ) 
4 447 450 (-3172.080078 5955 -388 ) (-3172.080078 5955 -384 ) (-3236.080078 5955 -384 ) (-3236.080078 5955 -388 ) 
4 447 449 (-3236.080078 6019 -384 ) (-3236.080078 6019 -388 ) (-3236.080078 5955 -388 ) (-3236.080078 5955 -384 ) 
4 447 448 (-3172.080078 5955 -388 ) (-3236.080078 5955 -388 ) (-3236.080078 6019 -388 ) (-3172.080078 6019 -388 ) 
4 448 451 (-3236.080078 5955 -512 ) (-3172.080078 5955 -512 ) (-3172.080078 5955 -388 ) (-3236.080078 5955 -388 ) 
4 448 449 (-3236.080078 6019 -388 ) (-3236.080078 6019 -512 ) (-3236.080078 5955 -512 ) (-3236.080078 5955 -388 ) 
4 449 458 (-3300.080078 5955 -508 ) (-3300.080078 5955 -384 ) (-3300.080078 6019 -384 ) (-3300.080078 6019 -508 ) 
4 449 451 (-3300.080078 5955 -388 ) (-3300.080078 5955 -512 ) (-3236.080078 5955 -512 ) (-3236.080078 5955 -388 ) 
4 449 450 (-3300.080078 5955 -384 ) (-3300.080078 5955 -388 ) (-3236.080078 5955 -388 ) (-3236.080078 5955 -384 ) 
4 450 459 (-3300.080078 5763 -388 ) (-3300.080078 5763 -384 ) (-3300.080078 5827 -384 ) (-3300.080078 5827 -388 ) 
4 450 458 (-3300.080078 5827 -384 ) (-3300.080078 5955 -384 ) (-3300.080078 5955 -388 ) (-3300.080078 5827 -388 ) 
4 450 452 (-3300.080078 5763 -384 ) (-3300.080078 5763 -388 ) (-3172.080078 5763 -388 ) (-3172.080078 5763 -384 ) 
4 450 451 (-3172.080078 5763 -388 ) (-3300.080078 5763 -388 ) (-3300.080078 5955 -388 ) (-3172.080078 5955 -388 ) 
4 451 460 (-3300.080078 5763 -508 ) (-3300.080078 5763 -388 ) (-3300.080078 5827 -388 ) (-3300.080078 5827 -508 ) 
4 451 458 (-3300.080078 5827 -388 ) (-3300.080078 5955 -388 ) (-3300.080078 5955 -508 ) (-3300.080078 5827 -508 ) 
4 451 452 (-3300.080078 5763 -388 ) (-3300.080078 5763 -512 ) (-3172.080078 5763 -512 ) (-3172.080078 5763 -388 ) 
4 452 454 (-3264.080078 5731 -512 ) (-3208.080078 5731 -512 ) (-3208.080078 5731 -400 ) (-3264.080078 5731 -400 ) 
4 453 495 (-3268.080078 5699 -384 ) (-3300.080078 5699 -384 ) (-3300.080078 5699 -400 ) (-3268.080078 5699 -400 ) 
4 453 494 (-3172.080078 5699 -384 ) (-3268.080078 5699 -384 ) (-3268.080078 5699 -400 ) (-3172.080078 5699 -400 ) 
4 453 455 (-3300.080078 5699 -400 ) (-3300.080078 5727 -400 ) (-3172.080078 5727 -400 ) (-3172.080078 5699 -400 ) 
4 454 455 (-3208.080078 5727 -400 ) (-3264.080078 5727 -400 ) (-3264.080078 5727 -512 ) (-3208.080078 5727 -512 ) 
4 455 495 (-3300.080078 5699 -400 ) (-3300.080078 5699 -512 ) (-3268.080078 5699 -512 ) (-3268.080078 5699 -400 ) 
4 455 494 (-3268.080078 5699 -512 ) (-3172.080078 5699 -512 ) (-3172.080078 5699 -400 ) (-3268.080078 5699 -400 ) 
4 456 461 (-3364.080078 6019 -384 ) (-3428.080078 6019 -384 ) (-3428.080078 6019 -508 ) (-3364.080078 6019 -508 ) 
4 456 458 (-3300.080078 6019 -508 ) (-3300.080078 6019 -384 ) (-3364.080078 6019 -384 ) (-3364.080078 6019 -508 ) 
4 456 457 (-3428.080078 6019 -508 ) (-3428.080078 6019 -384 ) (-3428.080078 6144 -384 ) (-3428.080078 6144 -508 ) 
4 457 469 (-3556.080078 6019 -512 ) (-3532.089844 6019 -512 ) (-3532.089844 6019 -508 ) (-3556.080078 6019 -508 ) 
4 457 467 (-3452.080078 6019 -512 ) (-3436.080078 6019 -512 ) (-3436.080078 6019 -508 ) (-3452.080078 6019 -508 ) 
4 457 466 (-3436.080078 6019 -512 ) (-3428.080078 6019 -512 ) (-3428.080078 6019 -508 ) (-3436.080078 6019 -508 ) 
4 457 462 (-3436.080078 6019 -384 ) (-3452.080078 6019 -384 ) (-3452.080078 6019 -508 ) (-3436.080078 6019 -508 ) 
4 457 461 (-3428.080078 6019 -508 ) (-3428.080078 6019 -384 ) (-3436.080078 6019 -384 ) (-3436.080078 6019 -508 ) 
4 457 463 (-3452.080078 6019 -384 ) (-3556.080078 6019 -384 ) (-3556.080078 6019 -508 ) (-3452.080078 6019 -508 ) 
4 458 465 (-3332.080078 5859 -508 ) (-3332.080078 5827 -508 ) (-3364.080078 5827 -508 ) (-3364.080078 5859 -508 ) 
4 458 464 (-3332.080078 5987 -508 ) (-3332.080078 5923 -508 ) (-3364.080078 5923 -508 ) (-3364.080078 5987 -508 ) 
4 458 461 (-3364.080078 6019 -384 ) (-3364.080078 6019 -508 ) (-3364.080078 5827 -508 ) (-3364.080078 5827 -384 ) 
4 458 460 (-3364.080078 5827 -388 ) (-3364.080078 5827 -508 ) (-3300.080078 5827 -508 ) (-3300.080078 5827 -388 ) 
4 458 459 (-3364.080078 5827 -384 ) (-3364.080078 5827 -388 ) (-3300.080078 5827 -388 ) (-3300.080078 5827 -384 ) 
4 459 461 (-3364.080078 5763 -388 ) (-3364.080078 5763 -384 ) (-3364.080078 5827 -384 ) (-3364.080078 5827 -388 ) 
4 459 460 (-3300.080078 5763 -388 ) (-3364.080078 5763 -388 ) (-3364.080078 5827 -388 ) (-3300.080078 5827 -388 ) 
4 460 465 (-3364.080078 5795 -508 ) (-3364.080078 5827 -508 ) (-3332.080078 5827 -508 ) (-3332.080078 5795 -508 ) 
4 460 461 (-3364.080078 5827 -508 ) (-3364.080078 5763 -508 ) (-3364.080078 5763 -388 ) (-3364.080078 5827 -388 ) 
4 461 466 (-3436.080078 6019 -508 ) (-3428.080078 6019 -508 ) (-3428.080078 5763 -508 ) (-3436.080078 5763 -508 ) 
4 461 465 (-3364.080078 5859 -508 ) (-3364.080078 5795 -508 ) (-3396.080078 5795 -508 ) (-3396.080078 5859 -508 ) 
4 461 464 (-3364.080078 5987 -508 ) (-3364.080078 5923 -508 ) (-3396.080078 5923 -508 ) (-3396.080078 5987 -508 ) 
4 461 462 (-3436.080078 6019 -384 ) (-3436.080078 6019 -508 ) (-3436.080078 5779 -508 ) (-3436.080078 5779 -384 ) 
4 462 467 (-3452.080078 6019 -508 ) (-3436.080078 6019 -508 ) (-3436.080078 5779 -508 ) (-3452.080078 5779 -508 ) 
4 462 463 (-3452.080078 6019 -384 ) (-3452.080078 6019 -508 ) (-3452.080078 5779 -508 ) (-3452.080078 5779 -384 ) 
10 463 482 (-3556.080078 5795 -384 ) (-3556.080078 5987 -384 ) (-3556.080078 5979.502930 -420.739716 ) (-3556.080078 5959.241211 -452.260498 ) (-3556.080078 5927.740234 -472.505798 ) (-3556.080078 5891.002441 -480 ) (-3556.080078 5854.248047 -472.499603 ) (-3556.080078 5822.775879 -452.267151 ) (-3556.080078 5802.493164 -420.721466 ) (-3556.080078 5795 -384.014648 ) 
4 463 469 (-3556.080078 5763 -508 ) (-3556.080078 6019 -508 ) (-3532.089844 6019 -508 ) (-3532.089844 5763 -508 ) 
4 463 468 (-3460.080078 6011 -508 ) (-3460.080078 5771 -508 ) (-3524.080078 5771 -508 ) (-3524.080078 6011 -508 ) 
4 464 470 (-3332.080078 5987 -512 ) (-3332.080078 5923 -512 ) (-3396.080078 5923 -512 ) (-3396.080078 5987 -512 ) 
4 465 473 (-3332.080078 5859 -512 ) (-3332.080078 5795 -512 ) (-3396.080078 5795 -512 ) (-3396.080078 5859 -512 ) 
4 466 467 (-3436.080078 5779 -508 ) (-3436.080078 6019 -508 ) (-3436.080078 6019 -512 ) (-3436.080078 5779 -512 ) 
4 470 471 (-3332.080078 5923 -928 ) (-3396.080078 5923 -928 ) (-3396.080078 5987 -928 ) (-3332.080078 5987 -928 ) 
4 471 472 (-3332.080078 5923 -960 ) (-3396.080078 5923 -960 ) (-3396.080078 5987 -960 ) (-3332.080078 5987 -960 ) 
4 473 474 (-3332.080078 5795 -928 ) (-3396.080078 5795 -928 ) (-3396.080078 5859 -928 ) (-3332.080078 5859 -928 ) 
4 474 475 (-3332.080078 5795 -960 ) (-3396.080078 5795 -960 ) (-3396.080078 5859 -960 ) (-3332.080078 5859 -960 ) 
4 476 480 (-3813 5827 -128 ) (-3749 5827 -128 ) (-3749 5707 -128 ) (-3813 5707 -128 ) 
4 476 477 (-3597 5707 -128 ) (-3556.080078 5707 -128 ) (-3556.080078 5707 32 ) (-3597 5707 32 ) 
4 476 478 (-3877 5707 -128 ) (-3621 5707 -128 ) (-3621 5707 32 ) (-3877 5707 32 ) 
4 478 490 (-3877 5699 -64 ) (-3877 5699 -128 ) (-3621 5699 -128 ) (-3621 5699 -64 ) 
4 478 483 (-3621 5699 32 ) (-3877 5699 32 ) (-3877 5699 -64 ) (-3621 5699 -64 ) 
4 478 480 (-3813 5707 -128 ) (-3749 5707 -128 ) (-3749 5699 -128 ) (-3813 5699 -128 ) 
4 479 481 (-3813 5827 -138 ) (-3813 5746 -192 ) (-3749 5746 -192 ) (-3749 5827 -138 ) 
4 480 490 (-3749 5699 -128 ) (-3813 5699 -128 ) (-3813 5699 -192 ) (-3749 5699 -192 ) 
4 480 481 (-3813 5731.003906 -192 ) (-3813 5827 -128.007812 ) (-3749 5827 -128.003906 ) (-3749 5730.996094 -192 ) 
4 483 525 (-4096 5699 32 ) (-4096 5699 -64 ) (-4096 5443 -64 ) (-4096 5443 32 ) 
4 483 490 (-4096 5443 -64 ) (-4096 5699 -64 ) (-3621 5699 -64 ) (-3621 5443 -64 ) 
4 483 484 (-4096 5443 -64 ) (-4005 5443 -64 ) (-4005 5443 32 ) (-4096 5443 32 ) 
4 484 526 (-4096 5315 -64 ) (-4096 5315 32 ) (-4096 5376 32 ) (-4096 5376 -64 ) 
4 484 525 (-4096 5376 32 ) (-4096 5443 32 ) (-4096 5443 -64 ) (-4096 5376 -64 ) 
4 484 491 (-4005 5315 -64 ) (-4096 5315 -64 ) (-4096 5443 -64 ) (-4005 5443 -64 ) 
4 485 489 (-3493 5455 -192 ) (-3493 5443 -192 ) (-3493 5443 -64 ) (-3493 5455 -64 ) 
4 485 487 (-3493 5559 -192 ) (-3493 5455 -192 ) (-3493 5455 -64 ) (-3493 5559 -64 ) 
4 485 486 (-3493 5635 -192 ) (-3493 5559 -192 ) (-3493 5559 -64 ) (-3493 5635 -64 ) 
4 486 487 (-3617 5559 -192 ) (-3493 5559 -192 ) (-3493 5559 -64 ) (-3617 5559 -64 ) 
4 487 489 (-3617 5455 -192 ) (-3493 5455 -192 ) (-3493 5455 -64 ) (-3617 5455 -64 ) 
4 487 488 (-3617 5559 -80 ) (-3617 5559 -192 ) (-3617 5455 -192 ) (-3617 5455 -80 ) 
4 488 490 (-3621 5559 -192 ) (-3621 5455 -192 ) (-3621 5455 -80 ) (-3621 5559 -80 ) 
4 490 525 (-4096 5443 -64 ) (-4096 5699 -64 ) (-4096 5699 -192 ) (-4096 5443 -192 ) 
4 490 491 (-4096 5443 -192 ) (-4005 5443 -192 ) (-4005 5443 -64 ) (-4096 5443 -64 ) 
4 491 526 (-4096 5315 -192 ) (-4096 5315 -64 ) (-4096 5376 -64 ) (-4096 5376 -192 ) 
4 491 525 (-4096 5376 -64 ) (-4096 5443 -64 ) (-4096 5443 -192 ) (-4096 5376 -192 ) 
4 491 507 (-4096 5315 -80 ) (-4096 5315 -192 ) (-4069 5315 -192 ) (-4069 5315 -80 ) 
4 492 493 (-3072 5699 -448 ) (-3108.080078 5699 -448 ) (-3108.080078 5635 -384 ) (-3072 5635 -384 ) 
4 494 515 (-3268.080078 5315 -512 ) (-3172.080078 5315 -512 ) (-3172.080078 5315 -384 ) (-3268.080078 5315 -384 ) 
4 494 495 (-3268.080078 5699 -512 ) (-3268.080078 5347 -512 ) (-3268.080078 5347 -384 ) (-3268.080078 5699 -384 ) 
4 496 516 (-3635 5219 -384 ) (-3635 5283 -384 ) (-3443 5283 -384 ) (-3443 5219 -384 ) 
4 496 519 (-3443 5157 -384 ) (-3635 5157 -384 ) (-3635 5219 -384 ) (-3443 5219 -384 ) 
4 496 497 (-3717 5157 -384 ) (-3443 5157 -384 ) (-3443 5157 -224 ) (-3717 5157 -146.343750 ) 
4 497 519 (-3635 5157 -384 ) (-3443 5157 -384 ) (-3443 5155 -384 ) (-3635 5155 -384 ) 
4 497 506 (-4005 5155 -192 ) (-4005 5155 -64.719246 ) (-4005 5157 -64.719238 ) (-4005 5157 -192 ) 
3 497 503 (-3828 5155 -320 ) (-3813 5155 -330 ) (-3813 5155 -320 ) 
4 497 502 (-3909 5155 -266 ) (-3828 5155 -320 ) (-3813 5155 -320 ) (-3909 5155 -256 ) 
3 497 504 (-3924 5155 -256 ) (-3909 5155 -266 ) (-3909 5155 -256 ) 
4 497 501 (-4005 5155 -192 ) (-4005 5155 -202 ) (-3924 5155 -256 ) (-3909 5155 -256 ) 
4 497 500 (-3813 5155 -330 ) (-3732 5155 -384 ) (-3717 5155 -384 ) (-3813 5155 -320 ) 
3 497 499 (-4005 5155 -202 ) (-4005 5155 -384 ) (-3732 5155 -384 ) 
5 497 498 (-3443 5155 -384 ) (-3443 5155 -224 ) (-4005 5155 -64.719467 ) (-4005 5155 -192 ) (-3717 5155 -384 ) 
6 498 546 (-3443 5120 -224 ) (-3781.722412 5120 -128 ) (-4005 5120 -128 ) (-4005 5120 -192 ) (-3717 5120 -384 ) (-3443 5120 -384 ) 
3 498 534 (-3781.722412 5120 -128 ) (-4005 5120 -64.719238 ) (-4005 5120 -128 ) 
4 498 519 (-3443 5120 -384 ) (-3635 5120 -384 ) (-3635 5155 -384 ) (-3443 5155 -384 ) 
4 498 506 (-4005 5120 -192 ) (-4005 5120 -64.719391 ) (-4005 5155 -64.719246 ) (-4005 5155 -192 ) 
4 498 502 (-3908.994141 5155 -256 ) (-3813 5155 -319.996307 ) (-3813 5120 -319.996307 ) (-3908.994141 5120 -256 ) 
4 498 501 (-4005 5120 -191.995758 ) (-4005 5155 -191.995758 ) (-3908.994141 5155 -256 ) (-3908.994141 5120 -256 ) 
4 498 500 (-3813 5155 -319.996307 ) (-3716.994873 5155 -384 ) (-3716.994873 5120 -384 ) (-3813 5120 -319.996307 ) 
3 499 547 (-4005 5120 -202 ) (-4005 5120 -384 ) (-3732 5120 -384 ) 
4 499 503 (-3813 5155 -329.997437 ) (-3827.996094 5155 -320 ) (-3827.996094 5120 -320 ) (-3813 5120 -329.997437 ) 
4 499 502 (-3827.996094 5155 -320 ) (-3909 5155 -265.997406 ) (-3909 5120 -265.997406 ) (-3827.996094 5120 -320 ) 
4 499 504 (-3909 5155 -265.997406 ) (-3923.996094 5155 -256 ) (-3923.996094 5120 -256 ) (-3909 5120 -265.997406 ) 
4 499 501 (-3923.996094 5155 -256 ) (-4005 5155 -201.997498 ) (-4005 5120 -201.997498 ) (-3923.996094 5120 -256 ) 
4 499 500 (-3731.996094 5155 -384 ) (-3813 5155 -329.997437 ) (-3813 5120 -329.997437 ) (-3731.996094 5120 -384 ) 
4 500 548 (-3813 5120 -330 ) (-3732 5120 -384 ) (-3717 5120 -384 ) (-3813 5120 -320 ) 
4 500 503 (-3813 5155 -330 ) (-3813 5120 -330 ) (-3813 5120 -320 ) (-3813 5155 -320 ) 
4 501 549 (-4005 5120 -192 ) (-4005 5120 -202 ) (-3924 5120 -256 ) (-3909 5120 -256 ) 
4 501 504 (-3924 5120 -256 ) (-3924 5155 -256 ) (-3909 5155 -256 ) (-3909 5120 -256 ) 
4 502 550 (-3909 5120 -266 ) (-3828 5120 -320 ) (-3813 5120 -320 ) (-3909 5120 -256 ) 
4 502 504 (-3909 5155 -266 ) (-3909 5120 -266 ) (-3909 5120 -256 ) (-3909 5155 -256 ) 
4 502 503 (-3828 5120 -320 ) (-3828 5155 -320 ) (-3813 5155 -320 ) (-3813 5120 -320 ) 
3 503 551 (-3828 5120 -320 ) (-3813 5120 -330 ) (-3813 5120 -320 ) 
3 504 552 (-3924 5120 -256 ) (-3909 5120 -266 ) (-3909 5120 -256 ) 
4 505 533 (-4096 5120 32 ) (-4096 5120 0 ) (-4005 5120 0 ) (-4005 5120 32 ) 
4 505 527 (-4096 5120 0 ) (-4096 5120 32 ) (-4096 5283 32 ) (-4096 5283 0 ) 
4 505 509 (-4069 5120 0 ) (-4096 5120 0 ) (-4096 5283 0 ) (-4069 5283 0 ) 
4 505 506 (-4005 5283 0 ) (-4005 5120 0 ) (-4069 5120 0 ) (-4069 5283 0 ) 
4 506 553 (-4069 5120 -192 ) (-4005 5120 -192 ) (-4005 5120 -128 ) (-4069 5120 -128 ) 
4 506 537 (-4010 5120 0 ) (-4015 5120 0 ) (-4015 5120 -128 ) (-4010 5120 -128 ) 
4 506 538 (-4015 5120 0 ) (-4069 5120 0 ) (-4069 5120 -128 ) (-4015 5120 -128 ) 
4 506 536 (-4005 5120 -128 ) (-4005 5120 0 ) (-4010 5120 0 ) (-4010 5120 -128 ) 
4 506 510 (-4069 5155 -192 ) (-4069 5140 -192 ) (-4069 5120 -178.666687 ) (-4069 5120 -168.666626 ) 
5 506 509 (-4069 5283 -192 ) (-4069 5155 -192 ) (-4069 5120 -168.666626 ) (-4069 5120 0 ) (-4069 5283 0 ) 
3 506 508 (-4069 5140 -192 ) (-4069 5120 -192 ) (-4069 5120 -178.666687 ) 
4 507 528 (-4096 5315 -80 ) (-4096 5315 -192 ) (-4096 5311 -192 ) (-4096 5311 -80 ) 
4 507 509 (-4096 5311 -192 ) (-4069 5311 -192 ) (-4069 5311 -80 ) (-4096 5311 -80 ) 
4 508 554 (-4096 5120 -178.666687 ) (-4096 5120 -192 ) (-4069 5120 -192 ) (-4069 5120 -178.666687 ) 
3 508 530 (-4096 5120 -192 ) (-4096 5120 -178.666687 ) (-4096 5140 -192 ) 
4 508 510 (-4096 5120 -178.669266 ) (-4069 5120 -178.669266 ) (-4069 5139.996094 -192 ) (-4096 5139.996094 -192 ) 
4 509 555 (-4096 5120 -128 ) (-4096 5120 -168.666626 ) (-4069 5120 -168.666626 ) (-4069 5120 -128 ) 
4 509 538 (-4096 5120 0 ) (-4096 5120 -128 ) (-4069 5120 -128 ) (-4069 5120 0 ) 
5 509 531 (-4096 5120 -168.666626 ) (-4096 5120 -25 ) (-4096 5311 -25 ) (-4096 5311 -192 ) (-4096 5155 -192 ) 
4 509 529 (-4096 5120 -25 ) (-4096 5120 0 ) (-4096 5311 0 ) (-4096 5311 -25 ) 
4 509 510 (-4096 5155 -192 ) (-4069 5155 -192 ) (-4069 5120 -168.666672 ) (-4096 5120 -168.666656 ) 
4 510 556 (-4096 5120 -168.666626 ) (-4096 5120 -178.666687 ) (-4069 5120 -178.666687 ) (-4069 5120 -168.666626 ) 
4 510 532 (-4096 5120 -178.666687 ) (-4096 5120 -168.666626 ) (-4096 5155 -192 ) (-4096 5140 -192 ) 
4 511 512 (-3104.080078 5239 -512 ) (-3072 5239 -512 ) (-3072 5239 -384 ) (-3104.080078 5239 -384 ) 
4 512 514 (-3104.080078 5135 -512 ) (-3072 5135 -512 ) (-3072 5135 -384 ) (-3104.080078 5135 -384 ) 
4 512 513 (-3104.080078 5239 -400 ) (-3104.080078 5239 -512 ) (-3104.080078 5135 -512 ) (-3104.080078 5135 -400 ) 
4 513 520 (-3108.080078 5239 -512 ) (-3108.080078 5219 -512 ) (-3108.080078 5219 -448 ) (-3108.080078 5239 -448 ) 
4 513 523 (-3108.080078 5219 -512 ) (-3108.080078 5135 -512 ) (-3108.080078 5135 -448 ) (-3108.080078 5219 -448 ) 
4 513 516 (-3108.080078 5219 -400 ) (-3108.080078 5239 -400 ) (-3108.080078 5239 -448 ) (-3108.080078 5219 -448 ) 
4 513 519 (-3108.080078 5135 -448 ) (-3108.080078 5135 -400 ) (-3108.080078 5219 -400 ) (-3108.080078 5219 -448 ) 
4 515 520 (-3268.080078 5283 -512 ) (-3140.099854 5283 -512 ) (-3140.099854 5283 -448 ) (-3268.080078 5283 -448 ) 
4 515 516 (-3140.099854 5283 -448 ) (-3140.099854 5283 -384 ) (-3268.080078 5283 -384 ) (-3268.080078 5283 -448 ) 
4 516 520 (-3539 5283 -448 ) (-3108.080078 5283 -448 ) (-3108.080078 5219 -448 ) (-3539 5219 -448 ) 
4 516 518 (-3539.003906 5219 -448 ) (-3635 5219 -384.002594 ) (-3635 5283 -384.002594 ) (-3539.003906 5283 -448 ) 
4 516 519 (-3635 5219 -384 ) (-3539 5219 -448 ) (-3108.080078 5219 -448 ) (-3108.080078 5219 -384 ) 
4 517 524 (-3635 5219 -448 ) (-3635 5283 -448 ) (-3554 5283 -448 ) (-3554 5219 -448 ) 
3 517 519 (-3635 5219 -394 ) (-3635 5219 -448 ) (-3554 5219 -448 ) 
4 517 518 (-3635 5283 -394 ) (-3635 5219 -394 ) (-3554 5219 -448 ) (-3554 5283 -448 ) 
4 518 524 (-3554 5283 -448 ) (-3539 5283 -448 ) (-3539 5219 -448 ) (-3554 5219 -448 ) 
4 518 519 (-3635 5219 -384 ) (-3635 5219 -394 ) (-3554 5219 -448 ) (-3539 5219 -448 ) 
4 519 576 (-3140.080078 5120 -384 ) (-3635 5120 -384 ) (-3635 5120 -448 ) (-3140.080078 5120 -448 ) 
4 519 565 (-3108.080078 5120 -384 ) (-3140.080078 5120 -384 ) (-3140.080078 5120 -448 ) (-3108.080078 5120 -448 ) 
4 519 523 (-3539 5219 -448 ) (-3108.080078 5219 -448 ) (-3108.080078 5120 -448 ) (-3539 5120 -448 ) 
4 519 524 (-3635 5120 -448 ) (-3635 5219 -448 ) (-3539 5219 -448 ) (-3539 5120 -448 ) 
4 520 522 (-3442.993164 5219 -512 ) (-3538.992188 5219 -448 ) (-3538.992188 5283 -448 ) (-3442.992188 5283 -512 ) 
4 520 523 (-3539 5219 -448 ) (-3443 5219 -512 ) (-3108.080078 5219 -512 ) (-3108.080078 5219 -448 ) 
4 521 524 (-3539 5283 -458 ) (-3539 5283 -512 ) (-3539 5219 -512 ) (-3539 5219 -458 ) 
3 521 523 (-3539 5219 -458 ) (-3539 5219 -512 ) (-3458 5219 -512 ) 
4 521 522 (-3458 5283 -512 ) (-3539 5283 -458 ) (-3539 5219 -458 ) (-3458 5219 -512 ) 
4 522 524 (-3539 5219 -448 ) (-3539 5283 -448 ) (-3539 5283 -458 ) (-3539 5219 -458 ) 
4 522 523 (-3539 5219 -448 ) (-3539 5219 -458 ) (-3458 5219 -512 ) (-3443 5219 -512 ) 
4 523 576 (-3539 5120 -512 ) (-3140.080078 5120 -512 ) (-3140.080078 5120 -448 ) (-3539 5120 -448 ) 
4 523 565 (-3140.080078 5120 -512 ) (-3108.080078 5120 -512 ) (-3108.080078 5120 -448 ) (-3140.080078 5120 -448 ) 
4 523 524 (-3539 5120 -448 ) (-3539 5219 -448 ) (-3539 5219 -512 ) (-3539 5120 -512 ) 
4 524 576 (-3635 5120 -448 ) (-3635 5120 -512 ) (-3539 5120 -512 ) (-3539 5120 -448 ) 
4 525 526 (-4133 5376 -192 ) (-4096 5376 -192 ) (-4096 5376 32 ) (-4133 5376 32 ) 
4 526 528 (-4133 5315 -192 ) (-4096 5315 -192 ) (-4096 5315 -80 ) (-4133 5315 -80 ) 
4 527 603 (-4096 5120 0 ) (-4096 5120 32 ) (-4133 5120 32 ) (-4133 5120 0 ) 
4 527 529 (-4133 5120 0 ) (-4133 5283 0 ) (-4096 5283 0 ) (-4096 5120 0 ) 
4 528 531 (-4133 5311 -192 ) (-4096 5311 -192 ) (-4096 5311 -80 ) (-4133 5311 -80 ) 
4 529 605 (-4128 5120 0 ) (-4133 5120 0 ) (-4133 5120 -25 ) (-4128 5120 -25 ) 
4 529 604 (-4096 5120 -25 ) (-4096 5120 0 ) (-4128 5120 0 ) (-4128 5120 -25 ) 
5 529 531 (-4096 5120 -25 ) (-4133 5120 -25 ) (-4133 5283 -25 ) (-4117 5311 -25 ) (-4096 5311 -25 ) 
4 530 615 (-4096 5120 -192 ) (-4096 5120 -178.666672 ) (-4133 5120 -178.666687 ) (-4133 5120 -192 ) 
4 530 532 (-4096 5139.995605 -192 ) (-4133 5139.995605 -192 ) (-4133 5120 -178.669571 ) (-4096 5120 -178.669571 ) 
4 531 616 (-4096 5120 -168.666611 ) (-4096 5120 -128 ) (-4133 5120 -128 ) (-4133 5120 -168.666626 ) 
4 531 605 (-4128 5120 -25 ) (-4133 5120 -25 ) (-4133 5120 -128 ) (-4128 5120 -128 ) 
4 531 604 (-4096 5120 -128 ) (-4096 5120 -25 ) (-4128 5120 -25 ) (-4128 5120 -128 ) 
4 531 532 (-4096 5120 -168.665085 ) (-4133 5120 -168.665085 ) (-4133 5155.002441 -192 ) (-4096 5155.002441 -192 ) 
4 532 617 (-4096 5120 -178.666672 ) (-4096 5120 -168.666611 ) (-4133 5120 -168.666626 ) (-4133 5120 -178.666687 ) 
4 533 603 (-4096 5120 32 ) (-4096 5120 0 ) (-4096 4931 0 ) (-4096 4931 32 ) 
4 533 537 (-4015 5120 0 ) (-4010 5120 0 ) (-4010 4931 0 ) (-4015 4931 0 ) 
4 533 538 (-4096 4931 0 ) (-4096 5120 0 ) (-4015 5120 0 ) (-4015 4931 0 ) 
4 533 536 (-4010 5120 0 ) (-4005 5120 0 ) (-4005 4931 0 ) (-4010 4931 0 ) 
4 534 546 (-4005 5120 -128 ) (-3781.723145 5120 -128 ) (-3781.723145 5091 -128 ) (-4005 5091 -128 ) 
4 534 536 (-4005 5120 -128 ) (-4005 5091 -128 ) (-4005 5091 -64.719467 ) (-4005 5120 -64.719460 ) 
4 535 539 (-3076 4396 -128 ) (-3072 4396 -128 ) (-3072 4396 0 ) (-3076 4396 0 ) 
4 536 553 (-4010 5120 -128 ) (-4005 5120 -128 ) (-4005 5059 -128 ) (-4010 5059 -128 ) 
4 536 537 (-4010 5120 -128 ) (-4010 4840 -128 ) (-4010 4840 0 ) (-4010 5120 0 ) 
4 537 553 (-4015 5120 -128 ) (-4010 5120 -128 ) (-4010 5059 -128 ) (-4015 5059 -128 ) 
4 537 538 (-4015 5120 -128 ) (-4015 4401 -128 ) (-4015 4401 0 ) (-4015 5120 0 ) 
4 538 604 (-4096 5120 0 ) (-4096 5120 -128 ) (-4096 4396 -128 ) (-4096 4396 0 ) 
4 538 555 (-4096 5059 -128 ) (-4096 5120 -128 ) (-4069 5120 -128 ) (-4069 5059 -128 ) 
4 538 553 (-4069 5120 -128 ) (-4015 5120 -128 ) (-4015 5059 -128 ) (-4069 5059 -128 ) 
4 538 539 (-4096 4396 -128 ) (-4015 4396 -128 ) (-4015 4396 0 ) (-4096 4396 0 ) 
4 539 614 (-4096 4255 -128 ) (-4096 4226.069824 -128 ) (-4096 4226.069824 0 ) (-4096 4255 0 ) 
4 539 612 (-4096 4287 -128 ) (-4096 4255 -128 ) (-4096 4255 -80 ) (-4096 4287 -80 ) 
4 539 610 (-4096 4255 -80 ) (-4096 4255 -34 ) (-4096 4287 -34 ) (-4096 4287 -80 ) 
4 539 609 (-4096 4255 -34 ) (-4096 4255 0 ) (-4096 4287 0 ) (-4096 4287 -34 ) 
4 539 604 (-4096 4396 -128 ) (-4096 4287 -128 ) (-4096 4287 0 ) (-4096 4396 0 ) 
4 539 544 (-4096 4226.069824 -128 ) (-3836.640137 4226.069824 -128 ) (-3836.640137 4226.069824 -25.749203 ) (-4096 4226.069824 -25.749203 ) 
4 539 542 (-3450 4226.069824 -128 ) (-3163 4226.069824 -128 ) (-3163 4226.069824 -25.749203 ) (-3450 4226.069824 -25.749203 ) 
4 539 543 (-3788.640137 4226.069824 -128 ) (-3498 4226.069824 -128 ) (-3498 4226.069824 -25.749203 ) (-3788.640137 4226.069824 -25.749203 ) 
4 539 541 (-3115 4226.069824 -128 ) (-3072 4226.069824 -128 ) (-3072 4226.069824 -25.749203 ) (-3115 4226.069824 -25.749203 ) 
4 539 540 (-3072 4226.069824 -25.749203 ) (-3072 4226.069824 0 ) (-4096 4226.069824 0 ) (-4096 4226.069824 -25.749203 ) 
4 540 614 (-4096 4225 -25.749203 ) (-4096 4225 0 ) (-4096 4226.069824 0 ) (-4096 4226.069824 -25.749203 ) 
4 540 545 (-4010 4225 0 ) (-4096 4225 0 ) (-4096 4225 -25.749203 ) (-4010 4225 -25.749203 ) 
4 540 544 (-3836.640137 4225 -25.749203 ) (-4096 4225 -25.749203 ) (-4096 4226.069824 -25.749203 ) (-3836.640137 4226.069824 -25.749203 ) 
4 540 542 (-3163 4225 -25.749203 ) (-3450 4225 -25.749203 ) (-3450 4226.069824 -25.749203 ) (-3163 4226.069824 -25.749203 ) 
4 540 543 (-3498 4225 -25.749203 ) (-3788.640137 4225 -25.749203 ) (-3788.640137 4226.069824 -25.749203 ) (-3498 4226.069824 -25.749203 ) 
4 540 541 (-3072 4225 -25.749203 ) (-3115 4225 -25.749203 ) (-3115 4226.069824 -25.749203 ) (-3072 4226.069824 -25.749203 ) 
4 544 614 (-4096 4226.069824 -128 ) (-4096 4225 -128 ) (-4096 4225 -25.749203 ) (-4096 4226.069824 -25.749203 ) 
4 544 545 (-4096 4225 -128 ) (-4010 4225 -128 ) (-4010 4225 -25.749203 ) (-4096 4225 -25.749203 ) 
4 545 638 (-4010 4096 0 ) (-4096 4096 0 ) (-4096 4096 -128 ) (-4010 4096 -128 ) 
4 545 614 (-4096 4225 -128 ) (-4096 4096 -128 ) (-4096 4096 0 ) (-4096 4225 0 ) 
4 546 576 (-3635 5120 -384 ) (-3443 5120 -384 ) (-3443 5091 -384 ) (-3635 5091 -384 ) 
4 546 553 (-4005 5091 -192 ) (-4005 5091 -128 ) (-4005 5120 -128 ) (-4005 5120 -192 ) 
4 546 550 (-3813 5091 -319.996765 ) (-3908.994873 5091 -256 ) (-3908.994873 5120 -256 ) (-3813 5120 -319.996765 ) 
4 546 549 (-3908.994873 5091 -256 ) (-4005 5091 -191.996460 ) (-4005 5120 -191.996460 ) (-3908.994873 5120 -256 ) 
4 546 548 (-3716.995361 5120 -384 ) (-3716.995361 5091 -384 ) (-3813 5091 -319.996765 ) (-3813 5120 -319.996765 ) 
4 547 551 (-3827.998535 5091 -320 ) (-3813 5091 -330 ) (-3813 5120 -330 ) (-3827.998535 5120 -320 ) 
4 547 550 (-3909 5091 -266 ) (-3827.998535 5091 -320 ) (-3827.998535 5120 -320 ) (-3909 5120 -266 ) 
4 547 552 (-3923.998535 5091 -256 ) (-3909 5091 -266 ) (-3909 5120 -266 ) (-3923.998535 5120 -256 ) 
4 547 549 (-4005 5120 -201.998993 ) (-4005 5091 -201.998993 ) (-3923.998535 5091 -256 ) (-3923.998535 5120 -256 ) 
4 547 548 (-3813 5091 -330 ) (-3731.998535 5091 -384 ) (-3731.998535 5120 -384 ) (-3813 5120 -330 ) 
4 548 551 (-3813 5120 -330 ) (-3813 5091 -330 ) (-3813 5091 -320 ) (-3813 5120 -320 ) 
4 549 552 (-3924 5091 -256 ) (-3924 5120 -256 ) (-3909 5120 -256 ) (-3909 5091 -256 ) 
4 550 552 (-3909 5120 -266 ) (-3909 5091 -266 ) (-3909 5091 -256 ) (-3909 5120 -256 ) 
4 550 551 (-3828 5091 -320 ) (-3828 5120 -320 ) (-3813 5120 -320 ) (-3813 5091 -320 ) 
4 553 556 (-4069 5059 -138 ) (-4069 5059 -128 ) (-4069 5120 -168.666626 ) (-4069 5120 -178.666687 ) 
3 553 555 (-4069 5059 -128 ) (-4069 5120 -128 ) (-4069 5120 -168.666626 ) 
4 553 554 (-4069 5120 -192 ) (-4069 5059 -192 ) (-4069 5059 -138 ) (-4069 5120 -178.666687 ) 
4 554 615 (-4096 5120 -178.666687 ) (-4096 5120 -192 ) (-4096 5059 -192 ) (-4096 5059 -138 ) 
4 554 556 (-4096 5059 -138.003906 ) (-4069 5059 -138.003906 ) (-4069 5120 -178.671555 ) (-4096 5120 -178.671555 ) 
3 555 616 (-4096 5120 -128 ) (-4096 5120 -168.666626 ) (-4096 5059 -128 ) 
4 555 556 (-4096 5120 -168.666672 ) (-4069 5120 -168.666672 ) (-4069 5059 -128 ) (-4096 5059 -128 ) 
4 556 617 (-4096 5120 -168.666626 ) (-4096 5120 -178.666687 ) (-4096 5059 -138 ) (-4096 5059 -128 ) 
4 557 580 (-3392.080078 4739 -384 ) (-3364.080078 4739 -384 ) (-3364.080078 4483 -384 ) (-3392.080078 4483 -384 ) 
4 558 581 (-3492.080078 4739 -384 ) (-3464.080078 4739 -384 ) (-3464.080078 4483 -384 ) (-3492.080078 4483 -384 ) 
4 559 588 (-3812.080078 4579 -384 ) (-3780.080078 4579 -384 ) (-3780.080078 4563 -384 ) (-3812.080078 4563 -384 ) 
4 559 583 (-3780.080078 4579 -384 ) (-3524.080078 4579 -384 ) (-3524.080078 4563 -384 ) (-3780.080078 4563 -384 ) 
4 559 562 (-3812.080078 4563 -384 ) (-3524.080078 4563 -384 ) (-3524.080078 4563 -320 ) (-3812.080078 4563 -320 ) 
4 560 589 (-3876.080078 4579 -384 ) (-3844.080078 4579 -384 ) (-3844.080078 4563 -384 ) (-3876.080078 4563 -384 ) 
4 560 562 (-3876.080078 4563 -384 ) (-3844.080078 4563 -384 ) (-3844.080078 4563 -320 ) (-3876.080078 4563 -320 ) 
4 561 618 (-4096 4579 -384 ) (-4096 4563 -384 ) (-4096 4563 -320 ) (-4096 4579 -320 ) 
4 561 596 (-4096 4563 -384 ) (-4096 4579 -384 ) (-4068.080078 4579 -384 ) (-4068.080078 4563 -384 ) 
4 561 594 (-4068.080078 4579 -384 ) (-3940.080078 4579 -384 ) (-3940.080078 4563 -384 ) (-4068.080078 4563 -384 ) 
4 561 590 (-3940.080078 4579 -384 ) (-3908.080078 4579 -384 ) (-3908.080078 4563 -384 ) (-3940.080078 4563 -384 ) 
4 561 562 (-4096 4563 -384 ) (-3908.080078 4563 -384 ) (-3908.080078 4563 -320 ) (-4096 4563 -320 ) 
4 562 618 (-4096 4563 -384 ) (-4096 4483 -384 ) (-4096 4483 -320 ) (-4096 4563 -320 ) 
4 562 596 (-4096 4483 -384 ) (-4096 4563 -384 ) (-4068.080078 4563 -384 ) (-4068.080078 4483 -384 ) 
4 562 594 (-4068.080078 4563 -384 ) (-3940.080078 4563 -384 ) (-3940.080078 4483 -384 ) (-4068.080078 4483 -384 ) 
4 562 591 (-3940.080078 4563 -384 ) (-3780.080078 4563 -384 ) (-3780.080078 4483 -384 ) (-3940.080078 4483 -384 ) 
4 562 583 (-3780.080078 4563 -384 ) (-3524.080078 4563 -384 ) (-3524.080078 4483 -384 ) (-3780.080078 4483 -384 ) 
4 562 563 (-4096 4483 -384 ) (-3524.080078 4483 -384 ) (-3524.080078 4483 -320 ) (-4096 4483 -320 ) 
4 563 618 (-4096 4483 -384 ) (-4096 4323 -384 ) (-4096 4323 -320 ) (-4096 4483 -320 ) 
4 563 600 (-4096 4323 -384 ) (-4096 4451 -384 ) (-3524.080078 4451 -384 ) (-3524.080078 4323 -384 ) 
4 563 598 (-4096 4451 -384 ) (-4096 4483 -384 ) (-3524.080078 4483 -384 ) (-3524.080078 4451 -384 ) 
4 563 564 (-4068.080078 4323 -384 ) (-3780.080078 4323 -384 ) (-3780.080078 4323 -320 ) (-4068.080078 4323 -320 ) 
4 564 602 (-4068.080078 4323 -384 ) (-3780.080078 4323 -384 ) (-3780.080078 4228 -384 ) (-4068.080078 4228 -384 ) 
4 565 576 (-3140.080078 5120 -512 ) (-3140.080078 5091 -512 ) (-3140.080078 5091 -384 ) (-3140.080078 5120 -384 ) 
4 566 572 (-3136.080078 4693 -512 ) (-3072 4693 -512 ) (-3072 4693 -478 ) (-3136.080078 4693 -478 ) 
4 566 567 (-3072 4693 -478 ) (-3072 4693 -384 ) (-3136.080078 4693 -384 ) (-3136.080078 4693 -478 ) 
4 567 574 (-3136.080078 4591 -478 ) (-3072 4591 -478 ) (-3072 4591 -384 ) (-3136.080078 4591 -384 ) 
4 567 572 (-3072 4591 -478 ) (-3136.080078 4591 -478 ) (-3136.080078 4693 -478 ) (-3072 4693 -478 ) 
4 567 570 (-3136.080078 4691 -478 ) (-3136.080078 4593 -478 ) (-3136.080078 4593 -418 ) (-3136.080078 4691 -418 ) 
4 567 569 (-3136.080078 4693 -418 ) (-3136.080078 4693 -478 ) (-3136.080078 4691 -478 ) (-3136.080078 4691 -418 ) 
4 567 571 (-3136.080078 4593 -478 ) (-3136.080078 4591 -478 ) (-3136.080078 4591 -418 ) (-3136.080078 4593 -418 ) 
4 567 568 (-3136.080078 4693 -416 ) (-3136.080078 4693 -418 ) (-3136.080078 4591 -418 ) (-3136.080078 4591 -416 ) 
4 568 582 (-3140.080078 4591 -418 ) (-3140.080078 4591 -416 ) (-3140.080078 4693 -416 ) (-3140.080078 4693 -418 ) 
4 568 570 (-3136.080078 4691 -418 ) (-3136.080078 4593 -418 ) (-3140.080078 4593 -418 ) (-3140.080078 4691 -418 ) 
4 568 569 (-3140.080078 4693 -418 ) (-3136.080078 4693 -418 ) (-3136.080078 4691 -418 ) (-3140.080078 4691 -418 ) 
4 568 571 (-3136.080078 4593 -418 ) (-3136.080078 4591 -418 ) (-3140.080078 4591 -418 ) (-3140.080078 4593 -418 ) 
4 569 582 (-3140.080078 4691 -418 ) (-3140.080078 4693 -418 ) (-3140.080078 4693 -478 ) (-3140.080078 4691 -478 ) 
4 569 573 (-3140.080078 4691 -478 ) (-3140.080078 4693 -478 ) (-3136.080078 4693 -478 ) (-3136.080078 4691 -478 ) 
4 569 570 (-3140.080078 4691 -478 ) (-3136.080078 4691 -478 ) (-3136.080078 4691 -418 ) (-3140.080078 4691 -418 ) 
4 570 582 (-3140.080078 4593 -418 ) (-3140.080078 4691 -418 ) (-3140.080078 4691 -478 ) (-3140.080078 4593 -478 ) 
4 570 573 (-3140.080078 4593 -478 ) (-3140.080078 4691 -478 ) (-3136.080078 4691 -478 ) (-3136.080078 4593 -478 ) 
4 570 571 (-3140.080078 4593 -478 ) (-3136.080078 4593 -478 ) (-3136.080078 4593 -418 ) (-3140.080078 4593 -418 ) 
4 571 582 (-3140.080078 4591 -478 ) (-3140.080078 4591 -418 ) (-3140.080078 4593 -418 ) (-3140.080078 4593 -478 ) 
4 571 573 (-3136.080078 4591 -478 ) (-3140.080078 4591 -478 ) (-3140.080078 4593 -478 ) (-3136.080078 4593 -478 ) 
4 572 574 (-3136.080078 4591 -512 ) (-3072 4591 -512 ) (-3072 4591 -478 ) (-3136.080078 4591 -478 ) 
4 572 573 (-3136.080078 4591 -480 ) (-3136.080078 4591 -478 ) (-3136.080078 4693 -478 ) (-3136.080078 4693 -480 ) 
4 573 582 (-3140.080078 4591 -480 ) (-3140.080078 4591 -478 ) (-3140.080078 4693 -478 ) (-3140.080078 4693 -480 ) 
4 574 575 (-3136.080078 4575 -512 ) (-3136.080078 4519 -512 ) (-3136.080078 4519 -400 ) (-3136.080078 4575 -400 ) 
4 575 582 (-3140.080078 4575 -512 ) (-3140.080078 4519 -512 ) (-3140.080078 4519 -400 ) (-3140.080078 4575 -400 ) 
4 576 578 (-3268.080078 5091 -512 ) (-3172.080078 5091 -512 ) (-3172.080078 5091 -384 ) (-3268.080078 5091 -384 ) 
4 576 577 (-3172.080078 5091 -512 ) (-3140.080078 5091 -512 ) (-3140.080078 5091 -384 ) (-3172.080078 5091 -384 ) 
4 577 578 (-3172.080078 5091 -384 ) (-3172.080078 5091 -512 ) (-3172.080078 5059 -512 ) (-3172.080078 5059 -384 ) 
4 578 580 (-3172.080078 4739 -388 ) (-3172.080078 4739 -384 ) (-3268.080078 4739 -384 ) (-3268.080078 4739 -388 ) 
4 578 582 (-3268.080078 4739 -512 ) (-3172.080078 4739 -512 ) (-3172.080078 4739 -388 ) (-3268.080078 4739 -388 ) 
4 578 579 (-3268.080078 5027 -512 ) (-3268.080078 4739 -512 ) (-3268.080078 4739 -384 ) (-3268.080078 5027 -384 ) 
4 579 580 (-3268.080078 4739 -388 ) (-3268.080078 4739 -384 ) (-3300 4739 -384 ) (-3300 4739 -388 ) 
4 579 582 (-3300 4739 -512 ) (-3268.080078 4739 -512 ) (-3268.080078 4739 -388 ) (-3300 4739 -388 ) 
4 580 582 (-3140.080078 4483 -388 ) (-3392.080078 4483 -388 ) (-3392.080078 4739 -388 ) (-3140.080078 4739 -388 ) 
4 581 582 (-3464.080078 4483 -388 ) (-3492.080078 4483 -388 ) (-3492.080078 4739 -388 ) (-3464.080078 4739 -388 ) 
4 582 597 (-3332.080078 4483 -512 ) (-3140.080078 4483 -512 ) (-3140.080078 4483 -388 ) (-3332.080078 4483 -388 ) 
4 583 598 (-3780.080078 4483 -512 ) (-3524.080078 4483 -512 ) (-3524.080078 4483 -384 ) (-3780.080078 4483 -384 ) 
4 583 588 (-3780.080078 4579 -512 ) (-3780.080078 4563 -512 ) (-3780.080078 4563 -384 ) (-3780.080078 4579 -384 ) 
4 583 591 (-3780.080078 4563 -512 ) (-3780.080078 4483 -512 ) (-3780.080078 4483 -384 ) (-3780.080078 4563 -384 ) 
4 583 585 (-3780.080078 4703 -512 ) (-3780.080078 4647 -512 ) (-3780.080078 4647 -400 ) (-3780.080078 4703 -400 ) 
4 584 586 (-3784.080078 4611 -400 ) (-3936.080078 4611 -400 ) (-3936.080078 4739 -400 ) (-3784.080078 4739 -400 ) 
4 585 586 (-3784.080078 4647 -400 ) (-3784.080078 4703 -400 ) (-3784.080078 4703 -512 ) (-3784.080078 4647 -512 ) 
4 586 587 (-3936.080078 4647 -400 ) (-3936.080078 4703 -400 ) (-3936.080078 4703 -512 ) (-3936.080078 4647 -512 ) 
4 587 592 (-3940.080078 4703 -512 ) (-3940.080078 4647 -512 ) (-3940.080078 4647 -400 ) (-3940.080078 4703 -400 ) 
4 588 591 (-3812.080078 4563 -512 ) (-3780.080078 4563 -512 ) (-3780.080078 4563 -384 ) (-3812.080078 4563 -384 ) 
4 589 591 (-3876.080078 4563 -512 ) (-3844.080078 4563 -512 ) (-3844.080078 4563 -384 ) (-3876.080078 4563 -384 ) 
4 590 594 (-3940.080078 4579 -512 ) (-3940.080078 4563 -512 ) (-3940.080078 4563 -384 ) (-3940.080078 4579 -384 ) 
4 590 591 (-3940.080078 4563 -384 ) (-3940.080078 4563 -512 ) (-3908.080078 4563 -512 ) (-3908.080078 4563 -384 ) 
4 591 598 (-3940.080078 4483 -512 ) (-3780.080078 4483 -512 ) (-3780.080078 4483 -384 ) (-3940.080078 4483 -384 ) 
4 591 594 (-3940.080078 4563 -512 ) (-3940.080078 4483 -512 ) (-3940.080078 4483 -384 ) (-3940.080078 4563 -384 ) 
4 592 595 (-4068.080078 4727 -512 ) (-4068.080078 4597 -512 ) (-4068.080078 4597 -384 ) (-4068.080078 4727 -384 ) 
4 592 593 (-4068.080078 4583 -416 ) (-4068.080078 4583 -480 ) (-3940.080078 4583 -480 ) (-3940.080078 4583 -416 ) 
4 593 594 (-4068.080078 4579 -416 ) (-4068.080078 4579 -480 ) (-3940.080078 4579 -480 ) (-3940.080078 4579 -416 ) 
4 594 598 (-4068.080078 4483 -512 ) (-3940.080078 4483 -512 ) (-3940.080078 4483 -384 ) (-4068.080078 4483 -384 ) 
4 594 596 (-4068.080078 4579 -512 ) (-4068.080078 4483 -512 ) (-4068.080078 4483 -384 ) (-4068.080078 4579 -384 ) 
4 595 619 (-4096 4727 -512 ) (-4096 4597 -512 ) (-4096 4597 -384 ) (-4096 4727 -384 ) 
4 596 620 (-4096 4579 -512 ) (-4096 4483 -512 ) (-4096 4483 -384 ) (-4096 4579 -384 ) 
4 596 598 (-4096 4483 -512 ) (-4068.080078 4483 -512 ) (-4068.080078 4483 -384 ) (-4096 4483 -384 ) 
4 597 601 (-3332.080078 4451 -512 ) (-3140.080078 4451 -512 ) (-3140.080078 4451 -388 ) (-3332.080078 4451 -388 ) 
4 598 620 (-4096 4483 -512 ) (-4096 4451 -512 ) (-4096 4451 -384 ) (-4096 4483 -384 ) 
4 598 601 (-4096 4451 -512 ) (-3524.080078 4451 -512 ) (-3524.080078 4451 -388 ) (-4096 4451 -388 ) 
4 598 600 (-3524.080078 4451 -388 ) (-3524.080078 4451 -384 ) (-4096 4451 -384 ) (-4096 4451 -388 ) 
5 599 601 (-3172.080078 4323 -388 ) (-3392.080078 4323 -388 ) (-3392.080078 4451 -388 ) (-3140.080078 4451 -388 ) (-3140.080078 4355 -388 ) 
4 600 620 (-4096 4323 -388 ) (-4096 4323 -384 ) (-4096 4451 -384 ) (-4096 4451 -388 ) 
4 600 602 (-3780.080078 4323 -384 ) (-4068.080078 4323 -384 ) (-4068.080078 4323 -388 ) (-3780.080078 4323 -388 ) 
4 600 601 (-3464.080078 4323 -388 ) (-4096 4323 -388 ) (-4096 4451 -388 ) (-3464.080078 4451 -388 ) 
4 601 620 (-4096 4451 -512 ) (-4096 4323 -512 ) (-4096 4323 -388 ) (-4096 4451 -388 ) 
4 601 602 (-4068.080078 4323 -512 ) (-3780.080078 4323 -512 ) (-3780.080078 4323 -388 ) (-4068.080078 4323 -388 ) 
4 603 605 (-4133 4931 0 ) (-4133 5120 0 ) (-4128 5120 0 ) (-4128 4931 0 ) 
4 603 604 (-4128 5120 0 ) (-4096 5120 0 ) (-4096 4931 0 ) (-4128 4931 0 ) 
4 604 616 (-4128 5120 -128 ) (-4096 5120 -128 ) (-4096 5059 -128 ) (-4128 5059 -128 ) 
4 604 612 (-4128 4287 -128 ) (-4096 4287 -128 ) (-4096 4287 -80 ) (-4128 4287 -80 ) 
4 604 610 (-4096 4287 -80 ) (-4096 4287 -34 ) (-4128 4287 -34 ) (-4128 4287 -80 ) 
4 604 609 (-4096 4287 -34 ) (-4096 4287 0 ) (-4128 4287 0 ) (-4128 4287 -34 ) 
4 604 605 (-4128 5120 -128 ) (-4128 4835 -128 ) (-4128 4835 0 ) (-4128 5120 0 ) 
4 605 616 (-4133 5120 -128 ) (-4128 5120 -128 ) (-4128 5059 -128 ) (-4133 5059 -128 ) 
4 606 611 (-4204 4287 -34 ) (-4389 4287 -34 ) (-4389 4287 -80 ) (-4204 4287 -80 ) 
4 606 607 (-4433 4458 -128 ) (-4433 4402 -128 ) (-4433 4402 -16 ) (-4433 4458 -16 ) 
4 607 608 (-4465 4458 -128 ) (-4465 4402 -128 ) (-4465 4402 -16 ) (-4465 4458 -16 ) 
4 608 613 (-4832 4287 -128 ) (-4465 4287 -128 ) (-4465 4287 0 ) (-4832 4287 0 ) 
4 609 614 (-4096 4255 -34 ) (-4096 4255 0 ) (-4128 4255 0 ) (-4128 4255 -34 ) 
4 609 610 (-4096 4255 -34 ) (-4128 4255 -34 ) (-4128 4287 -34 ) (-4096 4287 -34 ) 
4 610 614 (-4096 4255 -80 ) (-4096 4255 -34 ) (-4128 4255 -34 ) (-4128 4255 -80 ) 
4 610 612 (-4096 4255 -80 ) (-4128 4255 -80 ) (-4128 4287 -80 ) (-4096 4287 -80 ) 
4 611 614 (-4204 4255 -34 ) (-4389 4255 -34 ) (-4389 4255 -80 ) (-4204 4255 -80 ) 
4 612 614 (-4128 4255 -128 ) (-4096 4255 -128 ) (-4096 4255 -80 ) (-4128 4255 -80 ) 
4 613 614 (-4832 4255 -128 ) (-4465 4255 -128 ) (-4465 4255 0 ) (-4832 4255 0 ) 
4 614 661 (-4736 4096 0 ) (-4832 4096 0 ) (-4832 4096 -128 ) (-4736 4096 -128 ) 
4 614 660 (-4608 4096 0 ) (-4736 4096 0 ) (-4736 4096 -128 ) (-4608 4096 -128 ) 
4 614 659 (-4504 4096 0 ) (-4608 4096 0 ) (-4608 4096 -128 ) (-4504 4096 -128 ) 
4 614 656 (-4465 4096 0 ) (-4504 4096 0 ) (-4504 4096 -128 ) (-4465 4096 -128 ) 
4 614 655 (-4288 4096 0 ) (-4465 4096 0 ) (-4465 4096 -128 ) (-4288 4096 -128 ) 
4 614 654 (-4096 4096 -128 ) (-4096 4096 0 ) (-4288 4096 0 ) (-4288 4096 -128 ) 
4 615 617 (-4133 5120 -178.670410 ) (-4133 5059 -138.003220 ) (-4096 5059 -138.003220 ) (-4096 5120 -178.670410 ) 
4 616 617 (-4096 5059.002930 -128 ) (-4133 5059.002930 -128 ) (-4133 5120 -168.665131 ) (-4096 5120 -168.665131 ) 
4 618 620 (-4132.080078 4323 -384 ) (-4132.080078 4579 -384 ) (-4096 4579 -384 ) (-4096 4323 -384 ) 
4 621 634 (-3200 3186.090332 0 ) (-3200 3168 0 ) (-3200 3168 128 ) (-3200 3186.090332 128 ) 
4 621 633 (-3200 3168 128 ) (-3200 3168 160 ) (-3200 3186.090332 160 ) (-3200 3186.090332 128 ) 
4 621 630 (-3200 3296 0 ) (-3200 3186.090332 0 ) (-3200 3186.090332 160 ) (-3200 3296 160 ) 
4 622 646 (-4096 3744 0 ) (-4096 3584 0 ) (-4096 3584 217 ) (-4096 3744 217 ) 
4 622 627 (-4096 3584 0 ) (-4080 3584 0 ) (-4080 3584 217 ) (-4096 3584 217 ) 
4 622 625 (-3968 3584 0 ) (-3912 3584 0 ) (-3912 3584 112 ) (-3968 3584 112 ) 
4 623 630 (-3583.830078 3322 0 ) (-3200 3322 0 ) (-3200 3322 160 ) (-3583.830078 3322 160 ) 
4 624 626 (-3912 3552 0 ) (-3912 3322 0 ) (-3912 3322 217 ) (-3912 3552 217 ) 
4 625 626 (-3968 3552 112 ) (-3968 3552 0 ) (-3912 3552 0 ) (-3912 3552 112 ) 
4 627 646 (-4096 3584 0 ) (-4096 3488 0 ) (-4096 3488 217 ) (-4096 3584 217 ) 
4 627 628 (-4096 3488 0 ) (-4080 3488 0 ) (-4080 3488 128 ) (-4096 3488 128 ) 
4 628 649 (-4096 3488 0 ) (-4096 3456 0 ) (-4096 3456 128 ) (-4096 3488 128 ) 
4 628 629 (-4096 3456 0 ) (-4080 3456 0 ) (-4080 3456 128 ) (-4096 3456 128 ) 
4 629 647 (-4096 3322 128 ) (-4096 3322 217 ) (-4096 3456 217 ) (-4096 3456 128 ) 
4 629 649 (-4096 3456 0 ) (-4096 3322 0 ) (-4096 3322 128 ) (-4096 3456 128 ) 
4 629 635 (-4096 3322 217 ) (-4096 3322 0 ) (-4080 3322 0 ) (-4080 3322 217 ) 
4 630 634 (-3200 3186.090332 0 ) (-3200 3186.090332 128 ) (-3583.830078 3186.090332 128 ) (-3583.830078 3186.090332 0 ) 
4 630 633 (-3200 3186.090332 128 ) (-3200 3186.090332 160 ) (-3583.830078 3186.090332 160 ) (-3583.830078 3186.090332 128 ) 
4 630 631 (-3583.830078 3186.090332 0 ) (-3583.830078 3186.090332 112 ) (-3583.830078 3290.080078 112 ) (-3583.830078 3290.080078 0 ) 
4 631 632 (-3588 3186.090332 0 ) (-3588 3186.090332 112 ) (-3588 3290.080078 112 ) (-3588 3290.080078 0 ) 
4 632 635 (-4080 3290 0 ) (-4080 3186.090332 0 ) (-4080 3186.090332 128 ) (-4080 3290 128 ) 
4 633 634 (-3584 3186.090332 128 ) (-3200 3186.090332 128 ) (-3200 3136 128 ) (-3584 3136 128 ) 
4 634 642 (-3444 3136 0 ) (-3340 3136 0 ) (-3340 3136 112 ) (-3444 3136 112 ) 
4 635 647 (-4096 3186 217 ) (-4096 3322 217 ) (-4096 3322 128 ) (-4096 3186 128 ) 
4 635 649 (-4096 3322 128 ) (-4096 3322 0 ) (-4096 3186 0 ) (-4096 3186 128 ) 
4 635 636 (-4096 3186 0 ) (-4080 3186 0 ) (-4080 3186 128 ) (-4096 3186 128 ) 
4 636 649 (-4096 3186 128 ) (-4096 3186 0 ) (-4096 3154 0 ) (-4096 3154 128 ) 
4 636 637 (-4096 3154 0 ) (-4080 3154 0 ) (-4080 3154 128 ) (-4096 3154 128 ) 
4 637 648 (-4096 3136 128 ) (-4096 3136 217 ) (-4096 3154 217 ) (-4096 3154 128 ) 
4 637 649 (-4096 3136 0 ) (-4096 3136 128 ) (-4096 3154 128 ) (-4096 3154 0 ) 
4 637 645 (-4096 3136 160 ) (-4096 3136 0 ) (-4080 3136 0 ) (-4080 3136 160 ) 
4 637 640 (-4096 3136 217 ) (-4096 3136 160 ) (-4080 3136 160 ) (-4080 3136 217 ) 
4 638 654 (-4096 4080 -128 ) (-4096 4080 0 ) (-4096 4096 0 ) (-4096 4096 -128 ) 
4 639 705 (-3456 3072 192 ) (-3456 3072 160 ) (-3328 3072 160 ) (-3328 3072 192 ) 
4 639 643 (-3328 3132 160 ) (-3328 3072 160 ) (-3456 3072 160 ) (-3456 3132 160 ) 
4 640 706 (-4096 3072 192 ) (-4096 3072 160 ) (-4080 3072 160 ) (-4080 3072 192 ) 
4 640 704 (-4096 3072 217 ) (-4096 3072 192 ) (-4080 3072 192 ) (-4080 3072 217 ) 
4 640 648 (-4096 3072 160 ) (-4096 3072 217 ) (-4096 3136 217 ) (-4096 3136 160 ) 
4 640 645 (-4096 3072 160 ) (-4096 3136 160 ) (-4080 3136 160 ) (-4080 3072 160 ) 
4 641 707 (-3200 3072 160 ) (-3328 3072 160 ) (-3328 3072 0 ) (-3200 3072 0 ) 
4 641 643 (-3328 3104 0 ) (-3328 3072 0 ) (-3328 3072 160 ) (-3328 3104 160 ) 
4 642 643 (-3444 3132 0 ) (-3340 3132 0 ) (-3340 3132 112 ) (-3444 3132 112 ) 
4 643 707 (-3328 3072 160 ) (-3456 3072 160 ) (-3456 3072 0 ) (-3328 3072 0 ) 
4 643 644 (-3456 3104 0 ) (-3456 3072 0 ) (-3456 3072 160 ) (-3456 3104 160 ) 
4 644 707 (-3456 3072 160 ) (-3584 3072 160 ) (-3584 3072 0 ) (-3456 3072 0 ) 
4 645 710 (-4080 3072 160 ) (-4096 3072 160 ) (-4096 3072 0 ) (-4080 3072 0 ) 
4 645 648 (-4096 3072 128 ) (-4096 3072 160 ) (-4096 3136 160 ) (-4096 3136 128 ) 
4 645 649 (-4096 3072 0 ) (-4096 3072 128 ) (-4096 3136 128 ) (-4096 3136 0 ) 
4 646 650 (-4256 3616 0 ) (-4256 3488 0 ) (-4256 3488 217 ) (-4256 3616 217 ) 
4 646 649 (-4256 3488 128 ) (-4256 3488 0 ) (-4096 3488 0 ) (-4096 3488 128 ) 
4 647 652 (-4256 3186 217 ) (-4256 3313 217 ) (-4256 3313 128 ) (-4256 3186 128 ) 
4 647 649 (-4256 3186 128 ) (-4256 3456 128 ) (-4096 3456 128 ) (-4096 3186 128 ) 
4 648 747 (-4096 3072 128 ) (-4096 3072 217 ) (-4256 3072 217 ) (-4256 3072 128 ) 
4 648 649 (-4096 3072 128 ) (-4256 3072 128 ) (-4256 3154 128 ) (-4096 3154 128 ) 
4 649 748 (-4096 3072 0 ) (-4096 3072 4 ) (-4256 3072 4 ) (-4256 3072 0 ) 
4 649 747 (-4096 3072 4 ) (-4096 3072 128 ) (-4256 3072 128 ) (-4256 3072 4 ) 
4 649 652 (-4256 3313 0 ) (-4256 3185 0 ) (-4256 3185 128 ) (-4256 3313 128 ) 
4 650 651 (-4284 3590 0 ) (-4284 3514 0 ) (-4284 3514 112 ) (-4284 3590 112 ) 
4 651 657 (-4288 3590 0 ) (-4288 3514 0 ) (-4288 3514 112 ) (-4288 3590 112 ) 
4 652 653 (-4284 3287 0 ) (-4284 3211 0 ) (-4284 3211 112 ) (-4284 3287 112 ) 
4 653 658 (-4288 3287 0 ) (-4288 3211 0 ) (-4288 3211 112 ) (-4288 3287 112 ) 
4 654 655 (-4288 4080 0 ) (-4288 4096 0 ) (-4288 4096 -128 ) (-4288 4080 -128 ) 
4 655 656 (-4465 4096 -128 ) (-4465 4080 -128 ) (-4465 4080 0 ) (-4465 4096 0 ) 
4 656 659 (-4504 4096 0 ) (-4504 4096 -128 ) (-4504 3936 -128 ) (-4504 3936 0 ) 
4 658 760 (-4288 3072 0 ) (-4288 3072 128 ) (-4504 3072 128 ) (-4504 3072 0 ) 
4 659 660 (-4608 4096 -128 ) (-4608 3936 -128 ) (-4608 3936 0 ) (-4608 4096 0 ) 
4 660 663 (-4736 3808 -128 ) (-4608 3808 -128 ) (-4608 3808 0 ) (-4736 3808 0 ) 
4 660 662 (-4736 3824 -128 ) (-4736 3808 -128 ) (-4736 3808 0 ) (-4736 3824 0 ) 
4 660 661 (-4736 4096 -128 ) (-4736 3904 -128 ) (-4736 3904 0 ) (-4736 4096 0 ) 
4 662 663 (-4752 3808 -128 ) (-4736 3808 -128 ) (-4736 3808 0 ) (-4752 3808 0 ) 
4 663 673 (-4832 3648 -128 ) (-4832 3520 -128 ) (-4832 3520 -120 ) (-4832 3648 -120 ) 
4 663 672 (-4832 3520 -120 ) (-4832 3520 0 ) (-4832 3648 0 ) (-4832 3648 -120 ) 
4 664 796 (-5120 3392 191 ) (-5120 3392 128 ) (-5120 3136 128 ) (-5120 3136 191 ) 
4 664 669 (-4864 3136 128 ) (-5120 3136 128 ) (-5120 3392 128 ) (-4864 3392 128 ) 
4 665 759 (-5120 3072 192 ) (-5120 3072 128 ) (-4864 3072 128 ) (-4864 3072 192 ) 
4 665 671 (-4864 3072 128 ) (-5120 3072 128 ) (-5120 3104 128 ) (-4864 3104 128 ) 
4 666 686 (-4916 3520 0 ) (-4928 3520 0 ) (-4928 3648 0 ) (-4916 3648 0 ) 
4 666 684 (-4904 3520 0 ) (-4916 3520 0 ) (-4916 3648 0 ) (-4904 3648 0 ) 
4 666 682 (-4892 3520 0 ) (-4904 3520 0 ) (-4904 3648 0 ) (-4892 3648 0 ) 
4 666 680 (-4880 3520 0 ) (-4892 3520 0 ) (-4892 3648 0 ) (-4880 3648 0 ) 
4 666 678 (-4868 3520 0 ) (-4880 3520 0 ) (-4880 3648 0 ) (-4868 3648 0 ) 
4 666 676 (-4856 3520 0 ) (-4868 3520 0 ) (-4868 3648 0 ) (-4856 3648 0 ) 
4 666 674 (-4844 3520 0 ) (-4856 3520 0 ) (-4856 3648 0 ) (-4844 3648 0 ) 
4 666 672 (-4832 3648 0 ) (-4832 3520 0 ) (-4844 3520 0 ) (-4844 3648 0 ) 
4 666 667 (-4928 3648 0 ) (-4928 3520 0 ) (-4928 3520 128 ) (-4928 3648 128 ) 
4 667 701 (-4928 3448 0 ) (-4928 3436 0 ) (-5056 3436 0 ) (-5056 3448 0 ) 
4 667 703 (-4928 3436 0 ) (-4928 3424 0 ) (-5056 3424 0 ) (-5056 3436 0 ) 
4 667 699 (-4928 3460 0 ) (-4928 3448 0 ) (-5056 3448 0 ) (-5056 3460 0 ) 
4 667 697 (-4928 3472 0 ) (-4928 3460 0 ) (-5056 3460 0 ) (-5056 3472 0 ) 
4 667 695 (-4928 3484 0 ) (-4928 3472 0 ) (-5056 3472 0 ) (-5056 3484 0 ) 
4 667 693 (-4928 3496 0 ) (-4928 3484 0 ) (-5056 3484 0 ) (-5056 3496 0 ) 
4 667 691 (-4928 3508 0 ) (-4928 3496 0 ) (-5056 3496 0 ) (-5056 3508 0 ) 
4 667 689 (-4928 3520 0 ) (-4928 3508 0 ) (-5056 3508 0 ) (-5056 3520 0 ) 
4 667 688 (-4928 3648 0 ) (-4928 3520 0 ) (-5056 3520 0 ) (-5056 3648 0 ) 
4 667 668 (-5020 3396 0 ) (-4964 3396 0 ) (-4964 3396 112 ) (-5020 3396 112 ) 
4 668 669 (-5020 3392 0 ) (-4964 3392 0 ) (-4964 3392 112 ) (-5020 3392 112 ) 
4 669 798 (-5120 3136 128 ) (-5120 3392 128 ) (-5120 3392 0 ) (-5120 3136 0 ) 
4 669 670 (-5088 3136 0 ) (-4917.330078 3136 0 ) (-4917.330078 3136 124 ) (-5088 3136 124 ) 
4 670 671 (-5088 3104 0 ) (-4917.330078 3104 0 ) (-4917.330078 3104 124 ) (-5088 3104 124 ) 
4 671 761 (-5120 3072 128 ) (-5120 3072 0 ) (-4864 3072 0 ) (-4864 3072 128 ) 
4 672 675 (-4844 3648 -112 ) (-4844 3648 -120 ) (-4844 3520 -120 ) (-4844 3520 -112 ) 
4 672 674 (-4844 3648 0 ) (-4844 3648 -112 ) (-4844 3520 -112 ) (-4844 3520 0 ) 
4 672 673 (-4832 3520 -120 ) (-4844 3520 -120 ) (-4844 3648 -120 ) (-4832 3648 -120 ) 
4 673 675 (-4844 3648 -120 ) (-4844 3648 -128 ) (-4844 3520 -128 ) (-4844 3520 -120 ) 
4 674 677 (-4856 3648 -104 ) (-4856 3648 -112 ) (-4856 3520 -112 ) (-4856 3520 -104 ) 
4 674 676 (-4856 3648 0 ) (-4856 3648 -104 ) (-4856 3520 -104 ) (-4856 3520 0 ) 
4 674 675 (-4856 3520 -112 ) (-4856 3648 -112 ) (-4844 3648 -112 ) (-4844 3520 -112 ) 
4 675 677 (-4856 3648 -112 ) (-4856 3648 -128 ) (-4856 3520 -128 ) (-4856 3520 -112 ) 
4 676 679 (-4868 3648 -96 ) (-4868 3648 -104 ) (-4868 3520 -104 ) (-4868 3520 -96 ) 
4 676 678 (-4868 3648 0 ) (-4868 3648 -96 ) (-4868 3520 -96 ) (-4868 3520 0 ) 
4 676 677 (-4868 3520 -104 ) (-4868 3648 -104 ) (-4856 3648 -104 ) (-4856 3520 -104 ) 
4 677 679 (-4868 3648 -104 ) (-4868 3648 -128 ) (-4868 3520 -128 ) (-4868 3520 -104 ) 
4 678 681 (-4880 3648 -88 ) (-4880 3648 -96 ) (-4880 3520 -96 ) (-4880 3520 -88 ) 
4 678 680 (-4880 3648 0 ) (-4880 3648 -88 ) (-4880 3520 -88 ) (-4880 3520 0 ) 
4 678 679 (-4880 3520 -96 ) (-4880 3648 -96 ) (-4868 3648 -96 ) (-4868 3520 -96 ) 
4 679 681 (-4880 3648 -96 ) (-4880 3648 -128 ) (-4880 3520 -128 ) (-4880 3520 -96 ) 
4 680 683 (-4892 3648 -80 ) (-4892 3648 -88 ) (-4892 3520 -88 ) (-4892 3520 -80 ) 
4 680 682 (-4892 3648 0 ) (-4892 3648 -80 ) (-4892 3520 -80 ) (-4892 3520 0 ) 
4 680 681 (-4892 3520 -88 ) (-4892 3648 -88 ) (-4880 3648 -88 ) (-4880 3520 -88 ) 
4 681 683 (-4892 3648 -88 ) (-4892 3648 -128 ) (-4892 3520 -128 ) (-4892 3520 -88 ) 
4 682 685 (-4904 3648 -72 ) (-4904 3648 -80 ) (-4904 3520 -80 ) (-4904 3520 -72 ) 
4 682 684 (-4904 3648 0 ) (-4904 3648 -72 ) (-4904 3520 -72 ) (-4904 3520 0 ) 
4 682 683 (-4904 3520 -80 ) (-4904 3648 -80 ) (-4892 3648 -80 ) (-4892 3520 -80 ) 
4 683 685 (-4904 3648 -80 ) (-4904 3648 -128 ) (-4904 3520 -128 ) (-4904 3520 -80 ) 
4 684 687 (-4916 3648 -64 ) (-4916 3648 -72 ) (-4916 3520 -72 ) (-4916 3520 -64 ) 
4 684 686 (-4916 3648 0 ) (-4916 3648 -64 ) (-4916 3520 -64 ) (-4916 3520 0 ) 
4 684 685 (-4916 3520 -72 ) (-4916 3648 -72 ) (-4904 3648 -72 ) (-4904 3520 -72 ) 
4 685 687 (-4916 3648 -72 ) (-4916 3648 -128 ) (-4916 3520 -128 ) (-4916 3520 -72 ) 
4 686 688 (-4928 3520 0 ) (-4928 3648 0 ) (-4928 3648 -64 ) (-4928 3520 -64 ) 
4 686 687 (-4928 3648 -64 ) (-4916 3648 -64 ) (-4916 3520 -64 ) (-4928 3520 -64 ) 
4 688 690 (-5056 3520 -56 ) (-5056 3520 -64 ) (-4928 3520 -64 ) (-4928 3520 -56 ) 
4 688 689 (-5056 3520 0 ) (-5056 3520 -56 ) (-4928 3520 -56 ) (-4928 3520 0 ) 
4 689 692 (-5056 3508 -48 ) (-5056 3508 -56 ) (-4928 3508 -56 ) (-4928 3508 -48 ) 
4 689 691 (-5056 3508 0 ) (-5056 3508 -48 ) (-4928 3508 -48 ) (-4928 3508 0 ) 
4 689 690 (-4928 3508 -56 ) (-5056 3508 -56 ) (-5056 3520 -56 ) (-4928 3520 -56 ) 
4 690 692 (-5056 3508 -56 ) (-5056 3508 -64 ) (-4928 3508 -64 ) (-4928 3508 -56 ) 
4 691 694 (-5056 3496 -40 ) (-5056 3496 -48 ) (-4928 3496 -48 ) (-4928 3496 -40 ) 
4 691 693 (-5056 3496 0 ) (-5056 3496 -40 ) (-4928 3496 -40 ) (-4928 3496 0 ) 
4 691 692 (-4928 3496 -48 ) (-5056 3496 -48 ) (-5056 3508 -48 ) (-4928 3508 -48 ) 
4 692 694 (-5056 3496 -48 ) (-5056 3496 -64 ) (-4928 3496 -64 ) (-4928 3496 -48 ) 
4 693 696 (-5056 3484 -32 ) (-5056 3484 -40 ) (-4928 3484 -40 ) (-4928 3484 -32 ) 
4 693 695 (-5056 3484 0 ) (-5056 3484 -32 ) (-4928 3484 -32 ) (-4928 3484 0 ) 
4 693 694 (-4928 3484 -40 ) (-5056 3484 -40 ) (-5056 3496 -40 ) (-4928 3496 -40 ) 
4 694 696 (-5056 3484 -40 ) (-5056 3484 -64 ) (-4928 3484 -64 ) (-4928 3484 -40 ) 
4 695 698 (-5056 3472 -24 ) (-5056 3472 -32 ) (-4928 3472 -32 ) (-4928 3472 -24 ) 
4 695 697 (-5056 3472 0 ) (-5056 3472 -24 ) (-4928 3472 -24 ) (-4928 3472 0 ) 
4 695 696 (-4928 3472 -32 ) (-5056 3472 -32 ) (-5056 3484 -32 ) (-4928 3484 -32 ) 
4 696 698 (-5056 3472 -32 ) (-5056 3472 -64 ) (-4928 3472 -64 ) (-4928 3472 -32 ) 
4 697 700 (-5056 3460 -16 ) (-5056 3460 -24 ) (-4928 3460 -24 ) (-4928 3460 -16 ) 
4 697 699 (-5056 3460 0 ) (-5056 3460 -16 ) (-4928 3460 -16 ) (-4928 3460 0 ) 
4 697 698 (-4928 3460 -24 ) (-5056 3460 -24 ) (-5056 3472 -24 ) (-4928 3472 -24 ) 
4 698 700 (-5056 3460 -24 ) (-5056 3460 -64 ) (-4928 3460 -64 ) (-4928 3460 -24 ) 
4 699 702 (-5056 3448 -8 ) (-5056 3448 -16 ) (-4928 3448 -16 ) (-4928 3448 -8 ) 
4 699 701 (-5056 3448 0 ) (-5056 3448 -8 ) (-4928 3448 -8 ) (-4928 3448 0 ) 
4 699 700 (-4928 3448 -16 ) (-5056 3448 -16 ) (-5056 3460 -16 ) (-4928 3460 -16 ) 
4 700 702 (-5056 3448 -16 ) (-5056 3448 -64 ) (-4928 3448 -64 ) (-4928 3448 -16 ) 
4 701 703 (-5056 3436 0 ) (-5056 3436 -8 ) (-4928 3436 -8 ) (-4928 3436 0 ) 
4 701 702 (-4928 3436 -8 ) (-5056 3436 -8 ) (-5056 3448 -8 ) (-4928 3448 -8 ) 
4 702 703 (-5056 3436 -8 ) (-5056 3436 -64 ) (-4928 3436 -64 ) (-4928 3436 -8 ) 
4 704 747 (-4096 3072 217 ) (-4096 3072 192 ) (-4096 3008 192 ) (-4096 3008 217 ) 
4 704 706 (-4096 3008 192 ) (-4096 3072 192 ) (-4080 3072 192 ) (-4080 3008 192 ) 
4 705 718 (-3328 2752 160 ) (-3328 2496 160 ) (-3456 2496 160 ) (-3456 2752 160 ) 
4 705 714 (-3328 3008 160 ) (-3328 2752 160 ) (-3456 2752 160 ) (-3456 3008 160 ) 
4 705 709 (-3328 3040 160 ) (-3328 3008 160 ) (-3456 3008 160 ) (-3456 3040 160 ) 
4 705 707 (-3456 3072 160 ) (-3328 3072 160 ) (-3328 3040 160 ) (-3456 3040 160 ) 
4 706 747 (-4096 3072 192 ) (-4096 3072 160 ) (-4096 3008 160 ) (-4096 3008 192 ) 
4 706 711 (-4096 3008 160 ) (-4096 3010 160 ) (-4080 3010 160 ) (-4080 3008 160 ) 
4 706 710 (-4096 3010 160 ) (-4096 3072 160 ) (-4080 3072 160 ) (-4080 3010 160 ) 
4 707 708 (-3328 3040 0 ) (-3200 3040 0 ) (-3200 3040 144 ) (-3328 3040 144 ) 
4 707 709 (-3568 3040 0 ) (-3328 3040 0 ) (-3328 3040 160 ) (-3568 3040 160 ) 
4 708 713 (-3328 3008 0 ) (-3296 3008 0 ) (-3296 3008 144 ) (-3328 3008 144 ) 
4 708 712 (-3296 3008 0 ) (-3200 3008 0 ) (-3200 3008 144 ) (-3296 3008 144 ) 
4 708 709 (-3328 3040 144 ) (-3328 3040 0 ) (-3328 3008 0 ) (-3328 3008 144 ) 
4 709 714 (-3568 3008 0 ) (-3328 3008 0 ) (-3328 3008 160 ) (-3568 3008 160 ) 
4 710 748 (-4096 3072 4 ) (-4096 3072 0 ) (-4096 3010 0 ) (-4096 3010 4 ) 
4 710 747 (-4096 3072 160 ) (-4096 3072 4 ) (-4096 3010 4 ) (-4096 3010 160 ) 
4 710 711 (-4080 3010 4 ) (-4080 3010 160 ) (-4096 3010 160 ) (-4096 3010 4 ) 
4 711 747 (-4096 3008 4 ) (-4096 3008 160 ) (-4096 3010 160 ) (-4096 3010 4 ) 
4 711 734 (-4080 3008 4 ) (-4080 3008 112 ) (-4096 3008 112 ) (-4096 3008 4 ) 
4 712 716 (-3296 2752 0 ) (-3232 2752 0 ) (-3232 2752 144 ) (-3296 2752 144 ) 
4 712 713 (-3296 3008 144 ) (-3296 3008 0 ) (-3296 2752 0 ) (-3296 2752 144 ) 
4 713 716 (-3328 2752 0 ) (-3296 2752 0 ) (-3296 2752 144 ) (-3328 2752 144 ) 
4 713 714 (-3328 3008 144 ) (-3328 3008 0 ) (-3328 2752 0 ) (-3328 2752 144 ) 
4 714 719 (-3568 2976 0 ) (-3568 2912 0 ) (-3568 2912 160 ) (-3568 2976 160 ) 
4 714 720 (-3568 2848 0 ) (-3568 2784 0 ) (-3568 2784 160 ) (-3568 2848 160 ) 
4 714 718 (-3568 2752 160 ) (-3568 2752 0 ) (-3328 2752 0 ) (-3328 2752 160 ) 
4 716 717 (-3328 2720 144 ) (-3328 2720 0 ) (-3232 2720 0 ) (-3232 2720 144 ) 
4 716 718 (-3328 2752 144 ) (-3328 2752 0 ) (-3328 2720 0 ) (-3328 2720 144 ) 
4 717 718 (-3328 2720 0 ) (-3328 2496 0 ) (-3328 2496 160 ) (-3328 2720 160 ) 
4 718 721 (-3568 2720 0 ) (-3568 2656 0 ) (-3568 2656 160 ) (-3568 2720 160 ) 
4 718 722 (-3568 2592 0 ) (-3568 2496 0 ) (-3568 2496 160 ) (-3568 2592 160 ) 
4 723 1297 (-3072 2048 0 ) (-3072 2048 112 ) (-3076 2048 112 ) (-3076 2048 0 ) 
4 723 724 (-3076 2100 0 ) (-3076 2096 0 ) (-3076 2096 112 ) (-3076 2100 112 ) 
4 723 727 (-3076 2096 0 ) (-3076 2048 0 ) (-3076 2048 112 ) (-3076 2096 112 ) 
4 724 727 (-3136 2096 0 ) (-3076 2096 0 ) (-3076 2096 160 ) (-3136 2096 160 ) 
4 725 727 (-3424 2096 0 ) (-3168 2096 0 ) (-3168 2096 160 ) (-3424 2096 160 ) 
4 726 743 (-3584 2112 0 ) (-3584 2096 0 ) (-3584 2096 160 ) (-3584 2112 160 ) 
4 726 727 (-3584 2096 160 ) (-3584 2096 0 ) (-3456 2096 0 ) (-3456 2096 160 ) 
4 727 1298 (-3076 2048 160 ) (-3584 2048 160 ) (-3584 2048 0 ) (-3076 2048 0 ) 
4 727 746 (-3584 2096 0 ) (-3584 2048 0 ) (-3584 2048 160 ) (-3584 2096 160 ) 
4 728 735 (-4063.979980 2976 128 ) (-4063.979980 2992.006104 128 ) (-4063.979980 2992.006104 4 ) (-4063.979980 2976 4 ) 
4 728 729 (-4063.979980 2976 128 ) (-4063.979980 2976 4 ) (-4047.974121 2976 4 ) (-4047.974121 2976 128 ) 
4 729 737 (-4063.979980 2688 128 ) (-4063.979980 2728 128 ) (-4063.979980 2728 4 ) (-4063.979980 2688 4 ) 
4 729 736 (-4063.979980 2728 128 ) (-4063.979980 2968 128 ) (-4063.979980 2968 4 ) (-4063.979980 2728 4 ) 
4 729 735 (-4063.979980 2968 128 ) (-4063.979980 2976 128 ) (-4063.979980 2976 4 ) (-4063.979980 2968 4 ) 
4 729 733 (-4063.979980 2688 128 ) (-4063.979980 2688 4 ) (-4000 2688 4 ) (-4000 2688 128 ) 
4 729 731 (-4000 2688 4 ) (-4063.979980 2688 4 ) (-4063.979980 2728 4 ) (-4000 2728 4 ) 
4 729 730 (-4063.979980 2728 4 ) (-4063.979980 2968 4 ) (-4008 2968 4 ) (-4008 2728 4 ) 
4 730 736 (-4063.979980 2968 0 ) (-4063.979980 2728 0 ) (-4063.979980 2728 4 ) (-4063.979980 2968 4 ) 
3 731 737 (-4063.979980 2688 0 ) (-4063.979980 2688 4 ) (-4063.979980 2728 4 ) 
4 731 733 (-4063.979980 2688 4 ) (-4063.979980 2688 0 ) (-4000 2688 0 ) (-4000 2688 4 ) 
4 732 733 (-4000 2688 128 ) (-4000 2688 0 ) (-4000 2432 0 ) (-4000 2432 128 ) 
4 733 738 (-4063.979980 2336 0 ) (-4048 2336 0 ) (-4048 2336 128 ) (-4063.979980 2336 128 ) 
4 733 737 (-4063.979980 2336 0 ) (-4063.979980 2336 128 ) (-4063.979980 2688 128 ) (-4063.979980 2688 0 ) 
4 734 749 (-4096 3004 4 ) (-4096 3004 112 ) (-4096 3008 112 ) (-4096 3008 4 ) 
4 734 735 (-4075.979980 3004 4 ) (-4075.979980 3004 112 ) (-4096 3004 112 ) (-4096 3004 4 ) 
4 735 750 (-4096 2968 4 ) (-4096 2968 128 ) (-4096 3004 128 ) (-4096 3004 4 ) 
4 735 736 (-4063.979980 2968 4 ) (-4063.979980 2968 128 ) (-4096 2968 128 ) (-4096 2968 4 ) 
4 736 755 (-4096 2968 0 ) (-4096 2728 0 ) (-4096 2728 4 ) (-4096 2968 4 ) 
4 736 750 (-4096 2728 4 ) (-4096 2728 128 ) (-4096 2968 128 ) (-4096 2968 4 ) 
4 736 737 (-4063.979980 2728 4 ) (-4063.979980 2728 128 ) (-4096 2728 128 ) (-4096 2728 4 ) 
4 737 767 (-4096 2432 0 ) (-4096 2336 0 ) (-4096 2336 128 ) (-4096 2432 128 ) 
4 737 757 (-4096 2688 0 ) (-4096 2432 0 ) (-4096 2432 4 ) (-4096 2728 4 ) 
4 737 750 (-4096 2432 4 ) (-4096 2432 128 ) (-4096 2728 128 ) (-4096 2728 4 ) 
4 737 740 (-4096 2336 0 ) (-4076 2336 0 ) (-4076 2336 128 ) (-4096 2336 128 ) 
4 737 739 (-4076 2336 0 ) (-4063.979980 2336 0 ) (-4063.979980 2336 128 ) (-4076 2336 128 ) 
4 738 739 (-4064 2336 128 ) (-4064 2336 0 ) (-4064 2320 0 ) (-4064 2320 128 ) 
4 739 740 (-4076 2336 128 ) (-4076 2336 0 ) (-4076 2308 0 ) (-4076 2308 128 ) 
4 740 787 (-4096 2336 0 ) (-4096 2308 0 ) (-4096 2308 128 ) (-4096 2336 128 ) 
4 740 741 (-4096 2308 0 ) (-4076 2308 0 ) (-4076 2308 112 ) (-4096 2308 112 ) 
4 741 788 (-4096 2308 0 ) (-4096 2304 0 ) (-4096 2304 112 ) (-4096 2308 112 ) 
4 741 742 (-4096 2304 0 ) (-4076 2304 0 ) (-4076 2304 112 ) (-4096 2304 112 ) 
4 742 792 (-4096 2304 0 ) (-4096 2112 0 ) (-4096 2112 128 ) (-4096 2304 128 ) 
4 742 766 (-4096 2112 128 ) (-4096 2112 160 ) (-4096 2304 160 ) (-4096 2304 128 ) 
4 742 745 (-4096 2112 0 ) (-4032 2112 0 ) (-4032 2112 160 ) (-4096 2112 160 ) 
4 743 746 (-3712 2096 0 ) (-3584 2096 0 ) (-3584 2096 160 ) (-3712 2096 160 ) 
4 744 746 (-4000 2096 0 ) (-3744 2096 0 ) (-3744 2096 160 ) (-4000 2096 160 ) 
4 745 792 (-4096 2112 0 ) (-4096 2096 0 ) (-4096 2096 128 ) (-4096 2112 128 ) 
4 745 766 (-4096 2096 128 ) (-4096 2096 160 ) (-4096 2112 160 ) (-4096 2112 128 ) 
4 745 746 (-4096 2096 0 ) (-4032 2096 0 ) (-4032 2096 160 ) (-4096 2096 160 ) 
4 746 1298 (-3584 2048 160 ) (-4096 2048 160 ) (-4096 2048 0 ) (-3584 2048 0 ) 
4 746 792 (-4096 2096 0 ) (-4096 2048 0 ) (-4096 2048 128 ) (-4096 2096 128 ) 
4 746 766 (-4096 2048 128 ) (-4096 2048 160 ) (-4096 2096 160 ) (-4096 2096 128 ) 
4 747 749 (-4096 3008 4 ) (-4096 3008 112 ) (-4179.979980 3008 112 ) (-4179.979980 3008 4 ) 
4 747 748 (-4256 3010 4 ) (-4256 3072 4 ) (-4096 3072 4 ) (-4096 3010 4 ) 
4 749 750 (-4179.979980 3004 112 ) (-4179.979980 3004 4 ) (-4096 3004 4 ) (-4096 3004 112 ) 
4 750 767 (-4096 2432 4 ) (-4096 2432 128 ) (-4179.979980 2432 128 ) (-4179.979980 2432 4 ) 
4 750 757 (-4096 2432 4 ) (-4179.979980 2432 4 ) (-4179.979980 2728 4 ) (-4096 2728 4 ) 
4 750 756 (-4179.979980 2728 4 ) (-4179.979980 2968 4 ) (-4144 2968 4 ) (-4144 2728 4 ) 
4 750 755 (-4112 2968 4 ) (-4096 2968 4 ) (-4096 2728 4 ) (-4112 2728 4 ) 
4 750 751 (-4179.979980 3004 4 ) (-4179.979980 2432 4 ) (-4179.979980 2432 128 ) (-4179.979980 3004 128 ) 
4 751 767 (-4179.979980 2432 128 ) (-4191.979980 2432 128 ) (-4191.979980 2432 4 ) (-4179.979980 2432 4 ) 
4 751 757 (-4179.979980 2432 4 ) (-4191.979980 2432 4 ) (-4191.979980 2728 4 ) (-4179.979980 2728 4 ) 
4 751 756 (-4191.979980 2728 4 ) (-4191.979980 2968 4 ) (-4179.979980 2968 4 ) (-4179.979980 2728 4 ) 
4 751 752 (-4191.979980 2992 4 ) (-4191.979980 2976 4 ) (-4191.979980 2976 128 ) (-4191.979980 2992 128 ) 
4 751 753 (-4191.979980 2976 4 ) (-4191.979980 2432 4 ) (-4191.979980 2432 128 ) (-4191.979980 2976 128 ) 
4 752 753 (-4207.979980 2976 4 ) (-4191.979980 2976 4 ) (-4191.979980 2976 128 ) (-4207.979980 2976 128 ) 
4 753 767 (-4191.979980 2432 128 ) (-4256 2432 128 ) (-4256 2432 4 ) (-4191.979980 2432 4 ) 
4 753 757 (-4191.979980 2432 4 ) (-4256 2432 4 ) (-4256 2728 4 ) (-4191.979980 2728 4 ) 
4 753 756 (-4248 2968 4 ) (-4191.979980 2968 4 ) (-4191.979980 2728 4 ) (-4248 2728 4 ) 
4 753 754 (-4256 2720 4 ) (-4256 2432 4 ) (-4256 2432 128 ) (-4256 2720 128 ) 
4 754 762 (-4288 2432 4 ) (-4288 2432 128 ) (-4288 2688 128 ) (-4288 2688 4 ) 
4 754 758 (-4256 2432 4 ) (-4288 2432 4 ) (-4288 2688 4 ) (-4256 2720 4 ) 
4 757 767 (-4096 2432 0 ) (-4096 2432 4 ) (-4256 2432 4 ) (-4256 2432 0 ) 
5 757 758 (-4256 2720 3.200000 ) (-4256 2688 0 ) (-4256 2432 0 ) (-4256 2432 4 ) (-4256 2720 4 ) 
4 758 762 (-4288 2432 0 ) (-4288 2432 4 ) (-4288 2688 4 ) (-4288 2688 0 ) 
4 759 761 (-5120 2752 128 ) (-5120 3072 128 ) (-4864 3072 128 ) (-4864 2752 128 ) 
4 761 801 (-5120 2752 0 ) (-5120 2752 112 ) (-5120 2880 112 ) (-5120 2880 0 ) 
4 761 800 (-5120 2752 112 ) (-5120 2752 128 ) (-5120 2880 128 ) (-5120 2880 112 ) 
4 762 783 (-4732 2432 0 ) (-4676 2432 0 ) (-4676 2432 112 ) (-4732 2432 112 ) 
4 762 778 (-4548 2432 48 ) (-4548 2432 108 ) (-4592 2432 108 ) (-4592 2432 48 ) 
4 762 777 (-4548 2432 108 ) (-4548 2432 128 ) (-4592 2432 128 ) (-4592 2432 108 ) 
4 762 781 (-4592 2432 0 ) (-4548 2432 0 ) (-4548 2432 48 ) (-4592 2432 48 ) 
4 762 776 (-4548 2432 0 ) (-4480 2432 0 ) (-4480 2432 128 ) (-4548 2432 128 ) 
4 762 782 (-4608 2432 0 ) (-4592 2432 0 ) (-4592 2432 128 ) (-4608 2432 128 ) 
4 762 774 (-4448 2432 0 ) (-4320 2432 0 ) (-4320 2432 48 ) (-4448 2432 48 ) 
4 762 770 (-4432 2432 108 ) (-4432 2432 48 ) (-4388 2432 48 ) (-4388 2432 108 ) 
4 762 769 (-4388 2432 128 ) (-4432 2432 128 ) (-4432 2432 108 ) (-4388 2432 108 ) 
4 762 768 (-4320 2432 48 ) (-4320 2432 128 ) (-4388 2432 128 ) (-4388 2432 48 ) 
4 762 773 (-4432 2432 128 ) (-4448 2432 128 ) (-4448 2432 48 ) (-4432 2432 48 ) 
4 762 765 (-4319.991211 2688 0 ) (-4288 2688 0 ) (-4288 2432 0 ) (-4319.991211 2432 0 ) 
4 762 764 (-4640 2688 0 ) (-4608.002930 2688 0 ) (-4608.002930 2432 0 ) (-4640 2432 0 ) 
4 762 763 (-4480 2688 0 ) (-4448 2688 0 ) (-4448 2432 0 ) (-4480 2432 0 ) 
4 766 1317 (-4096 2048 128 ) (-4096 2048 160 ) (-4224 2048 160 ) (-4224 2048 128 ) 
4 766 792 (-4224 2304 128 ) (-4096 2304 128 ) (-4096 2048 128 ) (-4224 2048 128 ) 
4 767 790 (-4208 2336 0 ) (-4192 2336 0 ) (-4192 2336 128 ) (-4208 2336 128 ) 
4 767 789 (-4192 2336 0 ) (-4180 2336 0 ) (-4180 2336 128 ) (-4192 2336 128 ) 
4 767 787 (-4180 2336 0 ) (-4096 2336 0 ) (-4096 2336 128 ) (-4180 2336 128 ) 
4 768 775 (-4320 2428 48 ) (-4320 2336 48 ) (-4388 2336 48 ) (-4388 2428 48 ) 
4 768 774 (-4388 2432 48 ) (-4320 2432 48 ) (-4320 2428 48 ) (-4388 2428 48 ) 
4 768 771 (-4388 2431 48 ) (-4388 2429 48 ) (-4388 2429 108 ) (-4388 2431 108 ) 
4 768 770 (-4388 2432 48 ) (-4388 2431 48 ) (-4388 2431 108 ) (-4388 2432 108 ) 
4 768 772 (-4388 2429 48 ) (-4388 2336 48 ) (-4388 2336 108 ) (-4388 2429 108 ) 
4 768 769 (-4388 2336 108 ) (-4388 2336 128 ) (-4388 2432 128 ) (-4388 2432 108 ) 
4 769 771 (-4432 2429 108 ) (-4432 2431 108 ) (-4388 2431 108 ) (-4388 2429 108 ) 
4 769 770 (-4432 2431 108 ) (-4432 2432 108 ) (-4388 2432 108 ) (-4388 2431 108 ) 
4 769 772 (-4432 2336 108 ) (-4432 2429 108 ) (-4388 2429 108 ) (-4388 2336 108 ) 
4 769 773 (-4432 2336 108 ) (-4432 2336 128 ) (-4432 2432 128 ) (-4432 2432 108 ) 
4 770 774 (-4432 2432 48 ) (-4388 2432 48 ) (-4388 2431 48 ) (-4432 2431 48 ) 
4 770 773 (-4432 2432 48 ) (-4432 2431 48 ) (-4432 2431 108 ) (-4432 2432 108 ) 
4 770 771 (-4388 2431 48 ) (-4388 2431 108 ) (-4432 2431 108 ) (-4432 2431 48 ) 
4 771 774 (-4388 2431 48 ) (-4388 2429 48 ) (-4432 2429 48 ) (-4432 2431 48 ) 
4 771 772 (-4388 2429 48 ) (-4388 2429 108 ) (-4432 2429 108 ) (-4432 2429 48 ) 
4 771 773 (-4432 2431 48 ) (-4432 2429 48 ) (-4432 2429 108 ) (-4432 2431 108 ) 
4 772 775 (-4388 2428 48 ) (-4388 2336 48 ) (-4432 2336 48 ) (-4432 2428 48 ) 
4 772 774 (-4388 2429 48 ) (-4388 2428 48 ) (-4432 2428 48 ) (-4432 2429 48 ) 
4 772 773 (-4432 2429 48 ) (-4432 2336 48 ) (-4432 2336 108 ) (-4432 2429 108 ) 
4 773 775 (-4448 2336 48 ) (-4448 2428 48 ) (-4432 2428 48 ) (-4432 2336 48 ) 
4 773 774 (-4448 2428 48 ) (-4448 2432 48 ) (-4432 2432 48 ) (-4432 2428 48 ) 
4 774 775 (-4320 2428 3 ) (-4320 2428 48 ) (-4448 2428 48 ) (-4448 2428 3 ) 
4 776 779 (-4548 2429 108 ) (-4548 2431 108 ) (-4548 2431 48 ) (-4548 2429 48 ) 
4 776 778 (-4548 2431 108 ) (-4548 2432 108 ) (-4548 2432 48 ) (-4548 2431 48 ) 
4 776 780 (-4548 2336 48 ) (-4548 2336 108 ) (-4548 2429 108 ) (-4548 2429 48 ) 
4 776 777 (-4548 2336 108 ) (-4548 2336 128 ) (-4548 2432 128 ) (-4548 2432 108 ) 
4 776 781 (-4548 2432 0 ) (-4548 2336 0 ) (-4548 2336 48 ) (-4548 2432 48 ) 
4 777 779 (-4592 2429 108 ) (-4592 2431 108 ) (-4548 2431 108 ) (-4548 2429 108 ) 
4 777 778 (-4592 2431 108 ) (-4592 2432 108 ) (-4548 2432 108 ) (-4548 2431 108 ) 
4 777 780 (-4592 2336 108 ) (-4592 2429 108 ) (-4548 2429 108 ) (-4548 2336 108 ) 
4 777 782 (-4592 2336 108 ) (-4592 2336 128 ) (-4592 2432 128 ) (-4592 2432 108 ) 
4 778 781 (-4592 2431 48 ) (-4592 2432 48 ) (-4548 2432 48 ) (-4548 2431 48 ) 
4 778 782 (-4592 2431 108 ) (-4592 2432 108 ) (-4592 2432 48 ) (-4592 2431 48 ) 
4 778 779 (-4592 2431 48 ) (-4548 2431 48 ) (-4548 2431 108 ) (-4592 2431 108 ) 
4 779 780 (-4592 2429 48 ) (-4548 2429 48 ) (-4548 2429 108 ) (-4592 2429 108 ) 
4 779 781 (-4592 2429 48 ) (-4592 2431 48 ) (-4548 2431 48 ) (-4548 2429 48 ) 
4 779 782 (-4592 2429 108 ) (-4592 2431 108 ) (-4592 2431 48 ) (-4592 2429 48 ) 
4 780 782 (-4592 2336 48 ) (-4592 2336 108 ) (-4592 2429 108 ) (-4592 2429 48 ) 
4 780 781 (-4592 2336 48 ) (-4592 2429 48 ) (-4548 2429 48 ) (-4548 2336 48 ) 
4 781 782 (-4592 2432 0 ) (-4592 2336 0 ) (-4592 2336 48 ) (-4592 2432 48 ) 
4 783 786 (-4732 2428 0 ) (-4728 2428 0 ) (-4728 2428 112 ) (-4732 2428 112 ) 
4 783 785 (-4728 2428 0 ) (-4680 2428 0 ) (-4680 2428 112 ) (-4728 2428 112 ) 
4 783 784 (-4680 2428 0 ) (-4676 2428 0 ) (-4676 2428 112 ) (-4680 2428 112 ) 
4 784 785 (-4680 2428 128 ) (-4680 2428 0 ) (-4680 2416 0 ) (-4680 2416 128 ) 
4 785 791 (-4728 2336 0 ) (-4680 2336 0 ) (-4680 2336 128 ) (-4728 2336 128 ) 
4 785 786 (-4728 2428 128 ) (-4728 2428 0 ) (-4728 2416 0 ) (-4728 2416 128 ) 
4 787 789 (-4180 2336 128 ) (-4180 2336 0 ) (-4180 2308 0 ) (-4180 2308 128 ) 
4 787 788 (-4180 2308 112 ) (-4180 2308 0 ) (-4096 2308 0 ) (-4096 2308 112 ) 
4 788 792 (-4180 2304 0 ) (-4096 2304 0 ) (-4096 2304 112 ) (-4180 2304 112 ) 
4 789 790 (-4192 2336 128 ) (-4192 2336 0 ) (-4192 2320 0 ) (-4192 2320 128 ) 
4 791 793 (-4728 2304 0 ) (-4680 2304 0 ) (-4680 2304 128 ) (-4728 2304 128 ) 
4 792 1317 (-4096 2048 0 ) (-4096 2048 128 ) (-4224 2048 128 ) (-4224 2048 0 ) 
4 793 794 (-4728 2232 0 ) (-4728 2192 0 ) (-4728 2192 128 ) (-4728 2232 128 ) 
4 793 795 (-4728 2192 0 ) (-4728 2144 0 ) (-4728 2144 128 ) (-4728 2192 128 ) 
4 794 795 (-4768 2192 0 ) (-4728 2192 0 ) (-4728 2192 128 ) (-4768 2192 128 ) 
4 795 814 (-5120 2144 128 ) (-5120 2192 128 ) (-5120 2192 0 ) (-5120 2144 0 ) 
4 796 798 (-5184 3392 128 ) (-5120 3392 128 ) (-5120 3136 128 ) (-5184 3136 128 ) 
4 796 797 (-5184 3168 191 ) (-5184 3360 191 ) (-5184 3360 128 ) (-5184 3168 128 ) 
4 797 799 (-5184 3360 128 ) (-5184 3168 128 ) (-5248 3168 128 ) (-5248 3360 128 ) 
4 798 799 (-5184 3360 0 ) (-5184 3168 0 ) (-5184 3168 128 ) (-5184 3360 128 ) 
4 800 801 (-5120 2752 112 ) (-5148 2752 112 ) (-5148 2880 112 ) (-5120 2880 112 ) 
4 801 802 (-5148 2788 112 ) (-5148 2844 112 ) (-5148 2844 0 ) (-5148 2788 0 ) 
4 802 804 (-5152 2844 0 ) (-5152 2788 0 ) (-5152 2788 112 ) (-5152 2844 112 ) 
4 803 809 (-5152 2496 0 ) (-5136 2496 0 ) (-5136 2496 128 ) (-5152 2496 128 ) 
4 803 805 (-5152 2512 0 ) (-5152 2496 0 ) (-5152 2496 128 ) (-5152 2512 128 ) 
4 804 806 (-5168 2880 128 ) (-5168 2880 0 ) (-5168 2720 0 ) (-5168 2720 128 ) 
4 805 809 (-5168 2496 0 ) (-5152 2496 0 ) (-5152 2496 128 ) (-5168 2496 128 ) 
4 805 806 (-5168 2656 0 ) (-5168 2496 0 ) (-5168 2496 128 ) (-5168 2656 128 ) 
4 806 809 (-5200 2496 0 ) (-5168 2496 0 ) (-5168 2496 128 ) (-5200 2496 128 ) 
4 806 808 (-5200 2512 0 ) (-5200 2496 0 ) (-5200 2496 128 ) (-5200 2512 128 ) 
4 806 807 (-5200 2880 128 ) (-5200 2880 0 ) (-5200 2592 0 ) (-5200 2592 128 ) 
4 808 809 (-5216 2496 0 ) (-5200 2496 0 ) (-5200 2496 128 ) (-5216 2496 106.666122 ) 
5 809 810 (-5248 2368 0 ) (-5120 2368 0 ) (-5120 2368 128 ) (-5200 2368 128 ) (-5248 2368 64 ) 
5 810 812 (-5248 2272 0 ) (-5120 2272 0 ) (-5120 2272 120 ) (-5206 2272 120 ) (-5248 2272 64 ) 
4 810 811 (-5206 2272 120 ) (-5120 2272 120 ) (-5120 2272 128 ) (-5200 2272 128 ) 
4 810 813 (-5280 2368 0 ) (-5280 2272 0 ) (-5280 2272 128 ) (-5280 2368 128 ) 
4 811 812 (-5206 2272 120 ) (-5120 2272 120 ) (-5120 2256 120 ) (-5206 2256 120 ) 
4 813 815 (-5504 2364 0 ) (-5504 2308 0 ) (-5504 2308 112 ) (-5504 2364 112 ) 
4 814 817 (-5504 2192 0 ) (-5504 2144 0 ) (-5504 2144 128 ) (-5504 2192 128 ) 
4 815 816 (-5508 2364 0 ) (-5508 2308 0 ) (-5508 2308 112 ) (-5508 2364 112 ) 
4 816 818 (-5632 2304 0 ) (-5568 2304 0 ) (-5568 2304 128 ) (-5632 2304 128 ) 
4 817 819 (-5568 2116 0 ) (-5540 2116 0 ) (-5540 2116 112 ) (-5568 2116 112 ) 
4 817 818 (-5568 2240 0 ) (-5568 2116 0 ) (-5568 2116 128 ) (-5568 2240 128 ) 
4 818 819 (-5596 2116 0 ) (-5568 2116 0 ) (-5568 2116 112 ) (-5596 2116 112 ) 
4 820 846 (-640 1024 2944 ) (-1024 1024 2944 ) (-1024 1024 1024 ) (-640 1024 1024 ) 
4 820 821 (-1024 1280 1024 ) (-1024 1024 1024 ) (-1024 1024 2944 ) (-1024 1280 2944 ) 
4 821 987 (-1600 1024 2944 ) (-1664 1024 2944 ) (-1664 1024 1024 ) (-1600 1024 1024 ) 
4 821 985 (-1536 1024 2944 ) (-1600 1024 2944 ) (-1600 1024 1024 ) (-1536 1024 1024 ) 
4 821 983 (-1024 1024 1024 ) (-1024 1024 2944 ) (-1536 1024 2944 ) (-1536 1024 1024 ) 
4 821 824 (-1600 1024 1024 ) (-1664 1024 1024 ) (-1664 1120 1024 ) (-1600 1120 1024 ) 
4 821 823 (-1664 1120 1024 ) (-1664 1024 1024 ) (-1664 1024 2944 ) (-1664 1120 2944 ) 
4 821 822 (-1664 1280 2944 ) (-1664 1280 1024 ) (-1664 1120 1024 ) (-1664 1120 2944 ) 
4 822 834 (-2048 1120 2944 ) (-2048 1216 2944 ) (-2048 1216 1024 ) (-2048 1120 1024 ) 
4 822 827 (-2048 1216 2944 ) (-2048 1280 2944 ) (-2048 1280 1024 ) (-2048 1216 1024 ) 
4 822 823 (-2048 1120 1024 ) (-1664 1120 1024 ) (-1664 1120 2944 ) (-2048 1120 2944 ) 
4 823 989 (-1664 1024 2944 ) (-2048 1024 2944 ) (-2048 1024 1024 ) (-1664 1024 1024 ) 
4 823 844 (-2048 1024 1024 ) (-2048 1024 2944 ) (-2048 1088 2944 ) (-2048 1088 1024 ) 
4 823 835 (-2048 1088 2944 ) (-2048 1120 2944 ) (-2048 1120 1024 ) (-2048 1088 1024 ) 
4 823 824 (-2048 1024 1024 ) (-2048 1120 1024 ) (-1664 1120 1024 ) (-1664 1024 1024 ) 
4 824 990 (-2048 1024 768 ) (-2048 1024 704 ) (-1600 1024 704 ) (-1600 1024 768 ) 
4 824 988 (-1600 1024 1024 ) (-1664 1024 1024 ) (-1664 1024 768 ) (-1600 1024 768 ) 
4 824 989 (-1664 1024 1024 ) (-2048 1024 1024 ) (-2048 1024 768 ) (-1664 1024 768 ) 
4 824 844 (-2048 1024 704 ) (-2048 1024 1024 ) (-2048 1088 1024 ) (-2048 1088 704 ) 
4 824 836 (-2048 1088 1024 ) (-2048 1120 1024 ) (-2048 1120 704 ) (-2048 1088 704 ) 
4 825 826 (-1792 1216 0 ) (-1792 1088 0 ) (-1792 1088 192 ) (-1792 1216 192 ) 
4 826 839 (-2048 1216 128 ) (-2048 1216 0 ) (-2048 1088 0 ) (-2048 1088 128 ) 
4 826 838 (-2048 1216 160 ) (-2048 1216 128 ) (-2048 1088 128 ) (-2048 1088 160 ) 
4 826 837 (-2048 1088 192 ) (-2048 1216 192 ) (-2048 1216 160 ) (-2048 1088 160 ) 
4 827 1315 (-3072 1280 1024 ) (-3072 1216 1024 ) (-3072 1216 2944 ) (-3072 1280 2944 ) 
4 827 834 (-2048 1216 1024 ) (-2048 1216 2944 ) (-3072 1216 2944 ) (-3072 1216 1024 ) 
4 828 1297 (-3072 2048 112 ) (-3072 2048 0 ) (-3072 1996 0 ) (-3072 1996 112 ) 
4 828 829 (-3060 1860 0 ) (-2956 1860 0 ) (-2956 1860 112 ) (-3060 1860 112 ) 
4 829 830 (-3060 1856 0 ) (-2956 1856 0 ) (-2956 1856 112 ) (-3060 1856 112 ) 
4 830 833 (-3072 1248 0 ) (-2944 1248 0 ) (-2944 1248 128 ) (-3072 1248 128 ) 
4 830 831 (-2944 1248 128 ) (-2944 1248 160 ) (-3072 1248 160 ) (-3072 1248 128 ) 
4 831 843 (-2944 1216 160 ) (-3072 1216 160 ) (-3072 1216 128 ) (-2944 1216 128 ) 
4 831 833 (-2944 1216 128 ) (-3072 1216 128 ) (-3072 1248 128 ) (-2944 1248 128 ) 
4 832 841 (-2560 1216 0 ) (-2176 1216 0 ) (-2176 1216 128 ) (-2560 1216 128 ) 
4 833 843 (-3072 1216 0 ) (-2944 1216 0 ) (-2944 1216 128 ) (-3072 1216 128 ) 
4 834 1315 (-3072 1120 2944 ) (-3072 1216 2944 ) (-3072 1216 1024 ) (-3072 1120 1024 ) 
4 834 835 (-3072 1120 1024 ) (-2048 1120 1024 ) (-2048 1120 2944 ) (-3072 1120 2944 ) 
4 835 1315 (-3072 1088 1024 ) (-3072 1088 2944 ) (-3072 1120 2944 ) (-3072 1120 1024 ) 
4 835 844 (-3072 1088 2944 ) (-3072 1088 1024 ) (-2048 1088 1024 ) (-2048 1088 2944 ) 
4 835 836 (-2048 1088 1024 ) (-3072 1088 1024 ) (-3072 1120 1024 ) (-2048 1120 1024 ) 
4 836 1316 (-3072 1088 704 ) (-3072 1088 1024 ) (-3072 1120 1024 ) (-3072 1120 704 ) 
4 836 844 (-3072 1088 1024 ) (-3072 1088 704 ) (-2048 1088 704 ) (-2048 1088 1024 ) 
4 837 838 (-2048 1088 160 ) (-2112 1088 160 ) (-2112 1216 160 ) (-2048 1216 160 ) 
4 838 839 (-2048 1088 128 ) (-2112 1088 128 ) (-2112 1216 128 ) (-2048 1216 128 ) 
4 839 840 (-2112 1204 112 ) (-2112 1204 0 ) (-2112 1100 0 ) (-2112 1100 112 ) 
4 840 841 (-2116 1204 112 ) (-2116 1204 0 ) (-2116 1100 0 ) (-2116 1100 112 ) 
4 841 845 (-2560 1088 0 ) (-2176 1088 0 ) (-2176 1088 128 ) (-2560 1088 128 ) 
4 841 842 (-2620 1204 112 ) (-2620 1204 0 ) (-2620 1100 0 ) (-2620 1100 112 ) 
4 842 843 (-2624 1204 112 ) (-2624 1204 0 ) (-2624 1100 0 ) (-2624 1100 112 ) 
4 844 1316 (-3072 1024 704 ) (-3072 1024 1024 ) (-3072 1088 1024 ) (-3072 1088 704 ) 
4 844 1315 (-3072 1024 1024 ) (-3072 1024 2944 ) (-3072 1088 2944 ) (-3072 1088 1024 ) 
4 844 1163 (-2656 1024 2944 ) (-3072 1024 2944 ) (-3072 1024 704 ) (-2656 1024 704 ) 
4 844 1020 (-2048 1024 704 ) (-2048 1024 2944 ) (-2656 1024 2944 ) (-2656 1024 704 ) 
4 845 1188 (-2176 1024 128 ) (-2560 1024 128 ) (-2560 1024 0 ) (-2176 1024 0 ) 
4 846 983 (-1024 1024 2944 ) (-1024 1024 1024 ) (-1024 832 1024 ) (-1024 832 2944 ) 
4 846 851 (-1024 832 1024 ) (-640 832 1024 ) (-640 832 2944 ) (-1024 832 2944 ) 
4 847 850 (-640 448 2944 ) (-640 448 1024 ) (-636.122986 448 1024 ) (-636.122986 448 2944 ) 
4 847 851 (-640 832 2944 ) (-640 832 1024 ) (-640 448 1024 ) (-640 448 2944 ) 
4 847 848 (-636.123047 448 2944 ) (-636.123047 448 1024 ) (-640 831.998047 1024 ) (-640 831.997986 2944 ) 
4 848 850 (-636.122986 448 1024 ) (-15.935400 448 1024 ) (-15.935400 448 2944 ) (-636.122986 448 2944 ) 
4 848 849 (-15.935400 448 1024 ) (0 448 1024 ) (0 448 2944 ) (-15.935400 448 2944 ) 
4 849 870 (0 0 1024 ) (0 0 2944 ) (-15.935400 0 2944 ) (-15.935400 0 1024 ) 
4 849 852 (0 448 1024 ) (0 0 1024 ) (-15.935400 0 1024 ) (-15.935400 448 1024 ) 
4 849 850 (-15.935400 448 2944 ) (-15.935400 448 1024 ) (-15.935400 0 1024 ) (-15.935400 0 2944 ) 
4 850 871 (-15.935400 0 2944 ) (-640 0 2944 ) (-640 0 1024 ) (-15.935400 0 1024 ) 
4 850 853 (-15.935400 0 1024 ) (-640 0 1024 ) (-640 448 1024 ) (-15.935400 448 1024 ) 
4 850 851 (-640 448 1024 ) (-640 0 1024 ) (-640 0 2944 ) (-640 448 2944 ) 
4 851 996 (-1024 256 1024 ) (-1024 0 1024 ) (-1024 0 2944 ) (-1024 256 2944 ) 
4 851 983 (-1024 832 1024 ) (-1024 256 1024 ) (-1024 256 2944 ) (-1024 832 2944 ) 
4 851 872 (-640 0 2944 ) (-1024 0 2944 ) (-1024 0 1024 ) (-640 0 1024 ) 
4 851 854 (-1024 0 1024 ) (-1024 704 1024 ) (-974 704 1024 ) (-974 0 1024 ) 
4 852 870 (0 0 768 ) (0 0 1024 ) (-15.935400 0 1024 ) (-15.935400 0 768 ) 
4 852 855 (0 448 768 ) (0 0 768 ) (-15.935400 0 768 ) (-15.935400 448 768 ) 
4 852 853 (-15.935400 448 1024 ) (-15.935400 448 768 ) (-15.935400 0 768 ) (-15.935400 0 1024 ) 
4 853 871 (-15.935400 0 1024 ) (-640 0 1024 ) (-640 0 768 ) (-15.935400 0 768 ) 
4 853 856 (-15.935400 0 768 ) (-640 0 768 ) (-640 448 768 ) (-15.935400 448 768 ) 
4 854 1001 (-1024 256 768 ) (-1024 0 768 ) (-1024 0 832 ) (-1024 256 832 ) 
4 854 998 (-1024 0 832 ) (-1024 0 960 ) (-1024 256 960 ) (-1024 256 832 ) 
4 854 997 (-1024 0 960 ) (-1024 0 1024 ) (-1024 256 1024 ) (-1024 256 960 ) 
4 854 984 (-1024 704 768 ) (-1024 256 768 ) (-1024 256 1024 ) (-1024 704 1024 ) 
4 854 874 (-974 0 1024 ) (-1024 0 1024 ) (-1024 0 768 ) (-974 0 768 ) 
4 855 870 (0 0 704 ) (0 0 768 ) (-15.935400 0 768 ) (-15.935400 0 704 ) 
4 855 857 (0 0 704 ) (-15.935400 0 704 ) (-15.935400 448 704 ) (0 448 704 ) 
4 855 856 (-15.935400 448 768 ) (-15.935400 448 704 ) (-15.935400 0 704 ) (-15.935400 0 768 ) 
4 856 871 (-15.935400 0 768 ) (-640 0 768 ) (-640 0 704 ) (-15.935400 0 704 ) 
4 856 858 (-15.935400 0 704 ) (-640 0 704 ) (-640 448 704 ) (-15.935400 448 704 ) 
4 857 870 (0 0 256 ) (0 0 704 ) (-15.935400 0 704 ) (-15.935400 0 256 ) 
4 857 861 (0 0 256 ) (-15.935400 0 256 ) (-15.935400 448 256 ) (0 448 256 ) 
4 857 858 (-15.935400 448 704 ) (-15.935400 448 256 ) (-15.935400 0 256 ) (-15.935400 0 704 ) 
4 858 871 (-15.935400 0 704 ) (-640 0 704 ) (-640 0 256 ) (-15.935400 0 256 ) 
4 858 868 (-595.379028 0 256 ) (-640 0 256 ) (-640 321 256 ) (-595.379028 321 256 ) 
4 858 866 (-640 321 256 ) (-640 448 256 ) (-595.379028 448 256 ) (-595.379028 321 256 ) 
4 858 862 (-15.935400 0 256 ) (-595.379028 0 256 ) (-595.379028 448 256 ) (-15.935400 448 256 ) 
4 859 884 (-752 0 624 ) (-752 0 256 ) (-704 0 256 ) (-704 0 576 ) 
4 859 869 (-704 0 256 ) (-752 0 256 ) (-752 64 256 ) (-704 64 256 ) 
4 859 860 (-752 64 624 ) (-752 64 256 ) (-752 0 256 ) (-752 0 624 ) 
4 860 1002 (-1024 64 256 ) (-1024 0 256 ) (-1024 0 704 ) (-1024 64 704 ) 
4 860 885 (-752 0 704 ) (-1024 0 704 ) (-1024 0 256 ) (-752 0 256 ) 
4 860 869 (-752 0 256 ) (-1024 0 256 ) (-1024 64 256 ) (-752 64 256 ) 
4 861 939 (0 0 2.457330 ) (0 0 256 ) (-15.935400 0 256 ) (-15.935400 0 2.457330 ) 
4 861 863 (0 0 2.457330 ) (-15.935400 0 2.457330 ) (-15.935400 403.372986 2.457330 ) (0 403.372986 2.457330 ) 
4 861 862 (-15.935400 448 256 ) (-15.935400 448 2.457330 ) (-15.935400 0 2.457330 ) (-15.935400 0 256 ) 
4 862 941 (-15.935400 0 256 ) (-595.379028 0 256 ) (-595.379028 0 2.457330 ) (-15.935400 0 2.457330 ) 
4 862 868 (-595.379028 321 2.457330 ) (-595.379028 0 2.457330 ) (-595.379028 0 256 ) (-595.379028 321 256 ) 
4 862 866 (-595.379028 448 256 ) (-595.379028 448 2.457330 ) (-595.379028 321 2.457330 ) (-595.379028 321 256 ) 
4 862 865 (-15.935400 0 2.457330 ) (-595.379028 0 2.457330 ) (-595.379028 403.372986 2.457330 ) (-15.935400 403.372986 2.457330 ) 
4 863 939 (0 0 -0.130722 ) (0 0 2.457330 ) (-15.935400 0 2.457330 ) (-15.935400 0 -0.130722 ) 
4 863 865 (-15.935400 403.372986 2.457330 ) (-15.935400 403.372986 -0.130722 ) (-15.935400 0 -0.130722 ) (-15.935400 0 2.457330 ) 
4 863 864 (-15.935400 0 0 ) (-15.935400 403.372986 0 ) (0 403.372986 0 ) (0 0 0 ) 
4 865 941 (-15.935400 0 2.457330 ) (-595.379028 0 2.457330 ) (-595.379028 0 -0.130722 ) (-15.935400 0 -0.130722 ) 
4 866 868 (-595.379028 321 2.457330 ) (-595.379028 321 256 ) (-640 321 256 ) (-640 321 2.457330 ) 
4 866 867 (-640 448 256 ) (-640 448 2.457330 ) (-640 321 2.457330 ) (-640 321 256 ) 
4 868 942 (-595.379028 0 2.457330 ) (-595.379028 0 256 ) (-640 0 256 ) (-640 0 2.457330 ) 
4 869 1004 (-1024 0 0 ) (-1024 0 256 ) (-1024 64 256 ) (-1024 64 0 ) 
4 869 943 (-704 0 0 ) (-704 0 256 ) (-1024 0 256 ) (-1024 0 0 ) 
4 870 1281 (0 -1024 256 ) (0 -1024 2944 ) (-15.935400 -1024 2944 ) (-15.935400 -1024 256 ) 
4 870 975 (0 -1024 256 ) (-15.935400 -1024 256 ) (-15.935400 -512 256 ) (0 -512 256 ) 
4 870 939 (-15.935400 -512 256 ) (-15.935400 0 256 ) (0 0 256 ) (0 -512 256 ) 
4 870 871 (-15.935400 0 256 ) (-15.935400 -1024 256 ) (-15.935400 -1024 2944 ) (-15.935400 0 2944 ) 
4 871 1283 (-15.935400 -1024 2944 ) (-640 -1024 2944 ) (-640 -1024 256 ) (-15.935400 -1024 256 ) 
4 871 976 (-15.935400 -1024 256 ) (-640 -1024 256 ) (-640 -512 256 ) (-15.935400 -512 256 ) 
5 871 946 (-640 -320 256 ) (-640 -24 256 ) (-595.379028 -24 256 ) (-595.379028 -260.758972 256 ) (-601.666077 -273.333099 256 ) 
3 871 945 (-640 -350 256 ) (-640 -320 256 ) (-601.666077 -273.333099 256 ) 
4 871 944 (-640 -512 256 ) (-640 -350 256 ) (-595.379028 -260.758972 256 ) (-595.379028 -512 256 ) 
4 871 942 (-640 -24 256 ) (-640 0 256 ) (-595.379028 0 256 ) (-595.379028 -24 256 ) 
4 871 941 (-595.379028 0 256 ) (-15.935400 0 256 ) (-15.935400 -512 256 ) (-595.379028 -512 256 ) 
4 871 927 (-640 -480 256 ) (-640 -1024 256 ) (-640 -1024 1024 ) (-640 -480 1024 ) 
4 871 926 (-640 -1024 1024 ) (-640 -1024 2944 ) (-640 -512 2944 ) (-640 -512 1024 ) 
4 871 925 (-640 -512 2944 ) (-640 -480 2944 ) (-640 -480 1024 ) (-640 -512 1024 ) 
4 871 886 (-640 -256 256 ) (-640 -480 256 ) (-640 -480 704 ) (-640 -256 704 ) 
4 871 881 (-640 -480 704 ) (-640 -480 1024 ) (-640 -256 1024 ) (-640 -256 704 ) 
4 871 880 (-640 -480 1024 ) (-640 -480 2944 ) (-640 -256 2944 ) (-640 -256 1024 ) 
4 871 872 (-640 -256 2944 ) (-640 0 2944 ) (-640 0 1024 ) (-640 -256 1024 ) 
4 872 1229 (-1024 -256 2944 ) (-1024 0 2944 ) (-1024 0 1024 ) (-1024 -256 1024 ) 
4 872 882 (-960 -256 2944 ) (-1024 -256 2944 ) (-1024 -256 1152 ) (-960 -256 1152 ) 
4 872 880 (-640 -256 1024 ) (-640 -256 2944 ) (-960 -256 2944 ) (-960 -256 1024 ) 
4 872 873 (-768 -256 1024 ) (-974 -256 1024 ) (-974 -32 1024 ) (-768 -32 1024 ) 
4 872 874 (-974 -256 1024 ) (-1024 -256 1024 ) (-1024 0 1024 ) (-974 0 1024 ) 
4 873 875 (-973 -96 768 ) (-973 -32 768 ) (-768 -32 768 ) (-768 -96 768 ) 
4 873 878 (-768 -256 768 ) (-973 -256 768 ) (-973 -96 768 ) (-768 -96 768 ) 
4 873 879 (-973 -256 768 ) (-974 -256 768 ) (-974 -32 768 ) (-973 -32 768 ) 
4 873 874 (-974 -32 768 ) (-974 -256 768 ) (-974 -256 1024 ) (-974 -32 1024 ) 
4 874 1230 (-1024 0 1024 ) (-1024 0 768 ) (-1024 -256 768 ) (-1024 -256 1024 ) 
4 875 888 (-877 -32 704 ) (-656 -32 704 ) (-656 -96 704 ) (-877 -96 704 ) 
4 875 877 (-877 -96 704 ) (-973 -96 768 ) (-973 -32 768 ) (-877 -32 704 ) 
4 875 878 (-973 -96 768 ) (-877 -96 704 ) (-656 -96 704 ) (-656 -96 768 ) 
4 876 893 (-973 -32 704 ) (-892 -32 704 ) (-892 -96 704 ) (-973 -96 704 ) 
4 876 879 (-973 -32 758 ) (-973 -32 704 ) (-973 -96 704 ) (-973 -96 758 ) 
3 876 878 (-973 -96 758 ) (-973 -96 704 ) (-892 -96 704 ) 
4 876 877 (-973 -32 758 ) (-973 -96 758 ) (-892 -96 704 ) (-892 -32 704 ) 
4 877 893 (-892 -32 704 ) (-877 -32 704 ) (-877 -96 704 ) (-892 -96 704 ) 
4 877 879 (-973 -32 768 ) (-973 -32 758 ) (-973 -96 758 ) (-973 -96 768 ) 
4 877 878 (-973 -96 768 ) (-973 -96 758 ) (-892 -96 704 ) (-877 -96 704 ) 
4 878 899 (-880 -256 704 ) (-973 -256 704 ) (-973 -192 704 ) (-880 -192 704 ) 
4 878 895 (-784 -256 704 ) (-880 -256 704 ) (-880 -192 704 ) (-784 -192 704 ) 
4 878 894 (-656 -192 704 ) (-656 -256 704 ) (-784 -256 704 ) (-784 -192 704 ) 
4 878 892 (-656 -96 704 ) (-656 -192 704 ) (-877 -192 704 ) (-877 -96 704 ) 
4 878 893 (-877 -192 704 ) (-973 -192 704 ) (-973 -96 704 ) (-877 -96 704 ) 
4 878 879 (-973 -96 704 ) (-973 -256 704 ) (-973 -256 768 ) (-973 -96 768 ) 
4 879 899 (-973 -192 704 ) (-973 -256 704 ) (-974 -256 704 ) (-974 -192 704 ) 
4 879 893 (-974 -32 704 ) (-973 -32 704 ) (-973 -192 704 ) (-974 -192 704 ) 
4 880 925 (-640 -480 1024 ) (-640 -480 2944 ) (-960 -480 2944 ) (-960 -480 1024 ) 
4 880 882 (-960 -256 2944 ) (-960 -256 1152 ) (-960 -448 1152 ) (-960 -448 2944 ) 
4 880 883 (-960 -448 1056 ) (-960 -480 1056 ) (-960 -480 2944 ) (-960 -448 2944 ) 
3 880 881 (-640 -480 1024 ) (-864 -480 1024 ) (-640 -256 1024 ) 
4 881 927 (-640 -480 704 ) (-640 -480 1024 ) (-864 -480 1024 ) (-864 -480 704 ) 
3 881 886 (-640 -480 704 ) (-864 -480 704 ) (-640 -256 704 ) 
4 882 1244 (-1024 -448 2944 ) (-1024 -256 2944 ) (-1024 -256 1152 ) (-1024 -448 1152 ) 
4 882 883 (-960 -448 1152 ) (-960 -448 2944 ) (-1024 -448 2944 ) (-1024 -448 1152 ) 
4 883 1245 (-1024 -480 2944 ) (-1024 -448 2944 ) (-1024 -448 1056 ) (-1024 -480 1056 ) 
4 883 930 (-960 -480 2944 ) (-1024 -480 2944 ) (-1024 -480 1056 ) (-960 -480 1056 ) 
4 884 943 (-752 0 256 ) (-704 0 256 ) (-704 -24 256 ) (-752 -24 256 ) 
4 884 902 (-752 -24 256 ) (-704 -24 256 ) (-704 -24 512 ) (-752 -24 512 ) 
4 884 887 (-704 -24 512 ) (-704 -24 576 ) (-752 -24 624 ) (-752 -24 512 ) 
4 884 885 (-752 0 256 ) (-752 -24 256 ) (-752 -24 624 ) (-752 0 624 ) 
4 885 1231 (-1024 0 704 ) (-1024 0 256 ) (-1024 -24 256 ) (-1024 -24 704 ) 
4 885 943 (-1024 -24 256 ) (-1024 0 256 ) (-752 0 256 ) (-752 -24 256 ) 
4 885 908 (-974 -24 256 ) (-878 -24 256 ) (-878 -24 512 ) (-974 -24 512 ) 
4 885 914 (-1024 -24 256 ) (-974 -24 256 ) (-974 -24 512 ) (-1024 -24 512 ) 
4 885 902 (-878 -24 256 ) (-752 -24 256 ) (-752 -24 512 ) (-878 -24 512 ) 
4 885 887 (-752 -24 512 ) (-752 -24 704 ) (-877 -24 704 ) (-877 -24 512 ) 
4 885 893 (-877 -24 704 ) (-1024 -24 704 ) (-1024 -24 512 ) (-877 -24 512 ) 
4 886 973 (-655.924011 -339.385559 256 ) (-771.429871 -480 256 ) (-864 -480 256 ) (-655.924011 -271.924011 256 ) 
4 886 947 (-640 -256 256 ) (-640 -320 256 ) (-655.924011 -339.385559 256 ) (-655.924011 -271.924011 256 ) 
4 886 945 (-640 -320 256 ) (-640 -350 256 ) (-705 -480 256 ) (-771.429871 -480 256 ) 
3 886 944 (-640 -350 256 ) (-640 -480 256 ) (-705 -480 256 ) 
4 886 927 (-864 -480 256 ) (-640 -480 256 ) (-640 -480 704 ) (-864 -480 704 ) 
4 887 903 (-655.924011 -28 512 ) (-655.924011 -32 512 ) (-877 -32 512 ) (-877 -28 512 ) 
4 887 902 (-877 -24 512 ) (-655.924011 -24 512 ) (-655.924011 -28 512 ) (-877 -28 512 ) 
4 887 890 (-877 -32 704 ) (-877 -32 694 ) (-796 -32 640 ) (-781 -32 640 ) 
3 887 889 (-877 -32 694 ) (-877 -32 640 ) (-796 -32 640 ) 
4 887 888 (-877 -32 704 ) (-781 -32 640 ) (-655.924011 -32 640 ) (-655.924011 -32 704 ) 
4 887 891 (-877 -32 640 ) (-877 -32 512 ) (-655.924011 -32 512 ) (-655.924011 -32 640 ) 
4 887 893 (-877 -24 704 ) (-877 -24 512 ) (-877 -32 512 ) (-877 -32 704 ) 
4 888 890 (-876.994141 -32 704 ) (-780.996094 -32 640 ) (-780.996094 -96 640 ) (-876.996094 -96 704 ) 
4 888 891 (-655.924011 -96 640 ) (-781 -96 640 ) (-781 -32 640 ) (-655.924011 -32 640 ) 
4 888 892 (-877 -96 704 ) (-781 -96 640 ) (-655.924011 -96 640 ) (-655.924011 -96 704 ) 
4 889 893 (-877 -96 640 ) (-877 -96 694 ) (-877 -32 694 ) (-877 -32 640 ) 
3 889 892 (-877 -96 694 ) (-877 -96 640 ) (-796 -96 640 ) 
4 889 891 (-796 -96 640 ) (-877 -96 640 ) (-877 -32 640 ) (-796 -32 640 ) 
4 889 890 (-877 -96 694 ) (-796 -96 640 ) (-796 -32 640 ) (-877 -32 694 ) 
4 890 893 (-877 -96 694 ) (-877 -96 704 ) (-877 -32 704 ) (-877 -32 694 ) 
4 890 892 (-877 -96 704 ) (-877 -96 694 ) (-796 -96 640 ) (-781 -96 640 ) 
4 890 891 (-781 -96 640 ) (-796 -96 640 ) (-796 -32 640 ) (-781 -32 640 ) 
4 891 903 (-655.924011 -32 512 ) (-655.924011 -92 512 ) (-877 -92 512 ) (-877 -32 512 ) 
4 891 907 (-655.924011 -92 512 ) (-655.924011 -96 512 ) (-877 -96 512 ) (-877 -92 512 ) 
4 891 893 (-877 -32 512 ) (-877 -96 512 ) (-877 -96 640 ) (-877 -32 640 ) 
4 891 892 (-877 -96 640 ) (-877 -96 512 ) (-655.924011 -96 512 ) (-655.924011 -96 640 ) 
4 892 916 (-784 -192 512 ) (-877 -192 512 ) (-877 -191 512 ) (-784 -191 512 ) 
4 892 915 (-655.924011 -191 512 ) (-655.924011 -192 512 ) (-784 -192 512 ) (-784 -191 512 ) 
4 892 907 (-655.924011 -96 512 ) (-655.924011 -191 512 ) (-877 -191 512 ) (-877 -96 512 ) 
5 892 897 (-784 -192 630 ) (-784 -192 640 ) (-877 -192 578 ) (-877 -192 576 ) (-865 -192 576 ) 
3 892 896 (-784 -192 576 ) (-784 -192 630 ) (-865 -192 576 ) 
4 892 895 (-784 -192 640 ) (-784 -192 704 ) (-877 -192 704 ) (-877 -192 578 ) 
4 892 898 (-877 -192 512 ) (-784 -192 512 ) (-784 -192 576 ) (-877 -192 576 ) 
4 892 894 (-784 -192 512 ) (-655.924011 -192 512 ) (-655.924011 -192 704 ) (-784 -192 704 ) 
4 892 893 (-877 -96 512 ) (-877 -192 512 ) (-877 -192 704 ) (-877 -96 704 ) 
4 893 1232 (-1024 -192 704 ) (-1024 -32 704 ) (-1024 -32 512 ) (-1024 -192 512 ) 
4 893 1231 (-1024 -32 704 ) (-1024 -24 704 ) (-1024 -24 512 ) (-1024 -32 512 ) 
4 893 921 (-1024 -192 512 ) (-1024 -191 512 ) (-880 -191 512 ) (-880 -192 512 ) 
4 893 916 (-880 -191 512 ) (-877 -191 512 ) (-877 -192 512 ) (-880 -192 512 ) 
4 893 909 (-878 -28 512 ) (-878 -92 512 ) (-974 -92 512 ) (-974 -28 512 ) 
4 893 908 (-974 -24 512 ) (-878 -24 512 ) (-878 -28 512 ) (-974 -28 512 ) 
4 893 913 (-878 -92 512 ) (-878 -191 512 ) (-974 -191 512 ) (-974 -92 512 ) 
4 893 914 (-1024 -191 512 ) (-1024 -24 512 ) (-974 -24 512 ) (-974 -191 512 ) 
4 893 903 (-877 -28 512 ) (-877 -92 512 ) (-878 -92 512 ) (-878 -28 512 ) 
4 893 902 (-878 -24 512 ) (-877 -24 512 ) (-877 -28 512 ) (-878 -28 512 ) 
4 893 907 (-877 -92 512 ) (-877 -191 512 ) (-878 -191 512 ) (-878 -92 512 ) 
4 893 901 (-976 -192 512 ) (-961 -192 512 ) (-880 -192 566 ) (-880 -192 576 ) 
3 893 900 (-961 -192 512 ) (-880 -192 512 ) (-880 -192 566 ) 
5 893 899 (-1024 -192 512 ) (-976 -192 512 ) (-880 -192 576 ) (-880 -192 704 ) (-1024 -192 704 ) 
3 893 897 (-877 -192 576 ) (-877 -192 578 ) (-880 -192 576 ) 
4 893 895 (-877 -192 578 ) (-877 -192 704 ) (-880 -192 704 ) (-880 -192 576 ) 
4 893 898 (-880 -192 512 ) (-877 -192 512 ) (-877 -192 576 ) (-880 -192 576 ) 
4 894 915 (-655.924011 -256 512 ) (-784 -256 512 ) (-784 -192 512 ) (-655.924011 -192 512 ) 
4 894 897 (-784 -192 640 ) (-784 -192 630 ) (-784 -256 630 ) (-784 -256 640 ) 
4 894 896 (-784 -192 630 ) (-784 -192 576 ) (-784 -256 576 ) (-784 -256 630 ) 
4 894 895 (-784 -192 704 ) (-784 -192 640 ) (-784 -256 640 ) (-784 -256 704 ) 
4 894 898 (-784 -192 576 ) (-784 -192 512 ) (-784 -256 512 ) (-784 -256 576 ) 
4 895 899 (-880 -192 704 ) (-880 -192 576 ) (-880 -256 576 ) (-880 -256 704 ) 
4 895 897 (-880 -256 576 ) (-880 -192 576 ) (-784 -192 640 ) (-784 -256 640 ) 
4 896 898 (-865 -192 576 ) (-784 -192 576 ) (-784 -256 576 ) (-865 -256 576 ) 
4 896 897 (-865.001953 -192 576 ) (-865.001953 -256 576 ) (-784 -256 630 ) (-784 -192 630 ) 
4 897 898 (-880 -256 576 ) (-880 -192 576 ) (-865 -192 576 ) (-865 -256 576 ) 
4 898 916 (-880 -255 512 ) (-880 -192 512 ) (-784 -192 512 ) (-784 -255 512 ) 
4 898 920 (-784 -256 512 ) (-880 -256 512 ) (-880 -255 512 ) (-784 -255 512 ) 
4 898 901 (-880 -192 576 ) (-880 -192 566 ) (-880 -256 566 ) (-880 -256 576 ) 
4 898 900 (-880 -192 566 ) (-880 -192 512 ) (-880 -256 512 ) (-880 -256 566 ) 
4 899 1232 (-1024 -256 512 ) (-1024 -256 704 ) (-1024 -192 704 ) (-1024 -192 512 ) 
4 899 921 (-1024 -255 512 ) (-1024 -192 512 ) (-976 -192 512 ) (-976 -255 512 ) 
4 899 924 (-976 -256 512 ) (-1024 -256 512 ) (-1024 -255 512 ) (-976 -255 512 ) 
4 899 901 (-976 -256 512 ) (-976 -192 512 ) (-880 -192 576 ) (-880 -256 576 ) 
4 900 921 (-961 -255 512 ) (-961 -192 512 ) (-880 -192 512 ) (-880 -255 512 ) 
4 900 924 (-880 -256 512 ) (-961 -256 512 ) (-961 -255 512 ) (-880 -255 512 ) 
4 900 901 (-880 -256 566 ) (-880 -192 566 ) (-961 -192 512 ) (-961 -256 512 ) 
4 901 921 (-976 -255 512 ) (-976 -192 512 ) (-961 -192 512 ) (-961 -255 512 ) 
4 901 924 (-961 -256 512 ) (-976 -256 512 ) (-976 -255 512 ) (-961 -255 512 ) 
4 902 950 (-878 -24 256 ) (-735.030029 -24 256 ) (-735.030029 -28 256 ) (-878 -28 256 ) 
4 902 949 (-735.030029 -24 256 ) (-655.924011 -24 256 ) (-655.924011 -28 256 ) (-735.030029 -28 256 ) 
4 902 908 (-878 -28 512 ) (-878 -24 512 ) (-878 -24 256 ) (-878 -28 256 ) 
4 902 905 (-878 -28 448 ) (-878 -28 438 ) (-797 -28 384 ) (-782 -28 384 ) 
3 902 904 (-878 -28 438 ) (-878 -28 384 ) (-797 -28 384 ) 
5 902 903 (-878 -28 512 ) (-878 -28 448 ) (-782 -28 384 ) (-655.924011 -28 384 ) (-655.924011 -28 512 ) 
4 902 906 (-878 -28 384 ) (-878 -28 256 ) (-655.924011 -28 256 ) (-655.924011 -28 384 ) 
4 903 909 (-878 -92 512 ) (-878 -28 512 ) (-878 -28 448 ) (-878 -92 448 ) 
4 903 905 (-878 -28 448 ) (-782 -28 384 ) (-782 -92 384 ) (-878 -92 448 ) 
4 903 906 (-655.924011 -92 384 ) (-782 -92 384 ) (-782 -28 384 ) (-655.924011 -28 384 ) 
5 903 907 (-878 -92 512 ) (-878 -92 448 ) (-782 -92 384 ) (-655.924011 -92 384 ) (-655.924011 -92 512 ) 
4 904 912 (-878 -28 438 ) (-878 -28 384 ) (-878 -92 384 ) (-878 -92 438 ) 
3 904 907 (-878 -92 438 ) (-878 -92 384 ) (-797 -92 384 ) 
4 904 906 (-797 -92 384 ) (-878 -92 384 ) (-878 -28 384 ) (-797 -28 384 ) 
4 904 905 (-878 -92 438 ) (-797 -92 384 ) (-797 -28 384 ) (-878 -28 438 ) 
4 905 912 (-878 -28 448 ) (-878 -28 438 ) (-878 -92 438 ) (-878 -92 448 ) 
4 905 907 (-878 -92 448 ) (-878 -92 438 ) (-797 -92 384 ) (-782 -92 384 ) 
4 905 906 (-782 -92 384 ) (-797 -92 384 ) (-797 -28 384 ) (-782 -28 384 ) 
4 906 951 (-735.030029 -92 256 ) (-878 -92 256 ) (-878 -29 256 ) (-735.030029 -29 256 ) 
4 906 950 (-878 -29 256 ) (-878 -28 256 ) (-735.030029 -28 256 ) (-735.030029 -29 256 ) 
4 906 949 (-655.924011 -28 256 ) (-655.924011 -92 256 ) (-735.030029 -92 256 ) (-735.030029 -28 256 ) 
4 906 912 (-878 -28 384 ) (-878 -28 256 ) (-878 -92 256 ) (-878 -92 384 ) 
4 906 907 (-878 -92 384 ) (-878 -92 256 ) (-655.924011 -92 256 ) (-655.924011 -92 384 ) 
4 907 962 (-799 -191 256 ) (-878 -191 256 ) (-878 -93 256 ) (-799 -93 256 ) 
4 907 961 (-735.030029 -191 256 ) (-799 -191 256 ) (-799 -93 256 ) (-735.030029 -93 256 ) 
4 907 951 (-878 -93 256 ) (-878 -92 256 ) (-735.030029 -92 256 ) (-735.030029 -93 256 ) 
4 907 949 (-655.924011 -92 256 ) (-655.924011 -191 256 ) (-735.030029 -191 256 ) (-735.030029 -92 256 ) 
5 907 918 (-784 -191 374 ) (-784 -191 384 ) (-878 -191 321.333374 ) (-878 -191 320 ) (-865 -191 320 ) 
3 907 917 (-784 -191 320 ) (-784 -191 374 ) (-865 -191 320 ) 
4 907 916 (-784 -191 384 ) (-784 -191 512 ) (-878 -191 512 ) (-878 -191 321.333374 ) 
4 907 919 (-878 -191 256 ) (-784 -191 256 ) (-784 -191 320 ) (-878 -191 320 ) 
4 907 915 (-784 -191 256 ) (-655.924011 -191 256 ) (-655.924011 -191 512 ) (-784 -191 512 ) 
4 907 913 (-878 -191 256 ) (-878 -191 512 ) (-878 -92 512 ) (-878 -92 256 ) 
4 908 950 (-974 -24 256 ) (-878 -24 256 ) (-878 -28 256 ) (-974 -28 256 ) 
4 908 911 (-974 -28 512 ) (-974 -28 502 ) (-893 -28 448 ) (-878 -28 448 ) 
3 908 910 (-974 -28 502 ) (-974 -28 448 ) (-893 -28 448 ) 
3 908 909 (-974 -28 512 ) (-878 -28 448 ) (-878 -28 512 ) 
4 908 912 (-974 -28 448 ) (-974 -28 256 ) (-878 -28 256 ) (-878 -28 448 ) 
4 908 914 (-974 -28 512 ) (-974 -24 512 ) (-974 -24 256 ) (-974 -28 256 ) 
4 909 911 (-974 -28 512 ) (-878 -28 448 ) (-878 -92 448 ) (-974 -92 512 ) 
3 909 913 (-974 -92 512 ) (-878 -92 448 ) (-878 -92 512 ) 
4 910 914 (-974 -28 502 ) (-974 -28 448 ) (-974 -92 448 ) (-974 -92 502 ) 
3 910 913 (-974 -92 502 ) (-974 -92 448 ) (-893 -92 448 ) 
4 910 912 (-893 -92 448 ) (-974 -92 448 ) (-974 -28 448 ) (-893 -28 448 ) 
4 910 911 (-974 -92 502 ) (-892.998047 -92 448 ) (-892.998047 -28 448 ) (-974 -28 502.001312 ) 
4 911 914 (-974 -92 512 ) (-974 -28 512 ) (-974 -28 502 ) (-974 -92 502 ) 
4 911 913 (-974 -92 512 ) (-974 -92 502 ) (-893 -92 448 ) (-878 -92 448 ) 
4 911 912 (-878 -92 448 ) (-893 -92 448 ) (-893 -28 448 ) (-878 -28 448 ) 
4 912 951 (-878 -29 256 ) (-878 -92 256 ) (-974 -92 256 ) (-974 -29 256 ) 
4 912 950 (-878 -28 256 ) (-878 -29 256 ) (-974 -29 256 ) (-974 -28 256 ) 
4 912 914 (-974 -28 448 ) (-974 -28 256 ) (-974 -92 256 ) (-974 -92 448 ) 
4 912 913 (-974 -92 448 ) (-974 -92 256 ) (-878 -92 256 ) (-878 -92 448 ) 
4 913 962 (-878 -93 256 ) (-878 -191 256 ) (-974 -191 256 ) (-974 -93 256 ) 
4 913 951 (-878 -92 256 ) (-878 -93 256 ) (-974 -93 256 ) (-974 -92 256 ) 
5 913 923 (-974 -191 256 ) (-961 -191 256 ) (-880 -191 310 ) (-880 -191 320 ) (-974 -191 257.333313 ) 
3 913 922 (-961 -191 256 ) (-880 -191 256 ) (-880 -191 310 ) 
4 913 921 (-880 -191 320 ) (-880 -191 512 ) (-974 -191 512 ) (-974 -191 257.333313 ) 
3 913 918 (-878 -191 320 ) (-878 -191 321.333374 ) (-880 -191 320 ) 
4 913 916 (-878 -191 321.333374 ) (-878 -191 512 ) (-880 -191 512 ) (-880 -191 320 ) 
4 913 919 (-880 -191 256 ) (-878 -191 256 ) (-878 -191 320 ) (-880 -191 320 ) 
4 913 914 (-974 -191 256 ) (-974 -191 512 ) (-974 -92 512 ) (-974 -92 256 ) 
4 914 1232 (-1024 -32 256 ) (-1024 -191 256 ) (-1024 -191 512 ) (-1024 -32 512 ) 
4 914 1231 (-1024 -24 256 ) (-1024 -32 256 ) (-1024 -32 512 ) (-1024 -24 512 ) 
4 914 962 (-1024 -191 256 ) (-1024 -93 256 ) (-974 -93 256 ) (-974 -191 256 ) 
4 914 954 (-1024 -93 256 ) (-1024 -24 256 ) (-974 -24 256 ) (-974 -93 256 ) 
3 914 923 (-976 -191 256 ) (-974 -191 256 ) (-974 -191 257.333313 ) 
5 914 921 (-1024 -191 256 ) (-976 -191 256 ) (-974 -191 257.333313 ) (-974 -191 512 ) (-1024 -191 512 ) 
4 915 961 (-784 -191 256 ) (-735.030029 -191 256 ) (-735.030029 -256 256 ) (-784 -256 256 ) 
4 915 949 (-735.030029 -191 256 ) (-655.924011 -191 256 ) (-655.924011 -256 256 ) (-735.030029 -256 256 ) 
4 915 918 (-784 -191 384 ) (-784 -191 374 ) (-784 -255 374 ) (-784 -255 384 ) 
4 915 917 (-784 -191 374 ) (-784 -191 320 ) (-784 -255 320 ) (-784 -255 374 ) 
4 915 916 (-784 -191 512 ) (-784 -191 384 ) (-784 -255 384 ) (-784 -255 512 ) 
4 915 919 (-784 -191 320 ) (-784 -191 256 ) (-784 -255 256 ) (-784 -255 320 ) 
4 915 920 (-784 -255 256 ) (-784 -256 256 ) (-784 -256 512 ) (-784 -255 512 ) 
4 916 921 (-880 -191 512 ) (-880 -191 320 ) (-880 -255 320 ) (-880 -255 512 ) 
4 916 918 (-784 -255 384 ) (-879.998047 -255 320 ) (-879.998047 -191 320 ) (-784 -191 384 ) 
4 916 920 (-880 -255 512 ) (-880 -255 320 ) (-784 -255 384 ) (-784 -255 512 ) 
3 917 920 (-865 -255 320 ) (-784 -255 320 ) (-784 -255 374 ) 
4 917 919 (-784 -255 320 ) (-865 -255 320 ) (-865 -191 320 ) (-784 -191 320 ) 
4 917 918 (-865 -191 320 ) (-865 -255 320 ) (-784 -255 374 ) (-784 -191 374 ) 
4 918 920 (-880 -255 320 ) (-865 -255 320 ) (-784 -255 374 ) (-784 -255 384 ) 
4 918 919 (-865 -255 320 ) (-880 -255 320 ) (-880 -191 320 ) (-865 -191 320 ) 
4 919 963 (-880 -191 256 ) (-799 -191 256 ) (-799 -255 256 ) (-880 -255 256 ) 
4 919 961 (-799 -191 256 ) (-784 -191 256 ) (-784 -255 256 ) (-799 -255 256 ) 
4 919 923 (-880 -191 320 ) (-880 -191 310 ) (-880 -255 310 ) (-880 -255 320 ) 
4 919 922 (-880 -191 310 ) (-880 -191 256 ) (-880 -255 256 ) (-880 -255 310 ) 
4 919 920 (-880 -255 320 ) (-880 -255 256 ) (-784 -255 256 ) (-784 -255 320 ) 
4 920 966 (-799 -256 256 ) (-880 -256 256 ) (-880 -255 256 ) (-799 -255 256 ) 
4 920 961 (-784 -255 256 ) (-784 -256 256 ) (-799 -256 256 ) (-799 -255 256 ) 
4 920 924 (-880 -255 256 ) (-880 -256 256 ) (-880 -256 512 ) (-880 -255 512 ) 
4 921 1232 (-1024 -191 256 ) (-1024 -255 256 ) (-1024 -255 512 ) (-1024 -191 512 ) 
4 921 963 (-1024 -255 256 ) (-1024 -191 256 ) (-976 -191 256 ) (-976 -255 256 ) 
4 921 923 (-880 -255 319.996094 ) (-975.994141 -255 256 ) (-975.996094 -191 256 ) (-880 -191 319.996094 ) 
5 921 924 (-1024 -255 256 ) (-976 -255 256 ) (-880 -255 320 ) (-880 -255 512 ) (-1024 -255 512 ) 
4 922 963 (-961 -191 256 ) (-880 -191 256 ) (-880 -255 256 ) (-961 -255 256 ) 
3 922 924 (-961 -255 256 ) (-880 -255 256 ) (-880 -255 310 ) 
4 922 923 (-961 -255 256 ) (-880 -255 310 ) (-880 -191 310 ) (-961 -191 256 ) 
4 923 963 (-976 -191 256 ) (-961 -191 256 ) (-961 -255 256 ) (-976 -255 256 ) 
4 923 924 (-976 -255 256 ) (-961 -255 256 ) (-880 -255 310 ) (-880 -255 320 ) 
4 924 1232 (-1024 -255 256 ) (-1024 -256 256 ) (-1024 -256 512 ) (-1024 -255 512 ) 
4 924 966 (-1024 -256 256 ) (-1024 -255 256 ) (-880 -255 256 ) (-880 -256 256 ) 
4 925 930 (-960 -480 2944 ) (-960 -480 1056 ) (-960 -512 1056 ) (-960 -512 2944 ) 
4 925 927 (-864 -480 1024 ) (-640 -480 1024 ) (-640 -512 1024 ) (-896 -512 1024 ) 
4 925 926 (-960 -512 2944 ) (-960 -512 1024 ) (-640 -512 1024 ) (-640 -512 2944 ) 
4 926 1283 (-640 -1024 2944 ) (-960 -1024 2944 ) (-960 -1024 1024 ) (-640 -1024 1024 ) 
4 926 931 (-960 -576 1056 ) (-960 -576 2944 ) (-960 -512 2944 ) (-960 -512 1056 ) 
4 926 929 (-960 -576 1024 ) (-960 -1024 1024 ) (-960 -1024 2944 ) (-960 -576 2944 ) 
3 926 928 (-960 -576 1024 ) (-960 -512 1024 ) (-896 -512 1024 ) 
5 926 927 (-960 -1024 1024 ) (-960 -576 1024 ) (-896 -512 1024 ) (-640 -512 1024 ) (-640 -1024 1024 ) 
4 927 1283 (-960 -1024 1024 ) (-960 -1024 256 ) (-640 -1024 256 ) (-640 -1024 1024 ) 
4 927 982 (-832 -1024 256 ) (-960 -1024 256 ) (-960 -960 256 ) (-832 -960 256 ) 
5 927 980 (-960 -960 256 ) (-960 -576 256 ) (-896 -512 256 ) (-832 -512 256 ) (-832 -960 256 ) 
4 927 976 (-640 -1024 256 ) (-832 -1024 256 ) (-832 -512 256 ) (-640 -512 256 ) 
4 927 973 (-896 -512 256 ) (-864 -480 256 ) (-771.429871 -480 256 ) (-797.715881 -512 256 ) 
4 927 945 (-771.429871 -480 256 ) (-705 -480 256 ) (-721 -512 256 ) (-797.715881 -512 256 ) 
4 927 944 (-705 -480 256 ) (-640 -480 256 ) (-640 -512 256 ) (-721 -512 256 ) 
4 927 938 (-960 -576 256 ) (-960 -1024 256 ) (-960 -1024 320 ) (-960 -576 320 ) 
4 927 929 (-960 -1024 320 ) (-960 -1024 1024 ) (-960 -576 1024 ) (-960 -576 320 ) 
4 927 928 (-960 -576 256 ) (-960 -576 1024 ) (-896 -512 1024 ) (-896 -512 256 ) 
3 928 980 (-960 -576 256 ) (-960 -512 256 ) (-896 -512 256 ) 
4 928 937 (-960 -576 320 ) (-960 -576 384 ) (-960 -512 384 ) (-960 -512 320 ) 
4 928 936 (-960 -576 448 ) (-960 -576 512 ) (-960 -512 512 ) (-960 -512 448 ) 
4 928 934 (-960 -576 704 ) (-960 -576 768 ) (-960 -512 768 ) (-960 -512 704 ) 
4 928 935 (-960 -576 576 ) (-960 -576 640 ) (-960 -512 640 ) (-960 -512 576 ) 
4 928 933 (-960 -576 832 ) (-960 -576 896 ) (-960 -512 896 ) (-960 -512 832 ) 
4 928 932 (-960 -576 960 ) (-960 -576 1024 ) (-960 -512 1024 ) (-960 -512 960 ) 
4 929 1283 (-960 -1024 2944 ) (-1024 -1024 2944 ) (-1024 -1024 320 ) (-960 -1024 320 ) 
4 929 1257 (-1024 -1024 320 ) (-1024 -1024 2944 ) (-1024 -640 2944 ) (-1024 -640 320 ) 
4 929 938 (-960 -576 320 ) (-960 -1024 320 ) (-1024 -1024 320 ) (-1024 -640 320 ) 
4 929 937 (-960 -576 384 ) (-960 -576 320 ) (-1024 -640 320 ) (-1024 -640 384 ) 
4 929 936 (-960 -576 512 ) (-960 -576 448 ) (-1024 -640 448 ) (-1024 -640 512 ) 
4 929 934 (-960 -576 768 ) (-960 -576 704 ) (-1024 -640 704 ) (-1024 -640 768 ) 
4 929 935 (-960 -576 640 ) (-960 -576 576 ) (-1024 -640 576 ) (-1024 -640 640 ) 
4 929 933 (-960 -576 896 ) (-960 -576 832 ) (-1024 -640 832 ) (-1024 -640 896 ) 
4 929 932 (-960 -576 1024 ) (-960 -576 960 ) (-1024 -640 960 ) (-1024 -640 1024 ) 
4 929 931 (-960 -576 2944 ) (-960 -576 1056 ) (-1024 -640 1056 ) (-1024 -640 2944 ) 
4 930 1249 (-1024 -512 2944 ) (-1024 -480 2944 ) (-1024 -480 1056 ) (-1024 -512 1056 ) 
4 930 931 (-1024 -512 1056 ) (-960 -512 1056 ) (-960 -512 2944 ) (-1024 -512 2944 ) 
4 931 1250 (-1024 -640 2944 ) (-1024 -512 2944 ) (-1024 -512 1056 ) (-1024 -640 1056 ) 
4 932 1251 (-1024 -480 1024 ) (-1024 -480 960 ) (-1024 -640 960 ) (-1024 -640 1024 ) 
4 933 1252 (-1024 -480 896 ) (-1024 -480 832 ) (-1024 -640 832 ) (-1024 -640 896 ) 
4 934 1253 (-1024 -480 768 ) (-1024 -480 704 ) (-1024 -640 704 ) (-1024 -640 768 ) 
4 935 1254 (-1024 -480 640 ) (-1024 -480 576 ) (-1024 -640 576 ) (-1024 -640 640 ) 
4 936 1255 (-1024 -480 512 ) (-1024 -480 448 ) (-1024 -640 448 ) (-1024 -640 512 ) 
4 937 1256 (-1024 -480 384 ) (-1024 -480 320 ) (-1024 -640 320 ) (-1024 -640 384 ) 
4 938 1283 (-1024 -1024 320 ) (-1024 -1024 256 ) (-960 -1024 256 ) (-960 -1024 320 ) 
4 938 1257 (-1024 -1024 256 ) (-1024 -1024 320 ) (-1024 -640 320 ) (-1024 -640 256 ) 
4 938 982 (-960 -1024 256 ) (-1024 -1024 256 ) (-1024 -960 256 ) (-960 -960 256 ) 
4 938 981 (-1024 -960 256 ) (-1024 -640 256 ) (-960 -576 256 ) (-960 -960 256 ) 
4 939 977 (0 -512 -0.130722 ) (0 -512 2.504270 ) (-15.935400 -512 2.504270 ) (-15.935400 -512 -0.130722 ) 
4 939 975 (0 -512 2.504270 ) (0 -512 256 ) (-15.935400 -512 256 ) (-15.935400 -512 2.504270 ) 
4 939 941 (-15.935400 0 -0.130722 ) (-15.935400 -512 -0.130722 ) (-15.935400 -512 256 ) (-15.935400 0 256 ) 
4 939 940 (0 -512 0 ) (-15.935400 -512 0 ) (-15.935400 0 0 ) (0 0 0 ) 
4 941 979 (-595.379028 -512 2.504270 ) (-595.379028 -512 -0.130722 ) (-15.935400 -512 -0.130722 ) (-15.935400 -512 2.504270 ) 
4 941 976 (-15.935400 -512 256 ) (-595.379028 -512 256 ) (-595.379028 -512 2.504270 ) (-15.935400 -512 2.504270 ) 
4 941 946 (-595.379028 -260.759003 256 ) (-595.379028 -24 256 ) (-595.379028 -24 2.457330 ) (-595.379028 -260.758972 2.457330 ) 
4 941 944 (-595.379028 -512 -0.130722 ) (-595.379028 -512 256 ) (-595.379028 -260.759003 256 ) (-595.379028 -260.758972 -0.130722 ) 
4 941 942 (-595.379028 -24 256 ) (-595.379028 0 256 ) (-595.379028 0 2.457330 ) (-595.379028 -24 2.457330 ) 
4 942 946 (-595.379028 -24 2.457330 ) (-595.379028 -24 256 ) (-640 -24 256 ) (-640 -24 2.457330 ) 
4 943 1239 (-1024 -24 0 ) (-1024 -24 112 ) (-1024 0 112 ) (-1024 0 0 ) 
4 943 1231 (-1024 -24 112 ) (-1024 -24 256 ) (-1024 0 256 ) (-1024 0 112 ) 
4 943 955 (-878 -24 0 ) (-735.030029 -24 0 ) (-735.030029 -24 192 ) (-878 -24 192 ) 
4 943 960 (-1024 -24 192 ) (-1024 -24 0 ) (-878 -24 0 ) (-878 -24 192 ) 
4 943 950 (-735.030029 -24 256 ) (-974 -24 256 ) (-974 -24 192 ) (-735.030029 -24 192 ) 
4 943 954 (-974 -24 256 ) (-1024 -24 256 ) (-1024 -24 192 ) (-974 -24 192 ) 
4 943 949 (-704 -24 256 ) (-735.030029 -24 256 ) (-735.030029 -24 127.801010 ) (-704 -24 127.801010 ) 
4 944 979 (-721 -512 2.504270 ) (-721 -512 -0.130722 ) (-595.379028 -512 -0.130722 ) (-595.379028 -512 2.504270 ) 
4 944 976 (-595.379028 -512 256 ) (-721 -512 256 ) (-721 -512 2.504270 ) (-595.379028 -512 2.504270 ) 
4 944 946 (-595.379028 -260.751801 256 ) (-595.379028 -260.751801 2.457330 ) (-601.675232 -273.344208 2.457330 ) (-601.675232 -273.344177 256 ) 
4 944 945 (-601.675232 -273.344208 -0.130722 ) (-721.003235 -512 -0.130722 ) (-721.003235 -512 256 ) (-601.675232 -273.344177 256 ) 
4 945 979 (-797.715881 -512 2.504270 ) (-797.715881 -512 -0.130722 ) (-721 -512 -0.130722 ) (-721 -512 2.504270 ) 
4 945 976 (-721 -512 256 ) (-797.715881 -512 256 ) (-797.715881 -512 2.504270 ) (-721 -512 2.504270 ) 
4 945 974 (-655.924011 -339.386230 -0.130722 ) (-797.715088 -512 -0.130722 ) (-797.715088 -512 2.457330 ) (-655.924011 -339.386230 2.457330 ) 
4 945 973 (-797.715088 -512 2.457330 ) (-797.715088 -512 256 ) (-655.924011 -339.386230 256 ) (-655.924011 -339.386230 2.457330 ) 
4 945 948 (-640 -320 -0.130722 ) (-655.924011 -339.386230 -0.130722 ) (-655.924011 -339.386230 2.457330 ) (-640 -320 2.457330 ) 
4 945 947 (-640 -320 2.457330 ) (-655.924011 -339.386230 2.457330 ) (-655.924011 -339.386230 256 ) (-640 -320 256 ) 
4 945 946 (-601.667969 -273.335938 256 ) (-601.667969 -273.335938 2.457330 ) (-640 -320 2.457330 ) (-640 -320 256 ) 
4 946 947 (-640 -256 2.457330 ) (-640 -320 2.457330 ) (-640 -320 256 ) (-640 -256 256 ) 
4 947 973 (-655.924011 -271.924011 2.457330 ) (-655.924011 -339.382812 2.457330 ) (-655.924011 -339.382812 256 ) (-655.924011 -271.924011 256 ) 
3 947 948 (-655.924011 -339.382812 2.457330 ) (-655.924011 -335.924011 2.457330 ) (-640.022888 -320.022919 2.457330 ) 
4 948 974 (-655.924011 -339.382812 -0.130722 ) (-655.924011 -339.382812 2.457330 ) (-655.924011 -335.924011 2.457330 ) (-655.924011 -335.924011 -0.130722 ) 
4 949 961 (-735.030029 -93 127.801010 ) (-735.030029 -256 127.801010 ) (-735.030029 -256 256 ) (-735.030029 -93 256 ) 
4 949 956 (-735.030029 -29 127.801010 ) (-735.030029 -93 127.801010 ) (-735.030029 -93 192 ) (-735.030029 -29 192 ) 
4 949 955 (-735.030029 -24 192 ) (-735.030029 -24 127.801010 ) (-735.030029 -29 127.801010 ) (-735.030029 -29 192 ) 
4 949 951 (-735.030029 -29 192 ) (-735.030029 -93 192 ) (-735.030029 -93 256 ) (-735.030029 -29 256 ) 
4 949 950 (-735.030029 -24 256 ) (-735.030029 -24 192 ) (-735.030029 -29 192 ) (-735.030029 -29 256 ) 
4 950 955 (-878 -24 192 ) (-735.030029 -24 192 ) (-735.030029 -29 192 ) (-878 -29 192 ) 
4 950 960 (-974 -29 192 ) (-974 -24 192 ) (-878 -24 192 ) (-878 -29 192 ) 
4 950 953 (-974 -29 256 ) (-974 -29 246 ) (-893 -29 192 ) (-878 -29 192 ) 
3 950 952 (-974 -29 246 ) (-974 -29 192 ) (-893 -29 192 ) 
4 950 951 (-974 -29 256 ) (-878 -29 192 ) (-735.030029 -29 192 ) (-735.030029 -29 256 ) 
4 950 954 (-974 -24 256 ) (-974 -24 192 ) (-974 -29 192 ) (-974 -29 256 ) 
4 951 962 (-799 -93 256 ) (-974 -93 256 ) (-878 -93 192 ) (-799 -93 192 ) 
4 951 961 (-735.030029 -93 192 ) (-735.030029 -93 256 ) (-799 -93 256 ) (-799 -93 192 ) 
4 951 956 (-735.030029 -93 192 ) (-878 -93 192 ) (-878 -29 192 ) (-735.030029 -29 192 ) 
4 951 953 (-974 -93 255.996094 ) (-974 -29 255.996094 ) (-878.005859 -29 192 ) (-878.005859 -93 192 ) 
3 952 962 (-974 -93 246 ) (-974 -93 192 ) (-893 -93 192 ) 
4 952 960 (-893 -93 192 ) (-974 -93 192 ) (-974 -29 192 ) (-893 -29 192 ) 
4 952 954 (-974 -29 192 ) (-974 -93 192 ) (-974 -93 246 ) (-974 -29 246 ) 
4 952 953 (-893 -29 192 ) (-974 -29 246 ) (-974 -93 246 ) (-893 -93 192 ) 
4 953 962 (-974 -93 256 ) (-974 -93 246 ) (-893 -93 192 ) (-878 -93 192 ) 
4 953 960 (-878 -93 192 ) (-893 -93 192 ) (-893 -29 192 ) (-878 -29 192 ) 
4 953 954 (-974 -93 246 ) (-974 -93 256 ) (-974 -29 256 ) (-974 -29 246 ) 
4 954 1232 (-1024 -93 256 ) (-1024 -32 256 ) (-1024 -32 192 ) (-1024 -93 192 ) 
4 954 1231 (-1024 -32 256 ) (-1024 -24 256 ) (-1024 -24 192 ) (-1024 -32 192 ) 
4 954 962 (-974 -93 256 ) (-1024 -93 256 ) (-1024 -93 192 ) (-974 -93 192 ) 
4 954 960 (-974 -93 192 ) (-1024 -93 192 ) (-1024 -24 192 ) (-974 -24 192 ) 
4 955 958 (-878 -29 192 ) (-878 -29 182 ) (-797 -29 128 ) (-782 -29 128 ) 
3 955 957 (-878 -29 182 ) (-878 -29 128 ) (-797 -29 128 ) 
4 955 956 (-878 -29 192 ) (-782 -29 128 ) (-735.030029 -29 128 ) (-735.030029 -29 192 ) 
4 955 959 (-878 -29 128 ) (-878 -29 0 ) (-735.030029 -29 0 ) (-735.030029 -29 128 ) 
4 955 960 (-878 -24 0 ) (-878 -29 0 ) (-878 -29 192 ) (-878 -24 192 ) 
3 956 962 (-799 -93 192 ) (-878 -93 192 ) (-799 -93 139.333328 ) 
5 956 961 (-735.030029 -93 128 ) (-735.030029 -93 192 ) (-799 -93 192 ) (-799 -93 139.333328 ) (-782 -93 128 ) 
4 956 958 (-878 -93 192 ) (-878 -29 192 ) (-782.001953 -29 128 ) (-782.001953 -93 128 ) 
4 956 959 (-735.030029 -93 128 ) (-782 -93 128 ) (-782 -29 128 ) (-735.030029 -29 128 ) 
4 957 962 (-878 -93 182 ) (-878 -93 128 ) (-799 -93 128 ) (-799 -93 129.333298 ) 
3 957 961 (-799 -93 128 ) (-797 -93 128 ) (-799 -93 129.333298 ) 
4 957 960 (-878 -93 128 ) (-878 -93 182 ) (-878 -29 182 ) (-878 -29 128 ) 
4 957 959 (-797 -93 128 ) (-878 -93 128 ) (-878 -29 128 ) (-797 -29 128 ) 
4 957 958 (-796.998047 -93 128 ) (-796.998047 -29 128 ) (-878 -29 182.001297 ) (-878 -93 182.001297 ) 
4 958 962 (-878 -93 192 ) (-878 -93 182 ) (-799 -93 129.333298 ) (-799 -93 139.333328 ) 
4 958 961 (-799 -93 129.333298 ) (-797 -93 128 ) (-782 -93 128 ) (-799 -93 139.333328 ) 
4 958 960 (-878 -93 182 ) (-878 -93 192 ) (-878 -29 192 ) (-878 -29 182 ) 
4 958 959 (-782 -93 128 ) (-797 -93 128 ) (-797 -29 128 ) (-782 -29 128 ) 
4 959 967 (-878 -93 0 ) (-735.030029 -93 0 ) (-735.030029 -93 64 ) (-878 -93 64 ) 
4 959 962 (-799 -93 128 ) (-878 -93 128 ) (-878 -93 64 ) (-799 -93 64 ) 
4 959 961 (-735.030029 -93 64 ) (-735.030029 -93 128 ) (-799 -93 128 ) (-799 -93 64 ) 
4 959 960 (-878 -29 0 ) (-878 -93 0 ) (-878 -93 128 ) (-878 -29 128 ) 
4 960 1239 (-1024 -24 112 ) (-1024 -24 0 ) (-1024 -93 0 ) (-1024 -93 112 ) 
4 960 1232 (-1024 -32 112 ) (-1024 -93 112 ) (-1024 -93 192 ) (-1024 -32 192 ) 
4 960 1231 (-1024 -24 192 ) (-1024 -24 112 ) (-1024 -32 112 ) (-1024 -32 192 ) 
4 960 968 (-1024 -93 0 ) (-895 -93 0 ) (-895 -93 64 ) (-1024 -93 64 ) 
4 960 967 (-895 -93 0 ) (-878 -93 0 ) (-878 -93 64 ) (-895 -93 64 ) 
4 960 962 (-878 -93 64 ) (-878 -93 192 ) (-1024 -93 192 ) (-1024 -93 64 ) 
4 961 967 (-799 -93 64 ) (-735.030029 -93 64 ) (-735.030029 -256 64 ) (-799 -256 64 ) 
4 961 965 (-799 -255 118 ) (-799 -255 128 ) (-799 -191 128 ) (-799 -191 118 ) 
4 961 964 (-799 -191 64 ) (-799 -255 64 ) (-799 -255 118 ) (-799 -191 118 ) 
4 961 963 (-799 -255 128 ) (-799 -255 256 ) (-799 -191 256 ) (-799 -191 128 ) 
4 961 962 (-799 -93 256 ) (-799 -93 64 ) (-799 -191 64 ) (-799 -191 256 ) 
4 961 966 (-799 -255 64 ) (-799 -256 64 ) (-799 -256 256 ) (-799 -255 256 ) 
4 962 1240 (-1024 -160 64 ) (-1024 -191 64 ) (-1024 -191 112 ) (-1024 -160 112 ) 
4 962 1239 (-1024 -93 112 ) (-1024 -93 64 ) (-1024 -160 64 ) (-1024 -160 112 ) 
4 962 1232 (-1024 -191 256 ) (-1024 -93 256 ) (-1024 -93 112 ) (-1024 -191 112 ) 
4 962 968 (-1024 -93 64 ) (-895 -93 64 ) (-895 -191 64 ) (-1024 -191 64 ) 
4 962 967 (-895 -93 64 ) (-799 -93 64 ) (-799 -191 64 ) (-895 -191 64 ) 
4 962 965 (-895 -191 64 ) (-880 -191 64 ) (-799 -191 118 ) (-799 -191 128 ) 
3 962 964 (-880 -191 64 ) (-799 -191 64 ) (-799 -191 118 ) 
5 962 963 (-1024 -191 64 ) (-895 -191 64 ) (-799 -191 128 ) (-799 -191 256 ) (-1024 -191 256 ) 
4 963 1242 (-1024 -208 64 ) (-1024 -255 64 ) (-1024 -255 112 ) (-1024 -208 112 ) 
4 963 1240 (-1024 -191 112 ) (-1024 -191 64 ) (-1024 -208 64 ) (-1024 -208 112 ) 
4 963 1232 (-1024 -255 256 ) (-1024 -191 256 ) (-1024 -191 112 ) (-1024 -255 112 ) 
4 963 969 (-895 -255 64 ) (-1024 -255 64 ) (-1024 -191 64 ) (-895 -191 64 ) 
4 963 965 (-799 -255 128 ) (-895 -255 64 ) (-894.996094 -191 64 ) (-799 -191 127.996094 ) 
5 963 966 (-1024 -255 64 ) (-895 -255 64 ) (-799 -255 128 ) (-799 -255 256 ) (-1024 -255 256 ) 
4 964 967 (-799 -191 64 ) (-799 -255 64 ) (-880 -255 64 ) (-880 -191 64 ) 
3 964 966 (-880 -255 64 ) (-799 -255 64 ) (-799 -255 118 ) 
4 964 965 (-799 -191 118 ) (-880 -191 64 ) (-880 -255 64 ) (-799 -255 118 ) 
4 965 967 (-880 -255 64 ) (-895 -255 64 ) (-895 -191 64 ) (-880 -191 64 ) 
4 965 966 (-895 -255 64 ) (-880 -255 64 ) (-799 -255 118 ) (-799 -255 128 ) 
4 966 1242 (-1024 -256 64 ) (-1024 -256 112 ) (-1024 -255 112 ) (-1024 -255 64 ) 
4 966 1232 (-1024 -256 112 ) (-1024 -256 256 ) (-1024 -255 256 ) (-1024 -255 112 ) 
4 966 972 (-895 -256 64 ) (-1024 -256 64 ) (-1024 -255 64 ) (-895 -255 64 ) 
4 966 967 (-799 -255 64 ) (-799 -256 64 ) (-895 -256 64 ) (-895 -255 64 ) 
4 967 971 (-895 -255 64 ) (-895 -191 64 ) (-895 -191 54 ) (-895 -255 54 ) 
4 967 970 (-895 -191 54 ) (-895 -191 0 ) (-895 -255 0 ) (-895 -255 54 ) 
4 967 968 (-895 -191 64 ) (-895 -93 64 ) (-895 -93 0 ) (-895 -191 0 ) 
4 967 972 (-895 -256 64 ) (-895 -255 64 ) (-895 -255 0 ) (-895 -256 0 ) 
4 968 1240 (-1024 -191 64 ) (-1024 -160 64 ) (-1024 -160 0 ) (-1024 -191 0 ) 
4 968 1239 (-1024 -160 64 ) (-1024 -93 64 ) (-1024 -93 0 ) (-1024 -160 0 ) 
4 968 971 (-991 -191 0 ) (-976 -191 0 ) (-895 -191 54 ) (-895 -191 64 ) 
3 968 970 (-976 -191 0 ) (-895 -191 0 ) (-895 -191 54 ) 
4 968 969 (-1024 -191 0 ) (-991 -191 0 ) (-895 -191 64 ) (-1024 -191 64 ) 
4 969 1242 (-1024 -255 64 ) (-1024 -208 64 ) (-1024 -208 0 ) (-1024 -255 0 ) 
4 969 1240 (-1024 -208 64 ) (-1024 -191 64 ) (-1024 -191 0 ) (-1024 -208 0 ) 
4 969 971 (-895 -255 63.996094 ) (-990.994141 -255 0 ) (-990.996094 -191 0 ) (-895 -191 63.996094 ) 
4 969 972 (-1024 -255 0 ) (-991 -255 0 ) (-895 -255 64 ) (-1024 -255 64 ) 
3 970 972 (-976 -255 0 ) (-895 -255 0 ) (-895 -255 54 ) 
4 970 971 (-895 -191 54.003906 ) (-976.005859 -191 0 ) (-976 -255 0 ) (-895 -255 54 ) 
4 971 972 (-991 -255 0 ) (-976 -255 0 ) (-895 -255 54 ) (-895 -255 64 ) 
4 972 1242 (-1024 -256 0 ) (-1024 -256 64 ) (-1024 -255 64 ) (-1024 -255 0 ) 
4 973 980 (-832 -512 256 ) (-896 -512 256 ) (-896 -512 2.457330 ) (-832 -512 2.457330 ) 
4 973 976 (-797.715881 -512 256 ) (-832 -512 256 ) (-832 -512 2.457330 ) (-797.715881 -512 2.457330 ) 
4 973 974 (-655.924011 -335.924011 2.457330 ) (-655.924011 -339.385559 2.457330 ) (-797.715881 -512 2.457330 ) (-832 -512 2.457330 ) 
4 974 979 (-832 -512 -0.130722 ) (-797.715881 -512 -0.130722 ) (-797.715881 -512 2.457330 ) (-832 -512 2.457330 ) 
4 975 1281 (0 -1024 2.504270 ) (0 -1024 256 ) (-15.935400 -1024 256 ) (-15.935400 -1024 2.504270 ) 
4 975 977 (-15.935400 -960 2.504270 ) (-15.935400 -512 2.504270 ) (0 -512 2.504270 ) (0 -960 2.504270 ) 
4 975 976 (-15.935400 -512 256 ) (-15.935400 -512 2.504270 ) (-15.935400 -1024 2.504270 ) (-15.935400 -1024 256 ) 
4 976 1283 (-15.935400 -1024 256 ) (-832 -1024 256 ) (-832 -1024 2.504270 ) (-15.935400 -1024 2.504270 ) 
4 976 982 (-832 -960 2.504270 ) (-832 -1024 2.504270 ) (-832 -1024 256 ) (-832 -960 256 ) 
4 976 980 (-832 -512 256 ) (-832 -512 2.504270 ) (-832 -960 2.504270 ) (-832 -960 256 ) 
4 976 979 (-832 -960 2.504270 ) (-832 -512 2.504270 ) (-15.935400 -512 2.504270 ) (-15.935400 -960 2.504270 ) 
4 977 979 (-15.935400 -512 -0.130722 ) (-15.935400 -960 -0.130722 ) (-15.935400 -960 2.504270 ) (-15.935400 -512 2.504270 ) 
4 977 978 (0 -960 0 ) (-15.935400 -960 0 ) (-15.935400 -512 0 ) (0 -512 0 ) 
4 980 982 (-832 -960 2.457330 ) (-832 -960 256 ) (-960 -960 256 ) (-960 -960 2.457330 ) 
4 980 981 (-960 -512 256 ) (-960 -512 2.457330 ) (-960 -960 2.457330 ) (-960 -960 256 ) 
4 981 1266 (-1024 -960 256 ) (-1024 -512 256 ) (-1024 -512 -0.130722 ) (-1024 -960 -0.130722 ) 
4 981 982 (-960 -960 2.504270 ) (-960 -960 256 ) (-1024 -960 256 ) (-1024 -960 2.504270 ) 
4 982 1283 (-832 -1024 256 ) (-1024 -1024 256 ) (-1024 -1024 2.504270 ) (-832 -1024 2.504270 ) 
4 982 1268 (-1024 -1024 2.504270 ) (-1024 -1024 256 ) (-1024 -960 256 ) (-1024 -960 2.504270 ) 
4 983 996 (-1024 256 1024 ) (-1024 256 2944 ) (-1536 256 2944 ) (-1536 256 1024 ) 
4 983 985 (-1536 1024 2944 ) (-1536 1024 1024 ) (-1536 256 1024 ) (-1536 256 2944 ) 
4 983 984 (-1024 256 1024 ) (-1536 256 1024 ) (-1536 704 1024 ) (-1024 704 1024 ) 
4 984 1001 (-1024 256 768 ) (-1024 256 832 ) (-1472 256 832 ) (-1472 256 768 ) 
4 984 998 (-1024 256 832 ) (-1024 256 960 ) (-1472 256 960 ) (-1472 256 832 ) 
4 984 997 (-1024 256 960 ) (-1024 256 1024 ) (-1472 256 1024 ) (-1472 256 960 ) 
4 984 986 (-1536 536 768 ) (-1536 432 768 ) (-1536 432 879.452026 ) (-1536 536 879.452026 ) 
4 985 996 (-1600 256 2944 ) (-1600 256 1024 ) (-1536 256 1024 ) (-1536 256 2944 ) 
4 985 987 (-1600 256 1024 ) (-1600 256 2944 ) (-1600 1024 2944 ) (-1600 1024 1024 ) 
4 986 988 (-1600 432 768 ) (-1600 432 879.452026 ) (-1600 536 879.452026 ) (-1600 536 768 ) 
4 987 1008 (-1600 256 1024 ) (-1600 256 2944 ) (-1664 256 2944 ) (-1664 256 1024 ) 
4 987 989 (-1664 256 1024 ) (-1664 256 2944 ) (-1664 1024 2944 ) (-1664 1024 1024 ) 
4 987 988 (-1664 256 1024 ) (-1664 1024 1024 ) (-1600 1024 1024 ) (-1600 256 1024 ) 
4 988 1009 (-1664 256 768 ) (-1600 256 768 ) (-1600 256 1024 ) (-1664 256 1024 ) 
4 988 990 (-1664 1024 768 ) (-1600 1024 768 ) (-1600 320 768 ) (-1664 320 768 ) 
4 988 989 (-1664 1024 768 ) (-1664 256 768 ) (-1664 256 1024 ) (-1664 1024 1024 ) 
4 989 1164 (-2048 320 768 ) (-2048 256 768 ) (-2048 256 2944 ) (-2048 320 2944 ) 
4 989 1162 (-2048 335.980469 768 ) (-2048 320 768 ) (-2048 320 2944 ) (-2048 335.980469 2944 ) 
4 989 1119 (-2048 335.980469 796.453430 ) (-2048 335.980469 800.450623 ) (-2048 367.968750 792.453125 ) (-2048 367.968750 788.455078 ) 
4 989 1116 (-2048 335.980469 800.450623 ) (-2048 335.980469 2944 ) (-2048 367.968750 2944 ) (-2048 367.968750 792.453125 ) 
4 989 1115 (-2048 367.968750 768 ) (-2048 335.980469 768 ) (-2048 335.980469 796.453430 ) (-2048 367.968750 788.455078 ) 
3 989 1082 (-2048 803.184143 768 ) (-2048 767.978760 768 ) (-2048 803.184143 776.800964 ) 
5 989 1081 (-2048 965.314514 768 ) (-2048 803.184143 768 ) (-2048 803.184143 776.800964 ) (-2048 918.366760 805.595337 ) (-2048 965.314514 810.811218 ) 
3 989 1076 (-2048 918.366760 805.595337 ) (-2048 965.314514 817.331787 ) (-2048 965.314514 810.811218 ) 
3 989 1063 (-2048 767.978760 768 ) (-2048 579.972839 768 ) (-2048 918.366760 805.595337 ) 
6 989 1057 (-2048 579.972839 768 ) (-2048 559.940186 768 ) (-2048 559.940186 2944 ) (-2048 965.314514 2944 ) (-2048 965.314514 817.331787 ) (-2048 918.366760 805.595337 ) 
5 989 1022 (-2048 559.940186 768 ) (-2048 455.989380 768 ) (-2048 367.968750 785.604675 ) (-2048 367.968750 2944 ) (-2048 559.940186 2944 ) 
3 989 1021 (-2048 455.989380 768 ) (-2048 367.968750 768 ) (-2048 367.968750 785.604675 ) 
4 989 1020 (-2048 1024 2944 ) (-2048 1024 768 ) (-2048 965.314514 768 ) (-2048 965.314514 2944 ) 
4 989 1010 (-2048 256 2944 ) (-2048 256 768 ) (-1664 256 768 ) (-1664 256 2944 ) 
4 989 990 (-2048 1024 768 ) (-1664 1024 768 ) (-1664 320 768 ) (-2048 320 768 ) 
4 990 1162 (-2048 335.980469 704 ) (-2048 320 704 ) (-2048 320 768 ) (-2048 335.980469 768 ) 
3 990 1115 (-2048 335.985992 768 ) (-2048 367.968750 768 ) (-2048 367.968750 760.002808 ) 
5 990 1113 (-2048 367.968750 704 ) (-2048 335.980469 704 ) (-2048 335.980469 768 ) (-2048 335.985992 768 ) (-2048 367.968750 760.002808 ) 
6 990 1082 (-2048 803.184082 704 ) (-2048 775.979126 704 ) (-2048 751.979980 708.799988 ) (-2048 751.980042 764 ) (-2048 767.978760 768 ) (-2048 803.184143 768 ) 
4 990 1081 (-2048 965.314514 704 ) (-2048 803.184082 704 ) (-2048 803.184143 768 ) (-2048 965.314514 768 ) 
3 990 1074 (-2048 751.979980 708.799988 ) (-2048 629.310791 733.334595 ) (-2048 751.980042 764 ) 
5 990 1063 (-2048 629.310791 733.334595 ) (-2048 559.940247 747.209167 ) (-2048 559.940125 765.774353 ) (-2048 579.972778 768 ) (-2048 767.978760 768 ) 
3 990 1057 (-2048 559.940125 765.774353 ) (-2048 559.940125 768 ) (-2048 579.972778 768 ) 
3 990 1022 (-2048 559.940247 747.209167 ) (-2048 455.989349 768 ) (-2048 559.940125 768 ) 
4 990 1021 (-2048 775.979126 704 ) (-2048 367.968750 704 ) (-2048 367.968750 768 ) (-2048 455.989349 768 ) 
4 990 1020 (-2048 1024 768 ) (-2048 1024 704 ) (-2048 965.314514 704 ) (-2048 965.314514 768 ) 
4 991 1003 (-1280 256 704 ) (-1536 256 704 ) (-1536 256 256 ) (-1280 256 256 ) 
4 991 992 (-1280 256 256 ) (-1632 256 256 ) (-1632 320 256 ) (-1280 320 256 ) 
4 992 1017 (-1600 256 256 ) (-1632 256 256 ) (-1632 256 160 ) (-1600 256 160 ) 
4 992 1007 (-1536 256 256 ) (-1600 256 256 ) (-1600 256 160 ) (-1536 256 160 ) 
4 992 1005 (-1280 256 256 ) (-1536 256 256 ) (-1536 256 160 ) (-1280 256 160 ) 
4 992 995 (-1280 256 160 ) (-1632 256 160 ) (-1632 320 160 ) (-1280 320 160 ) 
4 993 1182 (-2048 1017.475037 128 ) (-2048 774.529907 128 ) (-2048 774.529907 160 ) (-2048 1017.474976 160 ) 
9 993 994 (-2048 774.529907 128 ) (-2048 1017.474976 128 ) (-2031.019531 1014.012573 128 ) (-1988.987183 986.984131 128 ) (-1961.992310 944.958313 128 ) (-1952 896.002991 128 ) (-1961.982666 847.045654 128 ) (-1989.022461 804.985413 128 ) (-2031.049561 777.988831 128 ) 
4 994 1191 (-2048 864 0 ) (-2048 768 0 ) (-2048 768 128 ) (-2048 864 128 ) 
4 994 1189 (-2048 992 0 ) (-2048 864 0 ) (-2048 864 128 ) (-2048 992 128 ) 
4 994 1188 (-2048 1024 128 ) (-2048 1024 0 ) (-2048 992 0 ) (-2048 992 128 ) 
4 995 1017 (-1600 256 160 ) (-1632 256 160 ) (-1632 256 0 ) (-1600 256 0 ) 
4 995 1007 (-1536 256 160 ) (-1600 256 160 ) (-1600 256 0 ) (-1536 256 0 ) 
4 995 1005 (-1280 256 160 ) (-1536 256 160 ) (-1536 256 0 ) (-1280 256 0 ) 
4 996 1233 (-1472 0 2944 ) (-1600 0 2944 ) (-1600 0 1024 ) (-1472 0 1024 ) 
4 996 1229 (-1024 0 1024 ) (-1024 0 2944 ) (-1472 0 2944 ) (-1472 0 1024 ) 
4 996 1008 (-1600 256 2944 ) (-1600 256 1024 ) (-1600 0 1024 ) (-1600 0 2944 ) 
4 996 997 (-1472 256 1024 ) (-1024 256 1024 ) (-1024 0 1024 ) (-1472 0 1024 ) 
4 997 1230 (-1024 0 960 ) (-1024 0 1024 ) (-1472 0 1024 ) (-1472 0 960 ) 
4 997 998 (-1472 256 960 ) (-1024 256 960 ) (-1024 0 960 ) (-1472 0 960 ) 
4 998 1230 (-1024 0 832 ) (-1024 0 960 ) (-1472 0 960 ) (-1472 0 832 ) 
4 998 1001 (-1024 0 832 ) (-1472 0 832 ) (-1472 256 832 ) (-1024 256 832 ) 
4 999 1000 (-1568 192 832 ) (-1568 64 832 ) (-1568 64 960 ) (-1568 192 960 ) 
4 1000 1009 (-1600 192 832 ) (-1600 64 832 ) (-1600 64 960 ) (-1600 192 960 ) 
4 1001 1230 (-1024 0 768 ) (-1024 0 832 ) (-1472 0 832 ) (-1472 0 768 ) 
4 1002 1231 (-1024 0 256 ) (-1024 0 704 ) (-1280 0 704 ) (-1280 0 256 ) 
4 1002 1004 (-1024 0 256 ) (-1280 0 256 ) (-1280 64 256 ) (-1024 64 256 ) 
4 1002 1003 (-1280 64 256 ) (-1280 0 256 ) (-1280 0 704 ) (-1280 64 704 ) 
4 1003 1231 (-1280 0 704 ) (-1472 0 704 ) (-1472 0 256 ) (-1280 0 256 ) 
4 1003 1005 (-1280 0 256 ) (-1536 0 256 ) (-1536 256 256 ) (-1280 256 256 ) 
4 1004 1239 (-1024 0 0 ) (-1024 0 112 ) (-1280 0 112 ) (-1280 0 0 ) 
4 1004 1231 (-1024 0 112 ) (-1024 0 256 ) (-1280 0 256 ) (-1280 0 112 ) 
4 1004 1005 (-1280 64 0 ) (-1280 0 0 ) (-1280 0 256 ) (-1280 64 256 ) 
4 1005 1239 (-1536 0 112 ) (-1536 0 0 ) (-1280 0 0 ) (-1280 0 112 ) 
4 1005 1236 (-1472 0 256 ) (-1536 0 256 ) (-1536 0 112 ) (-1472 0 112 ) 
4 1005 1231 (-1280 0 256 ) (-1472 0 256 ) (-1472 0 112 ) (-1280 0 112 ) 
4 1005 1007 (-1536 256 256 ) (-1536 256 0 ) (-1536 0 0 ) (-1536 0 256 ) 
4 1006 1012 (-1600 128 640 ) (-1600 64 640 ) (-1600 64 704 ) (-1600 128 704 ) 
4 1006 1011 (-1600 64 704 ) (-1600 64 768 ) (-1600 192 768 ) (-1600 192 704 ) 
4 1007 1239 (-1536 0 0 ) (-1536 0 112 ) (-1600 0 112 ) (-1600 0 0 ) 
4 1007 1236 (-1536 0 112 ) (-1536 0 256 ) (-1600 0 256 ) (-1600 0 112 ) 
4 1007 1017 (-1600 256 256 ) (-1600 256 0 ) (-1600 0 0 ) (-1600 0 256 ) 
4 1008 1233 (-1600 0 1024 ) (-1600 0 2944 ) (-1664 0 2944 ) (-1664 0 1024 ) 
4 1008 1010 (-1664 0 1024 ) (-1664 0 2944 ) (-1664 256 2944 ) (-1664 256 1024 ) 
4 1008 1009 (-1664 0 1024 ) (-1664 256 1024 ) (-1600 256 1024 ) (-1600 0 1024 ) 
4 1009 1011 (-1600 192 768 ) (-1600 0 768 ) (-1664 0 768 ) (-1664 192 768 ) 
4 1009 1010 (-1664 256 768 ) (-1664 0 768 ) (-1664 0 1024 ) (-1664 256 1024 ) 
4 1010 1235 (-2048 0 1024 ) (-2048 0 768 ) (-1664 0 768 ) (-1664 0 1024 ) 
4 1010 1234 (-1664 0 2944 ) (-2048 0 2944 ) (-2048 0 1024 ) (-1664 0 1024 ) 
4 1010 1165 (-2048 192 2944 ) (-2048 256 2944 ) (-2048 256 768 ) (-2048 192 768 ) 
4 1010 1166 (-2048 0 768 ) (-2048 0 2944 ) (-2048 192 2944 ) (-2048 192 768 ) 
4 1010 1011 (-2048 0 768 ) (-2048 192 768 ) (-1664 192 768 ) (-1664 0 768 ) 
4 1011 1235 (-1664 0 768 ) (-2048 0 768 ) (-2048 0 704 ) (-1664 0 704 ) 
4 1011 1166 (-2048 0 704 ) (-2048 0 768 ) (-2048 192 768 ) (-2048 192 704 ) 
4 1011 1012 (-2048 0 704 ) (-2048 128 704 ) (-1600 128 704 ) (-1600 0 704 ) 
4 1012 1235 (-1664 0 704 ) (-2048 0 704 ) (-2048 0 576 ) (-1664 0 576 ) 
4 1012 1167 (-2048 0 576 ) (-2048 0 704 ) (-2048 128 704 ) (-2048 128 576 ) 
4 1012 1014 (-1856 0 576 ) (-2048 0 576 ) (-2048 64 576 ) (-1856 64 576 ) 
4 1012 1013 (-1600 64 576 ) (-1600 0 576 ) (-1856 0 576 ) (-1856 64 576 ) 
4 1013 1235 (-1664 0 576 ) (-1856 0 576 ) (-1856 0 384 ) (-1664 0 384 ) 
4 1013 1015 (-1856 64 384 ) (-1856 0 384 ) (-1856 0 448 ) (-1856 64 448 ) 
4 1013 1014 (-1856 0 448 ) (-1856 0 576 ) (-1856 64 576 ) (-1856 64 448 ) 
4 1014 1235 (-1856 0 576 ) (-2048 0 576 ) (-2048 0 448 ) (-1856 0 448 ) 
4 1014 1168 (-2048 0 448 ) (-2048 0 576 ) (-2048 64 576 ) (-2048 64 448 ) 
4 1014 1015 (-1856 64 448 ) (-1856 0 448 ) (-2048 0 448 ) (-2048 64 448 ) 
4 1015 1235 (-2048 0 448 ) (-2048 0 384 ) (-1856 0 384 ) (-1856 0 448 ) 
4 1015 1175 (-2048 0 384 ) (-2048 0 448 ) (-2048 75.499199 448 ) (-2048 75.499199 384 ) 
4 1016 1235 (-2048 0 320 ) (-2048 0 288 ) (-1856 0 288 ) (-1856 0 320 ) 
4 1016 1177 (-2048 0 288 ) (-2048 0 320 ) (-2048 32 320 ) (-2048 32 288 ) 
4 1017 1239 (-1600 0 0 ) (-1600 0 112 ) (-1632 0 112 ) (-1632 0 0 ) 
4 1017 1236 (-1600 0 112 ) (-1600 0 256 ) (-1632 0 256 ) (-1632 0 112 ) 
4 1017 1018 (-1632 192 0 ) (-1632 0 0 ) (-1632 0 256 ) (-1632 192 256 ) 
4 1018 1239 (-1696 0 0 ) (-1632 0 0 ) (-1632 0 112 ) (-1696 0 112 ) 
4 1019 1163 (-2656 559.979736 704 ) (-2656 335.980469 704 ) (-2656 335.980469 2944 ) (-2656 559.979736 2944 ) 
4 1019 1162 (-2656 335.980469 2944 ) (-2656 335.980469 704 ) (-2556.464111 335.980469 704 ) (-2556.464111 335.980469 2944 ) 
3 1019 1161 (-2656 559.980530 768 ) (-2656 559.980530 772 ) (-2640.001709 523.977539 768 ) 
4 1019 1159 (-2656 559.980530 772 ) (-2624 487.967163 772 ) (-2624 487.967163 768 ) (-2640.001709 523.977539 768 ) 
3 1019 1158 (-2656 559.980530 768 ) (-2624 487.967163 768 ) (-2624 487.967163 760 ) 
4 1019 1157 (-2656 559.980530 704 ) (-2656 559.980530 768 ) (-2624 487.967163 760 ) (-2624 487.967163 704 ) 
4 1019 1149 (-2656 559.980530 772 ) (-2656 559.980469 2944 ) (-2624 487.967133 2944 ) (-2624 487.967163 772 ) 
4 1019 1132 (-2558.134521 339.742340 704 ) (-2565.664307 356.687225 704 ) (-2624 487.967163 734.995422 ) (-2624 487.967163 738.996643 ) 
3 1019 1131 (-2565.664307 356.687225 704 ) (-2624 487.967163 704 ) (-2624 487.967163 734.995422 ) 
4 1019 1117 (-2556.462891 335.980469 787.560303 ) (-2556.462891 335.980469 783.558594 ) (-2570.677246 367.968750 777.337402 ) (-2570.677246 367.968750 781.338745 ) 
4 1019 1116 (-2570.677246 367.968750 2944 ) (-2556.462891 335.980469 2944 ) (-2556.462891 335.980469 787.560303 ) (-2570.677246 367.968750 781.338745 ) 
4 1019 1114 (-2556.462891 335.980469 783.558594 ) (-2556.462891 335.980469 768 ) (-2570.677246 367.968750 760 ) (-2570.677246 367.968750 777.337402 ) 
5 1019 1113 (-2556.462891 335.980469 768 ) (-2556.462891 335.980469 704 ) (-2558.134521 339.742340 704 ) (-2570.677246 367.968750 710.664429 ) (-2570.677246 367.968750 760 ) 
4 1019 1111 (-2592.013184 415.983582 768.001160 ) (-2610.295166 457.125519 768 ) (-2610.295166 457.125519 772 ) (-2592.013184 415.983582 772 ) 
4 1019 1106 (-2570.677246 367.968750 772 ) (-2570.677246 367.968750 768.001465 ) (-2592.013184 415.983582 768.001160 ) (-2592.013184 415.983582 772 ) 
5 1019 1105 (-2570.677246 367.968750 768.001465 ) (-2570.677246 367.968750 733.330322 ) (-2591.636230 415.135071 721.800598 ) (-2610.295166 457.125519 731.714783 ) (-2610.295166 457.125519 768 ) 
4 1019 1097 (-2610.295166 457.125519 2944 ) (-2592.013184 415.983582 2944 ) (-2592.013184 415.983521 772 ) (-2610.295166 457.125519 772 ) 
5 1019 1096 (-2592.013184 415.983582 2944 ) (-2570.677246 367.968750 2944 ) (-2570.677246 367.968750 777.337402 ) (-2582.871582 395.411316 772 ) (-2592.013184 415.983521 772 ) 
3 1019 1095 (-2570.677246 367.968750 777.337402 ) (-2570.677246 367.968750 772 ) (-2582.871582 395.411316 772 ) 
4 1019 1093 (-2610.295166 457.125519 772 ) (-2610.295166 457.125519 768 ) (-2624 487.967163 768 ) (-2624 487.967163 772 ) 
4 1019 1092 (-2610.295166 457.125519 768 ) (-2610.295166 457.125519 767.544678 ) (-2624 487.967163 767.201477 ) (-2624 487.967163 768 ) 
4 1019 1091 (-2610.295166 457.125519 767.544678 ) (-2610.295166 457.125519 731.714783 ) (-2624 487.967163 738.996643 ) (-2624 487.967163 767.201477 ) 
4 1019 1089 (-2624 487.967133 2944 ) (-2610.295166 457.125519 2944 ) (-2610.295166 457.125519 772 ) (-2624 487.967163 772 ) 
3 1019 1021 (-2570.677246 367.968750 733.330322 ) (-2570.677246 367.968750 710.664429 ) (-2591.636230 415.135071 721.800598 ) 
4 1020 1163 (-2656 1024 704 ) (-2656 830.206665 704 ) (-2656 830.206665 2944 ) (-2656 1024 2944 ) 
4 1020 1147 (-2624 837.316956 2944 ) (-2656 830.206055 2944 ) (-2656 830.206055 704 ) (-2624 837.317017 704 ) 
3 1020 1146 (-2575.990723 847.985535 768 ) (-2551.994141 853.317993 766.666382 ) (-2575.990723 847.985535 772 ) 
5 1020 1143 (-2576.003662 847.982666 768 ) (-2575.990723 847.985535 768 ) (-2575.990723 847.985535 772 ) (-2575.992920 847.985046 772 ) (-2600.001221 842.649963 773.333435 ) 
4 1020 1142 (-2624 837.317017 774.666687 ) (-2624 837.317017 770.667419 ) (-2576.003662 847.982666 768 ) (-2600.001221 842.649963 773.333435 ) 
5 1020 1141 (-2624 837.317017 770.667419 ) (-2624 837.317017 704 ) (-2540.158203 855.948059 704 ) (-2539.989502 855.985596 763.998535 ) (-2551.994141 853.317993 766.666382 ) 
3 1020 1137 (-2624 837.317017 782.668457 ) (-2624 837.317017 774.666687 ) (-2575.992920 847.985046 772 ) 
4 1020 1135 (-2540.158203 855.948059 704 ) (-2432.008545 879.980774 704 ) (-2432.008545 879.980774 740.001587 ) (-2539.989502 855.985596 763.998535 ) 
4 1020 1132 (-2288.011963 911.979248 704 ) (-2270.009277 915.979736 704 ) (-2432.008545 879.980774 740.001587 ) (-2432.008545 879.980774 736 ) 
3 1020 1131 (-2432.008545 879.980774 704 ) (-2288.011963 911.979248 704 ) (-2432.008545 879.980774 736 ) 
4 1020 1129 (-2575.992920 847.985046 772 ) (-2551.993896 853.318054 766.666321 ) (-2432.008545 879.980774 760 ) (-2432.008545 879.980774 764 ) 
3 1020 1128 (-2551.993896 853.318054 766.666321 ) (-2432.008545 879.980774 740.001587 ) (-2432.008545 879.980774 760 ) 
5 1020 1127 (-2432.009521 879.980347 2944 ) (-2624 837.316956 2944 ) (-2624 837.317017 782.668457 ) (-2575.992920 847.985046 772 ) (-2432.008545 879.980774 764 ) 
5 1020 1081 (-2343.374756 899.676697 720.304260 ) (-2270.009277 915.979736 704 ) (-2048 965.313965 704 ) (-2048 965.313965 810.811218 ) (-2343.374756 899.676697 729.675232 ) 
4 1020 1076 (-2048 965.313965 810.811218 ) (-2048 965.313965 817.331482 ) (-2343.374756 899.676697 764 ) (-2343.374756 899.676697 729.675232 ) 
4 1020 1073 (-2432.008545 879.980774 747.995850 ) (-2432.008545 879.980774 740.001587 ) (-2343.374756 899.676697 720.304260 ) (-2343.374756 899.676697 764 ) 
4 1020 1061 (-2112 951.091675 2944 ) (-2230.403076 924.780518 2944 ) (-2230.403320 924.780823 784.397156 ) (-2112 951.092041 805.775818 ) 
4 1020 1059 (-2080 958.202576 2944 ) (-2112 951.091675 2944 ) (-2112 951.092041 805.775818 ) (-2080 958.203003 811.553650 ) 
4 1020 1057 (-2048 965.313477 2944 ) (-2080 958.202576 2944 ) (-2080 958.203003 811.553650 ) (-2048 965.313965 817.331482 ) 
4 1020 1024 (-2230.403076 924.780518 2944 ) (-2432.009521 879.980347 2944 ) (-2432.008545 879.980774 747.995850 ) (-2230.403320 924.780823 784.397156 ) 
4 1021 1132 (-2570.678955 367.968750 710.664978 ) (-2591.636719 415.133301 721.800903 ) (-2437.362061 581.280029 704 ) (-2544.020752 367.968750 704 ) 
3 1021 1115 (-2048 367.968750 760.002808 ) (-2048 367.968750 785.604675 ) (-2303.996338 367.968750 760.001831 ) 
6 1021 1113 (-2570.677979 367.968750 733.330322 ) (-2570.677979 367.968750 710.662354 ) (-2544.029785 367.968750 704 ) (-2048 367.968750 704 ) (-2048 367.968750 760.002808 ) (-2303.996338 367.968750 760.001831 ) 
4 1021 1107 (-2471.619629 367.968750 743.237061 ) (-2460.194580 367.968750 744.379700 ) (-2457.014893 380.485474 742.194275 ) (-2467.152588 385.554291 740.166565 ) 
5 1021 1105 (-2570.924072 437.439911 719.410583 ) (-2591.636230 415.133850 721.800476 ) (-2570.677979 367.968750 733.329956 ) (-2471.619629 367.968750 743.237061 ) (-2467.152588 385.554291 740.166565 ) 
3 1021 1095 (-2460.194580 367.968750 744.379700 ) (-2431.981445 367.968750 747.201355 ) (-2457.014893 380.485474 742.194275 ) 
3 1021 1091 (-2565.556641 443.220459 718.791260 ) (-2570.924072 437.439911 719.410583 ) (-2559.920410 431.938080 721.611511 ) 
3 1021 1082 (-2048 775.976196 704 ) (-2071.994385 763.977905 704 ) (-2048 751.979980 708.799377 ) 
5 1021 1074 (-2071.994385 763.977905 704 ) (-2134.406250 732.769165 704 ) (-2083.671875 631.290771 729.370422 ) (-2048 629.309509 733.334351 ) (-2048 751.979980 708.799377 ) 
3 1021 1073 (-2134.406250 732.769165 704 ) (-2311.985107 643.971741 704 ) (-2083.671875 631.290771 729.370422 ) 
3 1021 1065 (-2080 631.086853 729.778442 ) (-2083.671875 631.290771 729.370422 ) (-2080 623.946350 731.206604 ) 
4 1021 1063 (-2048 559.940308 747.208679 ) (-2048 629.309509 733.334351 ) (-2080 631.086853 729.778442 ) (-2080 623.946350 731.206604 ) 
4 1021 1054 (-2154.185547 475.619080 753.453674 ) (-2130.914062 458.167480 759.271545 ) (-2112 495.990265 753.598389 ) (-2112 560.006897 740.794556 ) 
5 1021 1050 (-2112 495.990265 753.598389 ) (-2080 559.981201 744 ) (-2080 623.946350 731.206604 ) (-2080.018311 623.982910 731.197449 ) (-2112 560.006897 740.794556 ) 
4 1021 1045 (-2112 560.006897 740.794556 ) (-2080.018311 623.982910 731.197449 ) (-2083.671875 631.290771 729.370422 ) (-2112 632.864197 726.222595 ) 
5 1021 1047 (-2311.985107 643.971741 704 ) (-2352 623.962463 704 ) (-2154.185547 475.619080 753.453674 ) (-2112 560.006897 740.794556 ) (-2112 632.864197 726.222595 ) 
3 1021 1044 (-2130.914062 458.167480 759.271545 ) (-2080 419.986389 772 ) (-2080 559.981201 744 ) 
4 1021 1043 (-2160.037354 400.033051 767.986084 ) (-2176.005859 431.969879 760.001465 ) (-2189.330566 405.315155 764 ) (-2184.021484 394.696747 766.654663 ) 
3 1021 1036 (-2189.330566 405.315155 764 ) (-2195.967285 392.038910 765.991516 ) (-2184.021484 394.696747 766.654663 ) 
4 1021 1032 (-2208 367.968750 769.602295 ) (-2144.005127 367.968750 776.002625 ) (-2160.037354 400.033051 767.986084 ) (-2195.967285 392.038910 765.991516 ) 
5 1021 1031 (-2144.005127 367.968750 776.002625 ) (-2080 367.968750 782.403931 ) (-2080 419.986389 772 ) (-2154.185547 475.619080 753.453613 ) (-2176.005859 431.969879 760.001465 ) 
3 1021 1030 (-2195.967773 392.038116 765.991638 ) (-2176 431.980804 760 ) (-2303.918213 368.018890 760 ) 
5 1021 1028 (-2304.018555 367.968750 760 ) (-2232.041748 367.968750 767.197815 ) (-2201.131836 381.708008 767.541260 ) (-2195.967773 392.038116 765.991638 ) (-2303.918213 368.018890 760 ) 
6 1021 1027 (-2503.347412 403.651672 732.927002 ) (-2431.981445 367.968750 747.201355 ) (-2304.018555 367.968750 760 ) (-2176 431.980804 760 ) (-2154.185547 475.619080 753.453613 ) (-2160.012695 479.988831 751.996826 ) 
6 1021 1025 (-2352 623.962463 704 ) (-2437.365479 581.275940 704 ) (-2565.556641 443.220459 718.791260 ) (-2559.920410 431.938080 721.611511 ) (-2503.347412 403.651672 732.927002 ) (-2160.012695 479.988831 751.996826 ) 
3 1021 1023 (-2232.041748 367.968750 767.197815 ) (-2208 367.968750 769.602295 ) (-2201.131836 381.708008 767.541260 ) 
4 1021 1022 (-2080 367.968750 782.403931 ) (-2048 367.968750 785.604309 ) (-2048 559.940308 747.208679 ) (-2080 623.946350 731.206604 ) 
4 1022 1119 (-2048 367.968750 788.455261 ) (-2048 367.968750 792.452820 ) (-2080 367.968750 788.896729 ) (-2080 367.968750 784.898682 ) 
4 1022 1116 (-2048 367.968750 792.452820 ) (-2048 367.968750 2944 ) (-2080 367.968750 2944 ) (-2080 367.968750 788.896729 ) 
4 1022 1115 (-2080 367.968750 782.404297 ) (-2048 367.968750 785.604675 ) (-2048 367.968750 788.455261 ) (-2080 367.968750 784.898682 ) 
4 1022 1063 (-2048 559.938477 747.208923 ) (-2080 623.944519 731.207458 ) (-2080 623.944519 764.885132 ) (-2048 559.938477 765.774414 ) 
4 1022 1057 (-2080 623.944519 764.885132 ) (-2080 623.944336 2944 ) (-2048 559.938354 2944 ) (-2048 559.938477 765.774414 ) 
4 1022 1052 (-2080 559.981262 768 ) (-2080 559.981262 772 ) (-2080 560.008667 772 ) (-2080 592.010193 768 ) 
4 1022 1051 (-2080 623.945312 764.008301 ) (-2080 623.945312 760.003418 ) (-2080 559.981262 768 ) (-2080 592.010193 768 ) 
4 1022 1050 (-2080 623.945312 760.003418 ) (-2080 623.945312 731.207031 ) (-2080 559.981262 744 ) (-2080 559.981262 768 ) 
4 1022 1049 (-2080 623.945312 772 ) (-2080 623.945312 768 ) (-2080 592.010193 768 ) (-2080 560.008667 772 ) 
3 1022 1048 (-2080 623.945312 768 ) (-2080 623.945312 764.008301 ) (-2080 592.010193 768 ) 
3 1022 1044 (-2080 559.981262 744 ) (-2080 419.987061 772 ) (-2080 559.981262 772 ) 
4 1022 1039 (-2080 560.009033 772 ) (-2080 527.981567 772 ) (-2080 435.550049 783.555298 ) (-2080 435.550079 787.557190 ) 
4 1022 1038 (-2080 435.550049 783.555298 ) (-2080 367.968750 792.003845 ) (-2080 367.968750 796.004700 ) (-2080 435.550079 787.557190 ) 
6 1022 1034 (-2080 623.945312 830.406982 ) (-2080 623.945312 772 ) (-2080 560.009033 772 ) (-2080 435.550079 787.557190 ) (-2080 435.550049 2944 ) (-2080 622.364746 2944 ) 
4 1022 1033 (-2080 435.550079 787.557190 ) (-2080 367.968750 796.004700 ) (-2080 367.968750 2944 ) (-2080 435.550049 2944 ) 
4 1022 1031 (-2080 527.981567 772 ) (-2080 419.987061 772 ) (-2080 367.968750 782.404114 ) (-2080 367.968750 792.003845 ) 
3 1022 1024 (-2080 623.945312 2944 ) (-2080 623.945312 830.406982 ) (-2080 622.364746 2944 ) 
4 1023 1119 (-2208 367.968750 770.672485 ) (-2207.998047 367.968750 774.671753 ) (-2232.041748 367.968750 772 ) (-2232.041748 367.968750 768 ) 
4 1023 1116 (-2207.998047 367.968750 774.671753 ) (-2207.187256 367.968750 2944 ) (-2232.041992 367.968750 2944 ) (-2232.041748 367.968750 772 ) 
4 1023 1115 (-2232.041748 367.968750 767.198181 ) (-2208 367.968750 769.602661 ) (-2208 367.968750 770.672485 ) (-2232.041748 367.968750 768 ) 
4 1023 1033 (-2207.184814 367.968750 2944 ) (-2207.997070 367.968750 770.673096 ) (-2201.128418 381.709473 768 ) (-2200.082520 382.174377 2944 ) 
4 1023 1032 (-2207.997070 367.968750 770.673096 ) (-2207.997559 367.968750 769.602722 ) (-2201.128662 381.709381 767.541504 ) (-2201.128418 381.709473 768 ) 
4 1023 1029 (-2201.126953 381.708862 772 ) (-2201.128906 381.708008 768 ) (-2232.039062 367.968750 768 ) (-2232.039062 367.968750 772 ) 
4 1023 1028 (-2201.128906 381.708008 768 ) (-2201.129150 381.707916 767.539062 ) (-2232.039062 367.968750 767.196228 ) (-2232.039062 367.968750 768 ) 
4 1023 1024 (-2200.083252 382.172821 2944 ) (-2201.126953 381.708862 772 ) (-2232.039062 367.968750 772 ) (-2232.039062 367.968750 2944 ) 
3 1024 1160 (-2624 560 760 ) (-2624 559.987671 764 ) (-2624 595.984619 760 ) 
4 1024 1157 (-2624 627.752319 756.471130 ) (-2624 560.035767 748.005920 ) (-2624 560 760 ) (-2624 595.984619 760 ) 
4 1024 1150 (-2624 687.979065 764 ) (-2624 655.983215 760 ) (-2624 595.984619 760 ) (-2624 559.987671 764 ) 
5 1024 1149 (-2624 751.977234 772 ) (-2624 687.979065 764 ) (-2624 559.987671 764 ) (-2624 553.434692 2944 ) (-2624 751.977295 2944 ) 
3 1024 1148 (-2624 655.983215 760 ) (-2624 627.752319 756.471130 ) (-2624 595.984619 760 ) 
4 1024 1147 (-2624 783.982056 776.001404 ) (-2624 751.977234 772 ) (-2624 751.977295 2944 ) (-2624 783.982056 2944 ) 
3 1024 1134 (-2624 687.973022 764 ) (-2590.115234 800.924927 769.648071 ) (-2559.988770 815.988647 764 ) 
4 1024 1133 (-2624 687.973022 764 ) (-2624 751.977173 772 ) (-2602.660156 794.652222 772 ) (-2590.115234 800.924927 769.648071 ) 
7 1024 1132 (-2624 560.035645 748.006531 ) (-2624 687.973022 764 ) (-2559.988770 815.988647 764 ) (-2450.279785 870.844910 743.428040 ) (-2387.207520 681.586426 704 ) (-2424.025879 607.951843 704 ) (-2569.560059 451.222260 720.792847 ) 
3 1024 1130 (-2624 751.977173 772 ) (-2624 783.981995 776.001709 ) (-2602.660156 794.652222 772 ) 
4 1024 1129 (-2432.003906 879.982422 764 ) (-2432.003906 879.982422 760 ) (-2538.640381 826.663086 760 ) (-2559.976074 815.994995 764 ) 
4 1024 1128 (-2432.003906 879.982422 760 ) (-2432.003906 879.982422 747.996826 ) (-2450.270996 870.848633 743.430054 ) (-2538.640381 826.663086 760 ) 
5 1024 1127 (-2432.004150 879.982361 2944 ) (-2432.003906 879.982422 764 ) (-2559.976074 815.994995 764 ) (-2624 783.982422 776.004883 ) (-2624 783.982422 2944 ) 
5 1024 1122 (-2431.981445 367.968750 764.001465 ) (-2431.981445 367.968750 760.001221 ) (-2344.002686 367.968750 760.001648 ) (-2304.042969 367.968750 763.997925 ) (-2304.012451 367.968750 764.001343 ) 
5 1024 1116 (-2232.041748 367.968750 772 ) (-2232.041992 367.968750 2944 ) (-2431.981445 367.968750 2944 ) (-2431.981445 367.968750 764.001465 ) (-2304.012451 367.968750 764.001343 ) 
3 1024 1113 (-2431.981445 367.968750 760.001221 ) (-2431.981445 367.968750 751.203125 ) (-2344.002686 367.968750 760.001648 ) 
4 1024 1109 (-2560.001953 431.979523 762.220459 ) (-2559.997559 431.977295 760 ) (-2559.985840 431.971375 759.998169 ) (-2548.574463 426.265808 759.998352 ) 
3 1024 1108 (-2559.985840 431.971375 759.998169 ) (-2510.067383 407.012177 752.510437 ) (-2548.574463 426.265808 759.998352 ) 
5 1024 1107 (-2559.997559 431.977295 760 ) (-2559.993896 431.975525 758.219727 ) (-2477.297607 390.627350 742.139282 ) (-2467.159912 385.558472 744.166931 ) (-2510.067383 407.012177 752.510437 ) 
3 1024 1105 (-2559.993896 431.975525 758.219727 ) (-2559.928711 431.942841 725.612061 ) (-2477.297607 390.627350 742.139282 ) 
4 1024 1100 (-2560.005615 431.981293 764.001709 ) (-2560.001953 431.979523 762.220459 ) (-2548.574463 426.265778 759.998352 ) (-2533.319092 418.638092 759.998535 ) 
4 1024 1099 (-2431.980469 367.968750 760 ) (-2431.980469 367.968750 764 ) (-2559.984131 431.970520 763.998474 ) (-2533.319092 418.638092 759.998535 ) 
5 1024 1097 (-2431.980469 367.968750 764 ) (-2431.980225 367.968750 2944 ) (-2564.373779 434.165405 2944 ) (-2560.005615 431.981293 764.001709 ) (-2559.984131 431.970520 763.998474 ) 
4 1024 1095 (-2431.980469 367.968750 751.203247 ) (-2431.980469 367.968750 760 ) (-2548.574463 426.265778 759.998352 ) (-2467.159912 385.558472 744.166931 ) 
4 1024 1094 (-2560 431.982971 760 ) (-2560.004395 431.985199 762.220398 ) (-2624 559.988281 764 ) (-2624 560 759.998352 ) 
5 1024 1091 (-2624 560.036377 748.005188 ) (-2569.560059 451.223480 720.792603 ) (-2559.931152 431.948517 725.610596 ) (-2560 431.982971 760 ) (-2624 560 759.998352 ) 
4 1024 1090 (-2560.004395 431.985199 762.220398 ) (-2560.008057 431.986969 764.001526 ) (-2624 559.988281 764.001221 ) (-2624 559.988281 764 ) 
4 1024 1089 (-2560.008057 431.986969 764.001526 ) (-2564.375977 434.170990 2944 ) (-2624 553.435303 2944 ) (-2624 559.988281 764.001221 ) 
3 1024 1078 (-2191.067871 846.102722 769.646790 ) (-2176.013184 815.990662 764.001038 ) (-2303.964600 879.970337 764 ) 
4 1024 1076 (-2343.375488 899.677063 764 ) (-2230.403564 924.781372 784.398376 ) (-2191.067871 846.102722 769.646790 ) (-2303.964600 879.970337 764 ) 
7 1024 1073 (-2352 663.977051 704 ) (-2387.209717 681.583435 704 ) (-2450.282959 870.843262 743.428284 ) (-2432.006348 879.981812 747.997498 ) (-2343.375488 899.677063 764 ) (-2176.013184 815.990662 764.001038 ) (-2150.406982 764.773499 754.398254 ) 
4 1024 1071 (-2165.348633 794.657959 760 ) (-2171.590332 807.142517 762.340820 ) (-2112.017578 687.985657 763.995728 ) (-2128.003418 719.960388 760 ) 
4 1024 1070 (-2161.665527 787.290833 758.618835 ) (-2165.348633 794.657959 760 ) (-2128.003418 719.960388 760 ) (-2130.013428 723.981018 759.496704 ) 
3 1024 1069 (-2150.409424 764.776733 754.397644 ) (-2161.665527 787.290833 758.618835 ) (-2130.013428 723.981018 759.496704 ) 
4 1024 1062 (-2171.590332 807.142517 762.340820 ) (-2176.009033 815.980652 763.997864 ) (-2112.005859 687.962219 763.998657 ) (-2112.017578 687.985657 763.995728 ) 
6 1024 1061 (-2176.009033 815.980652 763.997864 ) (-2230.404297 924.781189 784.397034 ) (-2230.404297 924.781189 2944 ) (-2112 687.950317 2944 ) (-2112 687.950500 764 ) (-2112.005859 687.962219 763.998657 ) 
4 1024 1059 (-2112 687.950317 2944 ) (-2080 623.944336 2944 ) (-2080 623.944519 772 ) (-2112 687.950500 764 ) 
3 1024 1046 (-2112 687.950562 764 ) (-2080.010986 623.967163 771.998230 ) (-2112 559.989563 764 ) 
6 1024 1047 (-2352.003906 663.980408 704 ) (-2150.410156 764.777344 754.398438 ) (-2112 687.950562 764 ) (-2112 559.989563 764 ) (-2146.914307 490.161438 755.272400 ) (-2352.003906 643.964172 704 ) 
4 1024 1040 (-2127.997070 527.990784 760 ) (-2111.988037 560.008789 764.002014 ) (-2175.997314 431.979034 764 ) (-2162.669922 458.638977 760.001465 ) 
8 1024 1034 (-2111.988037 560.008789 764.002014 ) (-2080.007812 623.968750 771.997070 ) (-2080 623.946167 823.118469 ) (-2080 622.360596 2944 ) (-2200.082520 382.174377 2944 ) (-2201.126465 381.710327 772 ) (-2195.980957 392.003906 769.997742 ) (-2175.997314 431.979034 764 ) 
3 1024 1031 (-2146.908936 490.166992 755.271790 ) (-2127.997070 527.990784 760 ) (-2162.669922 458.638977 760.001465 ) 
4 1024 1029 (-2201.128906 381.710938 772 ) (-2232.045410 367.968750 772 ) (-2304.091309 367.968750 763.993103 ) (-2195.976562 392.018372 769.995300 ) 
3 1024 1026 (-2195.977051 392.016968 769.996033 ) (-2303.976807 367.992493 764 ) (-2175.996094 431.985870 764 ) 
9 1024 1025 (-2303.976807 367.992493 764 ) (-2304.083496 367.968750 763.994446 ) (-2431.981445 367.968750 751.203735 ) (-2559.929199 431.942627 725.612854 ) (-2569.561523 451.224274 720.793091 ) (-2424.023926 607.957642 704 ) (-2352.003662 643.968750 704 ) (-2146.912109 490.164062 755.272461 ) (-2175.996094 431.985870 764 ) 
4 1025 1132 (-2424.025879 607.951843 704 ) (-2437.362061 581.280029 704 ) (-2565.556641 443.220520 718.791626 ) (-2569.560059 451.222260 720.792847 ) 
3 1025 1122 (-2340.001709 367.968750 760.001648 ) (-2304.042969 367.968750 763.997925 ) (-2344.002686 367.968750 760.001648 ) 
4 1025 1113 (-2431.981445 367.968750 751.203125 ) (-2431.981445 367.968750 749.779541 ) (-2340.001709 367.968750 760.001648 ) (-2344.002686 367.968750 760.001648 ) 
4 1025 1107 (-2470.189209 387.073120 740.757019 ) (-2460.902100 382.429596 742.950073 ) (-2467.159912 385.558472 744.166931 ) (-2477.297607 390.627350 742.139282 ) 
5 1025 1105 (-2559.920654 431.938843 721.611084 ) (-2503.354248 403.655609 732.925293 ) (-2470.189209 387.073120 740.757019 ) (-2477.297607 390.627350 742.139282 ) (-2559.928711 431.942841 725.612061 ) 
4 1025 1095 (-2460.902100 382.429596 742.950073 ) (-2431.980469 367.968750 749.779785 ) (-2431.980469 367.968750 751.203247 ) (-2467.159912 385.558472 744.166931 ) 
4 1025 1091 (-2569.560059 451.223480 720.792603 ) (-2565.555664 443.219604 718.790955 ) (-2559.923096 431.944519 721.609375 ) (-2559.931152 431.948517 725.610596 ) 
5 1025 1047 (-2146.914307 490.161438 755.272400 ) (-2153.743652 476.502869 753.565063 ) (-2160.005859 479.980988 752 ) (-2352.003906 623.962952 704 ) (-2352.003906 643.964172 704 ) 
4 1025 1040 (-2162.669678 458.639069 760.001465 ) (-2175.992920 431.987488 764 ) (-2175.994873 431.985291 762.222656 ) (-2170.286133 443.405396 760.001831 ) 
4 1025 1031 (-2153.738525 476.507935 753.564392 ) (-2146.908936 490.166992 755.271790 ) (-2162.669678 458.639069 760.001465 ) (-2170.286133 443.405396 760.001831 ) 
7 1025 1027 (-2304.091309 367.968750 763.993103 ) (-2431.981445 367.968750 749.780334 ) (-2503.354980 403.655487 732.925903 ) (-2160.024170 479.991882 751.995483 ) (-2153.744141 476.503906 753.565430 ) (-2176 431.983154 762.223389 ) (-2303.970947 367.995544 764 ) 
3 1025 1026 (-2176 431.980469 763.998535 ) (-2303.917969 368.019531 763.998718 ) (-2176 431.980194 762.223022 ) 
4 1026 1043 (-2175.992920 431.987488 764 ) (-2175.997070 431.979034 764 ) (-2180.565186 422.842346 764 ) (-2175.994873 431.985291 762.222656 ) 
3 1026 1036 (-2175.997070 431.979034 764 ) (-2195.980957 392.003906 769.997742 ) (-2180.565186 422.842346 764 ) 
3 1026 1030 (-2176 431.983154 762.223389 ) (-2195.976562 392.018372 769.995300 ) (-2303.970947 367.995544 764 ) 
3 1027 1126 (-2304.018555 367.968750 760.001831 ) (-2304.024658 367.968750 764 ) (-2340.002197 367.968750 760.001648 ) 
5 1027 1113 (-2431.981445 367.968750 747.201721 ) (-2304.018555 367.968750 760 ) (-2304.018555 367.968750 760.001831 ) (-2340.002197 367.968750 760.001648 ) (-2431.981445 367.968750 749.779541 ) 
4 1027 1107 (-2467.151611 385.554321 740.166382 ) (-2457.014160 380.485565 742.194031 ) (-2460.902100 382.429596 742.950073 ) (-2470.189209 387.073120 740.757019 ) 
3 1027 1105 (-2503.354248 403.655609 732.925293 ) (-2467.151611 385.554321 740.166382 ) (-2470.189209 387.073120 740.757019 ) 
4 1027 1095 (-2457.014160 380.485565 742.194031 ) (-2431.980469 367.968750 747.201172 ) (-2431.980469 367.968750 749.779785 ) (-2460.902100 382.429596 742.950073 ) 
3 1027 1047 (-2153.743652 476.502869 753.565063 ) (-2154.186523 475.617065 753.454346 ) (-2160.005859 479.980988 752 ) 
3 1027 1040 (-2170.285889 443.405396 760.001831 ) (-2175.994629 431.985291 762.222656 ) (-2175.997070 431.982391 760.001953 ) 
5 1027 1031 (-2175.997070 431.982391 760 ) (-2154.181152 475.622894 753.453735 ) (-2153.738525 476.507935 753.564392 ) (-2170.285889 443.405396 760.001831 ) (-2175.997070 431.982391 760.001953 ) 
4 1027 1030 (-2176 431.982422 762.223022 ) (-2304.023682 367.968750 764 ) (-2304.017822 367.968750 760 ) (-2176.002197 431.979645 760 ) 
3 1028 1115 (-2304.018555 367.968750 760 ) (-2232.041748 367.968750 767.198181 ) (-2232.041748 367.968750 768 ) 
3 1028 1032 (-2201.128662 381.709381 767.541504 ) (-2195.967773 392.033264 765.992859 ) (-2201.128418 381.709473 768 ) 
5 1028 1029 (-2303.896484 368.035858 759.998291 ) (-2304.030762 367.968750 760 ) (-2232.049072 367.968750 768 ) (-2201.129639 381.712189 768 ) (-2195.966553 392.042389 765.991211 ) 
4 1029 1125 (-2304.018555 367.968750 760 ) (-2268.019775 367.968750 764.001221 ) (-2304.012695 367.968750 764.001343 ) (-2304.024658 367.968750 764 ) 
4 1029 1120 (-2268.019775 367.968750 764.001221 ) (-2232.041748 367.968750 768 ) (-2232.041748 367.968750 772 ) (-2304.012695 367.968750 764.001343 ) 
4 1029 1037 (-2195.991211 391.983093 770.001770 ) (-2201.126709 381.710236 771.541931 ) (-2201.128418 381.709473 768 ) (-2195.992432 391.983826 766.002502 ) 
3 1029 1035 (-2195.991211 391.983093 770.001770 ) (-2201.126465 381.710327 772 ) (-2201.126709 381.710236 771.541931 ) 
4 1029 1030 (-2195.995361 391.982758 766.001038 ) (-2303.996094 367.980469 760 ) (-2304.010498 367.976257 764 ) (-2195.994141 391.982483 770.001770 ) 
4 1030 1043 (-2189.328369 405.314423 764 ) (-2175.997070 431.982391 760 ) (-2175.994629 431.985291 762.222656 ) (-2180.565430 422.841705 764 ) 
5 1030 1036 (-2195.967773 392.033264 765.992859 ) (-2189.328369 405.314423 764 ) (-2180.565430 422.841705 764 ) (-2195.991211 391.983093 770.001770 ) (-2195.992432 391.983826 766.002502 ) 
4 1031 1119 (-2080 367.968750 784.898743 ) (-2080 367.968750 788.896545 ) (-2102.375977 367.968750 786.409790 ) (-2131.167969 367.968750 779.211853 ) 
3 1031 1116 (-2080 367.968750 788.896545 ) (-2080 367.968750 792.003784 ) (-2102.375977 367.968750 786.409790 ) 
4 1031 1115 (-2144.002441 367.968750 776.003235 ) (-2080 367.968750 782.404297 ) (-2080 367.968750 784.898743 ) (-2131.167969 367.968750 779.211853 ) 
5 1031 1054 (-2130.915039 458.165527 759.272217 ) (-2154.186523 475.617065 753.454346 ) (-2128.007324 527.975281 760 ) (-2112 527.975098 764 ) (-2112 495.990204 764 ) 
3 1031 1050 (-2112 527.975098 764 ) (-2096.005371 527.974915 768 ) (-2112 495.990204 764 ) 
4 1031 1044 (-2080 527.974731 772 ) (-2080 419.983521 772 ) (-2130.915039 458.165527 759.272217 ) (-2096.005371 527.974915 768 ) 
3 1031 1041 (-2096.004395 527.976562 767.998901 ) (-2121.601807 527.976562 761.599609 ) (-2159.989746 400.024902 767.998413 ) 
6 1031 1040 (-2121.601807 527.976562 761.599609 ) (-2128.007812 527.976562 759.998169 ) (-2176.003174 431.977844 760 ) (-2160.028076 400.027924 767.988403 ) (-2160.002441 400 767.998413 ) (-2159.989746 400.024902 767.998413 ) 
5 1031 1039 (-2080 527.976562 772 ) (-2096.004395 527.976562 767.998901 ) (-2160.002441 400 767.998413 ) (-2159.996094 399.992432 768 ) (-2080 435.550079 783.554565 ) 
4 1031 1038 (-2159.996094 399.992432 768 ) (-2131.163818 367.968750 779.212280 ) (-2080 367.968750 792.003113 ) (-2080 435.550079 783.554565 ) 
3 1031 1032 (-2160.028076 400.027924 767.988403 ) (-2143.998535 367.968750 776.003601 ) (-2131.163818 367.968750 779.212280 ) 
4 1032 1115 (-2208 367.968750 769.602661 ) (-2144.002441 367.968750 776.003235 ) (-2131.167969 367.968750 779.211853 ) (-2208 367.968750 770.672607 ) 
4 1032 1042 (-2159.998535 399.991394 768 ) (-2160.015625 400.010284 767.993103 ) (-2184.007324 394.672607 766.661194 ) (-2180.565674 390.849457 768 ) 
4 1032 1038 (-2131.167725 367.968750 779.210754 ) (-2159.998535 399.991394 768 ) (-2180.565674 390.849457 768 ) (-2159.968262 367.968750 776.009766 ) 
4 1032 1037 (-2184.007324 394.672607 766.661194 ) (-2195.975830 392.009857 765.996765 ) (-2201.123779 381.711517 768 ) (-2180.565674 390.849457 768 ) 
4 1032 1033 (-2201.123779 381.711517 768 ) (-2207.993652 367.968750 770.672119 ) (-2159.968262 367.968750 776.009766 ) (-2180.565674 390.849457 768 ) 
4 1033 1119 (-2207.998047 367.968750 774.671875 ) (-2208 367.968750 770.672607 ) (-2159.960205 367.968750 776.011780 ) (-2131.173340 367.968750 783.209534 ) 
5 1033 1116 (-2080 367.968750 796.004639 ) (-2080 367.968750 2944 ) (-2207.187256 367.968750 2944 ) (-2207.998047 367.968750 774.671875 ) (-2131.173340 367.968750 783.209534 ) 
4 1033 1038 (-2159.962891 367.968750 776.009155 ) (-2180.561523 390.851227 767.998657 ) (-2080 435.550079 787.555054 ) (-2080 367.968750 796.002380 ) 
4 1033 1037 (-2160 399.989471 771.998901 ) (-2180.562500 390.849609 768 ) (-2201.132568 381.706390 768 ) (-2201.130859 381.707153 771.542175 ) 
3 1033 1035 (-2160 399.989471 771.998901 ) (-2201.130859 381.707153 771.542175 ) (-2201.130615 381.707245 772 ) 
5 1033 1034 (-2080 435.549225 2944 ) (-2080 435.549225 787.557190 ) (-2160 399.989471 771.998901 ) (-2201.130615 381.707245 772 ) (-2200.086670 382.171265 2944 ) 
4 1034 1049 (-2080.010986 623.967163 771.998230 ) (-2080 623.945312 772 ) (-2080 560.002441 772 ) (-2111.998291 559.993164 764.001404 ) 
5 1034 1041 (-2112.004395 559.965271 764.001526 ) (-2111.993652 559.986938 764.001526 ) (-2080 559.996155 772 ) (-2080 559.981445 772.001770 ) (-2159.989746 400.024414 771.995667 ) 
4 1034 1040 (-2175.988281 431.986694 764 ) (-2112.004395 559.965271 764.001526 ) (-2159.989746 400.024414 771.995667 ) (-2159.998779 400.006561 771.995667 ) 
4 1034 1039 (-2080 559.981445 772.001770 ) (-2080 435.550079 787.555054 ) (-2159.992432 399.994019 771.998779 ) (-2159.998779 400.006561 771.995667 ) 
3 1034 1036 (-2160 399.992188 772 ) (-2195.988037 391.994354 770 ) (-2175.996094 431.984375 764 ) 
4 1034 1035 (-2195.980469 392.010742 769.996582 ) (-2160.015625 400.010742 771.993164 ) (-2159.997559 399.991333 772 ) (-2201.129883 381.708313 772 ) 
3 1035 1037 (-2160 399.992188 772 ) (-2201.129150 381.710632 771.542358 ) (-2195.988037 391.994354 770 ) 
6 1036 1043 (-2183.983643 394.652679 766.667847 ) (-2183.986816 394.656158 766.666626 ) (-2189.319580 405.321899 764 ) (-2175.988281 431.986694 764 ) (-2159.992432 399.994019 771.998779 ) (-2160.034180 399.975525 771.990662 ) 
5 1036 1037 (-2195.992188 391.983398 766.003174 ) (-2183.980469 394.653320 766.670898 ) (-2160.035156 399.974609 771.992188 ) (-2160.035156 399.974609 771.997314 ) (-2195.993896 391.982727 770 ) 
3 1037 1042 (-2180.561523 390.851227 767.998657 ) (-2183.983643 394.652679 766.667847 ) (-2160.034180 399.975525 771.990662 ) 
4 1038 1119 (-2131.167969 367.968750 779.211853 ) (-2102.375977 367.968750 786.409790 ) (-2131.173340 367.968750 783.209534 ) (-2159.960205 367.968750 776.011780 ) 
4 1038 1116 (-2102.375977 367.968750 786.409790 ) (-2080 367.968750 792.003784 ) (-2080 367.968750 796.004639 ) (-2131.173340 367.968750 783.209534 ) 
3 1038 1042 (-2160.008789 399.986572 768.001099 ) (-2180.554688 390.853516 768 ) (-2160.009033 399.985901 771.996582 ) 
5 1038 1039 (-2080 435.549438 783.554932 ) (-2159.996094 399.992188 768.001099 ) (-2160.008789 399.986572 768.001099 ) (-2160.009033 399.985901 771.996582 ) (-2080 435.549225 787.556396 ) 
3 1039 1044 (-2080 559.981140 772 ) (-2080 527.974731 772 ) (-2096.005371 527.974915 768 ) 
4 1039 1041 (-2095.998047 527.988281 768 ) (-2160.007812 399.988281 768 ) (-2160.007812 399.988281 771.992188 ) (-2080.006836 559.967163 771.998352 ) 
4 1040 1055 (-2121.602295 527.975220 761.600403 ) (-2128.007324 527.975281 760 ) (-2111.998291 559.993164 764.001404 ) (-2111.996338 559.993164 764.001892 ) 
4 1040 1043 (-2176.001953 431.984375 760.001953 ) (-2160.005859 399.990234 768 ) (-2160.006104 399.989746 772 ) (-2176 431.977692 764.002380 ) 
4 1040 1041 (-2159.991211 400.021790 771.996094 ) (-2159.991211 400.021790 768 ) (-2121.600586 527.982788 761.599854 ) (-2111.997803 559.991821 764 ) 
3 1041 1056 (-2112 527.975098 764 ) (-2121.602295 527.975220 761.600403 ) (-2112 559.980957 764 ) 
6 1041 1053 (-2080 560.002441 772 ) (-2080 559.981140 772 ) (-2096.005371 527.974915 768 ) (-2112 527.975098 764 ) (-2112 559.980957 764 ) (-2111.996338 559.993164 764.001892 ) 
3 1042 1043 (-2160.038330 399.973724 771.992188 ) (-2160.033691 399.975739 768 ) (-2183.984375 394.653320 766.669922 ) 
3 1044 1054 (-2130.910400 458.174225 759.270935 ) (-2112 495.989624 763.998535 ) (-2112 495.989624 753.598877 ) 
3 1044 1053 (-2095.995361 527.994141 768 ) (-2080 559.980469 771.998535 ) (-2080 559.980469 768 ) 
5 1044 1050 (-2112 495.989624 763.998535 ) (-2095.995361 527.994141 768 ) (-2080 559.980469 768 ) (-2080 559.980469 744 ) (-2112 495.989624 753.598877 ) 
3 1045 1073 (-2083.671387 631.289673 729.371216 ) (-2112 632.863098 726.223328 ) (-2112 687.952271 739.994934 ) 
6 1045 1065 (-2080 623.944519 731.207458 ) (-2083.673584 631.292358 729.370483 ) (-2112 687.950562 739.993408 ) (-2112 687.950623 760 ) (-2094.017578 651.982361 764.495728 ) (-2080 623.944519 764.885132 ) 
3 1045 1058 (-2094.017578 651.982361 764.495728 ) (-2080 623.944519 768 ) (-2080 623.944519 764.885132 ) 
5 1045 1051 (-2080.012695 623.971802 759.997009 ) (-2080.011963 623.970276 764.002136 ) (-2095.993164 592.005188 764.001831 ) (-2112 559.991882 760 ) (-2112 559.991882 759.998474 ) 
4 1045 1050 (-2080.018311 623.982544 731.198059 ) (-2080.012695 623.971802 759.997009 ) (-2112 559.991882 759.998474 ) (-2112 560.006409 740.795105 ) 
3 1045 1048 (-2080.011963 623.970276 764.002136 ) (-2080.011230 623.968811 767.997314 ) (-2095.993164 592.005188 764.001831 ) 
5 1045 1047 (-2112 560.008606 740.794617 ) (-2112 559.994263 760 ) (-2112 687.952148 760 ) (-2112 687.952148 739.993896 ) (-2112 632.865356 726.222839 ) 
3 1045 1046 (-2112 687.953125 760 ) (-2112 559.996094 760 ) (-2080.012451 623.970825 767.996399 ) 
3 1046 1068 (-2112 687.950623 760 ) (-2112 687.950623 763.996216 ) (-2094.017578 651.982361 764.495728 ) 
5 1046 1060 (-2112 687.950623 763.996216 ) (-2112 687.950623 764 ) (-2080 623.944519 772 ) (-2080 623.944519 768 ) (-2094.017578 651.982361 764.495728 ) 
4 1046 1052 (-2111.990479 560.008179 764.001404 ) (-2112 559.988892 764 ) (-2112 559.991882 760 ) (-2095.993164 592.005188 764.001831 ) 
4 1046 1049 (-2080.011230 623.968811 767.997314 ) (-2080.010498 623.967285 771.996399 ) (-2111.990479 560.008179 764.001404 ) (-2095.993164 592.005188 764.001831 ) 
4 1046 1047 (-2112 559.994263 760 ) (-2112 559.991272 764 ) (-2112 687.952148 764 ) (-2112 687.952148 760 ) 
5 1047 1073 (-2112 632.863098 726.223328 ) (-2311.991699 643.970886 704 ) (-2352 663.977051 704 ) (-2150.406982 764.773499 754.398254 ) (-2112 687.952271 739.994934 ) 
3 1047 1071 (-2128.003662 719.960999 760 ) (-2112 687.950623 764 ) (-2112 687.950623 759.998718 ) 
4 1047 1070 (-2130.013184 723.980530 759.496765 ) (-2128.003662 719.960999 760 ) (-2112 687.950623 759.998718 ) (-2112 687.950623 759.996338 ) 
4 1047 1069 (-2112 687.950562 739.993408 ) (-2150.409424 764.776733 754.397644 ) (-2130.013184 723.980530 759.496765 ) (-2112 687.950623 759.996338 ) 
3 1047 1055 (-2112 559.988892 764 ) (-2127.995117 528 760 ) (-2112 559.991882 760 ) 
4 1047 1054 (-2127.995117 528 760 ) (-2154.182861 475.623901 753.453308 ) (-2112 560.006409 740.795105 ) (-2112 559.991882 760 ) 
4 1048 1051 (-2095.996582 592.001709 764 ) (-2080.012939 623.971985 764.001221 ) (-2080 623.946289 764.007629 ) (-2080 591.996399 768 ) 
4 1048 1049 (-2080.013428 623.973083 767.996643 ) (-2095.996094 592.008179 764 ) (-2080 592.012756 768 ) (-2080 623.946228 768 ) 
4 1049 1052 (-2112 559.992188 764 ) (-2095.996582 592.001709 764 ) (-2080 591.996399 768 ) (-2080 559.992188 772 ) 
5 1050 1054 (-2112 495.992188 753.598328 ) (-2112 495.992188 764.007812 ) (-2112 527.952087 764.003906 ) (-2112 559.995178 759.998047 ) (-2112 560.009521 740.794434 ) 
4 1050 1053 (-2112 559.984009 760 ) (-2112 527.987793 764 ) (-2096 527.987488 768 ) (-2080 559.981445 768 ) 
5 1050 1051 (-2080.013428 623.973083 759.997009 ) (-2112 559.996094 759.998535 ) (-2112 559.984009 760 ) (-2080 559.981445 768 ) (-2080 623.946228 760.003723 ) 
5 1051 1052 (-2080 592.009216 768 ) (-2095.992188 592.004639 764.001953 ) (-2112 559.992493 760 ) (-2112 559.978821 760 ) (-2080 559.978821 768 ) 
4 1052 1053 (-2112 559.979980 764 ) (-2112 559.979980 760 ) (-2080 559.979980 768 ) (-2080 559.979980 772 ) 
3 1053 1056 (-2112 527.952087 764.003906 ) (-2112 559.992188 764 ) (-2112 559.995178 759.998047 ) 
3 1054 1056 (-2112 527.995789 764 ) (-2112 559.980652 760.002441 ) (-2121.595947 527.996216 761.601013 ) 
4 1054 1055 (-2112 559.980652 760.002441 ) (-2112 559.988281 760.001465 ) (-2127.994629 527.996521 760.001343 ) (-2121.595947 527.996216 761.601013 ) 
3 1055 1056 (-2121.595703 527.996704 761.601074 ) (-2112 559.980469 760.002441 ) (-2112 559.980469 764 ) 
4 1057 1076 (-2080 958.203552 811.554871 ) (-2048 965.314514 817.332703 ) (-2048 918.360229 805.594666 ) (-2080 889.561401 794.395142 ) 
4 1057 1063 (-2048 559.945862 765.774414 ) (-2080 623.951782 764.885437 ) (-2080 889.564209 794.394897 ) (-2048 918.362854 805.594421 ) 
4 1057 1060 (-2080 687.958252 772 ) (-2080 651.955566 768 ) (-2080 623.945312 768 ) (-2080 623.945312 772 ) 
6 1057 1059 (-2080 958.203552 2944 ) (-2080 958.203552 811.553955 ) (-2080 889.589844 794.401367 ) (-2080 687.958252 772 ) (-2080 623.945312 772 ) (-2080 623.945312 2944 ) 
3 1057 1058 (-2080 651.955566 768 ) (-2080 623.945312 764.888184 ) (-2080 623.945312 768 ) 
3 1058 1065 (-2080 623.951782 764.885437 ) (-2094.016357 651.987122 764.496094 ) (-2080 651.987183 768 ) 
3 1058 1060 (-2080 623.945312 768 ) (-2080 651.984375 768 ) (-2094.017822 651.984375 764.495056 ) 
4 1059 1076 (-2112 951.092590 805.777039 ) (-2080 958.203552 811.554871 ) (-2080 889.561401 794.395142 ) (-2112 860.762634 783.195557 ) 
4 1059 1067 (-2112 687.988342 764 ) (-2112 760.011108 772.001648 ) (-2080 688.021973 772.003662 ) (-2080 687.990112 772 ) 
4 1059 1064 (-2112 760.011108 772.001648 ) (-2112 860.765503 783.195374 ) (-2080 889.564209 794.394897 ) (-2080 688.021973 772.003662 ) 
5 1059 1061 (-2112 951.092590 2944 ) (-2112 951.092590 805.775818 ) (-2112 860.773438 783.196777 ) (-2112 687.949219 763.996094 ) (-2112 687.949341 2944 ) 
4 1059 1060 (-2112 687.953125 764 ) (-2112 687.992188 764 ) (-2080 687.996094 772 ) (-2080 623.946167 772 ) 
5 1060 1068 (-2094.016357 651.987122 764.496094 ) (-2112 687.957764 763.996521 ) (-2112 687.988342 764 ) (-2080 687.990112 772 ) (-2080 651.987183 768 ) 
3 1061 1078 (-2176.004883 815.974243 763.997986 ) (-2191.067871 846.102722 769.646790 ) (-2143.993164 831.980835 772.001160 ) 
6 1061 1076 (-2191.067871 846.102722 769.646790 ) (-2230.403564 924.781372 784.398376 ) (-2112 951.092590 805.777039 ) (-2112 860.762634 783.195557 ) (-2143.966064 831.994446 772.007935 ) (-2143.993164 831.980835 772.001160 ) 
3 1061 1072 (-2112 760.011108 772.001587 ) (-2112 688.205444 764.024048 ) (-2143.914551 831.807617 772 ) 
4 1061 1064 (-2143.958252 832.004333 772.010437 ) (-2112 860.765503 783.195374 ) (-2112 760.011108 772.001587 ) (-2143.914551 831.807617 772 ) 
4 1061 1062 (-2143.974609 831.996094 772.006348 ) (-2112 688.132812 764.016602 ) (-2112 687.952087 763.998535 ) (-2176.007324 815.978760 763.997742 ) 
3 1062 1080 (-2175.992676 815.980408 764.001038 ) (-2143.966064 831.994446 772.007935 ) (-2166.843506 811.405518 764.001099 ) 
4 1062 1075 (-2171.586670 807.136841 762.341064 ) (-2176.004883 815.974243 763.997986 ) (-2175.992676 815.980408 764.001038 ) (-2166.843506 811.405518 764.001099 ) 
4 1062 1072 (-2144 831.966064 771.995544 ) (-2143.958252 832.004333 772.010437 ) (-2112 688.205444 764.024048 ) (-2112 687.983643 764 ) 
4 1062 1071 (-2112 687.957764 763.996521 ) (-2171.585938 807.140625 762.341187 ) (-2144 831.966064 771.995544 ) (-2112 687.983643 764 ) 
4 1063 1082 (-2080 767.981079 764.001465 ) (-2080 812.783691 775.201599 ) (-2048 803.184143 776.801941 ) (-2048 751.980042 764.001526 ) 
4 1063 1081 (-2080 812.783691 775.201599 ) (-2080 889.561401 794.395142 ) (-2048 918.360229 805.594666 ) (-2048 803.184143 776.801941 ) 
4 1063 1074 (-2048 629.308472 733.335022 ) (-2080 631.085754 729.779175 ) (-2080 767.981079 764.001465 ) (-2048 751.980042 764.001526 ) 
3 1063 1068 (-2080 651.955688 768 ) (-2080 688.021912 772.007080 ) (-2080 687.983826 768 ) 
6 1063 1065 (-2080 623.945312 731.207275 ) (-2080 623.945312 764.888184 ) (-2080 651.955688 768 ) (-2080 687.983826 768 ) (-2080 687.755188 743.944092 ) (-2080 631.089966 729.778259 ) 
3 1063 1064 (-2080 688.021912 772.007080 ) (-2080 889.589844 794.401184 ) (-2080 687.755188 743.944092 ) 
4 1064 1084 (-2143.988525 831.974121 772 ) (-2143.984131 831.978149 772.001648 ) (-2120.001221 824.783569 773.201050 ) (-2134.863037 811.406860 768 ) 
5 1064 1082 (-2120.001221 824.783569 773.201050 ) (-2080 812.783691 775.201599 ) (-2080 767.981079 764.001465 ) (-2125.744141 790.854614 764.001282 ) (-2134.863037 811.406860 768 ) 
3 1064 1081 (-2143.984131 831.978149 772.001648 ) (-2080 889.561401 794.395142 ) (-2080 812.783691 775.201599 ) 
3 1064 1074 (-2080 767.981079 764.001465 ) (-2080 687.755249 743.945923 ) (-2125.744141 790.854614 764.001282 ) 
4 1064 1072 (-2112 760.010376 771.994019 ) (-2143.972900 831.938416 771.992004 ) (-2134.865723 811.412476 768 ) (-2112 759.972412 768 ) 
3 1064 1069 (-2134.865723 811.412476 768 ) (-2112 759.877075 757.974365 ) (-2112 759.972412 768 ) 
4 1064 1067 (-2080 687.983398 768 ) (-2080 688.021362 771.996094 ) (-2112 760.010376 771.994019 ) (-2112 759.972412 768 ) 
3 1064 1066 (-2080 687.983398 768 ) (-2112 759.972412 768 ) (-2112 759.896362 760 ) 
4 1064 1065 (-2080 687.754700 743.944824 ) (-2080 687.983398 768 ) (-2112 759.896362 760 ) (-2112 759.877075 757.974365 ) 
5 1065 1074 (-2080 631.085754 729.779175 ) (-2083.671387 631.289673 729.371216 ) (-2112 687.952271 739.994995 ) (-2112 759.877625 757.975525 ) (-2080 687.755249 743.945923 ) 
4 1065 1069 (-2112 759.894653 760 ) (-2112 759.875366 757.973877 ) (-2112 687.953125 739.993652 ) (-2112 687.953125 760 ) 
5 1065 1068 (-2112 687.979553 760 ) (-2112 687.952209 760 ) (-2094.013916 651.976501 764.496033 ) (-2080 651.976562 768 ) (-2080 687.976562 768 ) 
3 1065 1066 (-2112 759.894531 760 ) (-2112 687.979553 760 ) (-2080 687.976562 768 ) 
3 1066 1069 (-2112 759.970703 768 ) (-2112 759.894653 760 ) (-2112 687.984985 760 ) 
4 1066 1067 (-2112 759.972656 768 ) (-2112 687.973022 760 ) (-2080 687.973022 768 ) (-2080 687.984009 768 ) 
5 1067 1072 (-2112 760.008728 772 ) (-2112 759.970703 768 ) (-2112 687.984985 760 ) (-2112 687.953125 760 ) (-2112 687.953125 763.994629 ) 
4 1067 1068 (-2112 687.984070 764 ) (-2112 687.984070 760 ) (-2080 687.984070 768 ) (-2080 687.984070 772 ) 
3 1069 1082 (-2146.285400 801.125854 764.001221 ) (-2134.863037 811.406860 768 ) (-2125.744141 790.854553 764.001282 ) 
5 1069 1074 (-2112 687.952271 739.994995 ) (-2161.662109 787.285767 758.619141 ) (-2146.285400 801.125854 764.001221 ) (-2125.744141 790.854553 764.001282 ) (-2112 759.877625 757.975525 ) 
4 1069 1072 (-2112 688.132629 760.017029 ) (-2112 759.960938 768 ) (-2134.871094 811.413208 767.998657 ) (-2138.692627 807.973083 766.660950 ) 
4 1069 1070 (-2161.666016 787.292969 758.619507 ) (-2112 687.953125 759.997070 ) (-2112 688.132629 760.017029 ) (-2138.692627 807.973083 766.660950 ) 
3 1070 1085 (-2149.333740 802.650146 764.001160 ) (-2138.677246 807.973816 766.664185 ) (-2146.285400 801.125854 764.001221 ) 
4 1070 1074 (-2161.662109 787.285767 758.619141 ) (-2165.344727 794.651611 760 ) (-2149.333740 802.650146 764.001160 ) (-2146.285400 801.125854 764.001221 ) 
4 1070 1071 (-2112 687.952148 759.998535 ) (-2112 688.171875 760.020508 ) (-2138.678467 807.977783 766.663879 ) (-2165.346680 794.655396 760 ) 
5 1071 1086 (-2166.843506 811.405518 764.001099 ) (-2144 831.963623 771.995972 ) (-2138.669922 807.980469 766.666748 ) (-2138.677246 807.973816 766.664185 ) (-2149.333740 802.650146 764.001160 ) 
4 1071 1075 (-2165.344727 794.651611 760 ) (-2171.586670 807.136841 762.341064 ) (-2166.843506 811.405518 764.001099 ) (-2149.333740 802.650146 764.001160 ) 
4 1071 1072 (-2112 687.984375 763.996094 ) (-2112 687.984375 760.005371 ) (-2138.675293 808.004150 766.670959 ) (-2144.001953 831.970154 771.996338 ) 
4 1072 1088 (-2144 831.963623 771.995972 ) (-2143.988525 831.974121 772 ) (-2134.863037 811.406860 768 ) (-2138.669922 807.980469 766.666748 ) 
5 1073 1132 (-2450.279785 870.844910 743.428040 ) (-2431.982666 879.993713 739.997253 ) (-2343.384766 899.681702 720.307800 ) (-2291.203369 873.589294 704 ) (-2387.207520 681.586426 704 ) 
3 1073 1128 (-2432.003906 879.982422 747.996826 ) (-2432.003906 879.982422 740.004883 ) (-2450.270996 870.848633 743.430054 ) 
3 1073 1087 (-2176.012939 815.990234 762.218140 ) (-2176.012939 815.990234 760 ) (-2187.422119 821.695190 760 ) 
5 1073 1083 (-2176.012939 815.990234 760 ) (-2176.012939 815.990234 758.221008 ) (-2303.966309 879.970947 733.342407 ) (-2303.966309 879.970947 737.338013 ) (-2187.422119 821.695190 760 ) 
5 1073 1082 (-2176.012939 815.990234 758.221008 ) (-2176.012939 815.990112 704 ) (-2291.204834 873.589661 704 ) (-2303.966553 879.970947 707.988342 ) (-2303.966309 879.970947 733.342407 ) 
4 1073 1081 (-2303.966553 879.970947 707.988342 ) (-2343.375977 899.676941 720.304626 ) (-2343.375977 899.676941 729.674927 ) (-2303.966309 879.970947 737.338013 ) 
4 1073 1079 (-2176.012939 815.990234 763.998047 ) (-2176.012939 815.990234 762.218140 ) (-2187.422119 821.695190 760 ) (-2202.667725 829.318481 760 ) 
5 1073 1078 (-2303.966309 879.970947 764.001465 ) (-2176.012939 815.990234 764.001953 ) (-2176.012939 815.990234 763.998047 ) (-2202.667725 829.318481 760 ) (-2303.966309 879.970947 759.998962 ) 
3 1073 1077 (-2187.422119 821.695190 760 ) (-2303.966309 879.970947 737.338013 ) (-2303.966309 879.970947 759.998962 ) 
4 1073 1076 (-2343.375977 899.676941 764.001343 ) (-2303.966309 879.970947 764.001465 ) (-2303.966309 879.970947 737.338013 ) (-2343.375977 899.676941 729.674927 ) 
3 1073 1075 (-2176.016602 815.998047 760 ) (-2176.016602 815.998047 764 ) (-2165.351074 794.664917 760 ) 
5 1073 1074 (-2176.016602 815.998047 704 ) (-2176.016602 815.998047 760 ) (-2165.351074 794.664917 760 ) (-2083.673828 631.295105 729.369812 ) (-2134.410156 732.777100 704 ) 
4 1074 1085 (-2149.327393 802.646606 764.002075 ) (-2146.280518 801.123108 764.002075 ) (-2166.864746 811.415833 760 ) (-2176.012939 815.990234 760 ) 
3 1074 1083 (-2166.864746 811.415833 760 ) (-2176.012939 815.990234 758.221069 ) (-2176.012939 815.990234 760 ) 
6 1074 1082 (-2146.280518 801.123108 764.002075 ) (-2048 751.979675 764.002441 ) (-2048 751.979614 708.799255 ) (-2071.993408 763.977051 704 ) (-2176.012939 815.990112 704 ) (-2176.012939 815.990234 758.221069 ) 
3 1074 1075 (-2149.335938 802.652344 764 ) (-2176.007812 815.988281 760 ) (-2165.342529 794.655640 760 ) 
4 1075 1086 (-2166.838867 811.402954 764.002014 ) (-2149.327393 802.646606 764.002075 ) (-2176.012939 815.990234 760 ) (-2176.012939 815.990234 762.218140 ) 
3 1075 1080 (-2176.012939 815.990234 764.001953 ) (-2166.838867 811.402954 764.002014 ) (-2176.012939 815.990234 762.218140 ) 
5 1076 1081 (-2048 918.364563 805.594971 ) (-2143.987793 831.979309 772 ) (-2303.970947 879.972229 737.336792 ) (-2343.377197 899.676636 729.674316 ) (-2048 965.314453 810.811035 ) 
3 1076 1079 (-2177.334229 841.984314 766.332886 ) (-2168.011230 839.187500 766.799194 ) (-2144.033936 831.994568 771.994385 ) 
5 1076 1078 (-2303.960938 879.970703 764 ) (-2303.960938 879.970703 760 ) (-2177.334229 841.984314 766.332886 ) (-2144.033936 831.994568 771.994385 ) (-2144.009766 831.987305 772 ) 
3 1076 1077 (-2303.960938 879.970703 760 ) (-2303.960938 879.970703 737.342773 ) (-2168.011230 839.187500 766.799194 ) 
3 1077 1083 (-2187.421875 821.693970 760 ) (-2303.970947 879.972229 737.336792 ) (-2167.990967 839.179932 766.799805 ) 
4 1077 1079 (-2167.996094 839.175781 766.799561 ) (-2177.331787 841.976379 766.332642 ) (-2202.664062 829.316895 760 ) (-2187.421875 821.695312 760 ) 
3 1077 1078 (-2177.331787 841.976379 766.332642 ) (-2303.936035 879.956116 760 ) (-2202.664062 829.316895 760 ) 
4 1078 1079 (-2202.664062 829.320312 760 ) (-2177.335938 841.984375 766.332031 ) (-2143.996338 831.982910 772 ) (-2175.994629 815.983459 764 ) 
4 1079 1087 (-2176.004395 815.984863 762.219482 ) (-2187.421875 821.693970 760 ) (-2167.990967 839.179932 766.799805 ) (-2144 831.982971 771.997925 ) 
4 1079 1080 (-2176.003662 815.985840 762.220032 ) (-2143.996094 831.984375 772 ) (-2143.996094 831.984375 772 ) (-2176.002441 815.985229 764 ) 
4 1080 1086 (-2143.987793 831.979309 772 ) (-2166.847656 811.406250 764 ) (-2176.004395 815.984863 762.219482 ) (-2144 831.982971 771.997925 ) 
4 1081 1132 (-2343.384766 899.681702 720.307800 ) (-2270.003174 915.988281 704 ) (-2290.093506 875.809143 704 ) (-2303.964844 879.970398 707.988220 ) 
4 1081 1087 (-2143.991699 831.981445 772 ) (-2144.007812 831.986328 772 ) (-2168.011719 839.187073 766.799011 ) (-2144.011230 831.987244 768 ) 
4 1081 1084 (-2120.004639 824.785706 773.200439 ) (-2143.991699 831.981445 772 ) (-2144.011230 831.987244 768 ) (-2144.008789 831.986511 768 ) 
4 1081 1083 (-2168.011719 839.187073 766.799011 ) (-2303.964844 879.970703 737.341797 ) (-2303.964844 879.970703 733.342651 ) (-2144.008789 831.986511 768 ) 
6 1081 1082 (-2048 803.185181 776.801575 ) (-2120.004639 824.785706 773.200439 ) (-2303.964844 879.970703 733.342651 ) (-2303.964844 879.970703 707.987854 ) (-2290.094727 875.809814 704 ) (-2048 803.184631 704 ) 
3 1082 1132 (-2290.093506 875.809143 704 ) (-2291.203369 873.589294 704 ) (-2303.964844 879.970398 707.988220 ) 
5 1082 1088 (-2144.010498 831.985352 768 ) (-2144.018311 831.987732 767.998657 ) (-2144.045410 831.963379 767.989197 ) (-2138.699463 807.969238 766.659241 ) (-2134.867920 811.418152 768 ) 
4 1082 1085 (-2144.045410 831.963379 767.989197 ) (-2166.869873 811.418884 760 ) (-2146.296143 801.131409 764 ) (-2138.699463 807.969238 766.659241 ) 
3 1082 1084 (-2120.015625 824.787109 773.199219 ) (-2144.010498 831.985352 768 ) (-2134.867920 811.418152 768 ) 
3 1082 1083 (-2144.018311 831.987732 767.998657 ) (-2303.964844 879.970703 733.343750 ) (-2166.869873 811.418884 760 ) 
5 1083 1087 (-2144.028564 831.965637 767.992737 ) (-2144.007812 831.984375 768 ) (-2167.987549 839.178040 766.800659 ) (-2187.417480 821.693237 760 ) (-2176.014160 815.990356 760 ) 
3 1083 1085 (-2166.863281 811.414062 760 ) (-2144.028564 831.965637 767.992737 ) (-2176.014160 815.990356 760 ) 
4 1084 1088 (-2143.992188 831.978516 772 ) (-2144.011719 831.984375 768 ) (-2144.009766 831.980469 768 ) (-2134.867188 811.412903 768 ) 
4 1085 1086 (-2138.687256 807.973083 766.661621 ) (-2144.029297 831.962952 767.991882 ) (-2176.009277 815.988647 760 ) (-2149.338379 802.652100 764 ) 
5 1086 1088 (-2138.676270 808.005554 766.671204 ) (-2144 831.964844 768.001709 ) (-2144.005371 831.984558 769.039551 ) (-2144.005371 831.984558 771.997009 ) (-2144.002197 831.970093 771.996216 ) 
5 1086 1087 (-2144 831.982422 771.996094 ) (-2144 831.982422 770.148438 ) (-2144.007324 831.978699 767.998169 ) (-2176 815.983704 760.002380 ) (-2176 815.983704 762.219727 ) 
4 1089 1149 (-2624 487.967682 772 ) (-2624 487.967712 2944 ) (-2624 553.434692 2944 ) (-2624 559.987671 764 ) 
5 1089 1097 (-2610.295898 457.126495 2944 ) (-2610.295898 457.126404 772 ) (-2600.061279 452.009155 770.010132 ) (-2560.005615 431.981293 764.001587 ) (-2564.373779 434.165405 2944 ) 
4 1089 1093 (-2600.053223 452.005096 770.008850 ) (-2610.295898 457.126465 772 ) (-2624 487.966614 772 ) (-2624 559.824097 764.017639 ) 
4 1089 1090 (-2600.048828 452 770.007812 ) (-2624 559.856262 764.013916 ) (-2624 559.988281 764 ) (-2560.005127 431.980591 764.001160 ) 
3 1090 1104 (-2569.152832 436.555023 764 ) (-2560.001953 431.979523 762.220398 ) (-2560.005615 431.981293 764 ) 
4 1090 1101 (-2600.061279 452.009155 770.010132 ) (-2569.152832 436.555023 764 ) (-2560.005615 431.981293 764 ) (-2560.005615 431.981293 764.001587 ) 
4 1090 1094 (-2624 559.995850 763.998535 ) (-2559.996094 431.976562 762.219604 ) (-2600.053223 452.005096 770.008850 ) (-2624 559.824097 764.017639 ) 
3 1091 1158 (-2624 487.967682 760 ) (-2624 487.967682 767.201416 ) (-2624 559.980164 760 ) 
5 1091 1157 (-2624 560.035767 748.005920 ) (-2624 487.967682 738.996704 ) (-2624 487.967682 760 ) (-2624 559.980164 760 ) (-2624 560 759.998352 ) 
5 1091 1132 (-2610.296631 457.126251 731.715820 ) (-2624 487.964844 738.997070 ) (-2624 560.035645 748.006531 ) (-2565.556641 443.220520 718.791626 ) (-2570.924072 437.439941 719.410950 ) 
3 1091 1107 (-2559.993896 431.975525 758.219604 ) (-2559.997559 431.977295 760 ) (-2600.031250 451.994080 766.005005 ) 
6 1091 1105 (-2610.295898 457.126404 767.544678 ) (-2610.295898 457.126404 731.715515 ) (-2570.923340 437.440125 719.410400 ) (-2559.920654 431.938843 721.611084 ) (-2559.993896 431.975525 758.219604 ) (-2600.031250 451.994080 766.005005 ) 
3 1091 1094 (-2600.003418 451.979767 766 ) (-2559.997803 431.976929 759.998718 ) (-2624 560 759.997131 ) 
4 1091 1092 (-2610.295898 457.126038 767.543518 ) (-2600.003418 451.979767 766 ) (-2624 560 759.997131 ) (-2624 487.966431 767.200317 ) 
3 1092 1158 (-2624 487.967682 767.201416 ) (-2624 487.967682 768 ) (-2624 560 759.998352 ) 
3 1092 1105 (-2610.295898 457.126404 768 ) (-2610.295898 457.126404 767.544678 ) (-2600.031250 451.994080 766.005005 ) 
4 1092 1093 (-2610.296631 457.127777 768.001038 ) (-2600.041016 452 766.006836 ) (-2624 559.930542 760.005859 ) (-2624 487.966461 768 ) 
3 1093 1161 (-2624 559.987671 764 ) (-2624 560 759.998352 ) (-2624 523.978577 764 ) 
4 1093 1159 (-2624 487.967682 768 ) (-2624 487.967682 772 ) (-2624 559.987671 764 ) (-2624 523.978577 764 ) 
5 1093 1111 (-2610.295898 457.126404 772 ) (-2610.295898 457.126404 768 ) (-2600.031250 451.994080 766.005005 ) (-2599.998779 451.977905 766 ) (-2599.998291 451.977600 769.997803 ) 
4 1093 1094 (-2599.998047 451.972656 766 ) (-2624 560 759.998291 ) (-2623.994141 559.972656 763.998779 ) (-2599.998779 451.977417 769.997375 ) 
4 1094 1112 (-2599.998779 451.977905 766 ) (-2559.997559 431.977295 760 ) (-2560.001953 431.979523 762.220398 ) (-2599.998291 451.977600 769.997803 ) 
4 1095 1114 (-2570.677979 367.968750 777.337402 ) (-2570.677979 367.968750 772 ) (-2522.679688 367.968750 760 ) (-2431.994141 367.968750 760.001343 ) 
5 1095 1113 (-2522.679688 367.968750 760 ) (-2460.195801 367.968750 744.379944 ) (-2431.981445 367.968750 747.201721 ) (-2431.981445 367.968750 760 ) (-2431.994141 367.968750 760.001343 ) 
4 1095 1108 (-2548.570557 426.267639 759.997375 ) (-2510.062256 407.013489 752.509277 ) (-2502.077148 371.018951 754.511658 ) (-2571.437012 405.696259 768 ) 
5 1095 1107 (-2510.062256 407.013489 752.509277 ) (-2457.011719 380.488281 742.193359 ) (-2460.192139 367.968750 744.379272 ) (-2495.976318 367.968750 753.325317 ) (-2502.077148 371.018951 754.511658 ) 
4 1095 1106 (-2495.976318 367.968750 753.325317 ) (-2570.677979 367.968750 772 ) (-2582.871582 395.409393 772 ) (-2571.437012 405.696259 768 ) 
4 1095 1103 (-2554.487793 420.949860 762.066895 ) (-2568.010498 408.784393 766.799011 ) (-2558.653564 405.976990 766.331299 ) (-2549.333984 410.634857 764.001709 ) 
4 1095 1102 (-2568.010498 408.784393 766.799011 ) (-2571.440918 405.698181 768 ) (-2565.327148 402.641510 768 ) (-2558.653564 405.976990 766.331299 ) 
4 1095 1100 (-2533.310303 418.643372 759.996277 ) (-2548.570312 426.273438 759.996094 ) (-2554.487793 420.949860 762.066895 ) (-2549.333984 410.634857 764.001709 ) 
4 1095 1099 (-2431.960938 367.968750 759.997375 ) (-2533.310303 418.643372 759.996277 ) (-2558.653320 405.976990 766.331299 ) (-2431.972412 367.968750 759.998779 ) 
4 1095 1098 (-2558.653320 405.976990 766.331299 ) (-2565.327148 402.641510 768 ) (-2495.976318 367.968750 768 ) (-2431.972412 367.968750 759.998779 ) 
4 1095 1096 (-2571.440918 405.698181 768 ) (-2582.873291 395.413147 772 ) (-2570.677979 367.968750 777.337646 ) (-2495.976318 367.968750 768 ) 
4 1096 1117 (-2570.677979 367.968750 781.338623 ) (-2570.677979 367.968750 777.337402 ) (-2495.976318 367.968750 768 ) (-2495.976318 367.968750 772 ) 
4 1096 1116 (-2570.677979 367.968750 2944 ) (-2570.677979 367.968750 781.338623 ) (-2495.976318 367.968750 772 ) (-2495.976318 367.968750 2944 ) 
3 1096 1106 (-2571.437012 405.696259 768 ) (-2582.871582 395.409393 772 ) (-2592.014160 415.984039 772 ) 
4 1096 1102 (-2565.333984 402.645752 768 ) (-2571.445312 405.701172 768 ) (-2592.014404 415.984985 772 ) (-2592.014404 415.984985 772.002686 ) 
4 1096 1098 (-2495.974854 367.968750 772 ) (-2495.974854 367.968750 768 ) (-2565.333984 402.645752 768 ) (-2591.995361 415.975494 772 ) 
5 1096 1097 (-2495.974854 367.968750 2944 ) (-2495.974854 367.968750 772 ) (-2591.995361 415.975494 772 ) (-2592.014404 415.984985 772.002686 ) (-2592.014404 415.985046 2944 ) 
4 1097 1116 (-2431.981445 367.968750 764 ) (-2431.981445 367.968750 2944 ) (-2495.976318 367.968750 2944 ) (-2495.976318 367.968750 772 ) 
3 1097 1111 (-2610.298340 457.131561 772 ) (-2600.054932 452.009796 770.008728 ) (-2592.096680 416.169708 772 ) 
5 1097 1101 (-2592.002197 415.980652 772 ) (-2592.015381 415.987213 772.001343 ) (-2592.052734 416.070984 772 ) (-2600.030029 451.992950 770.004089 ) (-2559.989258 431.974091 763.998230 ) 
3 1097 1099 (-2591.980957 415.976288 771.997192 ) (-2559.978760 431.967407 763.997925 ) (-2431.994873 367.975433 764 ) 
5 1097 1098 (-2495.988770 367.968750 772 ) (-2591.996094 415.968750 772 ) (-2591.980957 415.976288 771.997192 ) (-2431.994873 367.975433 764 ) (-2431.981445 367.968750 764 ) 
4 1098 1123 (-2463.995117 367.968750 764.001648 ) (-2431.981445 367.968750 760 ) (-2431.981445 367.968750 764 ) (-2431.996094 367.968750 764.001587 ) 
4 1098 1118 (-2495.976318 367.968750 768 ) (-2463.995117 367.968750 764.001648 ) (-2431.996094 367.968750 764.001587 ) (-2495.976318 367.968750 772 ) 
4 1098 1102 (-2558.657471 405.978210 766.330811 ) (-2565.328125 402.644531 767.998047 ) (-2592.002197 415.980652 772 ) (-2592 415.981903 771.998779 ) 
4 1098 1099 (-2431.996094 367.974609 760 ) (-2558.652344 405.976562 766.331055 ) (-2591.976562 415.974609 771.996094 ) (-2431.993408 367.974640 763.998169 ) 
4 1099 1103 (-2549.334961 410.637207 764 ) (-2558.657471 405.978210 766.330811 ) (-2592 415.981903 771.998779 ) (-2560 431.968964 764 ) 
4 1099 1100 (-2533.320312 418.640625 759.998047 ) (-2549.334961 410.637207 764 ) (-2560 431.968964 764 ) (-2559.989258 431.974091 763.998230 ) 
3 1100 1109 (-2560.004639 431.984619 762.220764 ) (-2548.570557 426.267639 759.997375 ) (-2554.485840 420.946075 762.067383 ) 
4 1100 1103 (-2554.488281 420.941406 762.068359 ) (-2549.335205 410.634521 764.001709 ) (-2560.007080 431.981445 764.001648 ) (-2560.007568 431.981750 762.221680 ) 
3 1101 1112 (-2600 451.982086 769.997925 ) (-2569.149170 436.556885 763.998962 ) (-2592.003418 415.993774 771.996887 ) 
5 1101 1111 (-2600.054932 452.009796 770.008728 ) (-2600 451.982086 769.997925 ) (-2592.003418 415.993774 771.996887 ) (-2592.014160 415.984039 772 ) (-2592.096680 416.169708 772 ) 
5 1101 1104 (-2560.006104 431.981110 764 ) (-2560.001953 431.972656 764 ) (-2592.005371 415.979614 772 ) (-2592.015137 415.984497 772 ) (-2569.149414 436.552612 764 ) 
4 1102 1110 (-2568.005859 408.783051 766.798584 ) (-2571.437012 405.696259 768 ) (-2592.002197 415.978027 771.998352 ) (-2591.996338 415.980927 771.996582 ) 
4 1102 1103 (-2591.994873 415.980103 771.996033 ) (-2591.994873 415.980103 772 ) (-2558.649902 405.975586 766.330933 ) (-2568.011230 408.784271 766.799500 ) 
4 1103 1109 (-2560.002441 431.980347 762.220703 ) (-2554.485840 420.946075 762.067383 ) (-2568.005859 408.783051 766.798584 ) (-2591.996338 415.980927 771.996582 ) 
4 1103 1104 (-2592 415.976562 771.997742 ) (-2592 415.976562 772 ) (-2560.007812 431.976562 764.001953 ) (-2560.005615 431.977264 762.221558 ) 
5 1104 1112 (-2569.149170 436.556885 763.998962 ) (-2560.004639 431.984619 762.220764 ) (-2560.002441 431.980347 762.220703 ) (-2592.002197 415.978027 771.998352 ) (-2592.014160 415.984039 772 ) 
3 1105 1132 (-2591.636719 415.133301 721.800903 ) (-2610.296631 457.126251 731.715820 ) (-2570.924072 437.439941 719.410950 ) 
3 1105 1114 (-2570.677979 367.968750 768.001648 ) (-2570.677979 367.968750 760 ) (-2538.675049 367.968750 760 ) 
4 1105 1113 (-2570.677979 367.968750 760 ) (-2570.677979 367.968750 733.330322 ) (-2471.620605 367.968750 743.237305 ) (-2538.675049 367.968750 760 ) 
3 1105 1111 (-2600.020752 451.988892 766.003418 ) (-2610.295898 457.126465 768.001465 ) (-2592.013916 415.983887 768.001709 ) 
5 1105 1107 (-2467.152344 385.554688 740.166992 ) (-2600.020752 451.988892 766.003418 ) (-2592.013916 415.983887 768.001709 ) (-2495.976318 367.968750 749.326599 ) (-2471.619141 367.968750 743.237305 ) 
3 1105 1106 (-2592.013916 415.983887 768.001709 ) (-2570.677979 367.968750 768.002014 ) (-2495.976318 367.968750 749.326599 ) 
4 1106 1114 (-2570.677979 367.968750 772 ) (-2570.677979 367.968750 768.001648 ) (-2538.675049 367.968750 760 ) (-2522.679688 367.968750 760 ) 
4 1106 1113 (-2538.675049 367.968750 760 ) (-2495.976562 367.968750 749.326294 ) (-2495.976318 367.968750 753.325073 ) (-2522.679688 367.968750 760 ) 
4 1106 1110 (-2592.014648 415.985291 768.002014 ) (-2592.013916 415.983917 771.997559 ) (-2571.452881 405.704102 768 ) (-2591.994873 415.975372 768 ) 
3 1106 1108 (-2571.452881 405.704102 768 ) (-2502.147705 371.054047 754.522278 ) (-2591.994873 415.975372 768 ) 
4 1106 1107 (-2495.974365 367.968750 749.326416 ) (-2592.014648 415.985291 768.002014 ) (-2502.147705 371.054047 754.522278 ) (-2495.976562 367.968750 753.322266 ) 
4 1107 1113 (-2495.976562 367.968750 749.326294 ) (-2471.620605 367.968750 743.237305 ) (-2460.195801 367.968750 744.379944 ) (-2495.976318 367.968750 753.325073 ) 
5 1107 1112 (-2600.017578 451.988281 766.001465 ) (-2592.036865 416.035431 768 ) (-2592.014893 415.985992 768.001099 ) (-2592 415.978394 767.998840 ) (-2559.994629 431.976166 759.998108 ) 
4 1107 1108 (-2592 415.978394 767.998840 ) (-2502.050781 371.007233 754.506165 ) (-2510.035889 406.995941 752.504395 ) (-2559.994629 431.976166 759.998108 ) 
3 1108 1110 (-2592 415.972656 768.001953 ) (-2571.449463 405.698151 768.001953 ) (-2568.023926 408.779877 766.803223 ) 
4 1108 1109 (-2559.989502 431.972687 760 ) (-2592 415.972656 768.001953 ) (-2568.023926 408.779877 766.803223 ) (-2548.582764 426.269379 760 ) 
5 1109 1112 (-2560.003418 431.979736 760 ) (-2568.468750 427.746094 762.116211 ) (-2592.001221 415.977600 768 ) (-2592.002197 415.978088 771.998108 ) (-2560.004395 431.980133 762.220825 ) 
3 1109 1110 (-2591.977051 415.965424 771.992188 ) (-2591.977051 415.965424 767.998596 ) (-2568.010010 408.776031 766.800171 ) 
5 1111 1112 (-2592 415.976959 771.997742 ) (-2592 415.977203 768.003296 ) (-2592.004395 415.993683 768 ) (-2600 451.977783 766 ) (-2599.998047 451.976562 769.998291 ) 
4 1113 1162 (-2556.464111 335.980469 704 ) (-2048 335.980469 704 ) (-2048 335.980469 768.001404 ) (-2556.464111 335.980469 768 ) 
3 1113 1132 (-2558.135498 339.740173 704 ) (-2570.678955 367.968750 710.664978 ) (-2544.020752 367.968750 704 ) 
4 1113 1126 (-2304.003906 367.968750 760.002319 ) (-2339.997559 367.968750 760.002197 ) (-2339.990479 335.980469 768 ) (-2304 335.980469 768 ) 
4 1113 1122 (-2339.997559 367.968750 760.002197 ) (-2431.998291 367.968750 760.001831 ) (-2432.002686 335.980469 768 ) (-2339.990479 335.980469 768 ) 
4 1113 1115 (-2048 367.968750 760.003296 ) (-2304.003906 367.968750 760.002319 ) (-2304 335.980469 768 ) (-2048 335.980469 768.001892 ) 
4 1113 1114 (-2431.998291 367.968750 760.001831 ) (-2570.683594 367.968750 760.001282 ) (-2556.469238 335.980469 768 ) (-2432.002686 335.980469 768 ) 
3 1114 1162 (-2556.464111 335.980469 783.558594 ) (-2556.464111 335.980469 768 ) (-2432 335.980469 768 ) 
4 1114 1123 (-2431.996826 335.980469 768 ) (-2431.992676 367.968750 760.001953 ) (-2463.988525 367.968750 764.001587 ) (-2463.991699 351.977570 768 ) 
3 1114 1121 (-2431.996826 335.980469 768 ) (-2463.991699 351.977570 768 ) (-2463.994873 335.980469 772 ) 
3 1114 1118 (-2463.988525 367.968750 764.001587 ) (-2495.976318 367.968750 768 ) (-2463.991699 351.977570 768 ) 
5 1114 1117 (-2495.976318 367.968750 768 ) (-2570.678223 367.968750 777.338318 ) (-2556.464111 335.980469 783.559570 ) (-2463.994873 335.980469 772 ) (-2463.991699 351.977570 768 ) 
3 1115 1162 (-2048 335.980469 768.001404 ) (-2048 335.980469 796.453308 ) (-2304.003418 335.980469 768 ) 
5 1115 1125 (-2268.023926 367.968750 764.001282 ) (-2304.016113 367.968750 760 ) (-2304.011475 335.980469 768 ) (-2304.007812 335.980469 768 ) (-2268.020752 351.976471 768 ) 
3 1115 1124 (-2304.007812 335.980469 768 ) (-2268.017578 335.980469 772 ) (-2268.020752 351.976471 768 ) 
3 1115 1120 (-2232.041748 367.968750 768 ) (-2268.023926 367.968750 764.001282 ) (-2268.020752 351.976471 768 ) 
5 1115 1119 (-2048 367.968750 788.455322 ) (-2232.041748 367.968750 768 ) (-2268.020752 351.976471 768 ) (-2268.017578 335.980469 772 ) (-2048 335.980469 796.453369 ) 
6 1116 1162 (-2048 335.980469 800.450623 ) (-2048 335.980469 2944 ) (-2556.464111 335.980469 2944 ) (-2556.464111 335.980469 787.560303 ) (-2431.997803 335.980469 772 ) (-2304.003906 335.980469 772 ) 
4 1116 1122 (-2431.989746 367.968750 764 ) (-2304.023438 367.968750 764 ) (-2304.013428 335.980469 772 ) (-2431.991699 335.980469 772 ) 
3 1116 1120 (-2304.006592 335.980469 772 ) (-2304.015625 367.968750 764 ) (-2232.041748 367.968750 772 ) 
4 1116 1119 (-2304.006592 335.980469 772 ) (-2232.041748 367.968750 772 ) (-2048 367.968750 792.452820 ) (-2048 335.980469 800.450439 ) 
3 1116 1118 (-2495.976318 367.968750 772 ) (-2432.002686 367.968750 764.001953 ) (-2432.004639 335.985321 772 ) 
5 1116 1117 (-2570.677979 367.968750 781.338318 ) (-2495.976318 367.968750 772 ) (-2432.004639 335.985321 772 ) (-2432.004639 335.980469 772 ) (-2556.463623 335.980469 787.559937 ) 
4 1117 1162 (-2556.464111 335.980469 787.560303 ) (-2556.464111 335.980469 783.558594 ) (-2464.001465 335.980469 772 ) (-2431.997803 335.980469 772 ) 
3 1117 1121 (-2463.991943 335.980469 772 ) (-2463.988770 351.976227 768 ) (-2431.995117 335.980469 772 ) 
4 1117 1118 (-2495.972656 367.968750 772 ) (-2431.996094 335.982422 772 ) (-2464 351.983093 768 ) (-2495.973389 367.968750 767.998962 ) 
5 1118 1123 (-2463.988770 351.976227 768 ) (-2463.985840 367.968750 764 ) (-2431.989746 367.968750 764 ) (-2431.991699 335.980469 772 ) (-2431.995117 335.980469 772 ) 
4 1119 1162 (-2048 335.980469 796.453308 ) (-2048 335.980469 800.450623 ) (-2304.003906 335.980469 772 ) (-2268.017822 335.980469 772 ) 
3 1119 1124 (-2268.017822 351.977753 767.998657 ) (-2268.014404 335.980469 771.998840 ) (-2304.008057 335.980469 772 ) 
4 1119 1120 (-2232.039062 367.968750 768 ) (-2268.019531 351.974609 768 ) (-2304.003906 335.980469 772 ) (-2232.037842 367.968750 772 ) 
5 1120 1125 (-2304.023438 367.968750 764 ) (-2268.021240 367.968750 764 ) (-2268.017822 351.977753 767.998657 ) (-2304.008057 335.980469 772 ) (-2304.013428 335.980469 772 ) 
4 1121 1162 (-2464.001465 335.980469 772 ) (-2432 335.980469 768 ) (-2431.995117 335.980469 768 ) (-2431.995117 335.980469 772 ) 
4 1121 1123 (-2431.996094 335.980469 768 ) (-2432 335.982056 768 ) (-2464 351.980469 768 ) (-2431.996826 335.980469 772 ) 
4 1122 1162 (-2431.995117 335.980469 768 ) (-2339.994873 335.980469 768 ) (-2304.003906 335.980469 772 ) (-2431.995117 335.980469 772 ) 
4 1122 1126 (-2339.997314 335.980469 767.998596 ) (-2340.004150 367.968750 760 ) (-2304.015625 367.968750 764 ) (-2304.006592 335.980469 771.998840 ) 
4 1122 1123 (-2432 367.968750 760.002930 ) (-2432 335.982452 768 ) (-2432 335.982452 772 ) (-2432 367.968750 764.001526 ) 
5 1124 1162 (-2304.007568 335.980469 768 ) (-2304.003418 335.980469 768 ) (-2268.017822 335.980469 772 ) (-2304.003906 335.980469 772 ) (-2304.007812 335.980469 772 ) 
3 1124 1125 (-2304.003906 335.980469 772 ) (-2268.021729 351.974213 768 ) (-2304.003906 335.980377 768 ) 
4 1125 1126 (-2304 367.968750 760.002930 ) (-2304 335.986298 768 ) (-2304 335.986298 772 ) (-2304 367.968750 764.002625 ) 
3 1126 1162 (-2339.994873 335.980469 768 ) (-2304.007568 335.980469 768 ) (-2304.007812 335.980469 772 ) 
4 1127 1147 (-2624 837.320312 2944 ) (-2624 837.320312 782.669189 ) (-2624 783.982056 776.001404 ) (-2624 783.982056 2944 ) 
3 1127 1140 (-2590.120850 800.922058 769.649170 ) (-2602.660156 794.652222 772 ) (-2576.024902 847.916992 772 ) 
4 1127 1139 (-2575.989990 847.987061 772 ) (-2559.994141 815.985962 764 ) (-2590.120850 800.922058 769.649170 ) (-2576.024902 847.916992 772 ) 
5 1127 1137 (-2624 783.981995 776.001709 ) (-2624 837.324219 782.669922 ) (-2575.992676 847.992249 772.001099 ) (-2575.989990 847.987061 772 ) (-2602.660156 794.652222 772 ) 
3 1127 1129 (-2432.003906 879.980469 764.001160 ) (-2559.996094 815.984375 764 ) (-2575.992188 847.985718 772 ) 
3 1128 1141 (-2551.993896 853.325134 766.667786 ) (-2539.985107 855.993713 764 ) (-2546.656982 842.650818 764 ) 
4 1128 1135 (-2539.985107 855.993713 764 ) (-2431.982666 879.993713 739.997253 ) (-2538.658691 826.653992 760 ) (-2546.656982 842.650818 764 ) 
3 1128 1129 (-2551.987793 853.319885 766.665466 ) (-2538.656250 826.656250 760 ) (-2432.010254 879.980896 759.998779 ) 
5 1129 1146 (-2575.992676 847.992249 772.001099 ) (-2551.993896 853.325134 766.667786 ) (-2546.656982 842.650818 764 ) (-2559.988770 815.988708 764 ) (-2559.994141 815.985962 764 ) 
3 1129 1136 (-2546.656982 842.650818 764 ) (-2538.658691 826.653992 760 ) (-2559.988770 815.988708 764 ) 
4 1130 1147 (-2624 783.982056 704 ) (-2624 751.977234 704 ) (-2624 751.977173 772 ) (-2624 783.982056 776.001404 ) 
4 1130 1142 (-2624 783.982422 760 ) (-2624 783.982422 764 ) (-2602.659912 794.652832 764 ) (-2602.659912 794.652832 760 ) 
4 1130 1141 (-2624 783.982422 704 ) (-2624 783.982422 760 ) (-2602.659912 794.652832 760 ) (-2602.659912 794.652832 704 ) 
4 1130 1137 (-2624 783.982422 764 ) (-2624 783.982422 776.004883 ) (-2602.659912 794.652832 772.003479 ) (-2602.659912 794.652832 764 ) 
4 1130 1133 (-2602.658203 794.652344 767.997681 ) (-2602.658203 794.652344 772 ) (-2624 751.973267 772 ) (-2624 751.973267 767.998108 ) 
4 1130 1131 (-2602.658203 794.652344 704 ) (-2602.658203 794.652344 767.997681 ) (-2624 751.973267 767.998108 ) (-2624 751.973267 704 ) 
5 1131 1157 (-2624 751.977234 704 ) (-2624 487.967682 704 ) (-2624 487.967682 734.995483 ) (-2624 644.701050 754.588318 ) (-2624 751.977173 742.670837 ) 
4 1131 1153 (-2624 644.701050 754.588318 ) (-2624 719.990356 764 ) (-2624 751.977173 764 ) (-2624 751.977173 742.670837 ) 
3 1131 1151 (-2624 719.990356 764 ) (-2624 751.977173 767.998657 ) (-2624 751.977173 764 ) 
4 1131 1142 (-2602.659912 794.652832 760 ) (-2602.659912 794.652832 764 ) (-2581.337646 805.314331 764 ) (-2560.001953 815.982483 760 ) 
4 1131 1141 (-2560.188721 815.889038 704 ) (-2602.659912 794.652832 704 ) (-2602.659912 794.652832 760 ) (-2560.001953 815.982483 760 ) 
3 1131 1138 (-2602.659912 794.652832 764 ) (-2602.659912 794.652832 767.998169 ) (-2581.337646 805.314331 764 ) 
4 1131 1135 (-2432.007812 879.981506 736 ) (-2432.007812 879.981506 704 ) (-2560.188721 815.889038 704 ) (-2560.001953 815.982483 760 ) 
3 1131 1134 (-2560.002441 815.981445 760 ) (-2590.117432 800.923157 765.645691 ) (-2623.987793 688.017395 760 ) 
5 1131 1133 (-2590.117432 800.923157 765.645691 ) (-2602.658203 794.652344 767.997131 ) (-2624 751.973267 767.997559 ) (-2624 687.993164 760 ) (-2623.987793 688.017395 760 ) 
6 1131 1132 (-2288.011719 911.981445 704 ) (-2432.003906 879.984375 736 ) (-2560.002441 815.981445 760 ) (-2624 687.993164 760 ) (-2624 487.966278 734.994751 ) (-2565.665771 356.688660 704 ) 
4 1132 1157 (-2624 487.967682 734.995483 ) (-2624 487.967682 738.996704 ) (-2624 627.752319 756.471130 ) (-2624 644.701050 754.588318 ) 
3 1132 1156 (-2624 655.983276 760 ) (-2624 687.973145 764 ) (-2624 687.993347 760 ) 
4 1132 1154 (-2624 627.752319 756.471130 ) (-2624 655.983276 760 ) (-2624 687.993347 760 ) (-2624 644.701050 754.588318 ) 
3 1132 1136 (-2559.988525 815.989258 764.002319 ) (-2538.642334 826.662720 760 ) (-2560.001953 815.982483 760 ) 
4 1132 1135 (-2538.642334 826.662720 760 ) (-2432.007812 879.981506 740.005188 ) (-2432.007812 879.981506 736 ) (-2560.001953 815.982483 760 ) 
4 1132 1134 (-2559.992432 815.987122 764 ) (-2560.005859 815.980469 760 ) (-2624 688 760 ) (-2624 687.980469 764 ) 
3 1133 1155 (-2624 687.973145 764 ) (-2624 719.990295 764 ) (-2624 687.993347 760 ) 
4 1133 1152 (-2624 687.973145 764 ) (-2624 751.977173 772 ) (-2624 751.977173 767.998657 ) (-2624 719.990295 764 ) 
4 1133 1140 (-2602.659912 794.652832 772.003479 ) (-2590.114990 800.925537 769.651184 ) (-2590.116699 800.924622 765.646301 ) (-2602.659912 794.652832 767.998169 ) 
4 1133 1134 (-2624 687.967163 763.996094 ) (-2623.989502 688.009705 759.996094 ) (-2590.116211 800.924438 765.642639 ) (-2590.114502 800.925293 769.647461 ) 
3 1134 1144 (-2559.988525 815.989258 764 ) (-2560.001953 815.982483 760 ) (-2581.337402 805.314392 764 ) 
5 1134 1139 (-2590.114990 800.925537 769.651184 ) (-2559.988525 815.989258 764.002319 ) (-2559.988525 815.989258 764 ) (-2581.337402 805.314392 764 ) (-2590.116699 800.924622 765.646301 ) 
5 1135 1141 (-2560.190430 815.889221 704 ) (-2560.003662 815.982666 760 ) (-2546.656738 842.655090 764 ) (-2539.990967 855.985901 764 ) (-2540.159912 855.948364 704 ) 
3 1135 1136 (-2546.654297 842.644531 763.998047 ) (-2559.998047 815.980469 760 ) (-2538.659424 826.650146 759.998901 ) 
3 1136 1146 (-2560.003662 815.982666 760 ) (-2559.990234 815.989319 764 ) (-2546.656738 842.655090 764 ) 
4 1137 1147 (-2624 837.320312 782.669189 ) (-2624 837.320312 774.667297 ) (-2624 783.982056 764 ) (-2624 783.982056 776.001404 ) 
3 1137 1143 (-2600 842.651001 773.333069 ) (-2575.990234 847.986145 772 ) (-2589.330811 821.308105 767.997803 ) 
5 1137 1142 (-2602.659912 794.652832 764 ) (-2624 783.982422 764 ) (-2624 837.317627 774.666382 ) (-2600 842.651001 773.333069 ) (-2589.330811 821.308105 767.997803 ) 
4 1137 1140 (-2602.658203 794.652344 772 ) (-2602.658203 794.652344 767.997681 ) (-2589.334717 821.296570 767.997375 ) (-2575.994385 847.974121 771.998840 ) 
3 1137 1138 (-2602.658203 794.652344 767.997681 ) (-2602.658203 794.652344 764 ) (-2589.334717 821.296570 767.997375 ) 
3 1138 1142 (-2581.336182 805.315002 764 ) (-2602.659912 794.652832 764 ) (-2589.330811 821.308105 767.997803 ) 
4 1138 1140 (-2589.330078 821.304688 767.996826 ) (-2602.656982 794.653931 767.997131 ) (-2590.124756 800.920166 765.647217 ) (-2586.005371 814.653687 766.334106 ) 
3 1138 1139 (-2590.124756 800.920166 765.647217 ) (-2581.336914 805.314270 764 ) (-2586.005371 814.653687 766.334106 ) 
6 1139 1144 (-2575.985352 847.987244 772 ) (-2559.990234 815.988281 764 ) (-2581.336182 805.315002 764 ) (-2586.005127 814.654968 766.334656 ) (-2576.025391 847.916077 771.988770 ) (-2575.990234 847.986145 772 ) 
5 1139 1140 (-2576.026123 847.914490 772 ) (-2576.026123 847.914429 771.988281 ) (-2586.006104 814.653198 766.334717 ) (-2590.125488 800.919800 765.647827 ) (-2590.121826 800.921692 769.648804 ) 
3 1140 1145 (-2586.005127 814.654968 766.334656 ) (-2589.330811 821.308105 767.997803 ) (-2576.025391 847.916077 771.988770 ) 
4 1141 1147 (-2624 837.320312 770.668152 ) (-2624 837.320312 704 ) (-2624 783.982056 704 ) (-2624 783.982056 760 ) 
5 1141 1146 (-2560.005859 815.977600 760 ) (-2560 815.980469 760 ) (-2546.659424 842.640259 763.997925 ) (-2551.998047 853.317749 766.667419 ) (-2576.007812 847.982361 768.001526 ) 
4 1141 1142 (-2624 783.980469 760 ) (-2560.005859 815.977600 760 ) (-2576.007812 847.982361 768.001526 ) (-2624 837.317627 770.668152 ) 
4 1142 1147 (-2624 837.320312 774.667297 ) (-2624 837.320312 770.668152 ) (-2624 783.982056 760 ) (-2624 783.982056 764 ) 
3 1142 1145 (-2589.332275 821.305054 767.998901 ) (-2586.006104 814.651245 766.335510 ) (-2576.032959 847.901489 767.997253 ) 
5 1142 1144 (-2586.006104 814.651245 766.335510 ) (-2581.337891 805.312500 764 ) (-2560.008789 815.978577 760 ) (-2576.001709 847.963867 767.997253 ) (-2576.032959 847.901489 767.997253 ) 
4 1142 1143 (-2600.002441 842.650269 773.334961 ) (-2589.332275 821.305054 767.998901 ) (-2576.001709 847.963867 767.997253 ) (-2576.010498 847.981628 768.001709 ) 
5 1143 1145 (-2589.324219 821.320312 768 ) (-2575.990234 847.984375 768 ) (-2575.989258 847.986328 768 ) (-2575.989258 847.986389 772 ) (-2575.992188 847.980469 772 ) 
4 1144 1146 (-2560.002441 815.981689 760 ) (-2575.997070 847.974609 767.998230 ) (-2575.997070 847.974609 771.998047 ) (-2560 815.982666 764 ) 
3 1144 1145 (-2576.024170 847.918518 771.989502 ) (-2576.032227 847.902466 767.997620 ) (-2586.005371 814.652771 766.334534 ) 
4 1147 1163 (-2656 830.206665 704 ) (-2656 687.983765 704 ) (-2656 687.983826 2944 ) (-2656 830.206665 2944 ) 
4 1147 1157 (-2624 751.972656 704 ) (-2624 751.972656 742.671265 ) (-2656 687.979065 757.780518 ) (-2656 687.979065 704 ) 
3 1147 1155 (-2639.998535 719.978638 768 ) (-2656 687.979065 772 ) (-2656 687.979065 768 ) 
5 1147 1153 (-2624 751.972656 742.671265 ) (-2624 751.972656 764 ) (-2639.998535 719.978638 768 ) (-2656 687.979065 768 ) (-2656 687.979065 757.780518 ) 
4 1147 1152 (-2624 751.972656 768 ) (-2624 751.972656 771.997925 ) (-2656 687.979065 772 ) (-2639.998535 719.978638 768 ) 
3 1147 1151 (-2624 751.972656 764 ) (-2624 751.972656 768 ) (-2639.998535 719.978638 768 ) 
4 1147 1149 (-2624 751.972656 771.997925 ) (-2624 751.972656 2944 ) (-2656 687.979065 2944 ) (-2656 687.979065 772 ) 
3 1148 1163 (-2656 655.980164 768 ) (-2656 627.747803 764.471619 ) (-2656 595.984924 768 ) 
4 1148 1157 (-2624 627.746338 756.471436 ) (-2624 595.981323 760 ) (-2656 595.981873 768 ) (-2656 627.746765 764.471436 ) 
4 1148 1154 (-2624 627.750000 756.472656 ) (-2656 627.750000 764.472656 ) (-2656 655.973877 768 ) (-2624 655.974243 760 ) 
4 1148 1150 (-2624 655.977539 760 ) (-2656 655.977539 768 ) (-2656 595.989258 768 ) (-2624 595.989319 760 ) 
4 1149 1163 (-2656 559.979736 772 ) (-2656 559.979736 2944 ) (-2656 687.983826 2944 ) (-2656 687.983765 772 ) 
3 1149 1159 (-2624 559.977051 764 ) (-2624 487.966217 772 ) (-2656 559.978577 772 ) 
3 1149 1152 (-2656 687.978027 772 ) (-2624 751.971252 771.998535 ) (-2624 687.975952 764 ) 
4 1149 1150 (-2624 559.982361 763.998047 ) (-2656 559.982361 771.998596 ) (-2656 687.982849 772 ) (-2624 687.982849 764 ) 
4 1150 1163 (-2656 559.979736 772 ) (-2656 687.983765 772 ) (-2656 655.980164 768 ) (-2656 595.984924 768 ) 
4 1150 1160 (-2624 595.981323 760 ) (-2624 559.977051 764 ) (-2656 559.978577 772 ) (-2656 595.981873 768 ) 
4 1150 1156 (-2656 655.973877 768 ) (-2656 687.978027 772 ) (-2624 687.975952 764 ) (-2624 655.974243 760 ) 
3 1151 1153 (-2640.007812 719.971802 768 ) (-2624 751.983887 764 ) (-2624 719.975769 764 ) 
3 1151 1152 (-2624 751.976562 768 ) (-2639.996094 719.984680 768 ) (-2624 719.984680 764 ) 
5 1152 1155 (-2624 687.982849 764 ) (-2656 687.982849 772 ) (-2656 687.990662 772 ) (-2640.007812 719.971802 768 ) (-2624 719.975769 764 ) 
3 1153 1163 (-2656 687.983765 768 ) (-2656 687.983765 757.779785 ) (-2656 644.695312 762.588867 ) 
4 1153 1157 (-2656 687.980713 757.779968 ) (-2624 751.972656 742.670898 ) (-2624 644.694214 754.588684 ) (-2656 644.694214 762.588745 ) 
4 1153 1155 (-2624 719.984680 764 ) (-2639.996094 719.984680 768 ) (-2656 687.984375 768 ) (-2624 687.987610 760 ) 
4 1153 1154 (-2656 687.984375 768 ) (-2656 644.697632 762.588867 ) (-2624 644.697632 754.588867 ) (-2624 687.987610 760 ) 
4 1154 1163 (-2656 687.983765 768 ) (-2656 644.695312 762.588867 ) (-2656 627.747803 764.471619 ) (-2656 655.980164 768 ) 
4 1154 1157 (-2624 644.694214 754.588684 ) (-2624 627.746338 756.471436 ) (-2656 627.746765 764.471436 ) (-2656 644.694214 762.588745 ) 
4 1154 1156 (-2624 687.985352 760 ) (-2656 687.985352 768 ) (-2656 655.977844 768 ) (-2624 655.977844 760 ) 
4 1155 1156 (-2656 687.984070 768.001953 ) (-2624 687.984070 760.001953 ) (-2624 687.984070 764 ) (-2656 687.984070 772 ) 
3 1156 1163 (-2656 687.983765 772 ) (-2656 687.983765 768 ) (-2656 655.980164 768 ) 
5 1157 1163 (-2656 687.983765 704 ) (-2656 559.979736 704 ) (-2656 559.979736 768 ) (-2656 595.984863 768 ) (-2656 687.983765 757.779785 ) 
4 1157 1160 (-2624 595.988892 760 ) (-2656 595.988831 768 ) (-2656 559.981018 768 ) (-2624 559.973633 760 ) 
3 1157 1158 (-2656 559.981018 768 ) (-2624 487.968750 760 ) (-2624 559.973633 760 ) 
4 1158 1161 (-2624 559.979614 760 ) (-2656 559.979614 768 ) (-2640.004150 523.981567 768.001038 ) (-2624 523.982727 764 ) 
3 1158 1159 (-2640.004150 523.981567 768.001038 ) (-2624 487.964844 768.001465 ) (-2624 523.982727 764 ) 
5 1159 1161 (-2624 523.982178 763.998047 ) (-2640.003906 523.982178 768 ) (-2656 559.979980 772 ) (-2656 559.984375 772 ) (-2624 559.984375 764 ) 
3 1160 1163 (-2656 559.979736 768 ) (-2656 559.979736 772 ) (-2656 595.984863 768 ) 
4 1160 1161 (-2656 559.979980 768.001892 ) (-2624 559.979980 760.001953 ) (-2624 559.979980 763.998047 ) (-2656 559.979980 771.997986 ) 
4 1162 1164 (-2048 320 768 ) (-2048 320 2944 ) (-2656 320 2944 ) (-2656 320 768 ) 
4 1162 1163 (-2656 335.980469 704 ) (-2656 320 704 ) (-2656 320 2944 ) (-2656 335.980469 2944 ) 
4 1163 1326 (-3072 1024 768 ) (-3072 1024 704 ) (-3072 320 704 ) (-3072 320 768 ) 
4 1163 1324 (-3072 1024 832 ) (-3072 1024 768 ) (-3072 320 768 ) (-3072 320 832 ) 
4 1163 1321 (-3072 1024 960 ) (-3072 1024 832 ) (-3072 320 832 ) (-3072 320 960 ) 
4 1163 1319 (-3072 1024 1024 ) (-3072 1024 960 ) (-3072 320 960 ) (-3072 320 1024 ) 
4 1163 1318 (-3072 1024 2944 ) (-3072 1024 1024 ) (-3072 320 1024 ) (-3072 320 2944 ) 
4 1163 1164 (-3072 320 2944 ) (-3072 320 768 ) (-2656 320 768 ) (-2656 320 2944 ) 
4 1164 1324 (-3072 320 832 ) (-3072 320 768 ) (-3072 256 768 ) (-3072 256 832 ) 
4 1164 1321 (-3072 320 960 ) (-3072 320 832 ) (-3072 256 832 ) (-3072 256 960 ) 
4 1164 1319 (-3072 320 1024 ) (-3072 320 960 ) (-3072 256 960 ) (-3072 256 1024 ) 
4 1164 1318 (-3072 320 2944 ) (-3072 320 1024 ) (-3072 256 1024 ) (-3072 256 2944 ) 
4 1164 1165 (-3072 256 2944 ) (-3072 256 768 ) (-2048 256 768 ) (-2048 256 2944 ) 
4 1165 1325 (-3072 224 768 ) (-3072 192 768 ) (-3072 192 832 ) (-3072 224 832 ) 
4 1165 1324 (-3072 256 832 ) (-3072 256 768 ) (-3072 224 768 ) (-3072 224 832 ) 
4 1165 1322 (-3072 224 832 ) (-3072 192 832 ) (-3072 192 960 ) (-3072 224 960 ) 
4 1165 1321 (-3072 256 960 ) (-3072 256 832 ) (-3072 224 832 ) (-3072 224 960 ) 
4 1165 1320 (-3072 224 960 ) (-3072 192 960 ) (-3072 192 1024 ) (-3072 224 1024 ) 
4 1165 1319 (-3072 256 1024 ) (-3072 256 960 ) (-3072 224 960 ) (-3072 224 1024 ) 
4 1165 1318 (-3072 192 2944 ) (-3072 256 2944 ) (-3072 256 1024 ) (-3072 192 1024 ) 
4 1165 1166 (-2048 192 768 ) (-2048 192 2944 ) (-3072 192 2944 ) (-3072 192 768 ) 
4 1166 1327 (-3072 0 704 ) (-3072 0 768 ) (-3072 192 768 ) (-3072 192 704 ) 
4 1166 1325 (-3072 0 768 ) (-3072 0 832 ) (-3072 192 832 ) (-3072 192 768 ) 
4 1166 1322 (-3072 0 832 ) (-3072 0 960 ) (-3072 192 960 ) (-3072 192 832 ) 
4 1166 1320 (-3072 0 960 ) (-3072 0 1024 ) (-3072 192 1024 ) (-3072 192 960 ) 
4 1166 1318 (-3072 0 1024 ) (-3072 0 2944 ) (-3072 192 2944 ) (-3072 192 1024 ) 
4 1166 1270 (-3008 0 2944 ) (-3072 0 2944 ) (-3072 0 704 ) (-3008 0 704 ) 
4 1166 1269 (-2048 0 704 ) (-2048 0 2944 ) (-3008 0 2944 ) (-3008 0 704 ) 
4 1166 1167 (-2048 0 704 ) (-3072 0 704 ) (-3072 128 704 ) (-2048 128 704 ) 
4 1167 1331 (-3072 0 576 ) (-3072 0 704 ) (-3072 128 704 ) (-3072 128 576 ) 
4 1167 1270 (-3008 0 704 ) (-3072 0 704 ) (-3072 0 576 ) (-3008 0 576 ) 
4 1167 1269 (-2048 0 576 ) (-2048 0 704 ) (-3008 0 704 ) (-3008 0 576 ) 
4 1167 1176 (-2880 0 576 ) (-3072 0 576 ) (-3072 64 576 ) (-2880 64 576 ) 
4 1167 1171 (-2348 50 576 ) (-2348 62 576 ) (-2312 62 576 ) (-2312 50 576 ) 
4 1167 1169 (-2348 62 576 ) (-2348 64 576 ) (-2312 64 576 ) (-2312 62 576 ) 
4 1167 1173 (-2312 0 576 ) (-2348 0 576 ) (-2348 50 576 ) (-2312 50 576 ) 
4 1167 1168 (-2048 64 576 ) (-2048 0 576 ) (-2312 0 576 ) (-2312 64 576 ) 
4 1167 1174 (-2348 0 576 ) (-2880 0 576 ) (-2880 64 576 ) (-2348 64 576 ) 
4 1168 1269 (-2048 0 448 ) (-2048 0 576 ) (-2312 0 576 ) (-2312 0 448 ) 
4 1168 1175 (-2312 64 448 ) (-2048 64 448 ) (-2048 0 448 ) (-2312 0 448 ) 
4 1168 1172 (-2312 50 460 ) (-2312 50 464 ) (-2312 62 468 ) (-2312 62 464 ) 
4 1168 1171 (-2312 50 464 ) (-2312 50 576 ) (-2312 62 576 ) (-2312 62 468 ) 
4 1168 1170 (-2312 62 448 ) (-2312 50 448 ) (-2312 50 460 ) (-2312 62 464 ) 
4 1168 1169 (-2312 64 576 ) (-2312 64 448 ) (-2312 62 448 ) (-2312 62 576 ) 
4 1168 1173 (-2312 50 448 ) (-2312 0 448 ) (-2312 0 576 ) (-2312 50 576 ) 
4 1169 1175 (-2348 64 448 ) (-2312 64 448 ) (-2312 62 448 ) (-2348 62 448 ) 
4 1169 1172 (-2348 62 468 ) (-2348 62 464 ) (-2312 62 464 ) (-2312 62 468 ) 
4 1169 1171 (-2348 62 576 ) (-2348 62 468 ) (-2312 62 468 ) (-2312 62 576 ) 
4 1169 1170 (-2348 62 464 ) (-2348 62 448 ) (-2312 62 448 ) (-2312 62 464 ) 
4 1169 1174 (-2348 64 576 ) (-2348 64 448 ) (-2348 62 448 ) (-2348 62 576 ) 
4 1170 1175 (-2312 62 448 ) (-2312 50 448 ) (-2348 50 448 ) (-2348 62 448 ) 
4 1170 1172 (-2312 62 464 ) (-2348 62 464 ) (-2348 50 460 ) (-2312 50 460 ) 
4 1170 1174 (-2348 62 448 ) (-2348 50 448 ) (-2348 50 460 ) (-2348 62 464 ) 
4 1170 1173 (-2348 50 460 ) (-2348 50 448 ) (-2312 50 448 ) (-2312 50 460 ) 
4 1171 1173 (-2348 50 576 ) (-2348 50 464 ) (-2312 50 464 ) (-2312 50 576 ) 
4 1171 1174 (-2348 50 464 ) (-2348 50 576 ) (-2348 62 576 ) (-2348 62 468 ) 
4 1171 1172 (-2312 50 464 ) (-2348 50 464 ) (-2348 62 468 ) (-2312 62 468 ) 
4 1172 1173 (-2348 50 464 ) (-2348 50 460 ) (-2312 50 460 ) (-2312 50 464 ) 
4 1172 1174 (-2348 50 460 ) (-2348 50 464 ) (-2348 62 468 ) (-2348 62 464 ) 
4 1173 1269 (-2312 0 576 ) (-2348 0 576 ) (-2348 0 448 ) (-2312 0 448 ) 
4 1173 1175 (-2312 50 448 ) (-2312 0 448 ) (-2348 0 448 ) (-2348 50 448 ) 
4 1173 1174 (-2348 50 448 ) (-2348 0 448 ) (-2348 0 576 ) (-2348 50 576 ) 
4 1174 1269 (-2348 0 576 ) (-2880 0 576 ) (-2880 0 448 ) (-2348 0 448 ) 
4 1174 1176 (-2880 0 448 ) (-2880 0 576 ) (-2880 64 576 ) (-2880 64 448 ) 
4 1174 1175 (-2880 0 448 ) (-2880 64 448 ) (-2348 64 448 ) (-2348 0 448 ) 
4 1175 1269 (-2048 0 384 ) (-2048 0 448 ) (-2880 0 448 ) (-2880 0 384 ) 
4 1175 1176 (-2880 64 384 ) (-2880 0 384 ) (-2880 0 448 ) (-2880 64 448 ) 
4 1176 1344 (-3072 0 384 ) (-3072 0 576 ) (-3072 64 576 ) (-3072 64 384 ) 
4 1176 1270 (-3008 0 576 ) (-3072 0 576 ) (-3072 0 384 ) (-3008 0 384 ) 
4 1176 1269 (-2880 0 576 ) (-3008 0 576 ) (-3008 0 384 ) (-2880 0 384 ) 
4 1177 1269 (-2048 0 288 ) (-2048 0 320 ) (-2112 0 320 ) (-2112 0 288 ) 
4 1178 1269 (-2176 0 320 ) (-2272 0 320 ) (-2272 0 288 ) (-2176 0 288 ) 
4 1179 1269 (-2304 0 320 ) (-2432 0 320 ) (-2432 0 288 ) (-2304 0 288 ) 
4 1180 1269 (-2464 0 320 ) (-2560 0 320 ) (-2560 0 288 ) (-2464 0 288 ) 
4 1181 1269 (-2624 0 320 ) (-2880 0 320 ) (-2880 0 288 ) (-2624 0 288 ) 
5 1182 1191 (-2048 864 128 ) (-2048 774.529907 128 ) (-2080 768 128 ) (-2400 768 128 ) (-2400 864 128 ) 
4 1182 1189 (-2048 992 128 ) (-2048 864 128 ) (-2400 864 128 ) (-2400 992 128 ) 
5 1182 1188 (-2400 1024 128 ) (-2080 1024 128 ) (-2048 1017.475037 128 ) (-2048 992 128 ) (-2400 992 128 ) 
4 1183 1269 (-2176 0 256 ) (-2240 0 256 ) (-2240 0 128 ) (-2176 0 128 ) 
4 1183 1217 (-2176 0 128 ) (-2240 0 128 ) (-2240 191.998123 128 ) (-2176 127.998047 128 ) 
4 1183 1185 (-2240 191.998108 128 ) (-2240 0 128 ) (-2240 0 256 ) (-2240 191.998123 256 ) 
4 1184 1218 (-2240 320 128 ) (-2240 512 128 ) (-2176 512 128 ) (-2176 384 128 ) 
4 1184 1185 (-2240 512 256 ) (-2240 512 128 ) (-2240 320 128 ) (-2240 320 256 ) 
4 1185 1269 (-2240 0 256 ) (-2496 0 256 ) (-2496 0 128 ) (-2240 0 128 ) 
4 1185 1219 (-2240 0 128 ) (-2496 0 128 ) (-2496 512 128 ) (-2240 512 128 ) 
4 1185 1187 (-2496 512 256 ) (-2496 512 128 ) (-2496 320 128 ) (-2496 320 256 ) 
4 1185 1186 (-2496 192.001984 128 ) (-2496 0 128 ) (-2496 0 256 ) (-2496 192.001984 256 ) 
4 1186 1269 (-2496 0 256 ) (-2560 0 256 ) (-2560 0 128 ) (-2496 0 128 ) 
4 1186 1220 (-2496 0 128 ) (-2560 0 128 ) (-2560 128.001892 128 ) (-2496 192.001984 128 ) 
4 1187 1221 (-2560 384 128 ) (-2560 512 128 ) (-2496 512 128 ) (-2496 320 128 ) 
4 1188 1189 (-2624 992 0 ) (-2048 992 0 ) (-2048 992 128 ) (-2624 992 128 ) 
4 1189 1191 (-2624 864 0 ) (-2048 864 0 ) (-2048 864 128 ) (-2624 864 128 ) 
4 1189 1190 (-2652 956 0 ) (-2652 900 0 ) (-2652 900 112 ) (-2652 956 112 ) 
4 1190 1222 (-2656 956 0 ) (-2656 900 0 ) (-2656 900 112 ) (-2656 956 112 ) 
4 1191 1216 (-2560 768 0 ) (-2496 768 0 ) (-2496 768 8 ) (-2560 768 8 ) 
4 1191 1215 (-2496 768 0 ) (-2240 768 0 ) (-2240 768 8 ) (-2496 768 8 ) 
4 1191 1206 (-2496 768 128 ) (-2560 768 128 ) (-2560 768 8 ) (-2496 768 8 ) 
4 1191 1199 (-2432 768 120 ) (-2496 768 120 ) (-2496 768 8 ) (-2432 768 8 ) 
4 1191 1195 (-2240 768 8 ) (-2240 768 120 ) (-2304 768 120 ) (-2304 768 8 ) 
4 1191 1197 (-2304 768 120 ) (-2432 768 120 ) (-2432 768 8 ) (-2304 768 8 ) 
4 1191 1193 (-2240 768 120 ) (-2240 768 128 ) (-2496 768 128 ) (-2496 768 120 ) 
4 1191 1192 (-2240 768 0 ) (-2176 768 0 ) (-2176 768 128 ) (-2240 768 128 ) 
4 1192 1215 (-2240 768 8 ) (-2240 768 0 ) (-2240 576 0 ) (-2240 576 8 ) 
4 1192 1202 (-2240 604 8 ) (-2240 576 8 ) (-2240 576 120 ) (-2240 604 120 ) 
4 1192 1195 (-2240 768 120 ) (-2240 768 8 ) (-2240 608 8 ) (-2240 608 120 ) 
4 1192 1201 (-2240 608 8 ) (-2240 604 8 ) (-2240 604 120 ) (-2240 608 120 ) 
4 1192 1193 (-2240 768 128 ) (-2240 768 120 ) (-2240 576 120 ) (-2240 576 128 ) 
4 1193 1207 (-2240 572 120 ) (-2240 572 128 ) (-2496 572 128 ) (-2496 572 120 ) 
4 1193 1206 (-2496 768 128 ) (-2496 768 120 ) (-2496 576 120 ) (-2496 576 128 ) 
4 1193 1204 (-2496 576 120 ) (-2496 604 120 ) (-2492 604 120 ) (-2492 576 120 ) 
4 1193 1203 (-2492 604 120 ) (-2244 604 120 ) (-2244 576 120 ) (-2492 576 120 ) 
4 1193 1202 (-2244 604 120 ) (-2240 604 120 ) (-2240 576 120 ) (-2244 576 120 ) 
4 1193 1205 (-2240 572 120 ) (-2496 572 120 ) (-2496 576 120 ) (-2240 576 120 ) 
4 1193 1200 (-2496 608 120 ) (-2432 672 120 ) (-2432 668 120 ) (-2492 608 120 ) 
4 1193 1199 (-2496 608 120 ) (-2496 768 120 ) (-2432 768 120 ) (-2432 672 120 ) 
3 1193 1198 (-2432 668 120 ) (-2432 608 120 ) (-2492 608 120 ) 
4 1193 1196 (-2240 608 120 ) (-2244 608 120 ) (-2304 668.001953 120 ) (-2304 672.004089 120 ) 
4 1193 1195 (-2304 768 120 ) (-2240 768 120 ) (-2240 608 120 ) (-2304 672.004089 120 ) 
3 1193 1194 (-2244 608 120 ) (-2304 608 120 ) (-2304 668.001953 120 ) 
4 1193 1197 (-2432 768 120 ) (-2304 768 120 ) (-2304 608 120 ) (-2432 608 120 ) 
4 1193 1201 (-2496 604 120 ) (-2496 608 120 ) (-2240 608 120 ) (-2240 604 120 ) 
3 1194 1215 (-2244 608 8 ) (-2304 608 8 ) (-2304 668.001953 8 ) 
4 1194 1196 (-2244.002930 608 120 ) (-2244.002930 608 8 ) (-2304 668 8 ) (-2304 668 120 ) 
4 1194 1197 (-2304 668.001953 8 ) (-2304 608 8 ) (-2304 608 120 ) (-2304 668.001953 120 ) 
4 1194 1201 (-2244 608 120 ) (-2304 608 120 ) (-2304 608 8 ) (-2244 608 8 ) 
4 1195 1215 (-2304 768 8 ) (-2240 768 8 ) (-2240 608 8 ) (-2304 672.004089 8 ) 
4 1195 1197 (-2304 768 8 ) (-2304 672.004089 8 ) (-2304 672.004089 120 ) (-2304 768 120 ) 
4 1195 1196 (-2304 672.005859 120 ) (-2304 672.005859 8 ) (-2240 608.001953 8 ) (-2240 608.001953 120 ) 
4 1196 1215 (-2240 608 8 ) (-2244 608 8 ) (-2304 668.001953 8 ) (-2304 672.004089 8 ) 
4 1196 1201 (-2240 608 120 ) (-2244 608 120 ) (-2244 608 8 ) (-2240 608 8 ) 
4 1196 1197 (-2304 672.004089 8 ) (-2304 668.001953 8 ) (-2304 668.001953 120 ) (-2304 672.004089 120 ) 
4 1197 1215 (-2432 768 8 ) (-2304 768 8 ) (-2304 608 8 ) (-2432 608 8 ) 
4 1197 1200 (-2432 672 8 ) (-2432 668 8 ) (-2432 668 120 ) (-2432 672 120 ) 
4 1197 1199 (-2432 768 8 ) (-2432 672 8 ) (-2432 672 120 ) (-2432 768 120 ) 
4 1197 1198 (-2432 668 8 ) (-2432 608 8 ) (-2432 608 120 ) (-2432 668 120 ) 
4 1197 1201 (-2304 608 120 ) (-2432 608 120 ) (-2432 608 8 ) (-2304 608 8 ) 
3 1198 1215 (-2432 668 8 ) (-2432 608 8 ) (-2492 608 8 ) 
4 1198 1200 (-2432 668 120 ) (-2432 668 8 ) (-2492 608 8 ) (-2492 608 120 ) 
4 1198 1201 (-2432 608 120 ) (-2492 608 120 ) (-2492 608 8 ) (-2432 608 8 ) 
4 1199 1215 (-2496 768 8 ) (-2432 768 8 ) (-2432 672 8 ) (-2496 608 8 ) 
4 1199 1206 (-2496 768 120 ) (-2496 768 8 ) (-2496 608 8 ) (-2496 608 120 ) 
4 1199 1200 (-2496 608 120 ) (-2496 608 8 ) (-2432 672 8 ) (-2432 672 120 ) 
4 1200 1215 (-2432 672 8 ) (-2432 668 8 ) (-2492 608 8 ) (-2496 608 8 ) 
4 1200 1201 (-2492 608 120 ) (-2496 608 120 ) (-2496 608 8 ) (-2492 608 8 ) 
4 1201 1215 (-2240 608 8 ) (-2240 604 8 ) (-2496 604 8 ) (-2496 608 8 ) 
4 1201 1206 (-2496 608 8 ) (-2496 604 8 ) (-2496 604 120 ) (-2496 608 120 ) 
4 1201 1204 (-2492 604 120 ) (-2496 604 120 ) (-2496 604 8 ) (-2492 604 8 ) 
4 1201 1203 (-2244 604 120 ) (-2492 604 120 ) (-2492 604 8 ) (-2244 604 8 ) 
4 1201 1202 (-2240 604 120 ) (-2244 604 120 ) (-2244 604 8 ) (-2240 604 8 ) 
4 1202 1215 (-2240 604 8 ) (-2240 576 8 ) (-2244 576 8 ) (-2244 604 8 ) 
4 1202 1203 (-2244 604 120 ) (-2244 604 8 ) (-2244 576 8 ) (-2244 576 120 ) 
4 1202 1205 (-2240 576 120 ) (-2244 576 120 ) (-2244 576 8 ) (-2240 576 8 ) 
4 1203 1215 (-2244 576 8 ) (-2492 576 8 ) (-2492 604 8 ) (-2244 604 8 ) 
4 1203 1205 (-2244 576 120 ) (-2492 576 120 ) (-2492 576 8 ) (-2244 576 8 ) 
4 1203 1204 (-2492 604 120 ) (-2492 604 8 ) (-2492 576 8 ) (-2492 576 120 ) 
4 1204 1215 (-2492 576 8 ) (-2496 576 8 ) (-2496 604 8 ) (-2492 604 8 ) 
4 1204 1206 (-2496 604 8 ) (-2496 576 8 ) (-2496 576 120 ) (-2496 604 120 ) 
4 1204 1205 (-2492 576 120 ) (-2496 576 120 ) (-2496 576 8 ) (-2492 576 8 ) 
4 1205 1215 (-2240 576 8 ) (-2240 572 8 ) (-2496 572 8 ) (-2496 576 8 ) 
4 1205 1208 (-2492 572 8 ) (-2244 572 8 ) (-2244 572 120 ) (-2492 572 120 ) 
4 1206 1216 (-2560 576 8 ) (-2560 768 8 ) (-2496 768 8 ) (-2496 576 8 ) 
4 1207 1209 (-2496 516 128 ) (-2496 516 120 ) (-2240 516 120 ) (-2240 516 128 ) 
4 1207 1208 (-2244 516 120 ) (-2492 516 120 ) (-2492 572 120 ) (-2244 572 120 ) 
4 1208 1215 (-2492 572 8 ) (-2244 572 8 ) (-2244 516 8 ) (-2492 516 8 ) 
4 1208 1213 (-2492 516 8 ) (-2432 516 8 ) (-2432 516 120 ) (-2492 516 120 ) 
4 1208 1211 (-2304 516 8 ) (-2244 516 8 ) (-2244 516 120 ) (-2304 516 120 ) 
4 1208 1212 (-2432 516 8 ) (-2304 516 8 ) (-2304 516 120 ) (-2432 516 120 ) 
4 1209 1219 (-2240 512 120 ) (-2240 512 128 ) (-2496 512 128 ) (-2496 512 120 ) 
4 1209 1214 (-2496 512 120 ) (-2496 516 120 ) (-2492 516 120 ) (-2492 512 120 ) 
4 1209 1213 (-2492 516 120 ) (-2432 516 120 ) (-2432 512 120 ) (-2492 512 120 ) 
4 1209 1211 (-2304 516 120 ) (-2244 516 120 ) (-2244 512 120 ) (-2304 512 120 ) 
4 1209 1210 (-2244 516 120 ) (-2240 516 120 ) (-2240 512 120 ) (-2244 512 120 ) 
4 1209 1212 (-2432 516 120 ) (-2304 516 120 ) (-2304 512 120 ) (-2432 512 120 ) 
4 1210 1219 (-2240 512 8 ) (-2240 512 120 ) (-2244 512 120 ) (-2244 512 8 ) 
4 1210 1215 (-2240 516 8 ) (-2240 512 8 ) (-2244 512 8 ) (-2244 516 8 ) 
4 1210 1211 (-2244 512 120 ) (-2244 516 120 ) (-2244 516 8 ) (-2244 512 8 ) 
4 1211 1219 (-2244 512 120 ) (-2304 512 120 ) (-2304 512 8 ) (-2244 512 8 ) 
4 1211 1215 (-2244 512 8 ) (-2304 512 8 ) (-2304 516 8 ) (-2244 516 8 ) 
4 1211 1212 (-2304 512 120 ) (-2304 516 120 ) (-2304 516 8 ) (-2304 512 8 ) 
4 1212 1219 (-2304 512 120 ) (-2432 512 120 ) (-2432 512 8 ) (-2304 512 8 ) 
4 1212 1215 (-2304 512 8 ) (-2432 512 8 ) (-2432 516 8 ) (-2304 516 8 ) 
4 1212 1213 (-2432 512 120 ) (-2432 516 120 ) (-2432 516 8 ) (-2432 512 8 ) 
4 1213 1219 (-2432 512 120 ) (-2492 512 120 ) (-2492 512 8 ) (-2432 512 8 ) 
4 1213 1215 (-2432 512 8 ) (-2492 512 8 ) (-2492 516 8 ) (-2432 516 8 ) 
4 1213 1214 (-2492 512 120 ) (-2492 516 120 ) (-2492 516 8 ) (-2492 512 8 ) 
4 1214 1219 (-2492 512 120 ) (-2496 512 120 ) (-2496 512 8 ) (-2492 512 8 ) 
4 1214 1215 (-2492 512 8 ) (-2496 512 8 ) (-2496 516 8 ) (-2492 516 8 ) 
4 1215 1219 (-2496 512 0 ) (-2240 512 0 ) (-2240 512 8 ) (-2496 512 8 ) 
4 1215 1216 (-2496 576 8 ) (-2496 768 8 ) (-2496 768 0 ) (-2496 576 0 ) 
4 1217 1272 (-2240 0 112 ) (-2240 0 2.504270 ) (-2176 0 2.504270 ) (-2176 0 112 ) 
4 1217 1269 (-2176 0 128 ) (-2240 0 128 ) (-2240 0 112 ) (-2176 0 112 ) 
4 1217 1219 (-2240 191.998108 0 ) (-2240 0 0 ) (-2240 0 128 ) (-2240 191.998123 128 ) 
4 1218 1219 (-2240 512 128 ) (-2240 512 0 ) (-2240 320 0 ) (-2240 320 128 ) 
4 1219 1272 (-2496 0 112 ) (-2496 0 2.504270 ) (-2240 0 2.504270 ) (-2240 0 112 ) 
4 1219 1269 (-2240 0 128 ) (-2496 0 128 ) (-2496 0 112 ) (-2240 0 112 ) 
4 1219 1221 (-2496 512 128 ) (-2496 512 0 ) (-2496 320 0 ) (-2496 320 128 ) 
4 1219 1220 (-2496 192.001984 0 ) (-2496 0 0 ) (-2496 0 128 ) (-2496 192.001984 128 ) 
4 1220 1272 (-2560 0 112 ) (-2560 0 2.504270 ) (-2496 0 2.504270 ) (-2496 0 112 ) 
4 1220 1269 (-2496 0 128 ) (-2560 0 128 ) (-2560 0 112 ) (-2496 0 112 ) 
4 1222 1224 (-2944 992 112 ) (-2944 992 0 ) (-2944 864 0 ) (-2944 864 112 ) 
4 1222 1223 (-2944 992 128 ) (-2944 992 112 ) (-2944 864 112 ) (-2944 864 128 ) 
4 1223 1338 (-3072 864 128 ) (-3072 992 128 ) (-3072 992 112 ) (-3072 864 112 ) 
4 1223 1224 (-3072 992 112 ) (-2944 992 112 ) (-2944 836 112 ) (-3072 836 112 ) 
4 1224 1338 (-3072 992 112 ) (-3072 992 0 ) (-3072 864 0 ) (-3072 864 112 ) 
4 1224 1225 (-3036 836 0 ) (-2980 836 0 ) (-2980 836 112 ) (-3036 836 112 ) 
4 1225 1228 (-3036 832 0 ) (-2980 832 0 ) (-2980 832 112 ) (-3036 832 112 ) 
4 1226 1227 (-2928 624 128 ) (-2928 624 0 ) (-2928 384 0 ) (-2928 384 128 ) 
4 1227 1228 (-2944 640 0 ) (-2944 320 0 ) (-2944 320 128 ) (-2944 640 128 ) 
4 1228 1339 (-3072 320 128 ) (-3072 640 128 ) (-3072 640 0 ) (-3072 320 0 ) 
4 1229 1259 (-1408 -256 2944 ) (-1472 -256 2944 ) (-1472 -256 1024 ) (-1408 -256 1024 ) 
4 1229 1258 (-1216 -256 2944 ) (-1408 -256 2944 ) (-1408 -256 1056 ) (-1216 -256 1056 ) 
4 1229 1246 (-1088 -256 2944 ) (-1216 -256 2944 ) (-1216 -256 1216 ) (-1088 -256 1216 ) 
4 1229 1244 (-1024 -256 1152 ) (-1024 -256 2944 ) (-1088 -256 2944 ) (-1088 -256 1152 ) 
4 1229 1233 (-1472 -256 1024 ) (-1472 -256 2944 ) (-1472 0 2944 ) (-1472 0 1024 ) 
4 1229 1230 (-1024 -256 1024 ) (-1472 -256 1024 ) (-1472 0 1024 ) (-1024 0 1024 ) 
4 1231 1239 (-1472 -32 112 ) (-1472 0 112 ) (-1024 0 112 ) (-1024 -32 112 ) 
4 1231 1236 (-1472 0 112 ) (-1472 -32 112 ) (-1472 -32 256 ) (-1472 0 256 ) 
4 1231 1232 (-1472 -32 704 ) (-1472 -32 112 ) (-1024 -32 112 ) (-1024 -32 704 ) 
4 1232 1242 (-1024 -256 112 ) (-1472 -256 112 ) (-1472 -208 112 ) (-1024 -208 112 ) 
4 1232 1240 (-1472 -208 112 ) (-1472 -160 112 ) (-1024 -160 112 ) (-1024 -208 112 ) 
4 1232 1239 (-1472 -160 112 ) (-1472 -32 112 ) (-1024 -32 112 ) (-1024 -160 112 ) 
4 1232 1236 (-1472 -32 112 ) (-1472 -256 112 ) (-1472 -256 256 ) (-1472 -32 256 ) 
4 1233 1259 (-1472 -256 2944 ) (-1664 -256 2944 ) (-1664 -256 1024 ) (-1472 -256 1024 ) 
4 1233 1234 (-1664 0 1024 ) (-1664 -256 1024 ) (-1664 -256 2944 ) (-1664 0 2944 ) 
4 1234 1269 (-2048 0 2944 ) (-2048 0 1024 ) (-2048 -256 1024 ) (-2048 -256 2944 ) 
4 1234 1260 (-1664 -256 2944 ) (-2048 -256 2944 ) (-2048 -256 1024 ) (-1664 -256 1024 ) 
4 1234 1235 (-1664 -256 1024 ) (-2048 -256 1024 ) (-2048 0 1024 ) (-1664 0 1024 ) 
4 1235 1269 (-2048 0 1024 ) (-2048 0 256 ) (-2048 -256 256 ) (-2048 -256 1024 ) 
4 1235 1263 (-2048 -256 1024 ) (-2048 -256 256 ) (-1664 -256 256 ) (-1664 -256 1024 ) 
4 1235 1237 (-1728 0 256 ) (-1664 0 256 ) (-1664 -256 256 ) (-1728 -256 256 ) 
4 1235 1238 (-2048 0 256 ) (-1728 0 256 ) (-1728 -256 256 ) (-2048 -256 256 ) 
4 1236 1242 (-1472 -256 112 ) (-1632 -256 112 ) (-1632 -208 112 ) (-1472 -208 112 ) 
4 1236 1240 (-1632 -208 112 ) (-1632 -160 112 ) (-1472 -160 112 ) (-1472 -208 112 ) 
4 1236 1239 (-1632 -160 112 ) (-1632 0 112 ) (-1472 0 112 ) (-1472 -160 112 ) 
3 1237 1265 (-1664 -256 256 ) (-1728 -256 256 ) (-1728 -256 128.002197 ) 
4 1237 1238 (-1728 -256 128.002182 ) (-1728 -256 256 ) (-1728 0 256 ) (-1728 0 128.002197 ) 
4 1238 1269 (-2048 0 256 ) (-2048 0 112 ) (-2048 -256 112 ) (-2048 -256 256 ) 
4 1238 1265 (-2048 -256 256 ) (-2048 -256 112 ) (-1728 -256 112 ) (-1728 -256 256 ) 
4 1238 1243 (-1728 -256 112 ) (-2048 -256 112 ) (-2048 0 112 ) (-1728 0 112 ) 
4 1239 1240 (-1696 -160 0 ) (-1024 -160 0 ) (-1024 -160 112 ) (-1696 -160 112 ) 
4 1240 1242 (-1696 -208 0 ) (-1024 -208 0 ) (-1024 -208 112 ) (-1696 -208 112 ) 
4 1240 1241 (-1696 -160 96 ) (-1696 -160 0 ) (-1696 -208 0 ) (-1696 -208 96 ) 
4 1241 1243 (-1728 -160 96 ) (-1728 -160 2.504270 ) (-1728 -208 2.504270 ) (-1728 -208 96 ) 
4 1243 1272 (-2048 0 112 ) (-2048 0 2.504270 ) (-2048 -256 2.504270 ) (-2048 -256 112 ) 
4 1243 1265 (-1728 -256 2.504270 ) (-1728 -256 112 ) (-2048 -256 112 ) (-2048 -256 2.504270 ) 
4 1244 1246 (-1088 -448 1216 ) (-1088 -448 2944 ) (-1088 -256 2944 ) (-1088 -256 1216 ) 
4 1244 1245 (-1088 -448 2944 ) (-1088 -448 1152 ) (-1024 -448 1152 ) (-1024 -448 2944 ) 
4 1245 1249 (-1088 -480 1056 ) (-1024 -480 1056 ) (-1024 -480 2944 ) (-1088 -480 2944 ) 
4 1245 1247 (-1088 -448 1056 ) (-1088 -480 1056 ) (-1088 -480 2944 ) (-1088 -448 2944 ) 
4 1246 1258 (-1216 -256 2944 ) (-1216 -256 1216 ) (-1216 -448 1216 ) (-1216 -448 2944 ) 
4 1246 1247 (-1088 -448 1216 ) (-1088 -448 2944 ) (-1216 -448 2944 ) (-1216 -448 1216 ) 
4 1247 1258 (-1216 -448 1056 ) (-1216 -480 1056 ) (-1216 -480 2944 ) (-1216 -448 2944 ) 
4 1247 1249 (-1216 -480 2944 ) (-1216 -480 1056 ) (-1088 -480 1056 ) (-1088 -480 2944 ) 
3 1248 1266 (-1216 -640 256 ) (-1216 -576 256 ) (-1152 -640 256 ) 
4 1248 1264 (-1216 -576 256 ) (-1216 -640 256 ) (-1216 -640 1024 ) (-1216 -576 1024 ) 
4 1248 1261 (-1216 -640 1024 ) (-1216 -640 2944 ) (-1216 -576 2944 ) (-1216 -576 1024 ) 
4 1248 1257 (-1216 -640 2944 ) (-1216 -640 256 ) (-1152 -640 256 ) (-1152 -640 2944 ) 
4 1248 1255 (-1216 -576 448 ) (-1216 -576 512 ) (-1152 -640 512 ) (-1152 -640 448 ) 
4 1248 1256 (-1216 -576 320 ) (-1216 -576 384 ) (-1152 -640 384 ) (-1152 -640 320 ) 
4 1248 1254 (-1216 -576 576 ) (-1216 -576 640 ) (-1152 -640 640 ) (-1152 -640 576 ) 
4 1248 1253 (-1216 -576 704 ) (-1216 -576 768 ) (-1152 -640 768 ) (-1152 -640 704 ) 
4 1248 1251 (-1216 -576 960 ) (-1216 -576 1024 ) (-1152 -640 1024 ) (-1152 -640 960 ) 
4 1248 1252 (-1216 -576 832 ) (-1216 -576 896 ) (-1152 -640 896 ) (-1152 -640 832 ) 
4 1248 1250 (-1216 -576 1056 ) (-1216 -576 2944 ) (-1152 -640 2944 ) (-1152 -640 1056 ) 
4 1249 1258 (-1216 -512 2944 ) (-1216 -480 2944 ) (-1216 -480 1056 ) (-1216 -512 1056 ) 
4 1249 1250 (-1216 -512 1056 ) (-1024 -512 1056 ) (-1024 -512 2944 ) (-1216 -512 2944 ) 
4 1250 1261 (-1216 -576 1056 ) (-1216 -576 2944 ) (-1216 -512 2944 ) (-1216 -512 1056 ) 
4 1250 1257 (-1024 -640 1056 ) (-1024 -640 2944 ) (-1152 -640 2944 ) (-1152 -640 1056 ) 
4 1251 1264 (-1216 -576 960 ) (-1216 -576 1024 ) (-1216 -512 1024 ) (-1216 -512 960 ) 
4 1251 1257 (-1024 -640 960 ) (-1024 -640 1024 ) (-1152 -640 1024 ) (-1152 -640 960 ) 
4 1252 1264 (-1216 -576 832 ) (-1216 -576 896 ) (-1216 -512 896 ) (-1216 -512 832 ) 
4 1252 1257 (-1024 -640 832 ) (-1024 -640 896 ) (-1152 -640 896 ) (-1152 -640 832 ) 
4 1253 1264 (-1216 -576 704 ) (-1216 -576 768 ) (-1216 -512 768 ) (-1216 -512 704 ) 
4 1253 1257 (-1024 -640 704 ) (-1024 -640 768 ) (-1152 -640 768 ) (-1152 -640 704 ) 
4 1254 1264 (-1216 -576 576 ) (-1216 -576 640 ) (-1216 -512 640 ) (-1216 -512 576 ) 
4 1254 1257 (-1024 -640 576 ) (-1024 -640 640 ) (-1152 -640 640 ) (-1152 -640 576 ) 
4 1255 1264 (-1216 -576 448 ) (-1216 -576 512 ) (-1216 -512 512 ) (-1216 -512 448 ) 
4 1255 1257 (-1024 -640 448 ) (-1024 -640 512 ) (-1152 -640 512 ) (-1152 -640 448 ) 
4 1256 1264 (-1216 -576 320 ) (-1216 -576 384 ) (-1216 -512 384 ) (-1216 -512 320 ) 
4 1256 1257 (-1024 -640 320 ) (-1024 -640 384 ) (-1152 -640 384 ) (-1152 -640 320 ) 
4 1257 1286 (-1024 -1024 256 ) (-1024 -1024 2944 ) (-1216 -1024 2944 ) (-1216 -1024 256 ) 
4 1257 1268 (-1024 -1024 256 ) (-1216 -1024 256 ) (-1216 -960 256 ) (-1024 -960 256 ) 
4 1257 1266 (-1216 -960 256 ) (-1216 -640 256 ) (-1024 -640 256 ) (-1024 -960 256 ) 
4 1257 1264 (-1216 -640 256 ) (-1216 -1024 256 ) (-1216 -1024 1024 ) (-1216 -640 1024 ) 
4 1257 1261 (-1216 -1024 1024 ) (-1216 -1024 2944 ) (-1216 -640 2944 ) (-1216 -640 1024 ) 
4 1258 1259 (-1408 -512 1056 ) (-1408 -512 2944 ) (-1408 -256 2944 ) (-1408 -256 1056 ) 
4 1258 1261 (-1216 -512 1056 ) (-1216 -512 2944 ) (-1408 -512 2944 ) (-1408 -512 1056 ) 
3 1259 1263 (-1664 -256 1024 ) (-1408 -512 1024 ) (-1664 -512 1024 ) 
4 1259 1261 (-1664 -512 1024 ) (-1408 -512 1024 ) (-1408 -512 2944 ) (-1664 -512 2944 ) 
4 1259 1260 (-1664 -256 1024 ) (-1664 -512 1024 ) (-1664 -512 2944 ) (-1664 -256 2944 ) 
4 1260 1269 (-2048 -512 2944 ) (-2048 -256 2944 ) (-2048 -256 1024 ) (-2048 -512 1024 ) 
4 1260 1263 (-2048 -512 1024 ) (-2048 -256 1024 ) (-1664 -256 1024 ) (-1664 -512 1024 ) 
4 1260 1261 (-2048 -512 1024 ) (-1664 -512 1024 ) (-1664 -512 2944 ) (-2048 -512 2944 ) 
4 1261 1286 (-2048 -1024 2944 ) (-2048 -1024 1024 ) (-1216 -1024 1024 ) (-1216 -1024 2944 ) 
4 1261 1269 (-2048 -1024 1024 ) (-2048 -1024 2944 ) (-2048 -512 2944 ) (-2048 -512 1024 ) 
4 1261 1264 (-2048 -1024 1024 ) (-2048 -512 1024 ) (-1216 -512 1024 ) (-1216 -1024 1024 ) 
4 1262 1264 (-1344 -512 256 ) (-1280 -512 256 ) (-1280 -512 1024 ) (-1344 -512 1024 ) 
4 1263 1269 (-2048 -512 1024 ) (-2048 -256 1024 ) (-2048 -256 256 ) (-2048 -512 256 ) 
4 1263 1265 (-2048 -512 256 ) (-2048 -256 256 ) (-1664 -256 256 ) (-1408 -512 256 ) 
4 1263 1264 (-2048 -512 256 ) (-1408 -512 256 ) (-1408 -512 1024 ) (-2048 -512 1024 ) 
4 1264 1286 (-2048 -1024 1024 ) (-2048 -1024 256 ) (-1216 -1024 256 ) (-1216 -1024 1024 ) 
4 1264 1269 (-2048 -1024 256 ) (-2048 -1024 1024 ) (-2048 -512 1024 ) (-2048 -512 256 ) 
4 1264 1268 (-1216 -1024 256 ) (-2048 -1024 256 ) (-2048 -960 256 ) (-1216 -960 256 ) 
4 1264 1266 (-2048 -960 256 ) (-2048 -512 256 ) (-1216 -512 256 ) (-1216 -960 256 ) 
4 1265 1273 (-2048 -256 2.504270 ) (-2048 -256 0 ) (-2048 -512 0 ) (-2048 -512 2.504270 ) 
4 1265 1272 (-2048 -256 112 ) (-2048 -256 2.504270 ) (-2048 -512 2.504270 ) (-2048 -512 112 ) 
4 1265 1269 (-2048 -512 256 ) (-2048 -256 256 ) (-2048 -256 112 ) (-2048 -512 112 ) 
4 1265 1267 (-2048 -512 0 ) (-2048 -256 0 ) (-1664 -256 0 ) (-1408 -512 0 ) 
4 1265 1266 (-2048 -512 0 ) (-1408 -512 0 ) (-1408 -512 256 ) (-2048 -512 256 ) 
4 1266 1273 (-2048 -960 0 ) (-2048 -960 2.504270 ) (-2048 -512 2.504270 ) (-2048 -512 0 ) 
4 1266 1272 (-2048 -960 2.504270 ) (-2048 -960 112 ) (-2048 -512 112 ) (-2048 -512 2.504270 ) 
4 1266 1269 (-2048 -960 112 ) (-2048 -960 256 ) (-2048 -512 256 ) (-2048 -512 112 ) 
4 1266 1268 (-1024 -960 2.504270 ) (-1024 -960 256 ) (-2048 -960 256 ) (-2048 -960 2.504270 ) 
4 1266 1267 (-1024 -960 0 ) (-2048 -960 0 ) (-2048 -512 0 ) (-1024 -512 0 ) 
4 1268 1286 (-1024 -1024 2.504270 ) (-1024 -1024 256 ) (-2048 -1024 256 ) (-2048 -1024 2.504270 ) 
4 1268 1272 (-2048 -1024 2.504270 ) (-2048 -1024 112 ) (-2048 -960 112 ) (-2048 -960 2.504270 ) 
4 1268 1269 (-2048 -1024 112 ) (-2048 -1024 256 ) (-2048 -960 256 ) (-2048 -960 112 ) 
4 1269 1294 (-2048 -1024 112 ) (-2048 -1024 2944 ) (-3008 -1024 2944 ) (-3008 -1024 112 ) 
4 1269 1272 (-2048 0 112 ) (-2048 -1024 112 ) (-3008 -1024 112 ) (-3008 0 112 ) 
4 1269 1270 (-3008 -256 128 ) (-3008 -256 2944 ) (-3008 0 2944 ) (-3008 0 128 ) 
4 1269 1271 (-3008 -256 112 ) (-3008 -1024 112 ) (-3008 -1024 2944 ) (-3008 -256 2944 ) 
4 1270 1356 (-3072 -256 2944 ) (-3072 0 2944 ) (-3072 0 1024 ) (-3072 -256 1024 ) 
4 1270 1271 (-3008 -256 128 ) (-3008 -256 2944 ) (-3072 -256 2944 ) (-3072 -256 256 ) 
4 1271 1404 (-3072 -1024 112 ) (-3072 -1024 256 ) (-3072 -960 256 ) (-3072 -960 112 ) 
4 1271 1402 (-3072 -960 256 ) (-3072 -512 256 ) (-3072 -512 112 ) (-3072 -960 112 ) 
4 1271 1395 (-3072 -512 256 ) (-3072 -256 256 ) (-3072 -256 112 ) (-3072 -512 112 ) 
4 1271 1362 (-3072 -512 1024 ) (-3072 -256 1024 ) (-3072 -256 256 ) (-3072 -512 256 ) 
4 1271 1364 (-3072 -1024 256 ) (-3072 -1024 1024 ) (-3072 -512 1024 ) (-3072 -512 256 ) 
4 1271 1359 (-3072 -512 2944 ) (-3072 -256 2944 ) (-3072 -256 1024 ) (-3072 -512 1024 ) 
4 1271 1361 (-3072 -1024 1024 ) (-3072 -1024 2944 ) (-3072 -512 2944 ) (-3072 -512 1024 ) 
4 1271 1294 (-3008 -1024 2944 ) (-3072 -1024 2944 ) (-3072 -1024 112 ) (-3008 -1024 112 ) 
4 1271 1280 (-3008 -1024 112 ) (-3072 -1024 112 ) (-3072 -960 112 ) (-3008 -960 112 ) 
4 1271 1279 (-3072 -960 112 ) (-3072 -256 112 ) (-3008 -256 112 ) (-3008 -960 112 ) 
4 1272 1294 (-2048 -1024 2.504270 ) (-2048 -1024 112 ) (-3008 -1024 112 ) (-3008 -1024 2.504270 ) 
4 1272 1280 (-3008 -1024 112 ) (-3008 -960 112 ) (-3008 -960 2.504270 ) (-3008 -1024 2.504270 ) 
4 1272 1279 (-3008 -960 112 ) (-3008 -256 112 ) (-3008 -256 2.504270 ) (-3008 -960 2.504270 ) 
4 1272 1276 (-3008 -160 96 ) (-3008 -160 2.504270 ) (-3008 -208 2.504270 ) (-3008 -208 96 ) 
4 1272 1274 (-3008 -960 2.504270 ) (-3008 -256 2.504270 ) (-2432 -256 2.504270 ) (-2432 -960 2.504270 ) 
4 1272 1273 (-2048 -256 2.504270 ) (-2048 -960 2.504270 ) (-2304 -960 2.504270 ) (-2304 -256 2.504270 ) 
4 1274 1279 (-3008 -960 -0.130722 ) (-3008 -960 2.504270 ) (-3008 -256 2.504270 ) (-3008 -256 -0.130722 ) 
4 1275 1357 (-3072 -160 112 ) (-3072 0 112 ) (-3072 0 0 ) (-3072 -160 0 ) 
4 1275 1277 (-3072 -160 0 ) (-3040 -160 0 ) (-3040 -160 112 ) (-3072 -160 112 ) 
4 1276 1277 (-3040 -160 96 ) (-3040 -160 0 ) (-3040 -208 0 ) (-3040 -208 96 ) 
4 1277 1357 (-3072 -208 112 ) (-3072 -160 112 ) (-3072 -160 0 ) (-3072 -208 0 ) 
4 1277 1278 (-3072 -208 0 ) (-3040 -208 0 ) (-3040 -208 112 ) (-3072 -208 112 ) 
4 1278 1357 (-3072 -256 0 ) (-3072 -256 112 ) (-3072 -208 112 ) (-3072 -208 0 ) 
4 1279 1402 (-3072 -960 -0.130722 ) (-3072 -960 112 ) (-3072 -512 112 ) (-3072 -512 -0.130722 ) 
4 1279 1395 (-3072 -512 112 ) (-3072 -256 112 ) (-3072 -256 -0.130722 ) (-3072 -512 -0.130722 ) 
4 1279 1280 (-3008 -960 2.504270 ) (-3008 -960 112 ) (-3072 -960 112 ) (-3072 -960 2.504270 ) 
4 1280 1404 (-3072 -1024 2.504270 ) (-3072 -1024 112 ) (-3072 -960 112 ) (-3072 -960 2.504270 ) 
4 1280 1294 (-3008 -1024 2.504270 ) (-3008 -1024 112 ) (-3072 -1024 112 ) (-3072 -1024 2.504270 ) 
4 1281 1284 (-15.935400 -2016 -0.130722 ) (0 -2016 -0.130722 ) (0 -2016 2944 ) (-15.935400 -2016 2944 ) 
4 1281 1283 (-15.935400 -1024 -0.130722 ) (-15.935400 -2016 -0.130722 ) (-15.935400 -2016 2944 ) (-15.935400 -1024 2944 ) 
4 1281 1282 (0 -2016 0 ) (-15.935400 -2016 0 ) (-15.935400 -1024 0 ) (0 -1024 0 ) 
4 1283 1288 (-1024 -1024 2.504270 ) (-1024 -1024 -0.130722 ) (-1024 -2016 -0.130722 ) (-1024 -2016 2.504270 ) 
4 1283 1286 (-1024 -1024 2944 ) (-1024 -1024 2.504270 ) (-1024 -2016 2.504270 ) (-1024 -2016 2944 ) 
4 1283 1284 (-1024 -2016 -0.130722 ) (-15.935400 -2016 -0.130722 ) (-15.935400 -2016 2944 ) (-1024 -2016 2944 ) 
4 1284 1289 (-1024 -2016 -0.130722 ) (-1024 -2048 -0.130722 ) (-1024 -2048 2.504270 ) (-1024 -2016 2.504270 ) 
4 1284 1287 (-1024 -2048 2.504270 ) (-1024 -2048 2944 ) (-1024 -2016 2944 ) (-1024 -2016 2.504270 ) 
4 1284 1285 (-1024 -2048 0 ) (-1024 -2016 0 ) (0 -2016 0 ) (0 -2048 0 ) 
4 1286 1294 (-2048 -2016 2944 ) (-2048 -1024 2944 ) (-2048 -1024 2.504270 ) (-2048 -2016 2.504270 ) 
4 1286 1291 (-2048 -2016 2.504270 ) (-2048 -1024 2.504270 ) (-1472 -1024 2.504270 ) (-1472 -2016 2.504270 ) 
4 1286 1288 (-1408 -1024 2.504270 ) (-1024 -1024 2.504270 ) (-1024 -2016 2.504270 ) (-1408 -2016 2.504270 ) 
4 1286 1287 (-2048 -2016 2.504270 ) (-1024 -2016 2.504270 ) (-1024 -2016 2944 ) (-2048 -2016 2944 ) 
4 1287 1295 (-2048 -2048 2.504270 ) (-2048 -2048 2944 ) (-2048 -2016 2944 ) (-2048 -2016 2.504270 ) 
4 1287 1292 (-1472 -2048 2.504270 ) (-2048 -2048 2.504270 ) (-2048 -2016 2.504270 ) (-1472 -2016 2.504270 ) 
4 1287 1289 (-1024 -2048 2.504270 ) (-1408 -2048 2.504270 ) (-1408 -2016 2.504270 ) (-1024 -2016 2.504270 ) 
4 1288 1289 (-1408 -2016 2.504270 ) (-1408 -2016 -0.130722 ) (-1024 -2016 -0.130722 ) (-1024 -2016 2.504270 ) 
4 1289 1290 (-1024 -2048 0 ) (-1408 -2048 0 ) (-1408 -2016 0 ) (-1024 -2016 0 ) 
4 1291 1294 (-2048 -2016 2.504270 ) (-2048 -1024 2.504270 ) (-2048 -1024 -0.130722 ) (-2048 -2016 -0.130722 ) 
4 1291 1292 (-2048 -2016 -0.130722 ) (-1472 -2016 -0.130722 ) (-1472 -2016 2.504270 ) (-2048 -2016 2.504270 ) 
4 1292 1295 (-2048 -2048 -0.130722 ) (-2048 -2048 2.504270 ) (-2048 -2016 2.504270 ) (-2048 -2016 -0.130722 ) 
4 1292 1293 (-2048 -2048 0 ) (-2048 -2016 0 ) (-1472 -2016 0 ) (-1472 -2048 0 ) 
4 1294 1412 (-3072 -1024 2.504270 ) (-3072 -1024 -0.130722 ) (-3072 -2016 -0.130722 ) (-3072 -2016 2.504270 ) 
4 1294 1410 (-3072 -2016 2944 ) (-3072 -1024 2944 ) (-3072 -1024 2.504270 ) (-3072 -2016 2.504270 ) 
4 1294 1295 (-3072 -2016 -0.130722 ) (-2048 -2016 -0.130722 ) (-2048 -2016 2944 ) (-3072 -2016 2944 ) 
4 1295 1413 (-3072 -2048 -0.130722 ) (-3072 -2048 2.504270 ) (-3072 -2016 2.504270 ) (-3072 -2016 -0.130722 ) 
4 1295 1411 (-3072 -2048 2.504270 ) (-3072 -2048 2944 ) (-3072 -2016 2944 ) (-3072 -2016 2.504270 ) 
4 1295 1296 (-2048 -2048 0 ) (-3072 -2048 0 ) (-3072 -2016 0 ) (-2048 -2016 0 ) 
4 1297 1298 (-3076 2048 0 ) (-3076 1996 0 ) (-3076 1996 112 ) (-3076 2048 112 ) 
4 1298 1317 (-4096 2048 160 ) (-4096 2048 0 ) (-4096 1996 0 ) (-4096 1996 160 ) 
4 1298 1299 (-4096 1996 0 ) (-3076 1996 0 ) (-3076 1996 160 ) (-4096 1996 160 ) 
4 1299 1317 (-4096 1996 0 ) (-4096 1984 0 ) (-4096 1984 160 ) (-4096 1996 160 ) 
4 1299 1304 (-3936 1984 0 ) (-3808 1984 0 ) (-3808 1984 160 ) (-3936 1984 160 ) 
4 1299 1302 (-3648 1984 0 ) (-3520 1984 0 ) (-3520 1984 160 ) (-3648 1984 160 ) 
4 1299 1300 (-3360 1984 0 ) (-3232 1984 0 ) (-3232 1984 160 ) (-3360 1984 160 ) 
4 1300 1301 (-3334 1956 0 ) (-3258 1956 0 ) (-3258 1956 112 ) (-3334 1956 112 ) 
4 1301 1306 (-3296 1952 0 ) (-3258 1952 0 ) (-3258 1952 112 ) (-3296 1952 112 ) 
4 1301 1308 (-3334 1952 0 ) (-3296 1952 0 ) (-3296 1952 112 ) (-3334 1952 112 ) 
4 1302 1303 (-3622 1956 0 ) (-3546 1956 0 ) (-3546 1956 112 ) (-3622 1956 112 ) 
4 1303 1309 (-3584 1952 0 ) (-3546 1952 0 ) (-3546 1952 112 ) (-3584 1952 112 ) 
4 1303 1311 (-3622 1952 0 ) (-3584 1952 0 ) (-3584 1952 112 ) (-3622 1952 112 ) 
4 1304 1305 (-3910 1956 0 ) (-3834 1956 0 ) (-3834 1956 112 ) (-3910 1956 112 ) 
4 1305 1314 (-3910 1952 0 ) (-3872 1952 0 ) (-3872 1952 112 ) (-3910 1952 112 ) 
4 1305 1312 (-3872 1952 0 ) (-3834 1952 0 ) (-3834 1952 112 ) (-3872 1952 112 ) 
4 1306 1307 (-3296 1824 128 ) (-3296 1824 0 ) (-3232 1824 0 ) (-3232 1824 128 ) 
4 1306 1308 (-3296 1952 0 ) (-3296 1824 0 ) (-3296 1824 128 ) (-3296 1952 128 ) 
4 1307 1308 (-3296 1824 0 ) (-3296 1760 0 ) (-3296 1760 128 ) (-3296 1824 128 ) 
4 1309 1310 (-3584 1824 128 ) (-3584 1824 0 ) (-3520 1824 0 ) (-3520 1824 128 ) 
4 1309 1311 (-3584 1952 0 ) (-3584 1824 0 ) (-3584 1824 128 ) (-3584 1952 128 ) 
4 1310 1311 (-3584 1824 0 ) (-3584 1760 0 ) (-3584 1760 128 ) (-3584 1824 128 ) 
4 1312 1314 (-3872 1952 0 ) (-3872 1824 0 ) (-3872 1824 128 ) (-3872 1952 128 ) 
4 1312 1313 (-3872 1824 128 ) (-3872 1824 0 ) (-3808 1824 0 ) (-3808 1824 128 ) 
4 1313 1314 (-3872 1824 0 ) (-3872 1760 0 ) (-3872 1760 128 ) (-3872 1824 128 ) 
4 1315 1355 (-3392 1024 2944 ) (-4096 1024 2944 ) (-4096 1024 1024 ) (-3392 1024 1024 ) 
4 1315 1353 (-3264 1024 2944 ) (-3392 1024 2944 ) (-3392 1024 1024 ) (-3264 1024 1024 ) 
4 1315 1349 (-3200 1024 2944 ) (-3264 1024 2944 ) (-3264 1024 1024 ) (-3200 1024 1024 ) 
4 1315 1318 (-3072 1024 1024 ) (-3072 1024 2944 ) (-3200 1024 2944 ) (-3200 1024 1024 ) 
4 1315 1316 (-3148.629883 1120 1024 ) (-3072 1120 1024 ) (-3072 1024 1024 ) (-3148.629883 1024 1024 ) 
4 1316 1326 (-3072 1024 704 ) (-3072 1024 768 ) (-3148.629883 1024 768 ) (-3148.629883 1024 704 ) 
4 1316 1324 (-3072 1024 768 ) (-3072 1024 832 ) (-3148.629883 1024 832 ) (-3148.629883 1024 768 ) 
4 1316 1321 (-3072 1024 832 ) (-3072 1024 960 ) (-3148.629883 1024 960 ) (-3148.629883 1024 832 ) 
4 1316 1319 (-3072 1024 960 ) (-3072 1024 1024 ) (-3148.629883 1024 1024 ) (-3148.629883 1024 960 ) 
4 1318 1356 (-3072 0 1024 ) (-3072 0 2944 ) (-3200 0 2944 ) (-3200 0 1024 ) 
4 1318 1349 (-3200 1024 2944 ) (-3200 1024 1024 ) (-3200 0 1024 ) (-3200 0 2944 ) 
4 1318 1320 (-3136 224 1024 ) (-3072 224 1024 ) (-3072 0 1024 ) (-3136 0 1024 ) 
4 1318 1319 (-3148.629883 1024 1024 ) (-3072 1024 1024 ) (-3072 224 1024 ) (-3148.629883 224 1024 ) 
4 1319 1321 (-3148.629883 1024 960 ) (-3072 1024 960 ) (-3072 224 960 ) (-3148.629883 224 960 ) 
4 1319 1320 (-3136 224 960 ) (-3072 224 960 ) (-3072 224 1024 ) (-3136 224 1024 ) 
4 1320 1322 (-3072 0 960 ) (-3136 0 960 ) (-3136 224 960 ) (-3072 224 960 ) 
4 1321 1324 (-3148.629883 1024 832 ) (-3072 1024 832 ) (-3072 224 832 ) (-3148.629883 224 832 ) 
4 1321 1322 (-3136 224 832 ) (-3072 224 832 ) (-3072 224 960 ) (-3136 224 960 ) 
4 1322 1325 (-3072 224 832 ) (-3072 0 832 ) (-3136 0 832 ) (-3136 224 832 ) 
4 1322 1323 (-3136 192 832 ) (-3136 64 832 ) (-3136 64 960 ) (-3136 192 960 ) 
4 1324 1334 (-3136 224 768 ) (-3148.629883 224 768 ) (-3148.629883 320 768 ) (-3136 320 768 ) 
4 1324 1328 (-3104 224 768 ) (-3136 224 768 ) (-3136 320 768 ) (-3104 320 768 ) 
4 1324 1326 (-3148.629883 1024 768 ) (-3072 1024 768 ) (-3072 320 768 ) (-3148.629883 320 768 ) 
4 1324 1325 (-3136 224 768 ) (-3072 224 768 ) (-3072 224 832 ) (-3136 224 832 ) 
4 1325 1329 (-3104 0 768 ) (-3136 0 768 ) (-3136 192 768 ) (-3104 192 768 ) 
4 1325 1327 (-3072 0 768 ) (-3104 0 768 ) (-3104 192 768 ) (-3072 192 768 ) 
4 1326 1334 (-3136 320 768 ) (-3148.629883 320 768 ) (-3148.629883 320 704 ) (-3136 320 704 ) 
4 1326 1328 (-3104 320 768 ) (-3136 320 768 ) (-3136 320 704 ) (-3104 320 704 ) 
4 1327 1331 (-3072 128 704 ) (-3072 0 704 ) (-3104 0 704 ) (-3104 128 704 ) 
4 1327 1329 (-3104 192 704 ) (-3104 0 704 ) (-3104 0 768 ) (-3104 192 768 ) 
4 1328 1334 (-3136 320 768 ) (-3136 320 704 ) (-3136 224 704 ) (-3136 224 768 ) 
4 1328 1332 (-3136 224 704 ) (-3136 256 704 ) (-3104 256 704 ) (-3104 224 704 ) 
4 1328 1330 (-3136 256 704 ) (-3136 280 704 ) (-3104 280 704 ) (-3104 256 704 ) 
4 1329 1336 (-3136 192 704 ) (-3136 64 704 ) (-3136 64 768 ) (-3136 192 768 ) 
4 1329 1333 (-3136 0 704 ) (-3136 128 704 ) (-3104 128 704 ) (-3104 0 704 ) 
4 1330 1343 (-3104 256 576 ) (-3136 256 576 ) (-3136 280 576 ) (-3104 280 576 ) 
4 1330 1337 (-3136 280 576 ) (-3136 256 576 ) (-3136 256 640 ) (-3136 280 640 ) 
4 1330 1335 (-3136 256 640 ) (-3136 256 704 ) (-3136 280 704 ) (-3136 280 640 ) 
4 1330 1332 (-3104 256 704 ) (-3136 256 704 ) (-3136 256 576 ) (-3104 256 576 ) 
4 1331 1344 (-3072 64 576 ) (-3072 0 576 ) (-3104 0 576 ) (-3104 64 576 ) 
4 1331 1333 (-3104 128 576 ) (-3104 0 576 ) (-3104 0 704 ) (-3104 128 704 ) 
4 1332 1343 (-3136 224 576 ) (-3136 256 576 ) (-3104 256 576 ) (-3104 224 576 ) 
4 1332 1337 (-3136 256 576 ) (-3136 224 576 ) (-3136 224 640 ) (-3136 256 640 ) 
4 1332 1335 (-3136 224 640 ) (-3136 224 704 ) (-3136 256 704 ) (-3136 256 640 ) 
4 1333 1344 (-3104 0 576 ) (-3136 0 576 ) (-3136 64 576 ) (-3104 64 576 ) 
4 1333 1336 (-3136 64 704 ) (-3136 128 704 ) (-3136 128 640 ) (-3136 64 640 ) 
4 1334 1335 (-3136 224 704 ) (-3148.629883 224 704 ) (-3148.629883 280 704 ) (-3136 280 704 ) 
4 1335 1337 (-3136 280 640 ) (-3136 224 640 ) (-3148.629883 224 640 ) (-3148.629883 280 640 ) 
4 1337 1343 (-3148.629883 280 576 ) (-3136 280 576 ) (-3136 224 576 ) (-3148.629883 224 576 ) 
4 1338 1341 (-3136 992 0 ) (-3136 864 0 ) (-3136 864 128 ) (-3136 992 128 ) 
4 1339 1340 (-3088 624 0 ) (-3088 384 0 ) (-3088 384 128 ) (-3088 624 128 ) 
4 1341 1342 (-3196 952 0 ) (-3196 904 0 ) (-3196 904 108 ) (-3196 952 108 ) 
4 1342 1350 (-3200 952 0 ) (-3200 904 0 ) (-3200 904 108 ) (-3200 952 108 ) 
4 1343 1345 (-3104 224 384 ) (-3148.629883 224 384 ) (-3148.629883 280 384 ) (-3104 280 384 ) 
4 1345 1347 (-3148.629883 280 256 ) (-3104 280 256 ) (-3104 224 256 ) (-3148.629883 224 256 ) 
4 1346 1348 (-3200 280 0 ) (-3152.010254 280 0 ) (-3152.010254 280 175.989990 ) (-3200 280 128 ) 
4 1347 1358 (-3104 0 256 ) (-3152 0 256 ) (-3152 0 0 ) (-3104 0 0 ) 
4 1347 1348 (-3152 280 176 ) (-3152 280 0 ) (-3152 0 0 ) (-3152 0 176 ) 
4 1348 1358 (-3200 0 128 ) (-3200 0 0 ) (-3152 0 0 ) (-3152 0 176 ) 
4 1348 1351 (-3200 32 128 ) (-3200 160 128 ) (-3200 160 0 ) (-3200 32 0 ) 
4 1349 1356 (-3200 0 1024 ) (-3200 0 2944 ) (-3264 0 2944 ) (-3264 0 1024 ) 
4 1349 1353 (-3264 1024 2944 ) (-3264 1024 1024 ) (-3264 0 1024 ) (-3264 0 2944 ) 
4 1350 1354 (-3264 992 0 ) (-3264 864 0 ) (-3264 864 128 ) (-3264 992 128 ) 
4 1351 1352 (-3260 120 0 ) (-3260 72 0 ) (-3260 72 108 ) (-3260 120 108 ) 
4 1352 1354 (-3264 120 0 ) (-3264 72 0 ) (-3264 72 108 ) (-3264 120 108 ) 
4 1353 1356 (-3264 0 1024 ) (-3264 0 2944 ) (-3392 0 2944 ) (-3392 0 1024 ) 
4 1353 1355 (-3392 0 1024 ) (-3392 0 2944 ) (-3392 1024 2944 ) (-3392 1024 1024 ) 
4 1355 1356 (-4096 0 2944 ) (-4096 0 1024 ) (-3392 0 1024 ) (-3392 0 2944 ) 
4 1356 1386 (-4095.226562 -256 2944 ) (-4096 -256 2944 ) (-4096 -256 1024 ) (-4095.226562 -256 1024 ) 
4 1356 1385 (-3904 -256 2944 ) (-4095.226562 -256 2944 ) (-4095.226562 -256 1024 ) (-3904 -256 1024 ) 
4 1356 1383 (-3776 -256 2944 ) (-3904 -256 2944 ) (-3904 -256 1024 ) (-3776 -256 1024 ) 
4 1356 1367 (-3648 -256 2944 ) (-3776 -256 2944 ) (-3776 -256 1152 ) (-3648 -256 1152 ) 
4 1356 1365 (-3520 -256 2944 ) (-3648 -256 2944 ) (-3648 -256 1216 ) (-3520 -256 1216 ) 
4 1356 1360 (-3328 -256 2944 ) (-3520 -256 2944 ) (-3520 -256 1056 ) (-3328 -256 1056 ) 
4 1356 1359 (-3072 -256 1024 ) (-3072 -256 2944 ) (-3328 -256 2944 ) (-3328 -256 1024 ) 
4 1357 1358 (-3104 0 0 ) (-3104 -256 0 ) (-3104 -256 112 ) (-3104 0 112 ) 
3 1359 1362 (-3072 -256 1024 ) (-3072 -512 1024 ) (-3328 -512 1024 ) 
4 1359 1360 (-3328 -512 1056 ) (-3328 -512 2944 ) (-3328 -256 2944 ) (-3328 -256 1056 ) 
4 1359 1361 (-3328 -512 1024 ) (-3072 -512 1024 ) (-3072 -512 2944 ) (-3328 -512 2944 ) 
4 1360 1371 (-3520 -480 1056 ) (-3520 -512 1056 ) (-3520 -512 2944 ) (-3520 -480 2944 ) 
4 1360 1365 (-3520 -256 2944 ) (-3520 -256 1216 ) (-3520 -448 1216 ) (-3520 -448 2944 ) 
4 1360 1366 (-3520 -448 1056 ) (-3520 -480 1056 ) (-3520 -480 2944 ) (-3520 -448 2944 ) 
4 1360 1361 (-3328 -512 1056 ) (-3328 -512 2944 ) (-3520 -512 2944 ) (-3520 -512 1056 ) 
4 1361 1415 (-3328 -1024 2944 ) (-3520 -1024 2944 ) (-3520 -1024 1024 ) (-3328 -1024 1024 ) 
4 1361 1410 (-3072 -1024 1024 ) (-3072 -1024 2944 ) (-3328 -1024 2944 ) (-3328 -1024 1024 ) 
4 1361 1372 (-3520 -576 1056 ) (-3520 -576 2944 ) (-3520 -512 2944 ) (-3520 -512 1056 ) 
4 1361 1369 (-3520 -576 1024 ) (-3520 -640 1024 ) (-3520 -640 2944 ) (-3520 -576 2944 ) 
4 1361 1382 (-3520 -640 1024 ) (-3520 -1024 1024 ) (-3520 -1024 2944 ) (-3520 -640 2944 ) 
4 1361 1364 (-3072 -1024 1024 ) (-3520 -1024 1024 ) (-3520 -512 1024 ) (-3072 -512 1024 ) 
3 1362 1395 (-3072 -256 256 ) (-3072 -512 256 ) (-3328 -512 256 ) 
4 1362 1364 (-3072 -512 1024 ) (-3328 -512 1024 ) (-3328 -512 256 ) (-3072 -512 256 ) 
4 1363 1364 (-3392 -512 1024 ) (-3456 -512 1024 ) (-3456 -512 256 ) (-3392 -512 256 ) 
4 1364 1415 (-3328 -1024 1024 ) (-3520 -1024 1024 ) (-3520 -1024 256 ) (-3328 -1024 256 ) 
4 1364 1410 (-3072 -1024 256 ) (-3072 -1024 1024 ) (-3328 -1024 1024 ) (-3328 -1024 256 ) 
4 1364 1404 (-3072 -1024 256 ) (-3520 -1024 256 ) (-3520 -960 256 ) (-3072 -960 256 ) 
4 1364 1402 (-3520 -960 256 ) (-3520 -512 256 ) (-3072 -512 256 ) (-3072 -960 256 ) 
4 1364 1380 (-3520 -576 256 ) (-3520 -640 256 ) (-3520 -640 320 ) (-3520 -576 320 ) 
4 1364 1378 (-3520 -512 512 ) (-3520 -512 448 ) (-3520 -576 448 ) (-3520 -576 512 ) 
4 1364 1379 (-3520 -512 384 ) (-3520 -512 320 ) (-3520 -576 320 ) (-3520 -576 384 ) 
4 1364 1377 (-3520 -512 640 ) (-3520 -512 576 ) (-3520 -576 576 ) (-3520 -576 640 ) 
4 1364 1376 (-3520 -512 768 ) (-3520 -512 704 ) (-3520 -576 704 ) (-3520 -576 768 ) 
4 1364 1375 (-3520 -512 896 ) (-3520 -512 832 ) (-3520 -576 832 ) (-3520 -576 896 ) 
4 1364 1374 (-3520 -576 1024 ) (-3520 -512 1024 ) (-3520 -512 960 ) (-3520 -576 960 ) 
4 1364 1369 (-3520 -640 320 ) (-3520 -640 1024 ) (-3520 -576 1024 ) (-3520 -576 320 ) 
4 1364 1382 (-3520 -640 256 ) (-3520 -1024 256 ) (-3520 -1024 1024 ) (-3520 -640 1024 ) 
4 1365 1367 (-3648 -448 1216 ) (-3648 -448 2944 ) (-3648 -256 2944 ) (-3648 -256 1216 ) 
4 1365 1366 (-3648 -448 2944 ) (-3648 -448 1216 ) (-3520 -448 1216 ) (-3520 -448 2944 ) 
4 1366 1371 (-3648 -480 1056 ) (-3520 -480 1056 ) (-3520 -480 2944 ) (-3648 -480 2944 ) 
4 1366 1368 (-3648 -448 1056 ) (-3648 -480 1056 ) (-3648 -480 2944 ) (-3648 -448 2944 ) 
4 1367 1383 (-3776 -448 2944 ) (-3776 -256 2944 ) (-3776 -256 1152 ) (-3776 -448 1152 ) 
4 1367 1368 (-3776 -448 2944 ) (-3776 -448 1152 ) (-3648 -448 1152 ) (-3648 -448 2944 ) 
4 1368 1383 (-3776 -480 1056 ) (-3776 -480 2944 ) (-3776 -448 2944 ) (-3776 -448 1056 ) 
4 1368 1371 (-3776 -480 2944 ) (-3776 -480 1056 ) (-3648 -480 1056 ) (-3648 -480 2944 ) 
3 1369 1380 (-3520 -640 320 ) (-3584 -640 320 ) (-3520 -576 320 ) 
4 1369 1378 (-3584 -640 448 ) (-3584 -640 512 ) (-3520 -576 512 ) (-3520 -576 448 ) 
4 1369 1379 (-3520 -576 320 ) (-3584 -640 320 ) (-3584 -640 384 ) (-3520 -576 384 ) 
4 1369 1377 (-3584 -640 576 ) (-3584 -640 640 ) (-3520 -576 640 ) (-3520 -576 576 ) 
4 1369 1376 (-3584 -640 704 ) (-3584 -640 768 ) (-3520 -576 768 ) (-3520 -576 704 ) 
4 1369 1375 (-3584 -640 832 ) (-3584 -640 896 ) (-3520 -576 896 ) (-3520 -576 832 ) 
4 1369 1374 (-3584 -640 960 ) (-3584 -640 1024 ) (-3520 -576 1024 ) (-3520 -576 960 ) 
4 1369 1372 (-3584 -640 1056 ) (-3584 -640 2944 ) (-3520 -576 2944 ) (-3520 -576 1056 ) 
4 1369 1382 (-3584 -640 320 ) (-3520 -640 320 ) (-3520 -640 2944 ) (-3584 -640 2944 ) 
4 1370 1384 (-3776 -640 1024 ) (-3776 -640 2944 ) (-3776 -576 2944 ) (-3776 -576 1024 ) 
3 1370 1373 (-3712 -640 1024 ) (-3776 -640 1024 ) (-3776 -576 1024 ) 
4 1370 1372 (-3712 -640 2944 ) (-3712 -640 1056 ) (-3776 -576 1056 ) (-3776 -576 2944 ) 
4 1370 1382 (-3776 -640 2944 ) (-3776 -640 1024 ) (-3712 -640 1024 ) (-3712 -640 2944 ) 
4 1371 1383 (-3776 -512 2944 ) (-3776 -480 2944 ) (-3776 -480 1056 ) (-3776 -512 1056 ) 
4 1371 1372 (-3776 -512 2944 ) (-3776 -512 1056 ) (-3520 -512 1056 ) (-3520 -512 2944 ) 
4 1372 1384 (-3776 -576 2944 ) (-3776 -512 2944 ) (-3776 -512 1056 ) (-3776 -576 1056 ) 
4 1372 1382 (-3584 -640 1056 ) (-3584 -640 2944 ) (-3712 -640 2944 ) (-3712 -640 1056 ) 
4 1373 1392 (-3776 -640 320 ) (-3776 -640 1024 ) (-3776 -576 1024 ) (-3776 -576 320 ) 
3 1373 1381 (-3712 -640 320 ) (-3776 -640 320 ) (-3776 -576 320 ) 
4 1373 1378 (-3712 -640 512 ) (-3712 -640 448 ) (-3776 -576 448 ) (-3776 -576 512 ) 
4 1373 1379 (-3712 -640 384 ) (-3712 -640 320 ) (-3776 -576 320 ) (-3776 -576 384 ) 
4 1373 1377 (-3712 -640 640 ) (-3712 -640 576 ) (-3776 -576 576 ) (-3776 -576 640 ) 
4 1373 1376 (-3712 -640 768 ) (-3712 -640 704 ) (-3776 -576 704 ) (-3776 -576 768 ) 
4 1373 1375 (-3712 -640 896 ) (-3712 -640 832 ) (-3776 -576 832 ) (-3776 -576 896 ) 
4 1373 1374 (-3776 -576 1024 ) (-3712 -640 1024 ) (-3712 -640 960 ) (-3776 -576 960 ) 
4 1373 1382 (-3776 -640 1024 ) (-3776 -640 320 ) (-3712 -640 320 ) (-3712 -640 1024 ) 
4 1374 1392 (-3776 -576 1024 ) (-3776 -512 1024 ) (-3776 -512 960 ) (-3776 -576 960 ) 
4 1374 1382 (-3584 -640 960 ) (-3584 -640 1024 ) (-3712 -640 1024 ) (-3712 -640 960 ) 
4 1375 1392 (-3776 -512 832 ) (-3776 -576 832 ) (-3776 -576 896 ) (-3776 -512 896 ) 
4 1375 1382 (-3584 -640 832 ) (-3584 -640 896 ) (-3712 -640 896 ) (-3712 -640 832 ) 
4 1376 1392 (-3776 -512 704 ) (-3776 -576 704 ) (-3776 -576 768 ) (-3776 -512 768 ) 
4 1376 1382 (-3584 -640 704 ) (-3584 -640 768 ) (-3712 -640 768 ) (-3712 -640 704 ) 
4 1377 1392 (-3776 -512 576 ) (-3776 -576 576 ) (-3776 -576 640 ) (-3776 -512 640 ) 
4 1377 1382 (-3584 -640 576 ) (-3584 -640 640 ) (-3712 -640 640 ) (-3712 -640 576 ) 
4 1378 1392 (-3776 -512 448 ) (-3776 -576 448 ) (-3776 -576 512 ) (-3776 -512 512 ) 
4 1378 1382 (-3584 -640 448 ) (-3584 -640 512 ) (-3712 -640 512 ) (-3712 -640 448 ) 
4 1379 1392 (-3776 -512 320 ) (-3776 -576 320 ) (-3776 -576 384 ) (-3776 -512 384 ) 
4 1379 1382 (-3712 -640 320 ) (-3584 -640 320 ) (-3584 -640 384 ) (-3712 -640 384 ) 
3 1380 1402 (-3520 -576 256 ) (-3520 -640 256 ) (-3584 -640 256 ) 
4 1380 1382 (-3584 -640 256 ) (-3520 -640 256 ) (-3520 -640 320 ) (-3584 -640 320 ) 
3 1381 1402 (-3776 -640 256 ) (-3776 -576 256 ) (-3712 -640 256 ) 
4 1381 1392 (-3776 -576 256 ) (-3776 -640 256 ) (-3776 -640 320 ) (-3776 -576 320 ) 
4 1381 1382 (-3776 -640 320 ) (-3776 -640 256 ) (-3712 -640 256 ) (-3712 -640 320 ) 
4 1382 1415 (-3776 -1024 256 ) (-3520 -1024 256 ) (-3520 -1024 2944 ) (-3776 -1024 2944 ) 
4 1382 1404 (-3520 -1024 256 ) (-3776 -1024 256 ) (-3776 -960 256 ) (-3520 -960 256 ) 
4 1382 1402 (-3776 -960 256 ) (-3776 -640 256 ) (-3520 -640 256 ) (-3520 -960 256 ) 
4 1382 1392 (-3776 -640 256 ) (-3776 -1024 256 ) (-3776 -1024 1024 ) (-3776 -640 1024 ) 
4 1382 1384 (-3776 -1024 1024 ) (-3776 -1024 2944 ) (-3776 -640 2944 ) (-3776 -640 1024 ) 
3 1383 1389 (-3839.998047 -512 1024 ) (-3904 -512 1024 ) (-3904 -447.998444 1024 ) 
4 1383 1385 (-3904 -256 1024 ) (-3904 -512 1024 ) (-3904 -512 2944 ) (-3904 -256 2944 ) 
4 1383 1384 (-3904 -512 2944 ) (-3904 -512 1024 ) (-3776 -512 1024 ) (-3776 -512 2944 ) 
4 1384 1415 (-3904 -1024 1024 ) (-3776 -1024 1024 ) (-3776 -1024 2944 ) (-3904 -1024 2944 ) 
4 1384 1392 (-3776 -512 1024 ) (-3776 -1024 1024 ) (-3904 -1024 1024 ) (-3904 -512 1024 ) 
4 1384 1387 (-3904 -512 1024 ) (-3904 -1024 1024 ) (-3904 -1024 2944 ) (-3904 -512 2944 ) 
4 1385 1390 (-3904 -447.998444 1024 ) (-3904 -512 1024 ) (-4095.226562 -512 1024 ) (-4095.226562 -256.773376 1024 ) 
4 1385 1387 (-4095.226562 -512 1024 ) (-3904 -512 1024 ) (-3904 -512 2944 ) (-4095.226562 -512 2944 ) 
4 1385 1386 (-4095.226562 -256 1024 ) (-4095.226562 -512 1024 ) (-4095.226562 -512 2944 ) (-4095.226562 -256 2944 ) 
4 1386 1391 (-4096 -512 1024 ) (-4096 -256 1024 ) (-4095.226562 -256.773407 1024 ) (-4095.226562 -512 1024 ) 
4 1386 1388 (-4096 -512 1024 ) (-4095.226562 -512 1024 ) (-4095.226562 -512 2944 ) (-4096 -512 2944 ) 
4 1387 1416 (-4095.226562 -1024 1024 ) (-3904 -1024 1024 ) (-3904 -1024 2944 ) (-4095.226562 -1024 2944 ) 
4 1387 1393 (-4095.226562 -512 1024 ) (-3904 -512 1024 ) (-3904 -1024 1024 ) (-4095.226562 -1024 1024 ) 
4 1387 1388 (-4095.226562 -512 2944 ) (-4095.226562 -512 1024 ) (-4095.226562 -1024 1024 ) (-4095.226562 -1024 2944 ) 
4 1388 1418 (-4096 -1024 2944 ) (-4096 -1024 1024 ) (-4095.226562 -1024 1024 ) (-4095.226562 -1024 2944 ) 
4 1388 1394 (-4096 -1024 1024 ) (-4096 -512 1024 ) (-4095.226562 -512 1024 ) (-4095.226562 -1024 1024 ) 
3 1389 1396 (-3904 -447.998535 256 ) (-3839.998047 -512 256 ) (-3904 -512 256 ) 
4 1389 1392 (-3904 -512 256 ) (-3839.998047 -512 256 ) (-3839.998047 -512 1024 ) (-3904 -512 1024 ) 
4 1389 1390 (-3904 -447.994171 1024 ) (-3904 -447.994141 256 ) (-3904 -512 256 ) (-3904 -512 1024 ) 
4 1390 1397 (-4095.226562 -256.773438 256 ) (-3904 -447.998535 256 ) (-3904 -512 256 ) (-4095.226562 -512 256 ) 
4 1390 1393 (-4095.226562 -512 256 ) (-3904 -512 256 ) (-3904 -512 1024 ) (-4095.226562 -512 1024 ) 
4 1390 1391 (-4095.226562 -256.773438 1024 ) (-4095.226562 -256.773438 256 ) (-4095.226562 -512 256 ) (-4095.226562 -512 1024 ) 
4 1391 1398 (-4096 -512 256 ) (-4096 -256 256 ) (-4095.226562 -256.773438 256 ) (-4095.226562 -512 256 ) 
4 1391 1394 (-4096 -512 256 ) (-4095.226562 -512 256 ) (-4095.226562 -512 1024 ) (-4096 -512 1024 ) 
4 1392 1415 (-3904 -1024 256 ) (-3776 -1024 256 ) (-3776 -1024 1024 ) (-3904 -1024 1024 ) 
4 1392 1404 (-3776 -1024 256 ) (-3904 -1024 256 ) (-3904 -960 256 ) (-3776 -960 256 ) 
4 1392 1403 (-3904 -960 256 ) (-3904 -512 256 ) (-3776 -512 256 ) (-3776 -960 256 ) 
4 1392 1393 (-3904 -512 1024 ) (-3904 -512 256 ) (-3904 -1024 256 ) (-3904 -1024 1024 ) 
4 1393 1416 (-4095.226562 -1024 256 ) (-3904 -1024 256 ) (-3904 -1024 1024 ) (-4095.226562 -1024 1024 ) 
4 1393 1405 (-3904 -1024 256 ) (-4095.226562 -1024 256 ) (-4095.226562 -512 256 ) (-3904 -512 256 ) 
4 1393 1394 (-4095.226562 -512 1024 ) (-4095.226562 -512 256 ) (-4095.226562 -1024 256 ) (-4095.226562 -1024 1024 ) 
4 1394 1418 (-4096 -1024 1024 ) (-4096 -1024 256 ) (-4095.226562 -1024 256 ) (-4095.226562 -1024 1024 ) 
4 1394 1406 (-4095.226562 -1024 256 ) (-4096 -1024 256 ) (-4096 -512 256 ) (-4095.226562 -512 256 ) 
4 1395 1402 (-3328 -512 -0.130722 ) (-3072 -512 -0.130722 ) (-3072 -512 256 ) (-3328 -512 256 ) 
4 1396 1403 (-3839.998047 -512 256 ) (-3904 -512 256 ) (-3904 -512 2.457330 ) (-3839.998047 -512 2.457330 ) 
4 1396 1397 (-3904 -447.994141 256 ) (-3904 -447.994141 2.457330 ) (-3904 -512 2.457330 ) (-3904 -512 256 ) 
4 1397 1405 (-3904 -512 256 ) (-4095.226562 -512 256 ) (-4095.226562 -512 2.457330 ) (-3904 -512 2.457330 ) 
3 1397 1399 (-3904 -512 2.457330 ) (-4095.226562 -512 2.457330 ) (-4095.226562 -320.773499 2.457330 ) 
4 1397 1398 (-4095.226562 -256.773438 256 ) (-4095.226562 -256.773438 2.457330 ) (-4095.226562 -512 2.457330 ) (-4095.226562 -512 256 ) 
4 1398 1406 (-4095.226562 -512 256 ) (-4096 -512 256 ) (-4096 -512 2.457330 ) (-4095.226562 -512 2.457330 ) 
4 1398 1401 (-4095.226562 -320.773499 2.457330 ) (-4095.226562 -512 2.457330 ) (-4096 -512 2.457330 ) (-4096 -320 2.457330 ) 
4 1399 1407 (-4095.226562 -512 -0.130722 ) (-3904 -512 -0.130722 ) (-3904 -512 2.457330 ) (-4095.226562 -512 2.457330 ) 
4 1399 1401 (-4095.226562 -320.773438 2.457330 ) (-4095.226562 -320.773438 -0.130722 ) (-4095.226562 -512 -0.130722 ) (-4095.226562 -512 2.457330 ) 
3 1399 1400 (-4095.226562 -512 0 ) (-4095.226562 -320.773438 0 ) (-3904 -512 0 ) 
4 1401 1409 (-4096 -512 -0.130722 ) (-4095.226562 -512 -0.130722 ) (-4095.226562 -512 2.457330 ) (-4096 -512 2.457330 ) 
4 1402 1404 (-3072 -960 2.504270 ) (-3072 -960 256 ) (-3776 -960 256 ) (-3776 -960 2.504270 ) 
4 1402 1403 (-3776 -512 256 ) (-3776 -512 2.457330 ) (-3776 -960 2.457330 ) (-3776 -960 256 ) 
4 1403 1405 (-3904 -512 256 ) (-3904 -512 2.457330 ) (-3904 -960 2.457330 ) (-3904 -960 256 ) 
4 1403 1404 (-3904 -960 256 ) (-3904 -960 2.457330 ) (-3776 -960 2.457330 ) (-3776 -960 256 ) 
4 1404 1415 (-3328 -1024 256 ) (-3904 -1024 256 ) (-3904 -1024 2.504270 ) (-3328 -1024 2.504270 ) 
4 1404 1410 (-3072 -1024 2.504270 ) (-3072 -1024 256 ) (-3328 -1024 256 ) (-3328 -1024 2.504270 ) 
4 1404 1405 (-3904 -1024 2.504270 ) (-3904 -1024 256 ) (-3904 -960 256 ) (-3904 -960 2.504270 ) 
4 1405 1416 (-3904 -1024 256 ) (-4095.226562 -1024 256 ) (-4095.226562 -1024 2.504270 ) (-3904 -1024 2.504270 ) 
4 1405 1407 (-4095.226562 -512 2.504270 ) (-3904 -512 2.504270 ) (-3904 -960 2.504270 ) (-4095.226562 -960 2.504270 ) 
4 1405 1406 (-4095.226562 -512 256 ) (-4095.226562 -512 2.504270 ) (-4095.226562 -1024 2.504270 ) (-4095.226562 -1024 256 ) 
4 1406 1418 (-4095.226562 -1024 256 ) (-4096 -1024 256 ) (-4096 -1024 2.504270 ) (-4095.226562 -1024 2.504270 ) 
4 1406 1409 (-4096 -960 2.504270 ) (-4096 -512 2.504270 ) (-4095.226562 -512 2.504270 ) (-4095.226562 -960 2.504270 ) 
4 1407 1409 (-4095.226562 -960 -0.130722 ) (-4095.226562 -960 2.504270 ) (-4095.226562 -512 2.504270 ) (-4095.226562 -512 -0.130722 ) 
4 1407 1408 (-3904 -960 0 ) (-4095.226562 -960 0 ) (-4095.226562 -512 0 ) (-3904 -512 0 ) 
4 1410 1415 (-3328 -2016 2944 ) (-3328 -1024 2944 ) (-3328 -1024 2.504270 ) (-3328 -2016 2.504270 ) 
4 1410 1412 (-3264 -1024 2.504270 ) (-3072 -1024 2.504270 ) (-3072 -2016 2.504270 ) (-3264 -2016 2.504270 ) 
4 1410 1411 (-3328 -2016 2944 ) (-3328 -2016 2.504270 ) (-3072 -2016 2.504270 ) (-3072 -2016 2944 ) 
4 1411 1419 (-3328 -2048 2.504270 ) (-3328 -2048 2944 ) (-3328 -2016 2944 ) (-3328 -2016 2.504270 ) 
4 1411 1413 (-3264 -2016 2.504270 ) (-3072 -2016 2.504270 ) (-3072 -2048 2.504270 ) (-3264 -2048 2.504270 ) 
4 1412 1413 (-3264 -2016 2.504270 ) (-3264 -2016 -0.130722 ) (-3072 -2016 -0.130722 ) (-3072 -2016 2.504270 ) 
4 1413 1414 (-3072 -2048 0 ) (-3264 -2048 0 ) (-3264 -2016 0 ) (-3072 -2016 0 ) 
4 1415 1419 (-3904 -2016 -0.130722 ) (-3328 -2016 -0.130722 ) (-3328 -2016 2944 ) (-3904 -2016 2944 ) 
4 1415 1416 (-3904 -1024 -0.130722 ) (-3904 -2016 -0.130722 ) (-3904 -2016 2944 ) (-3904 -1024 2944 ) 
4 1416 1419 (-4095.226562 -2016 -0.130722 ) (-3904 -2016 -0.130722 ) (-3904 -2016 2944 ) (-4095.226562 -2016 2944 ) 
4 1416 1418 (-4095.226562 -1024 -0.130722 ) (-4095.226562 -2016 -0.130722 ) (-4095.226562 -2016 2944 ) (-4095.226562 -1024 2944 ) 
4 1416 1417 (-4095.226562 -2016 0 ) (-4095.226562 -1024 0 ) (-3904 -1024 0 ) (-3904 -2016 0 ) 
4 1418 1419 (-4096 -2016 -0.130722 ) (-4095.226562 -2016 -0.130722 ) (-4095.226562 -2016 2944 ) (-4096 -2016 2944 ) 
4 1419 1420 (-4096 -2016 0 ) (-3328 -2016 0 ) (-3328 -2048 0 ) (-4096 -2048 0 ) 
